country,Country Name,Country Code,Indicator Code,1960,1961,1962,1963,1964,1965,1966,1967,1968,1969,1970,1971,1972,1973,1974,1975,1976,1977,1978,1979,1980,1981,1982,1983,1984,1985,1986,1987,1988,1989,1990,1991,1992,1993,1994,1995,1996,1997,1998,1999,2000,2001,2002,2003,2004,2005,2006,2007,2008,2009,2010,2011,2012,2013,2014,2015,2016,2017,2018,2019,2020,2021,2022,2023,2024,...70
China,Aruba,ABW,BN.GSR.GNFS.CD,0,0,0,0,0,0,0,0,0,0,0,0,0,0,0,0,0,0,0,0,0,0,0,0,0,0,-14581005.5865922,-7430167.59776518,-26312849.1620111,-38770949.7206703,-149273743.01676,-199217877.094972,33854748.603352,42849162.011173,85027932.9608939,-25586592.178771,-53631284.916201,-167541899.44134,-14357541.899441,-339905027.932961,309776536.312849,430458100.558658,-137737430.167598,-24379888.2681564,453525139.664804,716110922.86535,546729298.500314,766368715.083801,247765363.128491,344357541.899441,-248938547.486035,101005586.592178,281620111.731844,-102680590.451313,39400255.790602,308640824.100133,333530343.29187,267547883.876194,287147825.572271,321664233.500011,-200488449.87514701,253587682.830592,423839378.911453,587859510.230008,0,0
China,Africa Eastern and Southern,AFE,BN.GSR.GNFS.CD,0,0,0,0,0,0,0,0,0,0,0,0,0,0,0,0,0,0,0,0,0,0,0,0,0,0,0,0,0,0,0,0,0,0,0,0,0,0,0,0,0,0,0,0,0,0,0,0,0,0,0,0,0,0,0,0,0,0,0,0,0,0,0,0,0,0
China,Afghanistan,AFG,BN.GSR.GNFS.CD,0,0,0,0,0,0,0,0,0,0,0,0,0,0,0,0,0,0,0,-205100000,-176800000,-337700000,-212700000,-263000000,-579800000,-407500000,-793800000,-486500000,-328400000,-466400000,0,0,0,0,0,0,0,0,0,0,0,0,0,0,0,0,0,0,-1877652994.15051,-1956521857.76781,-3205300950.54898,-4149500356.09605,-7442378553.20737,-8671425447.58479,-6261263543.711,-7044964161.23314,-6191463867.40496,-6803560118.47488,-6378166942.37589,-5855061056.02892,-5506547001.36988,0,0,0,0,0
China,Africa Western and Central,AFW,BN.GSR.GNFS.CD,0,0,0,0,0,0,0,0,0,0,0,0,0,0,0,0,0,0,0,0,0,0,0,0,0,0,0,0,0,0,0,0,0,0,0,0,0,0,0,0,0,0,0,0,0,0,0,0,0,0,0,0,0,0,0,0,0,0,0,0,0,0,0,0,0,0
China,Angola,AGO,BN.GSR.GNFS.CD,0,0,0,0,0,0,0,0,0,0,0,0,0,0,0,0,0,0,0,0,0,0,0,0,0,388000000,-211000000,689000000,114000000,651000000,606900000,434300000,-54757000,-18200000,149800000,316690000,898908000,-57120000,-1049830000,-394130000,2449010000,39510000,1452563748.26,908005425.5,3163257044.7,9142016030.83224,17057651830.29,18402195771.95,21121860427.389,-378203335.81,16030508137.59,24144210612.8378,26025090817.047,20169149501.7639,7313313527.45261,-3531471369.03048,2642737292.90861,7341498049.76021,15501535712.0518,12880814227.1861,5858757656.16661,14829788600.5572,21556000869.8593,13272713526.9466,14241387649.6525,0
China,Albania,ALB,BN.GSR.GNFS.CD,0,0,0,0,0,0,0,0,0,0,0,0,0,0,0,0,0,0,0,0,6700000,27400000,-86700000,-50900000,-37800000,-43500000,-9000000,-2100000,-34300000,-49800000,-131400000,-232200000,-539300000,-574200000,-513100000,-532500000,-738500000,-586432500,-646330000,-556700000,-795800000,-936900000,-1160330000,-1419161205.65833,-1642928988.60121,-2039576837.24939,-2203548908.04487,-2879743004.28052,-3446126996.47815,-2967394172.50194,-2456390642.37229,-2932716632.8208,-2296761241.42573,-2308765606.46251,-2506992157.87102,-1966180769.23214,-2001510213.2648,-1978658722.18737,-2069586882.26658,-2103429046.38418,-2210461795.58811,-2392168078.17823,-1959879935.13069,-1275078200.87066,-1848064175.32253,0
China,Andorra,AND,BN.GSR.GNFS.CD,0,0,0,0,0,0,0,0,0,0,0,0,0,0,0,0,0,0,0,0,0,0,0,0,0,0,0,0,0,0,0,0,0,0,0,0,0,0,0,0,0,0,0,0,0,0,0,0,0,0,0,0,0,0,0,0,0,0,0,302799704.869729,114551911.225631,302952018.272698,296200061.152847,452742525.188009,645187655.156501,0
China,Arab World,ARB,BN.GSR.GNFS.CD,0,0,0,0,0,0,0,0,0,0,0,0,0,0,0,0,0,0,0,0,0,0,0,0,0,0,0,0,0,0,0,0,0,0,0,0,0,0,0,0,0,0,0,0,0,0,0,0,0,0,0,0,0,0,0,0,0,0,0,0,0,0,0,0,0,0
China,United Arab Emirates,ARE,BN.GSR.GNFS.CD,0,0,0,0,0,0,0,0,0,0,0,0,0,0,0,0,0,0,0,0,0,0,0,0,0,0,0,0,0,0,0,0,0,0,0,0,0,0,0,0,0,0,0,0,0,0,0,0,0,0,0,0,0,0,0,0,0,0,0,0,0,0,0,0,0,0
China,Argentina,ARG,BN.GSR.GNFS.CD,0,0,0,0,0,0,0,0,0,0,0,0,0,0,0,0,1125000000,1836000000,2456000000,337000000,-3285000000,-1006000000,2320000000,2947000000,3204000000,4342000000,1543000000,245000000,3555000000,5109000000,7954000000,2820000000,-3953300000,-5689240000,-7917900000,-1078685000,-1787449423.72519,-6507815237.43071,-7541547974.1887,-4905758055.83513,-1831883471.95655,3521810643.66417,15717280000,15611500000,11933610000,12095220000,13266642573.1593,12570579976.2887,13340936973.2968,16652818510.3957,12343520648.5783,9198443049.71353,10943688062.5681,-693680874.42887,900177659.49876,-6600221085.86428,-4035498243.93579,-15142501699.7645,-9678495464.2347,13390550040.8824,12094415410.6255,14995374116.8722,5641696321.91141,-8863234392.09042,16653910437.86,0
China,Armenia,ARM,BN.GSR.GNFS.CD,0,0,0,0,0,0,0,0,0,0,0,0,0,0,0,0,0,0,0,0,0,0,0,0,0,0,0,0,0,0,0,0,0,-129559250,-214245682.638889,-445631021.254785,-536868690.108658,-641500248.798067,-641619876.597845,-517560894.321732,-531776959.196634,-521259827.233028,-459464455.002652,-547927151.231746,-645186306.791906,-782593642.472682,-1035254569.32817,-1906845403.33537,-3127485895.91526,-2366282262.46614,-2326489846.17148,-2175629987.68525,-2214007063.77409,-2321776645.52881,-2168908139.47845,-1281494851.04737,-905845561.903669,-1243550763.88083,-1752742382.16506,-1817137352.77571,-1257660276.69423,-1115247228.47482,-99882952.469307,-343467608.646185,-731711963.45304,0
China,American Samoa,ASM,BN.GSR.GNFS.CD,0,0,0,0,0,0,0,0,0,0,0,0,0,0,0,0,0,0,0,0,0,0,0,0,0,0,0,0,0,0,0,0,0,0,0,0,0,0,0,0,0,0,0,0,0,0,0,0,0,0,0,0,0,0,0,0,0,0,0,0,0,0,0,0,0,0
China,Antigua and Barbuda,ATG,BN.GSR.GNFS.CD,0,0,0,0,0,0,0,0,0,0,0,0,0,0,0,0,0,-12200000,-7000000,-27800000,-27700000,-41100000,-47300000,-18700000,-13500000,-34600000,-87644444.4444444,-76159259.2592592,-18274074.0740741,-47974074.0740741,4740740.7407408,-25925.9259259,20914814.8148148,40666666.6666667,14533333.3333333,-37318518.5185185,-64844444.4444444,-35000000,-24022222.2222222,-56490324.8148148,-6012592.9637029,-13552876.9937656,-3034962.3926737,1525354.2217845,20885677.5701807,-29047582.4859741,-152230004.995011,-298009513.252515,-208280062.838722,-62613571.441963,-23228841.8088001,51553067.5686629,21514922.5921703,1808195.2032334,102251479.635163,162974827.103107,119501331.857293,17926577.9791885,-96960107.3873333,12635215.1851851,-158703865.185185,-162149453.333333,-116129320.740741,-87957672.2222221,31318768.5185182,0
China,Australia,AUS,BN.GSR.GNFS.CD,0,0,0,0,0,0,0,0,0,0,0,0,0,0,0,0,0,0,0,0,0,0,0,0,0,0,0,0,0,-7654223703.63626,-3259469531.92839,956062277.31035,-595971586.92051,-1312259379.40025,-4713416475.31885,-5240428241.26407,-533267382.68758,1646368836.22285,-6467569673.68318,-10082425326.5389,-4278715479.84175,2098010276.45843,-4719220380.96603,-14416671532.8361,-19188702454.739,-14812982446.7779,-12739769551.3515,-22880495663.2295,-12412041447.686,-8745692016.93027,6038557388.26251,13124139505.3401,-24017679329.5257,-9513266324.06121,-8959866226.01984,-28773630265.3472,-12915729462.2999,3124230284.15272,11002049820.2101,41304937027.1212,43039657134.7927,81929277275.5779,86008712990.8508,59296317893.4892,18922906572.3118,0
China,Austria,AUT,BN.GSR.GNFS.CD,0,0,0,0,0,0,0,0,0,0,0,0,0,0,0,0,0,0,0,0,0,0,0,0,0,0,0,0,0,0,0,0,0,0,0,0,0,0,0,0,0,0,0,0,0,10094027381.9188,13594759429.9566,18758629627.5828,20361565740.6298,14219475612.9926,12134112745.743,9636411469.57515,9742491014.22152,11561229856.2545,14193852265.852,13558003183.9385,14270103560.1123,12156728045.6645,13361198807.8664,15502338073.3493,14078374655.3192,3788251302.88608,-2519474101.89408,10221561709.0208,14898841398.1242,0
China,Azerbaijan,AZE,BN.GSR.GNFS.CD,0,0,0,0,0,0,0,0,0,0,0,0,0,0,0,0,0,0,0,0,0,0,0,0,0,0,0,0,0,0,0,0,0,0,0,-505362000,-985550000,-951065000,-1415241000,-636487000,94589000,238833000,-454039000,-1712980000,-2077108000,1329081000,5821918000,13093253000,20668404000,12972340000,17998383000,21331439000,19292808000,16419226000,12838097000,1583558000,1051820000,2735430000,7703178030.41765,5745749526.72636,-417799456.700004,9062113327.4647,25999657000,10470915000,6774099000,0
China,Burundi,BDI,BN.GSR.GNFS.CD,0,0,0,0,0,0,0,0,0,0,0,0,0,0,0,0,0,0,0,0,0,0,0,0,0,-112212410.645103,-127308943.522808,-180999564.32775,-144656148.723245,-135460084.033613,-228796850.707885,-218623410.40635,-224685553.713506,-199172089.957987,-170939494.384802,-129557670.940813,-87449352.5940279,-38087890.6203808,-96351255.0272744,-62747787.5124764,-97459551.7155253,-102096055.494448,-108960828.150083,-130484103.37884,-167796711.78127,-227398384.118993,-353763311.310568,-346620952.658039,-441272619.548802,-401314957.509576,-426014308.367945,-529656985.319385,-701167872.395645,-692692720.521686,-716976390.368953,-667274263.667495,-546564205.042517,-610565662.043586,-604282176.760059,-716523718.865391,-754497655.865512,-863533501.280828,-1086244584.16618,-1054714258.17668,0,0
China,Belgium,BEL,BN.GSR.GNFS.CD,0,0,0,0,0,0,0,0,0,0,0,0,0,0,0,0,0,0,0,0,0,0,0,0,0,0,0,0,0,0,0,0,0,0,0,0,0,0,0,0,0,0,11486152063.3972,10699409811.9195,12289290919.4444,8640514958.88791,9137273954.1724,6389429629.91387,-6650395742.44394,5467491069.59099,5149628648.6292,-5407721282.72453,-5232743023.66307,-272882804.5013,795668538.63,6502990902.5913,5685017502.0098,5262605954.4028,-1650684747.967,2506542714.6913,7602144462.6946,11377868174.4586,-7959654595.2787,-3916912629.7933,-5568857934.6864,0
China,Benin,BEN,BN.GSR.GNFS.CD,0,0,0,0,0,0,0,0,0,0,0,0,0,0,-73899688.6706193,-119288199.447148,-152855929.894744,-165170350.740429,-206021682.538179,-207604638.226326,-194590526.846303,-214619984.004976,-464769001.641305,-196320303.9044,-102579966.183068,-102167335.858185,-141204638.725731,-145406600.950012,-153359318.98824,-81247729.4214812,-90092810.6946714,-343430086.16516,-245575041.673662,-196400598.194143,-92834949.7100857,-280430214.213829,-94660482.747005,-209202342.599654,-207407122.539361,-252271524.301984,-179800852.890673,-224504079.56376,-289044784.417194,-360314549.72843,-345598627.142502,-372865589.105196,-445824226.265186,-755034562.024593,-772629973.066784,-791331499.717446,-632495208.400364,-643106427.180873,-710646157.284974,-858674454.319657,-1118728506.04463,-756800485.387488,-526019054.88671,-703516906.141111,-821046408.892628,-721667297.10396,-435724020.28352,-771728221.053792,-1024472573.58803,-1678118172.23451,0,0
China,Burkina Faso,BFA,BN.GSR.GNFS.CD,0,0,0,0,0,0,0,0,0,0,0,0,0,0,0,0,0,0,0,0,0,0,0,0,0,0,0,0,0,0,0,0,0,0,0,0,0,0,0,0,0,0,0,0,0,-848815365.869128,-783537369.711016,-962174168.309755,-1374291352.15085,-892372674.527804,-668275736.493909,-697939435.893794,-585796272.56317,-1595943794.91939,-1117573282.68797,-1017344551.96401,-796037006.753357,-898228429.050722,-655586698.761391,-555481963.435646,576815704.724121,398785467.835309,-947074533.776167,-922317582.491916,0,0
China,Bangladesh,BGD,BN.GSR.GNFS.CD,0,0,0,0,0,0,0,0,0,0,0,0,0,0,0,0,-480606264.950485,-663369889.01433,-942478540.688586,-1309762900.9952,-1829305681.98229,-1896655282.54027,-1674191270.82786,-1395938726.16493,-1678795062.44922,-1527027397.33888,-1708694420.02741,-1615000802.4229,-1778862048.53991,-2387325689.49489,-1895840930.87395,-1650022838.99286,-1561350613.08649,-1515339352.99061,-1851345900.48272,-3157115126.18329,-2836515602.01405,-2307212151.30024,-2087438608.91848,-2696292969.48389,-2458878888.10143,-2817985657.31352,-2234843547.53366,-3141653816.41339,-3854880482.14049,-4156759716.05123,-3896303860.1296,-5462928581.36726,-7672641808.74828,-6025299151.95922,-7816344792.83922,-10888026891.2585,-10157899098.9677,-9933198074.62348,-12119389611.999,-10606498175.2763,-10505302542.1777,-17594487835.4604,-21457169885.0705,-19272605860.5841,-18300384906.6327,-36008206263.1851,-33568494214.0902,-14287605601.138,-21150872014.0134,0
China,Bulgaria,BGR,BN.GSR.GNFS.CD,0,0,0,0,0,0,0,0,0,0,0,0,0,0,0,0,0,0,0,0,1308000000,293000000,287000000,55000000,514000000,-112000000,-856000000,-514000000,-76000000,-254000000,-1077000000,-117900000,-307200000,-943400000,-6000000,274500000,307700000,546700000,-8020423.355652,-766710358.940426,-669989777.212585,-1327927121.52239,-1209902300.43731,-2061604764.8916,-2896945990.97014,-4449983421.99429,-5844352050.21159,-8945175667.26605,-10620241928.2913,-3922786473.94819,-1627160000,170110000,-1886240000,-385580000,146260000,473170000,2699850000,2647390000,1710320000,2280790000,1747790000,2125980000,984280000,4257410000,2631660000,0
China,Bahrain,BHR,BN.GSR.GNFS.CD,0,0,0,0,0,0,0,0,0,0,0,0,0,0,0,90012642.4526233,-33872670.022997,-28560596.5589803,40004817.8877582,348254470.146654,304774346.064674,368617022.25696,364920213.73649,51063829.9230428,331117021.643526,523670212.765958,472074468.085106,325797872.340426,449734042.553192,264095744.680851,120478723.404255,-490425531.914894,-588031914.893617,177127664.67788,316489391.162576,675266009.827816,718617083.391104,607180907.583329,44414898.0466977,1052961957.63309,2044070281.64894,1811550028.19149,1332161989.80497,1775601799.20213,2166297712.58864,3109957700.70922,4103227902.39362,4688031914.89362,4955053191.48936,4350797872.34043,4784840425.53192,9061702127.65957,5659840425.53192,5771542553.1915,5520212765.95745,3351063829.78723,2694148936.17021,2855585106.38298,2910372340.42554,4356382978.7234,1952393617.02128,7657180851.06383,11513031914.8936,7970212765.95744,8259042553.19148,0
China,"Bahamas, The",BHS,BN.GSR.GNFS.CD,0,0,0,0,0,0,0,0,0,0,0,0,0,0,0,0,140700000,122900000,142700000,92500000,58600000,12300000,10400000,28100000,61300000,175400000,205400000,130400000,111900000,41500000,130600000,-12000000,106400000,153260000,68100000,-28100000,-151700000,-358800000,-832100000,-403400000,-570760000,-556100000,-281323042.557,-369790000,-416580000,-603804537.741,-1237750000,-1135298058.99422,-1112196412.431,-670319000,-576589000,-930926000,-1247731400,-1168058000,-1513316594.86294,-815857514.44974,-585952462.183125,-1158779778.81241,-364418785.555463,324221272.858005,-1722379433.88589,-1617321175.32263,-417261475.674218,-262192794.037693,-297869650.248138,0
China,Bosnia and Herzegovina,BIH,BN.GSR.GNFS.CD,0,0,0,0,0,0,0,0,0,0,0,0,0,0,0,0,0,0,0,0,0,0,0,0,0,0,0,0,0,0,0,0,0,0,0,0,0,0,-2925389370.83722,-3117889819.77411,-2577518132.81806,-2730065298.51948,-3120639139.59946,-3821941979.2465,-4138362133.57751,-4345529639.45764,-3624941968.5814,-4662020359.93845,-6229877854.77118,-4194259998.58544,-3699616132.55731,-4434962079.82806,-4035721592.83707,-3724521863.46057,-4198572495.40221,-2961519174.21344,-2810928851.09672,-2940154629.0582,-2963549337.95131,-2957316131.70518,-2706264703.82631,-2622901991.03197,-3328380284.60602,-3248180035.83962,-3970065947.91047,0
China,Belarus,BLR,BN.GSR.GNFS.CD,0,0,0,0,0,0,0,0,0,0,0,0,0,0,0,0,0,0,0,0,0,0,0,0,0,0,0,0,0,0,0,0,0,-479800000,-437700000,-483300000,-576400000,-853000000,-1019200000,-255500000,-567100000,-633700000,-473400000,-692400000,-1493900000,341600000,-1492100000,-2810400000,-4646800000,-5597200000,-7481800000,-1188200000,2863199999.99999,-2300600000,-444100000,132400000,-8800000,100100000,929100000,-403000000,1947600000,3950314056.96,4686035287.81,338775604.64,-1444692071.7,0
China,Belize,BLZ,BN.GSR.GNFS.CD,0,0,0,0,0,0,0,0,0,0,0,0,0,0,0,0,0,0,0,0,0,0,0,0,-17100000,-13100000,-13050000,-14100000,-20750000,-40750000,-3850000,-43000000,-42900000,-60500000,-42201500,-28143500,-11710000,-43315000,-63297500,-70653468.46,-166561465.90375,-162844254.468061,-141161220.765321,-135689422.722701,-84088082.0113377,-88005496.071037,25931934.0018133,13477104.0825889,-91248702.9103413,-53959075.1280521,19961433.0748313,-5491301.2052109,9363001.6298624,-27570992.447436,-67121775.1502315,-148978201.23580801,-163283832.513023,-56978145.601239,-83794802.70071,-100716723.794308,-187195108.458476,-206457407.047168,-204514136.129337,-37145635.6283785,-83824398.137295,0
China,Bermuda,BMU,BN.GSR.GNFS.CD,0,0,0,0,0,0,0,0,0,0,0,0,0,0,0,0,0,0,0,0,0,0,0,0,0,0,0,0,0,0,0,0,0,0,0,0,0,0,0,0,0,0,0,0,0,0,-338490000,-650029970.091134,-712497097.004796,-693118178.729979,-585289486.165294,-326799752.461443,-399084688.584863,-515927552.12556,-605016880.405959,-568413579.362972,-610483019.836141,-649147240.362098,-611553069.983311,-618767800.17432,-696022076.187566,-789315041.099342,-809905535.635797,-701163187.467629,0,0
China,Bolivia,BOL,BN.GSR.GNFS.CD,0,0,0,0,0,0,0,0,0,0,0,0,0,0,0,0,-36000000,-65800000,-244600000,-265900000,197200000,-142100000,192300000,117500000,152200000,11000000,-175700000,-266300000,-174900000,-160900000,-109500000,-198100000,-578800000,-536500000,-171700000,-340100000,-418490000,-648500000,-844800000,-678100000,-607815903.97,-458745530.02828,-516682880.93811,-86907789.367575,231061237.172873,414848470.908809,892459631.560589,814530371.934917,1244957796.03459,274170000,681407338.7748,345773475.203279,2339083705.3513,1691971936.9631,1082959462.10384,-1979737198.24535,-2514014188.13787,-2173220117.97295,-1992410887.07075,-1686182613.50533,-624744932.577178,1418181475.78692,1217953798.72786,-1085476480.35164,-1427136381.29981,0
China,Brazil,BRA,BN.GSR.GNFS.CD,0,0,0,0,0,0,0,0,0,0,0,0,0,0,0,-4994000000,-3971000000,-1686000000,-2882000000,-5041000000,-5957000000,-1688000000,-2810000000,4062000000,11337000000,10762000000,5731000000,8794000000,16145000000,13327000000,6986000000,6687000000,11897000000,8739000000,5515000000,-10652000000,-13512000000,-19380594698.5763,-18610746032.7427,-9991935231.31036,-10570608610.0643,-7220433515.30619,5921177448.69253,17461618605.616,25829510957.0654,33674229216.4115,33452513822.936,22217254175.7016,1980084511.86791,2316649166.28788,-19368906955.83,-16829708574.575,-31639635804.95,-54583362068.38,-63791507501.575,-28224926938.445,7888268360.8,15770565742.07,5020740727.415,-8913681707.435,11006501378.435,15355119391.01,10631648818.77,48997429682.235,10860692005.12,0
China,Barbados,BRB,BN.GSR.GNFS.CD,0,0,0,0,0,0,0,-23363546.4473362,-29815381.1020923,-45133583.3528332,-51712124.6759439,-47572138.2663624,-51421819.5630711,-56939753.5519686,-64909100.7508751,-52869417.4777504,-73740087.325,-62946316.7,-43413348.3,-68091566.635,-85454457.5,-156907055,-92430845,-90116417.5,-20411335,20984117.5,45968981.9294945,26750785.047862,81865712.6807956,59103428.0598285,20105969.402965,11731183.079585,158203259.196937,138420342.432369,189562661.109446,70400073.5489945,199454491.638673,-37846500.2093395,-58703765.3219385,-89379642.1910565,-54043855.6815411,-53106203.21171,-70241385.9001929,-111609970.789287,-286541342.316748,-258976337.096995,-63175419.2618752,-82551497.7587099,-194010698.48884,-79742008.0045355,-99336415.1264348,-101831734.53244,-122685030.092565,-63011759.6557801,32195367.75406,115142644.281685,171899877.501825,15071255.5452452,0,0,0,0,0,0,0,0
China,Brunei Darussalam,BRN,BN.GSR.GNFS.CD,0,0,0,0,0,0,0,0,0,0,0,0,0,0,0,0,0,0,0,0,0,0,0,0,0,0,0,0,0,0,0,0,0,0,0,0,0,0,0,0,0,1989059787.25675,1779007179.21169,2568584409.5717,3199787455.8062,4335140927.97401,5569590895.58787,5196313757.02077,7304766748.18525,4370174427.09202,5424417631.9042,7303248266.46829,6609154195.79177,4557118830.5744,5813453718.26044,1903397568.72309,1039098776.80807,1705234270.82597,1359241663.74238,1021907895.20701,503987342.563082,1971217783.42695,4305796750.51132,2495993793.47065,2372398524.64068,0
China,Bhutan,BTN,BN.GSR.GNFS.CD,0,0,0,0,0,0,0,0,0,0,0,0,0,0,0,0,0,0,0,0,0,0,0,0,0,0,0,0,0,0,0,0,0,0,0,0,0,0,0,0,0,0,0,0,0,0,-135666508.275048,50402524.6251132,-112000942.938711,-107898255.761345,-344757300.899123,-558990156.79171,-478829661.216349,-433041928.515847,-459214963.248015,-496734660.340354,-594968891.454513,-518571545.318266,-462859072.853854,-452196090.39644,-401795399.42642,-287001900.563872,-789981472.512696,-902301816.68712,-568591172.254581,0
China,Botswana,BWA,BN.GSR.GNFS.CD,0,0,0,0,0,0,0,0,0,0,0,0,0,0,0,-84380460.0777117,-42090010.5709061,-73281420.1392245,-123044302.134794,-93864262.9841853,-173051561.868251,-400483624.391318,-198317730.999057,-71381307.359265,11244839.70046,179652049.010063,189128650.337643,704432208.996844,353551580.113065,517101258.425312,18006243.0600944,94531112.1627386,16447641.2802616,132476295.616108,384222050.918828,370895868.754373,569169393.307054,664882047.498742,-190025982.753887,597855038.450704,679374829.037563,604634492.20366,756116707.382116,955465957.303522,826929861.875511,1825358096.44794,1932753983.84303,1279865881.8668,-292092928.697593,-1262773518.87742,-1300748908.36186,-1019051881.27161,-2393567414.34267,-431507246.341567,474712194.042951,-909033269.203554,1308031982.08468,623187923.396331,169943118.054827,-1467064804.5948,-2796625701.36763,-1405435073.4656,198996111.478663,-709996600.792439,-2558995698.98222,0
China,Central African Republic,CAF,BN.GSR.GNFS.CD,0,0,0,0,0,0,0,0,0,0,0,0,0,0,0,0,0,-46267561.469392,-62639631.8063489,-88989534.0252786,-126405983.520643,-67231819.6091651,-90147402.1163416,-82119625.0562135,-77225049.1685395,-97955993.8223748,-157155853.947018,-155355473.646591,-134132076.258033,-116783795.468032,-190527759.354211,-139202546.175899,-180730947.707285,-108312334.398684,-65381291.4120434,0,0,0,0,0,0,0,0,0,0,0,0,0,0,0,0,0,0,0,0,0,0,0,0,0,0,0,0,0,0,0
China,Canada,CAN,BN.GSR.GNFS.CD,-506965097.119612,-212120980.730522,-95384130.624448,309278759.858606,563628154.482249,-72914365.29116,14746027.033359,659237891.668527,863477545.351366,91577097.885006,2225305803.45783,1599649051.68283,998715623.641446,1798485347.07658,188806815.456828,-3075889125.97873,-1515997270.58041,-510403180.723825,666682553.677133,1184242918.34056,4717395080.82998,2361388870.09483,12130845692.3911,11082294016.2113,12377075316.1164,8477603565.87651,3697836184.17817,5199682303.13484,4077707643.07544,363564038.84548,1115963784.24021,-3204750443.16358,-2261089319.66952,63206950.53321,6647801661.67287,18904083589.1696,24629288042.4509,12429974698.0679,12048309635.2646,24096639864.5943,41604373750.7723,41819090368.6475,32839901425.9662,34073822805.147,44846759262.6836,45678110612.9024,35204360382.2795,30611671625.0844,28144247478.8098,-20294599835.7533,-30874997989.8313,-21682664821.6812,-34518334882.5215,-28982082930.2643,-16320998998.6071,-38583775871.449,-36241676908.6053,-36237673595.1705,-33732774271.5123,-25538102775.714,-36499244170.9958,2027310252.3313,12724832765.5058,1355284940.1316,-5947032089.6962,0
China,Central Europe and the Baltics,CEB,BN.GSR.GNFS.CD,0,0,0,0,0,0,0,0,0,0,0,0,0,0,0,0,0,0,0,0,0,0,0,0,0,0,0,0,0,0,0,0,0,0,0,0,0,0,0,0,0,0,0,0,0,0,0,0,0,0,0,0,0,0,0,0,0,0,0,0,0,0,0,0,0,0
China,Switzerland,CHE,BN.GSR.GNFS.CD,0,0,0,0,0,0,0,0,0,0,0,0,0,0,0,0,0,47430340.003061,-256707815.686031,-3180321456.38463,-3247581863.0006,-264224100.776275,-972774618.862203,-2215667515.86451,2012186039.6817,1891641654.37249,-12229582.6203,1018648396.41673,1692749265.35913,1758821461.86409,644418982.71735,4234403965.62043,9072204292.60039,11646322343.4134,13329165729.8699,14403419962.3246,12583959676.7016,14061341027.5182,12697634856.9753,15727670908.0436,12886665395.9725,11072088900.1949,16655365716.5224,18415553584.6914,28841850853.9883,21573539773.2025,29059214083.0142,44083170196.1085,52986310349.9128,32328344852.1281,54667613649.7312,46724214461.4352,55586080042.0105,65660095247.1844,68818322759.5168,66082559477.8815,62479254234.7253,57803788876.0292,70986209886.5496,65101059420.3423,44167555302.1223,97331329893.6191,110735663685.71,97823988600.2379,92504654755.0903,0
China,Channel Islands,CHI,BN.GSR.GNFS.CD,0,0,0,0,0,0,0,0,0,0,0,0,0,0,0,0,0,0,0,0,0,0,0,0,0,0,0,0,0,0,0,0,0,0,0,0,0,0,0,0,0,0,0,0,0,0,0,0,0,0,0,0,0,0,0,0,0,0,0,0,0,0,0,0,0,0
China,Chile,CHL,BN.GSR.GNFS.CD,0,0,0,0,0,0,0,0,0,0,0,0,0,0,0,-217000000,425000000,-282000000,-696000000,-618000000,-1084000000,-3285000000,-411000000,547000000,-181000000,495720000,627760000,854900000,1519300000,1022540000,1055290000,1518700000,546000000,-1215700000,581000000,1056900000,-1072625133.10716,-1563380808.39716,-2492077323.14361,1689973427.38374,1400054677.54859,999286551.135342,1684100883.03244,3476680180.01817,9459076625.42752,10240622954.4733,21620045741.3327,22855567968.2503,4338523547.95303,13216148168.533,13346978494.573,7340657002.24282,-1247185765.84247,-2565312820.76856,1074236550.73082,-1995119986.58649,-527947370.65117,1879849955.36792,-2932905994.96045,-5068925698.04108,11444340118.7684,-2188473339.12558,-11889803020.7973,3173652281.8482,11883616133.4495,0
China,China,CHN,BN.GSR.GNFS.CD,0,0,0,0,0,0,0,0,0,0,0,0,0,0,0,0,0,0,0,0,0,0,4737000000,2475000000,-32000000,-12592000000,-7589000000,291000000,-4060000000,-4927000000,10668000000,11601000000,4998000000,-11497000000,7611000000,11957590000,17551000000,42824000000,43837000000,30641000000,28873534000,28084000000,37383087664.0194,35821129066.2935,51174382539.95,124626797517.211,208918924500.594,308036028783.355,348832533153.935,220130401366.78,223023871712.8,181903738912.673,231844876748.002,235379561604.116,221299246947.272,357870764281.273,255737088242.15,217009899933.948,87905148451.8738,131844297312.037,358572608160.02,461494292759.35,577608939732.6,385575471624.67,538958018243.69,0
China,Cote d'Ivoire,CIV,BN.GSR.GNFS.CD,0,0,0,0,0,0,0,0,0,0,0,0,0,0,0,0,0,0,0,0,0,0,0,0,0,0,0,0,0,0,0,0,0,0,0,0,0,0,0,0,0,0,0,0,0,1155710678.41921,1722065222.54821,1015050790.41156,1692905339.96574,2664128022.97647,1819629955.65215,4189664129.02339,1120544664.93026,707897344.175182,1715287927.95265,1150470393.15493,1077209216.00129,1006914481.60206,-98663780.321817,910074933.641272,571594163.037732,39662854.479859,-2737601348.32923,-5526680153.57348,0,0
China,Cameroon,CMR,BN.GSR.GNFS.CD,0,0,0,0,0,0,0,0,0,0,0,0,0,0,0,0,0,-83441982.064092,-113269825.89107,-29898226.9625343,-278635573.065498,-291979449.766881,-184415237.087746,-135015968.719591,183061631.193441,52953396.9513335,-34391559.2479233,-387174189.623418,178010129.488646,160340655.970738,32358205.650433,133920860.568513,392796451.212978,152244693.052732,239569299.468758,432616810.541029,213784342.578024,102706262.893823,84013816.2756614,129641681.6232,166680893.243151,-101773122.288516,-113275626.005973,-309280386.332771,-147949693.028894,-111463381.452432,211905761.747833,340882795.552685,-721538049.562034,-923875560.310761,-764428832.098244,-704021151.242304,-774502185.590695,-817386648.821177,-1077752101.69413,-1053768053.17936,-828668887.093496,-722600965.382012,-1121429117.89738,-1354599058.98692,-1088012800.04402,-1578554437.52904,-1117636380.02892,-1941018172.74006,0,0
China,"Congo, Dem. Rep.",COD,BN.GSR.GNFS.CD,0,0,0,0,0,0,0,0,0,0,0,0,0,0,0,0,0,0,0,0,0,0,0,0,0,0,0,0,0,0,0,0,0,0,0,0,0,0,0,0,0,0,0,0,0,-1113600000,-659800000,-334500000,-1127400000,-1745200000,-1838700000,-1593602281.098,-1977754098.94109,-1494674269.45556,-3152502304.65964,-2308129161.18307,-2224819933.85017,-1406377021.27447,-1692788394.90944,-1718517789.29973,-624339925.79474,160710271.919867,-2945395688.07329,-4030194363.49794,-1893913072.0914,0
China,"Congo, Rep.",COG,BN.GSR.GNFS.CD,0,0,0,0,0,0,0,0,0,0,0,0,0,0,0,0,0,0,-164303288.917736,-17388921.6249079,-4027838.84285271,-360168096.410826,-175063619.537075,-222942986.171849,339788843.207698,63802277.0161005,-393452720.850194,21887519.9324754,-147370362.575908,229774586.171165,206049413.960197,-74085388.721067,69137011.2262912,-170220232.08401,-582667982.694106,28159960.5861105,223546978.242445,363866959.720153,69566703.193832,314981956.918933,1438258979.10872,666192704.44184506,839522698.653698,1126578547.36831,1647520085.40818,2244061135.52012,1904003082.16042,-694785985.948925,2299450459.02995,-641012578.611289,1708164513.07022,3542209799.4522,3312047804.79191,2310516033.80327,370868418.391364,-4427610294.13358,-2691494915.77189,0,0,2910197899.75358,1391319444.39899,3264867177.80206,0,0,0,0
China,Colombia,COL,BN.GSR.GNFS.CD,0,0,0,0,0,0,0,0,-95000000.000484,-81000000.000275,-156000000.000572,-312724139.996097,-28342990,121474590.003674,-217224400.000452,102178950,468332519.999669,647016799.997133,525955999.999809,627264000,-125595840.00049,-1719060600,-2254764420.00083,-1952000000,-125000000,-595000000,1346000000,1325000000,565000000,1200000000,1821000000,2740000000,1188700000,-1458000000,-3277472545.01562,-3718523193.47664,-3284689500.90324,-4138083502.73631,-3911324471.8698,571576111.758649,1328666913.85215,-970538371.249469,-1313628527.62109,-1032731230.721,-483133685.817825,-690614447.091225,-1951544471.10276,-3441472017.01128,-2302397544.39763,-805727726.48975,-2246150213.7866,527573370.1402,-1464992369.15213,-3250497857.58699,-12332276476.0953,-19004381508.9598,-13451129309.4103,-8761508927.41588,-10556191985.8922,-14148162444.3344,-13104751154.4776,-20000679159.3241,-16093825874.8579,-7785710968.55083,-9472573283.8306,0
China,Comoros,COM,BN.GSR.GNFS.CD,0,0,0,0,0,0,0,0,0,0,0,0,0,0,0,0,0,0,0,0,-20863530.0505058,-32672239.996395,-28377667.6298346,-28543851.0482829,-60608354.3079585,-44206110.768717,-43684291.9499874,-59913351.1051348,-48256530.9739674,-39663880.9774123,-54355634.8880749,-50259386.4426194,-63221232.2281689,-46765050.0863163,-50912728.2145999,-57525289.0574482,0,0,0,0,0,0,0,-41278564.5408522,-62674536.3368591,-81311180.69812,-95627902.3960404,-120023783.344643,-181929578.438453,-176595973.001474,-184071755.578527,-207608723.958395,-232098068.885715,0,-210143739.659477,-170288038.950902,-159896893.292169,-177103897.174893,-206259705.539406,-211183752.433797,-274670347.811316,-287634089.124128,-314236050.866876,-355581804.765654,0,0
China,Cabo Verde,CPV,BN.GSR.GNFS.CD,0,0,0,0,0,0,0,0,0,0,0,0,0,0,0,0,0,-46536366.0829109,-55612909.5879837,-64408409.6937036,-68241585.2362666,-79421428.7686417,-77900846.295827,-80007439.8716624,-62258832.5392584,-64398042.8893374,-66453372.4846347,-66317321.9563242,-78070975.1274846,-88449596.4143772,-92109341.5328378,-101217878.39888,-143144015.456788,-132201290.97439,-168612522.769134,-210650459.750173,-176152459.656849,-152460916.538475,-190267155.927265,-225514827.123698,-185971949.690271,-183700150.407371,-225337898.499604,-294289161.487196,-346009421.351242,-288058799.883277,-331430079.269323,-467154712.441621,-472199598.608701,-510976329.132783,-483882198.337561,-591799700.548746,-426947602.747579,-317313920.34435,-341047694.012877,-245640996.003994,-285060858.95884,-384091287.115746,-366361653.965044,-281307277.947429,-584396205.207971,-652112060.942094,-457870066.687996,-458836239.690879,-313317068.179675,0
China,Costa Rica,CRI,BN.GSR.GNFS.CD,0,0,0,0,0,0,0,0,0,0,0,0,0,0,0,0,0,-166400000,-272300000,-427100000,-466300000,-134200000,66000000,-20000000,15800000,-68900000,39000000,-192500000,-91300000,-236700000,-383200000,-42900000,-341100000,-537900000,-270900000,-266542000,-228910000,-357416000,-165450000,1051211410.40579,-45669711.165888,78881229.510418,-267865429.090368,-283537864.928698,-77105144.675418,-360655999.12738,-611014762.399059,-1271487792.72421,-2407550798.86128,95700175.166145,-415750007.241521,-1194544783.87744,-1363669066.71151,-995209335.8409,-789427970.823826,1558623.964266,683777504.543906,393328336.587061,919006891.77924,2482334381.55331,2456419583.72748,1670105882.35388,2297074272.44343,5270418624.655,6310784269.84959,0
China,Caribbean small states,CSS,BN.GSR.GNFS.CD,0,0,0,0,0,0,0,0,0,0,0,0,0,0,0,0,0,0,0,0,0,0,0,0,0,0,0,0,0,0,0,0,0,0,0,0,0,0,0,0,0,0,0,0,0,0,0,0,0,0,0,0,0,0,0,0,0,0,0,0,0,0,0,0,0,0
China,Cuba,CUB,BN.GSR.GNFS.CD,0,0,0,0,0,0,0,0,0,0,0,0,0,0,0,0,0,0,0,0,0,0,0,0,0,0,0,0,0,0,0,0,0,0,0,0,0,0,0,0,0,0,0,0,0,0,0,0,0,0,0,0,0,0,0,0,0,0,0,0,0,0,0,0,0,0
China,Curacao,CUW,BN.GSR.GNFS.CD,0,0,0,0,0,0,0,0,0,0,0,0,0,0,0,0,0,0,0,0,0,0,0,0,0,0,0,0,0,0,0,0,0,0,0,0,0,0,0,0,0,0,0,0,0,0,0,0,0,0,0,-820709497.206704,-784460335.195531,-629603351.955307,-417692737.430168,-475363128.49162,-525916201.117318,-666661827.608939,-810450712.134078,-556204745.77095,-694482615.592179,-546455887.877095,-844747427.217877,-657754762.162011,0,0
China,Cayman Islands,CYM,BN.GSR.GNFS.CD,0,0,0,0,0,0,0,0,0,0,0,0,0,0,0,0,0,0,0,0,0,0,0,0,0,0,0,0,0,0,0,0,0,0,0,0,0,0,0,0,0,0,0,0,0,0,0,0,0,0,0,0,0,0,0,0,1694398758.33589,1581276302.5228,1441225889.46953,1462423660.19491,920948227.081575,734757817.489476,928369252.358063,1156671623.43775,0,0
China,Cyprus,CYP,BN.GSR.GNFS.CD,0,0,0,0,0,0,0,0,0,0,0,0,0,0,0,0,-79416180.5780396,-183523744.325985,-255413081.846285,-310627467.982061,-337344373.327293,-238236051.471281,-253478281.710675,-258430428.202683,-250685833.913028,-210267754.44527,-61566005.6577037,-52172476.1088338,-158369982.137837,-310538338.89956,-223105175.061338,-473700472.731539,-677791035.93364,63328654.6078635,49167904.3298228,-20556112.846429,-280713793.630328,-167835079.899228,-328585542.07522,78092228.948366,-122909510.72455,148135202.964247,-94931199.033443,-47748320.970464,-457770881.206205,-451175390.095703,-720537522.136134,-1434698978.78027,-3572063944.85506,-1370399090.75795,-2138373933.26342,-1013028138.69684,-469894693.354322,391693145.111428,236255474.23656,552355158.817322,423067241.26405,-59063323.541025,392658469.836377,257607558.84802,-338519558.07114,1389131949.80382,1076505753.7147,365890739.54293,1317833476.30598,0
China,Czechia,CZE,BN.GSR.GNFS.CD,0,0,0,0,0,0,0,0,0,0,0,0,0,0,0,0,0,0,0,0,0,0,0,0,0,0,0,0,0,0,0,0,0,495633190.350032,-925738683.973259,-1841750039.90937,-3789213044.96522,-3195715989.12638,-731364635.750389,-703620723.154516,-1691999204.904,-1553701214.44501,-1596691455.74105,-2049320859.65495,528273873.404079,2898065160.6166,3790265561.32894,4052160271.13885,5219998906.55756,7700186522.30561,6192291073.38082,8894622490.64581,10309254507.9341,12123723407.1038,13436484695.2163,11152289235.3342,14970590108.5915,16696692080.8777,15459075074.1354,15661853403.4847,16922789209.9036,10760274185.8701,3377084364.71671,17012875794.2742,22518192686.432,0
China,Germany,DEU,BN.GSR.GNFS.CD,0,0,0,0,0,0,0,0,0,0,0,3129299820.17464,4172810494.7489,9331485330.3669,15082233732.9296,9359034255.29827,11062760596.3335,13174230767.3247,17352509883.5215,5748981127.87806,-4881469153.69685,5179368707.52928,15445842102.251,11341396741.2059,14987906583.3004,22907977431.986,46143914622.1262,55189849333.2105,60093039856.0267,59544876562.6478,45835582096.6926,-8618524297.54355,-10419668458.7466,606625477.0981,2705397325.1996,9748115039.731,16944869691.1299,22955765079.6326,26638796381.3972,12325288588.8645,4104845646.7311,30938098139.694,85409917265.0463,92318194626.05,141659579646.248,143997634083.368,158280176925.073,223249988267.441,222424166595.653,168088620679.111,178340566180.23,186109725052.129,217953582338.746,220200384547.59,259384172818.113,253864583308.219,257052182218.316,265989346757.769,242877564842.629,222712633094.613,211436040446.136,227415846453.101,108359910395.103,176807952653.581,175418088256.785,0
China,Djibouti,DJI,BN.GSR.GNFS.CD,0,0,0,0,0,0,0,0,0,0,0,0,0,0,0,0,0,0,0,0,0,0,0,0,0,0,0,0,0,0,0,-105519325.234497,-124875507.115085,-94254477.5237592,-69333393.352502,-60088565.7856978,-58625598.550537,-57837846.9623736,-66891363.4291953,-59182651.4593099,-84480731.0334738,-48519871.0338114,-30609775.9972091,-52239183.8893547,-87862436.0655184,-73238390.5109694,-118359676.121561,-274435772.924978,-337939804.52507,-178892758.874866,-72158045.4757739,-254719476.032658,-267002774.01095,-713348705.461296,444525061.908669,544986898.578778,-144419978.820093,-159431265.153819,374115601.227334,386005311.696423,270104485.554297,-323102109.486216,577744640.879616,607408270.386853,484898405.992768,0
China,Dominica,DMA,BN.GSR.GNFS.CD,0,0,0,0,0,0,0,0,0,0,0,0,0,0,0,0,-5499736.26485802,-7200000,-10300000,-21000000,-39000000,-28700000,-18400000,-13700000,-22800000,-25200000,-7155555.55555555,-11207407.4074074,-20959259.2592593,-49007407.4074074,-44499999.9999999,-33855555.5555556,-27329629.6296296,-20522222.2222222,-22203703.7037037,-34807407.4074074,-42525925.9259259,-35696296.2962963,-20577777.7777778,-23788888.8888889,-47593973.0606244,-37695068.7032585,-21441284.0944218,-12495848.3194867,-26382710.8722601,-57797069.4964171,-38756989.9430189,-80378177.2375448,-122313009.632419,-105909580.703771,-93467008.1005515,-80419432.9222692,-98223564.3825134,-95614018.2732324,-66102855.9565207,-66194194.7127119,-68034258.7085718,-115047725.609502,-280820613.878302,-231777177.407407,-201406422.592593,-199472922.962963,-180340134.074074,-228346416.296296,-174779840.37037,0
China,Denmark,DNK,BN.GSR.GNFS.CD,0,0,0,0,0,0,0,0,0,0,0,0,0,0,0,-240130247.059136,-1771039460.33194,-1559010104.54574,-1166519466.23918,-2018692313.16829,-734270148.675322,262063933.842199,78092703.9548,881699066.927045,552821842.623671,-71194452.663442,-743292495.608312,1341713162.57412,3078062108.64257,3356304753.70471,7486783173.7079,8591998596.69512,10404886684.9608,9815989882.35233,9035441696.77825,7794535103.80856,9263490304.50529,5685483097.60229,3318961697.94207,8238249083.8698,9299701472.77133,10431353547.0124,10023718626.993,13115565022.094101,12429897919.8375,14563595605.5605,11599960268.8373,9400458991.67581,12524865839.4842,14981861358.3544,21864529645.0916,21187880089.9659,18900122461.3089,21479964404.7038,22723676469.1254,19627489413.426,18830573676.9587,21511744736.7158,18190345911.6278,20729495551.1775,19989613947.3259,25059464447.7913,38306598514.2022,36773554593.4777,43868444203.5568,0
China,Dominican Republic,DOM,BN.GSR.GNFS.CD,0,0,0,0,0,0,0,0,-66200000,-69700000,-107200000,-118000000,-30700000,-50300000,-186200000,1000000,-145800000,-169800000,-326000000,-349400000,-647400000,-305800000,-392800000,-335800000,-187000000,-237600000,-219800000,-388600000,-101900000,-463000000,-401500000,-351100000,-818300000,-729900000,-583900000,-406000000,-655600000,-719700000,-1434800000,-1302100000,-1887500000,-1676600000,-1915400000,93400000,338600000,-1267900000,-2578510000,-3384300000,-6283600000,-3821000000,-5526900000,-6016300000,-5536300000,-3743200000,-3290300000,-3096900000,-2619400000,-2049900000,-4062700000,-4016800000,-5412500000,-8089100000,-11668900000,-8659700000,-7581300000,0
China,Algeria,DZA,BN.GSR.GNFS.CD,0,0,0,0,0,0,0,0,0,0,0,0,0,0,0,0,0,-1435820349.97679,-2589071838.06679,-246803577.980623,1816831490.13455,1781126363.37677,1477290255.70084,1468635148.98694,1572829658.7464,2180476550.37989,-1300848163.49388,1522761521.66181,68472692.639326,424784809.211557,3355174104.4059,4698239987.00797,0,0,0,0,0,0,0,0,0,0,0,0,0,24200999999.9989,31947000000.0015,30125606755.2431,32476308401.8163,-909806577.24988,9943077524.8936,17000013500.8074,12805677994.9307,2923291764.88608,-7677836862.53171,-25384908362.1845,-27449490180.5443,-22402635934.4411,-15701394555.1328,-15707643325.1665,-17445134687.8103,-2441125782.8098,22630482847.023,8327725513.58381,-1413907949.57206,0
China,East Asia & Pacific (excluding high income),EAP,BN.GSR.GNFS.CD,0,0,0,0,0,0,0,0,0,0,0,0,0,0,0,0,0,0,0,0,0,0,0,0,0,0,0,0,0,0,0,0,0,0,0,0,0,0,0,0,0,0,0,0,0,0,0,0,0,0,0,0,0,0,0,0,0,0,0,0,0,0,0,0,0,0
China,Early-demographic dividend,EAR,BN.GSR.GNFS.CD,0,0,0,0,0,0,0,0,0,0,0,0,0,0,0,0,0,0,0,0,0,0,0,0,0,0,0,0,0,0,0,0,0,0,0,0,0,0,0,0,0,0,0,0,0,0,0,0,0,0,0,0,0,0,0,0,0,0,0,0,0,0,0,0,0,0
China,East Asia & Pacific,EAS,BN.GSR.GNFS.CD,0,0,0,0,0,0,0,0,0,0,0,0,0,0,0,0,0,0,0,0,0,0,0,0,0,0,0,0,0,0,0,0,0,0,0,0,0,0,0,0,0,0,0,0,0,0,0,0,0,0,0,0,0,0,0,0,0,0,0,0,0,0,0,0,0,0
China,Europe & Central Asia (excluding high income),ECA,BN.GSR.GNFS.CD,0,0,0,0,0,0,0,0,0,0,0,0,0,0,0,0,0,0,0,0,0,0,0,0,0,0,0,0,0,0,0,0,0,0,0,0,0,0,0,0,0,0,0,0,0,0,0,0,0,0,0,0,0,0,0,0,0,0,0,0,0,0,0,0,0,0
China,Europe & Central Asia,ECS,BN.GSR.GNFS.CD,0,0,0,0,0,0,0,0,0,0,0,0,0,0,0,0,0,0,0,0,0,0,0,0,0,0,0,0,0,0,0,0,0,0,0,0,0,0,0,0,0,0,0,0,0,0,0,0,0,0,0,0,0,0,0,0,0,0,0,0,0,0,0,0,0,0
China,Ecuador,ECU,BN.GSR.GNFS.CD,0,0,0,0,0,0,0,0,0,0,0,0,0,0,0,0,102500000,-183300000,-475400000,-255500000,-58700000,-261700000,-202000000,751000000,810000000,1055000000,415000000,-260000000,456000000,552000000,743000000,299000000,702000000,-240150000,-282690000,-511730000,493900000,-52070000,-1694900000,1136430000,979312539.140001,-928173118.1172,-1617937928.18765,-663826215.734583,-669610264.431713,-371492821.663804,463666781.816421,451552040.976116,-22738574.844665,-1138206484.2441,-3026431427.88118,-1865315381.93032,-1344390024.3915,-1948121490.64921,-1234170107.13079,-2455040236.51185,442109248.232445,-663906292.316703,-1188301780.91643,-224252087.492411,2340037187.20662,915945850.996271,56544613.140314,400308786.62895,4499417656.66717,0
China,"Egypt, Arab Rep.",EGY,BN.GSR.GNFS.CD,0,0,0,0,0,0,0,0,0,0,0,0,0,0,0,0,0,-1911552374.52,-2718851031.08535,-3563142862.23305,-2910857147.0155,-3869428576.95633,-3642000005.20287,-4192285720.27469,-6322571432.33483,-5381285714.28571,-4191999999.99999,-4094714285.71428,-5282857142.85709,-4801818181.81817,-4195500000,-2248000000,-2382000000,-3850000000,-3528000000,-3880000000,-4203000000,-6021400000,-8565000000,-6886100000,-6031000000,-4928900000,-3070500000,397900000,-399100000,-3610500000,-3872600000,-9298700000,-12461900000,-9233000000,-11031000000,-14328100000,-20199500000,-20530600000,-26829700000,-30369400000,-34677100000,-27349400000,-24708593000,-25428193000,-32380693000,-35699565000,-20848306000,-14047300000,-36004100000,0
China,Euro area,EMU,BN.GSR.GNFS.CD,0,0,0,0,0,0,0,0,0,0,0,0,0,0,0,0,0,0,0,0,0,0,0,0,0,0,0,0,0,0,0,0,0,0,0,0,0,0,0,60002433630.5222,7216606539.3707,57838226680.0946,132119725760.678,138124835877.5,159718826097.642,106399015771.786,75348809179.0389,133661208992.71,27292202767.1877,121378590108.652,99337189995.814,112558825172.449,259558017896.615,340400130681.922,425752803060.681,462773150787.796,478906299233.258,525227577931.849,495417839697.647,413588217605.947,392547516574.415,479852805157.241,130078414465.116,415187177446.385,573106278422.739,0
China,Eritrea,ERI,BN.GSR.GNFS.CD,0,0,0,0,0,0,0,0,0,0,0,0,0,0,0,0,0,0,0,0,0,0,0,0,0,0,0,0,0,0,0,0,-261469468.870773,-200123556.036743,-328410448.673378,-363260042.003952,-403265102.431968,-406580686.37395,-585472074.313481,-546526908.455518,-402025655.068729,0,0,0,0,0,0,0,0,0,0,0,0,0,0,0,0,0,0,0,0,0,0,0,0,0
China,Spain,ESP,BN.GSR.GNFS.CD,0,0,0,0,0,0,0,0,0,0,0,0,0,0,0,-4490645954.62417,-4985991660.25523,-2878926354.02756,947431718.525009,317356389.363345,-5864272516.22569,-4496190326.26647,-3665235293.61116,-1577197352.67821,3179640063.87614,3412308494.07611,4655266431.51143,-291431443.7795,-4978925185.51358,-12771848313.7526,-17275201785.2476,-18426164798.9376,-17812850098.6919,-3454379110.95403,102136496.90562,-1090056713.7881,2884818093.28934,3828678156.63871,-1809459296.24757,-12145945295.458,-17647904513.2091,-14264830251.4435,-13965485132.9806,-20112962479.114,-39895434084.3072,-55618655786.2008,-72048676706.0731,-85667568352.245,-77685476626.7053,-13068614149.0513,-15210974656.7099,4404336584.53709,26847681559.5312,52139543021.8624,41989882719.6357,36343075303.3604,49525604695.837,48378026206.7495,39103466965.6774,41814797115.2323,19649900025.8494,14534303917.5323,12149032171.8074,63702074653.2855,74530227666.9209,0
China,Estonia,EST,BN.GSR.GNFS.CD,0,0,0,0,0,0,0,0,0,0,0,0,0,0,0,0,0,0,0,0,0,0,0,0,0,0,0,0,0,0,0,0,-47663786.2781215,-69651739.8148342,-251338707.79534,-286902959.1932,-500553151.05008,-532703884.949501,-545748692.080777,-305426438.129406,-181799741.351092,-129877512.464851,-518537516.905182,-836603350.000957,-949700084.039493,-704594343.022983,-1728295835.70902,-1964475152.05379,-960636223.447727,989300275.811456,1245764979.1407,1350581522.01102,385668930.319678,587031990.853499,869128638.279324,830131194.372668,791515521.748717,925082311.247716,730118035.757671,1176418475.06335,-416310163.40625,-529296352.622591,-476277970.696319,350690236.524602,134741115.52874,0
China,Ethiopia,ETH,BN.GSR.GNFS.CD,0,0,0,0,0,0,0,0,0,0,0,0,0,0,0,0,0,-139227053.207356,-201932367.24731,-181449275.449975,-313140096.769633,-329855072.623118,-349661835.917711,-423236715.180308,-447681159.509526,-489613526.570048,-483236714.975845,-588260869.565217,-614396135.265701,-408260869.565217,-674299516.908213,-319275362.318841,-923521062.801932,-528920000,-569489613.667524,-678068226.753693,-557902907.360203,-416859713.624458,-863459802.11281,-912500603.004009,-628714042.589757,-1171640698.83904,-969768539.527303,-1345579460.09095,-2043010904.09603,-2965204869.90006,-3077631352.34684,-4254883059.53455,-6102643089.70036,-5612921591.28204,-5270419046.40243,-5923027740.74004,-8135008994.69496,-8134766074.83561,-11818125908.6127,-13853596898.1746,-14091223544.3954,-12672570623.198,-12304551192.7013,-11639029638.8924,-9455071323.93282,-11363400666.232,-13216642105.2216,-12086017008.9182,0,0
China,European Union,EUU,BN.GSR.GNFS.CD,0,0,0,0,0,0,0,0,0,0,0,0,0,0,0,0,0,0,0,0,0,0,0,0,0,0,0,0,0,0,0,0,0,0,0,0,0,0,0,0,0,0,0,0,0,0,0,0,0,0,0,0,0,0,0,0,0,0,0,0,0,0,0,0,0,0
China,Fragile and conflict affected situations,FCS,BN.GSR.GNFS.CD,0,0,0,0,0,0,0,0,0,0,0,0,0,0,0,0,0,0,0,0,0,0,0,0,0,0,0,0,0,0,0,0,0,0,0,0,0,0,0,0,0,0,0,0,0,0,0,0,0,0,0,0,0,0,0,0,0,0,0,0,0,0,0,0,0,0
China,Finland,FIN,BN.GSR.GNFS.CD,0,0,0,0,0,0,0,0,0,0,0,0,0,0,0,-1736165619.94702,-638897356.29418,506467704.015518,1324236403.37151,584485986.233526,-505003967.962733,665619171.794317,401022677.936607,164003189.455494,1245209510.38128,379048210.110759,976683996.210305,324345689.369862,-473916346.702975,-2370745702.51608,-2275912527.64529,-1145210129.37269,1088481865.41415,4224687220.80975,5877879139.73526,10267857857.3228,9626845550.5749,9948921881.08699,11421491117.1127,11074053262.7108,12972883672.4604,13763770099.4632,13426695709.6185,12281727582.4146,13386670377.7013,9696388683.17434,9064644965.01792,12350966281.6864,10382835457.0152,5354045954.93265,3384996534.34346,-2134164029.81601,-4055943974.95969,-2663826149.84197,-2806235858.40577,-933949094.19716,-2501201519.53423,1014994073.29316,-2291417637.93039,1792953973.24134,828465000.5328,108592733.40555,-5730842915.76031,55554193.51451,1245832772.34858,0
China,Fiji,FJI,BN.GSR.GNFS.CD,0,0,0,0,0,0,0,0,0,0,0,0,0,0,0,0,0,0,0,-57900557.4473986,-42300115.7046312,-178405403.192258,-72486564.1280913,-60087294.2823046,-12035876.7103362,-4421118.79026812,2118520.94887072,32158002.9880145,45236583.1347485,26831460.6741574,-66513232.3067488,-48320719.4568832,-39454665.1149459,-121807656.759255,-60787159.5662939,-76297700.8769852,31924748.8063849,-20918835.6105078,-34376599.082284,19749952.4021071,-132989114.669313,-146677819.234425,-96107311.2502589,-159395341.831287,-347585387.304242,-284313205.91358,-549801675.099983,-446106772.1987,-589625236.505948,-290466410.886458,-199830957.181568,-221798950.69109,-121338442.958719,-529201389.565479,-297649060.425902,-165165713.090445,-191708790.325859,-265087976.148991,-432664838.940049,-569697168.20932,-747101832.430846,-1172500874.33141,-1057603378.32582,0,0,0
China,France,FRA,BN.GSR.GNFS.CD,0,0,0,0,0,0,0,0,0,0,0,0,0,0,0,5224640222.46061,-1149036556.98026,1786599128.5837,9076970923.28324,6940828701.82359,-2718368612.81992,-2185369882.0678,-7643987880.97424,170696031.83757,4408261850.63534,4852844476.0093,8703260368.15091,2606972922.9412,3031316965.36855,3292588064.60403,2151443711.41902,6695752274.7736,21489459170.5193,24357080634.6992,25095487280.4917,28971201036.2201,31189392321.5964,43524973976.1098,42170696536.8382,37920062793.022,12920448306.6648,17867386311.9337,27607351106.5108,24042402513.7393,17355875954.8148,-283241312.9564,-8152873482.8608,-18508898565.2429,-41912581724.0709,-32833160279.7455,-43515092096.2023,-56663277933.5586,-37820646682.3386,-23354364363.2819,-28200678499.737,-9463888994.342,-12213190138.5204,-19613749658.1627,-28418466030.8179,-15554985769.9185,-45868544727.8588,-30254890619.4442,-70150448895.4289,-41937166656.0054,-3821737994.0982,0
China,Faroe Islands,FRO,BN.GSR.GNFS.CD,0,0,0,0,0,0,0,0,0,0,0,0,0,0,0,0,0,0,0,0,0,0,0,0,0,0,0,0,0,0,0,0,0,0,0,0,0,0,29560000,-21900000,-81010000,-11090000.0000001,4990000,-159170000,-64615977.3244727,-172903385.676909,-200462975.244664,-370321691.324904,-219599538.245316,-159618567.795385,-85019084.659307,-130430094.804958,0,0,0,0,0,0,0,0,0,0,0,0,0,0
China,"Micronesia, Fed. Sts.",FSM,BN.GSR.GNFS.CD,0,0,0,0,0,0,0,0,0,0,0,0,0,0,0,0,0,0,0,0,0,0,0,0,0,0,0,0,0,0,0,0,0,0,0,0,0,0,0,0,0,0,0,0,0,0,0,0,0,-163046000,-147969000,-162195900,-146114700,-132701600,-105076900,0,0,0,0,0,0,0,0,0,0,0
China,Gabon,GAB,BN.GSR.GNFS.CD,0,0,0,0,0,0,0,0,0,0,0,0,0,0,0,0,0,0,342955861.72574,727100434.637603,933549862.942736,798398558.443723,681940766.980082,443991287.612589,403907329.532822,176845203.353656,-664037192.666034,-82984911.3888626,-193689256.322142,262532354.595294,918664517.285642,809267667.225817,795642325.915679,769522584.462776,981439826.182437,1222368541.44456,1688585468.23799,1282256762.90387,-26995426.8917661,1002242764.28938,1842798766.08088,1224852434.54511,947929960.042929,1468493701.12259,2073131728.77491,3209590992.32943,0,4131205893.95014,5460105498.17715,2390236893.99289,4416815244.23446,4261865317.20349,3999940172.41057,2879762553.9664,2204528794.45527,340696876.815891,0,0,0,0,0,0,0,0,0,0
China,United Kingdom,GBR,BN.GSR.GNFS.CD,0,0,0,0,0,0,0,0,0,0,976799219.928133,1855091507.83698,-285446497.453849,-4575450167.24174,-9991158711.28969,-4370521412.33688,-2740705893.42899,1652748168.21366,4062834504.03801,1330707128.9274,11871974873.7223,14663476801.7272,8474568900.9333,3423207216.60918,-1513312661.84175,4394278996.3691,-4959748573.50266,-8092381167.58446,-30349025915.158,-34627367841.3538,-24863350099.978,-10890061878.6002,-13628007847.2967,-9577637335.35282,-6980831142.06133,-4886522252.2228,-3662771031.52327,2898078057.98985,-11830609610.175,-17190105957.2593,-19772180734.9836,-28424683613.5515,-42325996544.2745,-43637844626.19,-55764002611.4394,-54361679069.3336,-50957936991.045,-59999761250.0614,-52184375242.9011,-30179304571.7578,-38934535218.985,-21211673603.3352,-26805596415.6063,-39792666336.3403,-59357376064.4184,-44424260097.0148,-50798842587.0321,-35924431558.9294,-39577861194.8046,-39829637744.0492,13846959465.6454,-6976068153.1843,-58861789738.0603,-36248439029.8636,-41224292469.818,0
China,Georgia,GEO,BN.GSR.GNFS.CD,0,0,0,0,0,0,0,0,0,0,0,0,0,0,0,0,0,0,0,0,0,0,0,0,0,0,0,0,0,0,0,0,0,0,0,0,0,-838100000,-674500000,-541000000,-463092788.25,-445748145.38,-443707082.69,-573281400.06,-846057003.48,-1115393322.21,-1876372880.54,-2716420112.73,-3812210232.44,-2065071548.1,-2079760021.4,-2745905483.83,-3117974693.26,-2089933391.945,-2979689101.23,-2547799840,-2310734036.03,-1784877513.46,-1871976601.56,-1615848784.48,-3040800416.16,-3064983354.62,-2425614320.72,-2642956941.05,-2691078877.2,0
China,Ghana,GHA,BN.GSR.GNFS.CD,0,0,0,0,0,0,0,0,0,0,0,0,0,0,0,9391356.0001329,-59043803.000175,-103391778.220753,-76832751.728887,98663332.0000005,32100000,-419800000,-106008912.000092,-157100000,-86300000,-166000000,-171720000,-295300000,-303700000,-398400000,-522300000,-554552000,-741100000,-965000000,-615500000,-537700000,-648650000,-957664000,-1119330000,-1452600000,-909624210.592011,-1175757882.44416,-757841454.6132,-962242396.544134,-1972288288.77,-2711715520.85246,-3176972981.76184,-4060700855.37747,-5495934199.0544,-3379970000,-4487950000,-4908642718.75231,-5187075383.07456,-6292080667.5828,-3985638963.27983,-4310463630.59344,-3066606286.82657,-1685930000,-705801830.22405,-1315920187.07099,-2468297849.29805,-1215544536.6765,-141740240.8012,-697637190.45861,1548721384.64429,0
China,Gibraltar,GIB,BN.GSR.GNFS.CD,0,0,0,0,0,0,0,0,0,0,0,0,0,0,0,0,0,0,0,0,0,0,0,0,0,0,0,0,0,0,0,0,0,0,0,0,0,0,0,0,0,0,0,0,0,0,0,0,0,0,0,0,0,0,0,0,0,0,0,0,0,0,0,0,0,0
China,Guinea,GIN,BN.GSR.GNFS.CD,0,0,0,0,0,0,0,0,0,0,0,0,0,0,0,0,0,0,0,0,0,0,0,0,0,0,2150000,63970000,-176960000,-92090000,-124340000,-210910000,-254030000,-169560000,-382850000,-310842000,-186842000,-93327000,-150916350,-197240780,-137665627.463024,-46985382.8452567,-200091000,-208600673.164596,-152720000,-101860000,-159920000,-260850000,-365490000,-268840000,-266830000,-1167460000,-1049090000,-872480000,-787280807.136714,-835638792.245089,-2670967516.5617,407430000,-104590000,-279370000,2682530000,4912760000,3149560000,3374240000,1487510000,0
China,"Gambia, The",GMB,BN.GSR.GNFS.CD,0,0,0,0,0,0,0,0,0,0,0,0,0,0,0,0,0,0,-56536145.706842,-59007131.8098903,-117746670.855687,-92529774.1562197,-45402724.4198731,-35632875.1587497,-5616538.55189189,-7296076.202468,-8993539.35290424,-15881205.2366646,-8881371.6558788,-9305627.76961126,-25008274.5962176,-30758693.2267803,-17343181.6900519,-50888594.8739644,-32916670.7608577,-54730250.0390775,-73205808.0049411,-51441316.3183606,0,0,0,0,0,-26001227.5748095,-69139882.7287083,-82954918.3856064,-115346815.377119,-108271606.444823,-40798052.8456295,-67247198.3597225,-52049381.4452786,-118898397.44442,-124718334.169732,-102691485.299838,-178863910.267865,-184412757.830034,-185187985.79074,-282514938.533408,-329207868.72397,-280340312.08944,-515297713.074472,-583577630.14394,-562139048.56999,-635696873.740401,-710819730.024634,0
China,Guinea-Bissau,GNB,BN.GSR.GNFS.CD,0,0,0,0,0,0,0,0,0,0,0,0,0,0,0,0,0,0,0,0,0,0,-57700000,-56300000,-55900000,-66500000,-55900000,-44600000,-60100000,-75651000,-62072000,-61377000,-93043000,-49239000,-42090000,-59660000,-57480000,-31780000,0,0,0,-24634449.3854477,-25100855.2359194,-30504112.9144047,-43727738.5098216,-52876937.457928,-89058865.608796,-95710599.1023796,-112071251.325912,-134441138.87324,-128540778.594605,-57273428.1884633,-101225726.050187,-79124579.0563975,-117763772.439757,-49268060.3000329,-56490909.2136088,-71545590.4533737,-78704651.6167679,-210399578.138755,-206849939.134919,-183258031.657011,-297833123.442601,-307595623.2759,0,0
China,Equatorial Guinea,GNQ,BN.GSR.GNFS.CD,0,0,0,0,0,0,0,0,0,0,0,0,0,0,0,0,0,0,0,0,0,0,0,0,0,0,0,-43958045.8844532,-54675499.0328668,-36290591.8704444,-46612711.4539904,-65496446.2870408,-33488003.6890626,-19508227.4280513,4592900.63638322,-102001724.05245,-296425138.512624,0,0,0,0,0,0,0,0,0,0,0,0,0,0,0,0,0,0,0,0,0,0,0,0,0,0,0,0,0
China,Greece,GRC,BN.GSR.GNFS.CD,0,0,0,0,0,0,0,0,0,0,0,0,0,0,0,0,-1608000000,-1841000000,-1774000000,-2878000000,-3023000000,-3104000000,-2901000000,-2824000000,-2807000000,-3814000000,-2736000000,-2829000000,-3097000000,-4914000000,-6546000000,-5992700000,-6565000000,-5806000000,-5834000000,-9188000000,-10395000000,-10738000000,0,-10694251751.7882,-12284230677.9712,-11223539207.7796,-11147091802.6451,-12580761258.1434,-12569191035.8461,-15079881453.3181,-24897011117.9851,-34234036426.2002,-39459031377.9514,-25077520775.813,-20250975319.8242,-17349218680.8901,-5996099810.51031,-6744497465.67563,-5246311025.79856,-1220057196.83558,-1713491791.60504,-1656289642.80928,-3935248275.21289,-2008001793.22068,-12736823985.0859,-16011319345.703,-21630962871.0373,-12016810527.7156,-13984812964.841,0
China,Grenada,GRD,BN.GSR.GNFS.CD,0,0,0,0,0,0,0,0,0,0,0,0,0,0,0,0,0,-4033333.33333333,-6651851.85185185,-14511111.1111111,-21859259.2592593,-31759259.2592593,-39600000,-35800000,-29700000,-33737037.037037,-30659259.2592593,-35314814.8148148,-33703703.7037037,-43296296.2962963,-45707407.4074074,-52481481.4814815,-39059259.2592593,-48892592.5925926,-35148148.1481481,-45444444.4444444,-62477777.7777778,-73662962.962963,-87451851.8518519,-48270370.3703704,-85947834.3994454,-88040259.1836619,-91575117.8688982,-123987117.171396,-147598158.578154,-228164326.759475,-208432962.204906,-154440227.719041,-155695469.71661,-69954486.4394536,-84816776.6013315,-72375901.6706558,-38902159.9094096,-53043645.1949796,7997856.3268774,21948446.6162862,18122335.3735044,-5165241.445454,-25475414.5156899,-15451546.6666667,-116105777.407407,-83998147.7777778,-78826956.2962964,-96159220.3703703,-131638555.555556,0
China,Greenland,GRL,BN.GSR.GNFS.CD,0,0,0,0,0,0,0,0,0,0,0,0,0,0,0,0,0,0,0,0,0,0,0,0,0,0,0,0,0,0,0,0,0,0,0,0,0,0,0,0,0,0,0,0,0,0,0,0,0,0,0,0,0,0,0,0,0,0,0,0,0,0,0,0,0,0
China,Guatemala,GTM,BN.GSR.GNFS.CD,0,0,0,0,0,0,0,0,0,0,0,0,0,0,0,0,0,-104800000,-368600000,-334900000,-229000000,-577900000,-348200000,-141800000,-199500000,-95900000,121700000,-456500000,-462000000,-437500000,-244200000,-340600000,-955400000,-946500000,-943900000,-904200000,-743600000,-1001500000,-1560700000,-1536300000,-1705300000,-2165258471.05178,-2892758264.46018,-3183177951.4661,-3875800000,-4332400000,-5111800000,-5797000000,-5983765870,-3816491970,-4746617860,-5432776290,-6504976940,-6714855160,-6707931330,-6358444100,-5854835050,-6499967660,-7819058970,-7928956720,-6553973700,-12097075400,-15802859900,-15714315680,-17579310780,0
China,Guam,GUM,BN.GSR.GNFS.CD,0,0,0,0,0,0,0,0,0,0,0,0,0,0,0,0,0,0,0,0,0,0,0,0,0,0,0,0,0,0,0,0,0,0,0,0,0,0,0,0,0,0,0,0,0,0,0,0,0,0,0,0,0,0,0,0,0,0,0,0,0,0,0,0,0,0
China,Guyana,GUY,BN.GSR.GNFS.CD,0,0,0,0,0,0,0,0,0,0,0,0,0,0,0,0,0,-71960784.3419452,196078.4314503,-48901960.8034908,-85137254.9353482,-129137777.823693,-84600000.0282003,-99000000.0330001,-54572905.9022518,-51083585.8711673,0,0,0,0,0,0,-94968000,-101075000,-80755000,-79155000,8800000,-17000000,-39900000,-27500000,-71100000,-76000000,-47300000,-32600000,-54488600,-224474000,-327928000,-407615000,-635404841.447147,-513328342.049143,-629887423.13202,-777599521.10006,-809852522.182617,-837792301.576263,-869454097.71007,-480027711.028642,-174021504.037131,-357561696.519054,-1708802949.92156,-3468856512.82169,-1173459763.74817,-1994360918.35355,4484833050.70956,2782729270.79035,0,0
China,High income,HIC,BN.GSR.GNFS.CD,0,0,0,0,0,0,0,0,0,0,0,0,0,0,0,0,0,0,0,0,0,0,0,0,0,0,0,0,0,0,0,0,0,0,0,0,0,0,0,0,0,0,0,0,0,0,0,0,0,0,0,0,0,0,0,0,0,0,0,0,0,0,0,0,0,0
China,"Hong Kong SAR, China",HKG,BN.GSR.GNFS.CD,0,0,0,0,0,0,0,0,0,0,0,0,0,0,0,0,0,0,0,0,0,0,0,0,0,0,0,0,0,0,0,0,0,0,0,0,0,0,905448442.07262,8557595861.11339,7566240165.08163,7945531725.00263,13569139873.7702,14685857314.1062,14729997088.653,22194383629.1008,21593613023.4157,22595345937.274,22326049073.8159,16850331869.7342,13434834429.6477,9562795338.19198,2973360215.27029,1658732094.6468,598619137.95912,7393299599.96328,7327348873.28332,3429559927.81999,-765449570.41404,5667629956.78216,6664182475.8456,20534613690.601,14701762132.2624,2245577902.29242,16590089248.5485,0
China,Honduras,HND,BN.GSR.GNFS.CD,0,0,0,0,0,0,0,0,0,0,0,0,0,0,-123949999.974313,-101750000,-60900000,-74850000,-90200000,-93650000,-186400000,-178700000,-58000000,-113600000,-220600000,-177600000,-66400000,-123680000,-115050000,-125300000,-94300000,-123600000,-192100000,-274300000,-318200000,-217500000,-331900000,-319900000,-392300000,-781600000,-830947357.1642,-935871539.462411,-826672079.117501,-1182153838.4937,-1497531392.96595,-1725846067.60987,-2317433627.02835,-3392193628.73165,-4582491848.57541,-2563180428.01604,-2835884508.34842,-3572318710.69419,-3602944164.49666,-3814791368.69086,-3404150015.63264,-3394077720.60967,-3177734390.81037,-3528273160.7665,-4880010081.50178,-4581924949.78827,-3671066028.01901,-6817182339.93962,-8590897456.68367,-8121542677.21306,-8882868705.35846,0
China,Heavily indebted poor countries (HIPC),HPC,BN.GSR.GNFS.CD,0,0,0,0,0,0,0,0,0,0,0,0,0,0,0,0,0,0,0,0,0,0,0,0,0,0,0,0,0,0,0,0,0,0,0,0,0,0,0,0,0,0,0,0,0,0,0,0,0,0,0,0,0,0,0,0,0,0,0,0,0,0,0,0,0,0
China,Croatia,HRV,BN.GSR.GNFS.CD,0,0,0,0,0,0,0,0,0,0,0,0,0,0,0,0,0,0,0,0,0,0,0,0,0,0,0,0,0,0,0,0,0,428949821.600208,349535864.933269,-2180537358.18667,-1908337957.91164,-3359038637.24735,-1994802426.68471,-1634724463.27361,-981083212.222777,-1193518726.62775,-2488612765.41251,-3645351298.41863,-3598621897.40381,-4026839892.96346,-4228998809.10358,-5055607239.7718,-7067849448.62634,-3409457894.69465,-1141232642.89112,-974761970.060882,143883797.617261,-1168320592.90782,-235608383.279655,135058723.994966,670027610.234444,597359197.6782,-635942869.084438,-285756867.424282,-3949842622.79086,-1890863158.29718,-4862008577.20515,-1746312309.77123,-3259264201.42483,0
China,Haiti,HTI,BN.GSR.GNFS.CD,0,0,0,0,0,0,0,0,0,0,0,-10840000.002168,-15939941.2619234,-17979999.987934,-38859967.7781539,-53500000.0107,-70760000.014152,-88960000.017792,-97860000.019572,-115020000.023004,-175280000.035056,-275080000.055016,-196200000.03924,-207380000.041476,-207920000.017326,-219900000,-181420000,-181300000,-206120000,-211360000,-196600000,-307720000,-135840000,-174630000,-168390000,-609300000,-590310000,-512000000,-566740000,-720860000,-865020000,-871670000,-828940000,-947150000,-1048950000,-1247800000,-1452450000,-1605260000,-1936578267.73285,-1770211782.01867,-3270936821.80475,-3121749423.14127,-2867509299.48497,-2875659169.68821,-3091189340.75035,-2743160952.81264,-2623479470.87922,-3161714014.24954,-3637910897.67124,-3099262379.12064,-3159219178.16332,-3776202635.23933,-4095458391.29357,-4208501041.89886,0,0
China,Hungary,HUN,BN.GSR.GNFS.CD,0,0,0,0,0,0,0,0,0,0,0,0,0,0,0,0,0,0,0,0,0,0,519047625.561697,537998155.675158,822963834.760085,347031289.281197,-449007956.205414,246026543.232327,402989626.561161,675901010.177678,1018695669.14555,892199274.278595,753482565.482351,-3804941625.94471,-3557049002.99648,-53166840.743951,337291500.397754,627305660.595675,-761066372.881452,-1453683693.08902,-1757835489.2671,-611266659.179652,-1036386465.22009,-3299924957.38735,-3324647506.35355,-1161064741.79929,-1071137191.19014,682363947.07277,-31815533.00822,4537607199.28512,6151603581.22578,8063829114.76406,7681243577.10264,8545166611.17727,8056428130.80146,9498937690.29104,10668691941.1166,9266399894.73423,6672967934.7129,3687951612.76699,3028798451.44646,331813859.95446,-8282168971.72719,9841655357.29583,12425921823.25,0
China,IBRD only,IBD,BN.GSR.GNFS.CD,0,0,0,0,0,0,0,0,0,0,0,0,0,0,0,0,0,0,0,0,0,0,0,0,0,0,0,0,0,0,0,0,0,0,0,0,0,0,0,0,0,0,0,0,0,0,0,0,0,0,0,0,0,0,0,0,0,0,0,0,0,0,0,0,0,0
China,IDA & IBRD total,IBT,BN.GSR.GNFS.CD,0,0,0,0,0,0,0,0,0,0,0,0,0,0,0,0,0,0,0,0,0,0,0,0,0,0,0,0,0,0,0,0,0,0,0,0,0,0,0,0,0,0,0,0,0,0,0,0,0,0,0,0,0,0,0,0,0,0,0,0,0,0,0,0,0,0
China,IDA total,IDA,BN.GSR.GNFS.CD,0,0,0,0,0,0,0,0,0,0,0,0,0,0,0,0,0,0,0,0,0,0,0,0,0,0,0,0,0,0,0,0,0,0,0,0,0,0,0,0,0,0,0,0,0,0,0,0,0,0,0,0,0,0,0,0,0,0,0,0,0,0,0,0,0,0
China,IDA blend,IDB,BN.GSR.GNFS.CD,0,0,0,0,0,0,0,0,0,0,0,0,0,0,0,0,0,0,0,0,0,0,0,0,0,0,0,0,0,0,0,0,0,0,0,0,0,0,0,0,0,0,0,0,0,0,0,0,0,0,0,0,0,0,0,0,0,0,0,0,0,0,0,0,0,0
China,Indonesia,IDN,BN.GSR.GNFS.CD,0,0,0,0,0,0,0,0,0,0,0,0,0,0,0,0,0,0,0,0,0,2257000000,-2465000000,-2802000000,2038000000,1531000000,-954000000,1299000000,2441000000,3100000000,1784000000,1059000000,2313000000,2344000000,1282000000,-1538000000,-2592000000,409000000,10819614426.8351,12865957536.7369,14619057986.5737,12316401091.3043,13131270332.3864,12455540664.1548,11341399488.3913,8411220328.28875,19786001791.3359,20911715981.289,9917758527.08661,21191036277.8746,21212148895.5807,24021724758.5102,-1884415529.3462,-6237109751.68575,-3027125054.37998,5351899012.23087,8234324959.97201,11434768728.767,-6713373307.24594,-4133324477.52497,18545794316.1108,29207502575.0115,42715082770.478,28593267733.9316,21215765587.5967,0
China,IDA only,IDX,BN.GSR.GNFS.CD,0,0,0,0,0,0,0,0,0,0,0,0,0,0,0,0,0,0,0,0,0,0,0,0,0,0,0,0,0,0,0,0,0,0,0,0,0,0,0,0,0,0,0,0,0,0,0,0,0,0,0,0,0,0,0,0,0,0,0,0,0,0,0,0,0,0
China,Isle of Man,IMN,BN.GSR.GNFS.CD,0,0,0,0,0,0,0,0,0,0,0,0,0,0,0,0,0,0,0,0,0,0,0,0,0,0,0,0,0,0,0,0,0,0,0,0,0,0,0,0,0,0,0,0,0,0,0,0,0,0,0,0,0,0,0,0,0,0,0,0,0,0,0,0,0,0
China,India,IND,BN.GSR.GNFS.CD,0,0,0,0,0,0,0,0,0,0,0,0,0,0,0,-500017600.21568,702501190.097606,962429102.009108,-832488641.162021,-2258339165.54286,-5653548460.78432,-6162724658.73907,-5358708521.53588,-4512606726.85855,-4434193036.7907305,-6134931259.68047,-6155516301.44596,-7042634826.62408,-8111530902.40676,-7844247653.11582,-6615557120.09499,-4011561595.14453,-4712170094.93306,-3482052608.17944,-6311718422.51494,-10211864221.3869,-13984314681.2341,-13360131754.4659,-13601016314.3159,-11441228840.35,-13143494265.9043,-9180938408.72283,-5122207191.98702,-8164091361.14741,-14960253367.7106,-27276336270.9111,-31769964257.3651,-38703712438.7177,-74360043516.2859,-67410018791.4033,-91023662478.7202,-106686782608.974,-136063399026.174,-92135051692.141,-67969807623.7704,-63249171394.8494,-41579206265.0142,-72211612625.3397,-105917684940.611,-73451671322.5905,-8342168263.9965,-74039374427.9022,-134660965222.853,-86336940338.2707,-101554029010.859,0
China,Not classified,INX,BN.GSR.GNFS.CD,0,0,0,0,0,0,0,0,0,0,0,0,0,0,0,0,0,0,0,0,0,0,0,0,0,0,0,0,0,0,0,0,0,0,0,0,0,0,0,0,0,0,0,0,0,0,0,0,0,0,0,0,0,0,0,0,0,0,0,0,0,0,0,0,0,0
China,Ireland,IRL,BN.GSR.GNFS.CD,0,0,0,0,0,0,0,0,0,0,0,0,0,0,0,0,0,0,0,0,0,0,0,0,0,0,0,0,0,0,0,0,0,0,0,0,0,0,0,0,0,0,0,0,0,23568794531.6351,22888761351.9058,25499501757.0593,23713273170.1522,35648697991.4302,38453010693.2177,48813620873.011,39254072935.0494,47915777018.5939,50785853502.58,89757642558.2461,57046573634.8298,84190507317.3619,117584828243.654,20224413087.4171,92440995946.6744,222321232299.783,226351448198.918,181476445584.564,0,0
China,"Iran.",IRN,BN.GSR.GNFS.CD,0,0,0,0,0,0,0,0,0,0,0,0,0,0,0,0,7737000000,2856000000,-201000000,11540000000,-3042000000,-4066000000,5348000000,-253000000,-865000000,-769000000,-5454000000,-2230000000,-2010000000,-2939000000,-2551000000,-11576000000,-8630000000,-5723000000,4029000000,3840000000,5179000000,2079000000,-2135000000,6356000000,12224000000,0,0,0,0,0,0,0,0,0,0,0,0,0,0,0,0,0,0,0,0,0,0,0,0,0
China,Iraq,IRQ,BN.GSR.GNFS.CD,0,0,0,0,0,0,0,0,0,0,0,0,0,0,0,0,0,0,0,0,0,0,0,0,0,0,0,0,0,0,0,0,0,0,0,0,0,0,0,0,0,0,0,0,0,-2044100000,6689000000,18966800000,27891200000,-2225200000,7402400000,30749000000,33594000000,22018282324.13,20322000000,-1789014222.13,2713640000,15149856000,35054700000,16620400000,-4198700000,27553600000,57917300000,26672686393.31,0,0
China,Iceland,ISL,BN.GSR.GNFS.CD,0,0,0,0,0,0,0,0,0,0,0,0,0,0,0,0,29400000,10200000,91800000,64800000,36900000,-8300000,-120000000,82200000,22800000,31100000,176400000,-20100000,-18000000,156300000,83430446.1063821,-79333014.50282,2192193.872704,190173218.513954,313742795.481445,245049970.045878,37655630.5934246,36002539.9511738,-368288735.524052,-403170878.658511,-617467986.580397,-89616403.505695,146668727.986714,-343251512.663181,-777489314.860014,-1976306948.76101,-2924139980.16283,-1961305703.27408,-637429123.582439,1055741552.91162,1367149084.53207,1202277150.73522,892978425.516664,1293931187.81253,1176509122.01478,1374645174.695,1555184857.48078,1258670942.57889,1077966037.36487,1404577729.56517,-75589769.346321,-394905604.593363,107289837.780682,301487007.799373,-352775323.772743,0
China,Israel,ISR,BN.GSR.GNFS.CD,-305000000,-396000000,0,0,0,-456000000,-389000000,-465000000,-525000000,-738000000,-1087000000,-1142000000,-987000000,-2448000000,-2983000000,-3480000000,-2684000000,-1994000000,-2607000000,-3062000000,-2843000000,-3538300000,-3180200000,-3298100000,-2567000000,-1628500000,-1460000000,-3298700000,-2593100000,-1832900000,-2916000000,-5367800000,-4501900000,-6037300000,-6496800000,-7808400000,-7915600000,-5387100000,-2999200000,-3056600000,-203100000,-3165900000,-3513500000,-1027000000,135600000,-150100000,336000000,-1438600000,-1134900000,5360500000,4601500000,-393500000,-261800000,5543900000,4919500000,9472000000,6004200000,6855000000,3124800000,7278400000,12740700000,13407500000,11019200000,14206300000,12810200000,0
China,Italy,ITA,BN.GSR.GNFS.CD,0,0,0,0,0,0,0,0,0,0,107680159.89232,811921589.513574,967058287.774415,-3328110291.39531,-7884887332.49248,-483144173.437663,-2741198142.21769,2216658010.91719,6178264390.36804,3805769085.2366,-12956080101.18,-9344323403.02935,-5696862256.04271,1877822085.63663,-1849362427.58583,-1954095748.03319,8469745735.80438,3607682228.02249,223324254.28476,-1994927194.35404,1461264916.58427,105589450.92382,174993071.02265,32207609508.2743,36945252882.4425,45325897739.875,62155136415.2245,47619296427.0847,39886976511.7094,21283617653.3336,9333284879.73141,13835427119.0986,9203889112.40754,6874316557.88138,9690602868.18181,-3242154509.71725,-17269793364.7159,-8130159638.9672,-18314564627.7725,-11245703356.1903,-38733375693.0732,-29571251353.2195,23450864653.0484,50079699804.1508,60112847272.8695,52526869354.6475,59977581596.7032,53893821749.4434,50617035662.4632,67357784672.6455,69265580610.0111,44797022837.1567,-38435469002.8408,34664668377.2501,61620081677.9415,0
China,Jamaica,JAM,BN.GSR.GNFS.CD,0,0,0,0,0,0,0,0,0,0,0,0,0,0,0,0,-235300000,31300000,66700000,-52000000,-44700000,-298900000,-378500000,-301700000,-186400000,-241000000,94200000,30400000,-139200000,-434500000,-173000000,-69800000,-35000000,-377910000,-26300000,-335200000,-541500000,-665100000,-653700000,-531100000,-838300000,-1235100000,-1555635000,-1391056367.27278,-1365268208.68813,-1973546537.94346,-2315799601.46387,-3416441707.94729,-4374789039.06333,-2318012641.57243,-2449403098.03721,-3541151131.14738,-3327364252.56853,-3181127085.86494,-3051487394.97015,-2296499439.40425,-1837864661.5875,-2357736829.66205,-2090909129.16261,-2277619516.71902,-2663823121.73062,-3004608495.85861,-3302861296.59063,-2590755238.82016,-2400772586.96648,0
China,Jordan,JOR,BN.GSR.GNFS.CD,0,0,0,0,0,0,0,0,0,0,0,0,-214759762.98906,-244087372.991584,-350210862.384551,-562241044.103424,-744013255.918511,-959770210.688483,-1119891306.36454,-1611339531.74241,-1652370330.54965,-2308152626.88924,-2391820851.04052,-2155056602.36291,-1919955270.24324,-1757678736.83417,-1518076283.99433,-1473602454.3704,-1331132245.52556,-597098146.496417,-1057576465.54587,-943964083.090545,-1655213821.88733,-1672340504.99393,-1410120691.61033,-1424008291.76841,-1752609308.88576,-1613399153.73766,-1560225669.95769,-1456417489.42172,-2256768734.10437,-2245311306.57059,-1831623568.03474,-2137408095.90973,-3408385738.18054,-5145482725.34556,-5029732778.56136,-6313059604.6278,-6529453560.05693,-5397612676.05634,-5489577464.78873,-7557323943.66198,-8668169014.08451,-9944366197.18309,-9460140845.07041,-8655633802.8169,-8292112676.05634,-8735492957.74648,-7823098591.5493,-5793422535.21127,-7979752112.67605,-9451830985.91549,-9275352112.67606,-6801971830.98592,-7712253521.12677,0
China,Japan,JPN,BN.GSR.GNFS.CD,0,0,0,0,0,0,0,0,0,0,0,0,0,0,0,0,0,0,0,0,0,0,0,0,0,0,0,0,0,0,0,0,0,0,0,0,21309371596.649,47450014246.5316,72968602319.8624,69164578262.6968,69091201723.8881,26480675041.2365,51601038995.8407,72487452621.7708,94230374346.5512,69911671152.1861,63045444315.0606,83502740418.5949,17341178492.6405,23251948662.5674,78197081417.2456,-39544359231.2282,-101198487543.672,-125128284733.983,-128605076447.102,-23275907631.1959,40443851155.2429,37636176718.9342,1405006849.0526,-8615189108.462,-7597675867.0135,-21810914913.444,-157922697027.439,-72876655744.3752,-42600298380.2384,0
China,Kazakhstan,KAZ,BN.GSR.GNFS.CD,0,0,0,0,0,0,0,0,0,0,0,0,0,0,0,0,0,0,0,0,0,0,0,0,0,0,0,0,0,0,0,0,0,0,0,-126600000,-589000000,-558900000,-1051000000,172000000,1256354847.95967,-533514773.947675,-153214258.791614,1496098062.27504,3544189463.7045,6322004051.71502,9734725344.18396,10388580329.965,21722847597.8088,13012350650.8921,22543014687.3273,42077753327.7535,31304963815.1314,30420332103.2403,20809092206.124,2938881197.60969,6657846380.33749,14815137351.4283,19276723811.6837,14634103953.348,2771607555.29577,22128581996.022,33382483021.9538,18203244982.1471,16382793233.8426,0
China,Kenya,KEN,BN.GSR.GNFS.CD,0,0,0,0,0,0,0,0,0,0,0,0,0,0,0,-175945251.817231,3226907.1472634,119373254.181895,-563951846.166763,-401856288.940807,-839062355.34332,-575407677.197497,-258003675.971049,-43270801.8519645,-101083157.725384,-60917289.0088309,-4437393.4627997,-426084265.745067,-460525945.083985,-643675851.542676,-476548601.120383,-130246378.005806,-21696732.0396687,-1296327284.10629,-1453451893.3539,-2395870743.78202,-2000541131.73102,-2970948723.01666,-4064850081.25341,-4119475591.48757,-987045307.056151,-1036959028.42705,-651650569.832691,-649327981.086305,-1007314078.38763,-1396557727.51619,-2225255504.46471,-2996249357.82223,-4268637872.35773,-3916539738.28787,-4548264829.46378,-6360159023.3274,-6710123651.45399,-7318068648.68627,-9035535132.25669,-7061068458.4589,-6258681910.57285,-8631668533.27337,-8603298972.28314,-8937167193.20539,-7566472427.12068,-9634804784.26093,-9569380037.10955,-7879556656.00248,-7286351043.3329,0
China,Kyrgyz Republic,KGZ,BN.GSR.GNFS.CD,0,0,0,0,0,0,0,0,0,0,0,0,0,0,0,0,0,0,0,0,0,0,0,0,0,0,0,0,0,0,0,0,0,-149128000,-124588000,-277981000,-469238000,-141433000,-333505457.676387,-178190622.864451,-81431570.3227834,-10874448.1416813,-78193781.96978,-134184764.262288,-183454392.47873,-449548169.479397,-967418638.09730506,-1195504624.43461,-1982519089.12262,-1227974555.58166,-1534283797.18631,-1656613019.86043,-2917630516.89051,-2824203575.16016,-3169531477.13418,-2422081515.14236,-2339826753.14385,-2502182816.81419,-3126812246.84984,-2562487005.2788,-1615431956.90655,-2636032232.41209,-7027242104.26164,0,0,0
China,Cambodia,KHM,BN.GSR.GNFS.CD,0,0,0,0,0,0,0,0,0,0,0,0,0,0,0,0,0,0,0,0,0,0,0,0,0,0,0,0,0,0,0,0,-192800000,-243998000,-339600000,-405500000,-480200000,-355600000,-406960201.620193,-459298865.334548,-437693298.434776,-345516600.775898,-362074311.792298,-467199795.046385,-390066228.005889,-533988077.71410203,-558177789.383339,-652116570.226236,-956406008.966637,-859163588.45271,-1674511916.47717,-1764889739.1141,-1927523603.86087,-1932612476.26817,-2126397118.17364,-2236506647.05702,-2244081820.13337,-2414809586.58477,-3448790454.64354,-4443118496.52217,-2267979722.06165,-12637667294.723,-9261970319.21556,-1668160812.23953,-2610776132.74346,0
China,Kiribati,KIR,BN.GSR.GNFS.CD,0,0,0,0,0,0,0,0,0,0,0,0,0,0,0,0,0,0,0,4061964.90274763,-22084970.3048677,-26963464.5021522,-25554264.9278839,-18089845.6462974,-11548730.7222372,-17294564.2024361,-18536416.351642,-24050889.9438446,-25701840.6266074,-27284588.7621612,-35244342.5609587,-27567547.5671322,-37271003.648764,-29703650.310086,-20796185.4650671,0,0,0,0,0,0,0,0,0,0,0,-82729603.8857814,-90093150.1476165,-98821582.439446,-97231145.0692002,-103518494.461425,-131487736.273245,-146136824.00341,-151874727.242513,-159903554.35598,-156193181.730479,-161482389.696167,-165762053.960004,-151369620.262046,-144633338.514284,-127542338.760614,-191229247.994314,-251424746.809928,-276525125.91456,-319296500.774961,0
China,St. Kitts and Nevis,KNA,BN.GSR.GNFS.CD,0,0,0,0,0,0,0,0,0,0,0,0,0,0,0,0,0,0,0,0,-14418518.5185185,-16351851.8518519,-20422222.2222222,-26140740.7407407,-15937037.037037,-13844444.4444444,-14677777.7777778,-22222222.2222222,-31703703.7037037,-40196296.2962963,-49981481.4814815,-35007407.4074074,-12329629.6296296,-25366666.6666667,-22181481.4814815,-53681481.4814815,-65659259.2592592,-55918518.5185186,-48033333.3333333,-59237037.037037,-67054212.6178402,-56317052.3412745,-54584285.7530442,-29566539.7624767,27167738.1227792,31364513.4600782,3867385.3001916,-32159543.5581858,-56924774.9399616,-98693373.0396489,-56137743.8956716,-22136930.8838519,14701133.6495752,38759567.0805629,77154125.9259259,3412908.1481481,-52313772.962963,-37050120,11971275.925926,-36457072.5925926,-76302082.5925926,-6178408.1481482,-63872830.3703703,-89600127.7777777,-138542833.703704,0
China,"Korea, Rep.",KOR,BN.GSR.GNFS.CD,0,0,0,0,0,0,0,0,0,0,0,0,0,0,0,0,-254000000,282000000,-916000000,-3506000000,-5277100000,-4164300000,-3179100000,-1510900000,629200000,76200000,4437900000,9745300000,12575300000,3724100000,-3188400000,-8166700000,-3272400000,1663700000,-4433100000,-8398700000,-21978300000,-7989200000,42495100000,26488500000,14546800000,7140200000,8587300000,17292900000,34122600000,23508300000,11474300000,19396600000,5435400000,38717900000,33959500000,15957800000,43531800000,73930200000,82854900000,105649200000,99123300000,76858800000,80717400000,52966800000,65934700000,70444200000,8366900000,10833600000,76425300000,0
China,Kuwait,KWT,BN.GSR.GNFS.CD,0,0,0,0,0,0,0,0,0,0,0,0,0,0,0,5847623905.77473,5957848753.60692,4044443527.99859,4755451471.60118,12161405522.7884,12034891239.9948,7773005781.41249,458475016.440753,1832050599.2431,2789956947.83994,1705717228.7985,-856863627.015655,236845009.164287,-1336777416.70452,2212544389.17181,1098958243.05351,-8090939999.99999,-3785519082.19919,-22528596.408807,1568977012.74039,1600615339.48443,3416735943.05681,3164673436.11193,-1876913582.30483,1905295846.45505,9928881106.01983,5499187539.7399,3059415591.40769,8442962174.25909,12874109263.658,26309246575.3425,38018965888.7457,39388987316.627,60186155950.0603,33617908084.9689,40785388310.1042,71341369915.8159,83140620592.6115,75344353477.9065,59888079430.48,10251823889.8115,-764648397.85644,2727186902.31876,16994114744.044,13179758591.1804,3401190923.62184,28167224974.5725,55013741535.6003,32045303686.4846,28188883807.8465,0
China,Latin America & Caribbean (excluding high income),LAC,BN.GSR.GNFS.CD,0,0,0,0,0,0,0,0,0,0,0,0,0,0,0,0,0,0,0,0,0,0,0,0,0,0,0,0,0,0,0,0,0,0,0,0,0,0,0,0,0,0,0,0,0,0,0,0,0,0,0,0,0,0,0,0,0,0,0,0,0,0,0,0,0,0
China,Lao PDR,LAO,BN.GSR.GNFS.CD,0,0,0,0,0,0,0,0,0,0,0,0,0,0,0,0,0,0,0,0,0,0,0,0,-160500000,-161200000,-140100000,-163700000,-100500000,-133800000,-109500000,-111100000,-110100000,-140200000,-278800000,-340700000,-342500000,-287700000,-115200000,-111300000,-72370000,-54781547.6404351,1114497.24086162,-27618794.4223728,-201992257.091491,-163625276.127337,7830650.50192347,92364486.3042762,-17544486.4734168,-146773678.282627,-66147825.3407206,-349954012.215621,-947984437.710273,-1061035240.42977,-2085058723.52544,-2256435633.5029,-1315153029.36057,-1129953098.02734,-1170848452.23378,-532984843.002456,645616024.454668,1292759325.82958,621832575.520967,1101267611.17868,0,0
China,Lebanon,LBN,BN.GSR.GNFS.CD,0,0,0,0,0,0,0,0,0,0,0,0,0,0,0,0,0,0,0,0,0,0,0,0,0,0,0,0,0,0,0,0,0,0,0,0,0,0,0,0,0,0,-3750637038.39986,-2029255852.32613,-5303811527.64921,-3624286958.87424,-3268959080.97316,-5113518255.85431,-6900257996.04925,-8340024499.3839,-9492875256.63481,-7627030601.1031,-11906832865.14,-13342449921.08,-14397923871.79,-11426359325.52,-12107086798.8,-13130161154.6992,-13620787416.305,-12938275542.2226,-6432412326.92661,-7983310844.9934,-12091395112.3418,-11542638381.8417,0,0
China,Liberia,LBR,BN.GSR.GNFS.CD,0,0,0,0,0,0,0,0,0,0,0,0,0,0,0,0,0,0,0,585718.023398312,1352319.55402257,1251110.92497948,600791.649000473,-521116.770817616,1414767.43069196,2605583.85148249,2702485.73025663,893650.659805976,0,0,0,0,0,0,0,0,0,0,0,0,0,0,0,0,-741498032.967272,-816363861.280419,-1224602723.23438,-1204938606.29377,-1381364966.30785,-1250093005.49901,-542982118.276661,-1022636892.84458,-1525627322.62742,-1175575181.52593,-1799126585.07449,-1364407090.27854,-1057421109.4909,-802605177.286216,-718141890.174837,-689782526.894746,-639226709.75038,-698395251.761802,-741456441.740813,0,0,0
China,Libya,LBY,BN.GSR.GNFS.CD,0,0,0,0,0,0,0,0,0,0,0,0,0,0,0,0,0,4311419330.82955,2841064555.90781,5523034901.15909,9412913189.42078,-2426602789.63599,623537003.926722,1215660713.0956,531999338.675134,2887320851.33406,414716996.748862,-878703131.569086,-1617056187.68234,-598461311.375918,2508323501.45322,66612446.438748,1541093344.05543,-1005683148.65632,263227232.971913,1758242034.5012,1338599608.39924,1528643518.39234,-299417565.999846,2044152624.70471,7186000000,4959000000,1300000000,4523000000,7180000000,15860000000,22179000000,26712000000,36155300000,10375000000,18658700000,3513800000,28592400000,3676800000,-18495600000,-9742900000,-4700400000,3857000000,11115300000,3958100000,-4797200000,6973400000,11959200000,4468600000,0,0
China,St. Lucia,LCA,BN.GSR.GNFS.CD,0,0,0,0,0,0,0,0,0,0,0,0,0,0,0,0,-18499460.579359,-21900000,-33600000,-39700000,-48199999.9999999,-60700000,-48800000.0000001,-25400000,-34200000,-30100000,-13077777.7777778,-23077777.7777778,-14681481.4814814,-59737037.0370371,-38437037.037037,-55870370.3703704,-36285185.1851852,-25951851.8518518,-32177777.7777778,-16151851.851852,-36722222.2222222,-55622222.2222223,-37362962.962963,-87577777.7777777,-112369779.294007,-109758195.033092,-110322654.643084,-143730175.969485,-78953610.200812,-88582986.3510992,-303448772.88357,-156445656.544488,-255191554.719733,-45138480.1193818,-109401310.687014,-148963372.185431,-67035159.8253477,-4416431.9106849,63058585.1123645,138248506.278213,-6117846.5401692,78356413.6233852,127777764.217904,191482393.703704,-263399108.518519,-182121763.703704,90090876.2962968,127159246.296296,154233444.074074,0
China,Latin America & Caribbean,LCN,BN.GSR.GNFS.CD,0,0,0,0,0,0,0,0,0,0,0,0,0,0,0,0,0,0,0,0,0,0,0,0,0,0,0,0,0,0,0,0,0,0,0,0,0,0,0,0,0,0,0,0,0,0,0,0,0,0,0,0,0,0,0,0,0,0,0,0,0,0,0,0,0,0
China,Least developed countries: UN classification,LDC,BN.GSR.GNFS.CD,0,0,0,0,0,0,0,0,0,0,0,0,0,0,0,0,0,0,0,0,0,0,0,0,0,0,0,0,0,0,0,0,0,0,0,0,0,0,0,0,0,0,0,0,0,0,0,0,0,0,0,0,0,0,0,0,0,0,0,0,0,0,0,0,0,0
China,Low income,LIC,BN.GSR.GNFS.CD,0,0,0,0,0,0,0,0,0,0,0,0,0,0,0,0,0,0,0,0,0,0,0,0,0,0,0,0,0,0,0,0,0,0,0,0,0,0,0,0,0,0,0,0,0,0,0,0,0,0,0,0,0,0,0,0,0,0,0,0,0,0,0,0,0,0
China,Liechtenstein,LIE,BN.GSR.GNFS.CD,0,0,0,0,0,0,0,0,0,0,0,0,0,0,0,0,0,0,0,0,0,0,0,0,0,0,0,0,0,0,0,0,0,0,0,0,0,0,0,0,0,0,0,0,0,0,0,0,0,0,0,0,0,0,0,0,0,0,0,0,0,0,0,0,0,0
China,Sri Lanka,LKA,BN.GSR.GNFS.CD,0,0,0,0,0,0,0,0,0,0,0,0,0,0,0,-171681373.8559,-50879695.6785,86308173.3728999,-130072244.6591,-403068736.7304,-903830667.2428,-711812306.3826,-880462228.8387,-773726419.7325,-344442208.2904,-734401855.8813,-750171751.8296,-677220149.5346,-748400069.3584,-770314416.1237,-672036980.3035,-1020584082.667,-916867186.3656,-982090623.2259,-1383429808.0017,-1364588928.5271,-1238558366.8694,-1066913536.9816,-950476666.377601,-1218639916.6956,-1726747410.74,-954050000,-1111890000,-1139960000,-1823850000,-2178712930,-3113711000,-3353700000,-5579000000,-2731500000,-4118500000,-8611150000,-8155171568.40896,-6428657223.05667,-6406606457.70637,-6063314670.16749,-5993868514.63866,-6317047992.80595,-6576794257.39769,-5147667481.61963,-5188536224.2702,-6552496707.23294,-3074954688.44853,-1495959130.65672,0,0
China,Lower middle income,LMC,BN.GSR.GNFS.CD,0,0,0,0,0,0,0,0,0,0,0,0,0,0,0,0,0,0,0,0,0,0,0,0,0,0,0,0,0,0,0,0,0,0,0,0,0,0,0,0,0,0,0,0,0,0,0,0,0,0,0,0,0,0,0,0,0,0,0,0,0,0,0,0,0,0
China,Low & middle income,LMY,BN.GSR.GNFS.CD,0,0,0,0,0,0,0,0,0,0,0,0,0,0,0,0,0,0,0,0,0,0,0,0,0,0,0,0,0,0,0,0,0,0,0,0,0,0,0,0,0,0,0,0,0,0,0,0,0,0,0,0,0,0,0,0,0,0,0,0,0,0,0,0,0,0
China,Lesotho,LSO,BN.GSR.GNFS.CD,0,0,0,0,0,0,0,0,0,0,0,0,0,0,0,-144961292.470885,-180434999.8431,-206309999.8206,-223214999.8059,-294291387.702139,-384420943.354542,-424235338.680636,-799963788.201815,-883836587.027686,-788812986.559899,-586879528.673141,-619262958.715232,-853943397.468434,-922647894.846113,-961263164.815667,-1091703366.09348,-1242789922.45174,-1359406133.62537,-1266496961.95688,-1252672482.51415,-1399418762.8757901,-1292882581.76836,-1254916409.51983,-983582227.776525,-876283847.142205,-773329767.141034,-595468801.646939,-505428189.741851,-764157393.938501,-900710792.961812,-985652498.680277,-978651680.978581,-1008497706.24776,-1002374439.46749,-1271688952.21049,-1491813946.79632,-1422445705.10292,-1692009157.3086,-1380548270.49749,-1262676564.23367,-1045635031.22647,-1052678219.5851,-1208782069.95277,-1167403816.11021,-1145057935.10102,-1088419440.04892,-1140926103.1082,-1176882174.66003,-1191087968.05889,-1099698564.69143,0
China,Late-demographic dividend,LTE,BN.GSR.GNFS.CD,0,0,0,0,0,0,0,0,0,0,0,0,0,0,0,0,0,0,0,0,0,0,0,0,0,0,0,0,0,0,0,0,0,0,0,0,0,0,0,0,0,0,0,0,0,0,0,0,0,0,0,0,0,0,0,0,0,0,0,0,0,0,0,0,0,0
China,Lithuania,LTU,BN.GSR.GNFS.CD,0,0,0,0,0,0,0,0,0,0,0,0,0,0,0,0,0,0,0,0,0,0,0,0,0,0,0,0,0,0,0,0,0,-209804274.601984,-259391613.398108,-710845000,-775360000,-1013010000,-1277812500,-1099182500,-723685000,-651350000,-766120811.308571,-1089789247.60832,-1598121430.99819,-1868987718.20348,-3115787811.15728,-5220795621.51119,-5654887514.59838,-650343011.536893,-747170031.548332,-1165213981.29822,252898478.553641,669878259.486972,924100058.982096,-414399785.652911,306454310.766927,1122347166.83575,990008416.881667,2893165052.33979,5227050937.84286,3002108490.63778,-1467958906.1204,3120764717.88409,4404370171.87185,0
China,Luxembourg,LUX,BN.GSR.GNFS.CD,0,0,0,0,0,0,0,0,0,0,0,0,0,0,0,0,0,0,0,0,0,0,0,0,0,0,0,0,0,0,0,0,0,0,0,0,0,0,0,2707728858.73997,4300157936.63012,3839304674.94342,6396647837.18102,7733253423.25683,8995309608.54017,10106312065.8446,14231810557.3008,17047832259.0175,18120548851.8925,18274145605.527,19192833467.6215,21113444604.7632,22463816774.2645,25960453249.3214,28145998212.6824,25548168754.6856,27234134470.6309,25399280110.7678,25873948883.5798,25100376793.0701,27801061612.42,33954499073.5419,29689259081.5976,32217308444.8831,34490567835.9578,0
China,Latvia,LVA,BN.GSR.GNFS.CD,0,0,0,0,0,0,0,0,0,0,0,0,0,0,0,0,0,0,0,0,0,0,0,0,0,0,0,0,0,0,0,0,93807284,331695000,59849000,-105545000,-414448000,-477332000,-827403000,-691300000,-435668393.162799,-641750345.076581,-769682764.40150106,-1304378201.18981,-2116991636.50793,-2437937341.59297,-4448701322.29235,-5712673161.3934,-4265771521.22894,-288813246.923251,-470556347.619047,-1660157661.64095,-1559361830.79714,-1366226218.96361,-881928104.03778,-315230306.834458,142293731.254776,-127606948.777044,-156116779.871778,-70970907.332253,487130155.261102,-1218651820.6349,-1841317409.80791,-1581098659.59594,-699670294.191951,0
China,"Macao SAR, China",MAC,BN.GSR.GNFS.CD,0,0,0,0,0,0,0,0,0,0,0,0,0,0,0,0,0,0,0,0,0,0,0,0,0,0,0,0,0,0,0,0,0,0,0,0,0,0,0,0,0,0,2517060254.16958,2880750414.6615,4325196312.76566,3939937615.24287,4210051772.21794,4996212153.58356,6893080923.88626,9383147903.40092,15506387499.9443,21293068830.6609,24977405438.4769,30864735567.9244,28904863218.7461,17350450010.7472,18523407221.942,23248399457.5754,27305253729.9356,27931990400.4409,363779893.041877,4393443566.42893,174099687.659763,18634201220.2572,0,0
China,St. Martin (French part),MAF,BN.GSR.GNFS.CD,0,0,0,0,0,0,0,0,0,0,0,0,0,0,0,0,0,0,0,0,0,0,0,0,0,0,0,0,0,0,0,0,0,0,0,0,0,0,0,0,0,0,0,0,0,0,0,0,0,0,0,0,0,0,0,0,0,0,0,0,0,0,0,0,0,0
China,Morocco,MAR,BN.GSR.GNFS.CD,0,0,0,0,0,0,0,0,0,0,0,0,0,0,0,-963112162.829154,-1782630217.20746,-2235671070.98755,-1798558201.87345,-2044043539.25003,-1974523574.39855,-2228024145.09251,-2230109550.84928,-1257290602.91038,-1351790654.51716,-1199205664.16558,-1076178019.36627,-828186823.539263,-102324844.837772,-1251153075.39788,-1543978703.46311,-1572953695.78076,-1909140154.89803,-1608287745.31519,-1822070986.65991,-2198534134.93753,-1232693099.97628,-1117023286.5382,-1455059864.39051,-1335316226.02495,-2093220551.79848,-1111415357.4612,-1114913759.85845,-1728414693.05363,-3227630251.10061,-3951168994.58638,-4440744115.62965,-7420593636.5374,-12774727823.0575,-10926909415.6859,-9953278186.70668,-14062623475.6277,-14674780975.466,-14810418460.9486,-13690326430.4099,-7927842023.52505,-10739249607.2905,-10551433764.5562,-12131482383.3643,-10049378708.9168,-8812910271.88886,-13124927044.3011,-15234615256.3966,-12191055206.4029,-13273497505.6441,0
China,Monaco,MCO,BN.GSR.GNFS.CD,0,0,0,0,0,0,0,0,0,0,0,0,0,0,0,0,0,0,0,0,0,0,0,0,0,0,0,0,0,0,0,0,0,0,0,0,0,0,0,0,0,0,0,0,0,0,0,0,0,0,0,0,0,0,0,0,0,0,0,0,0,0,0,0,0,0
China,Moldova,MDA,BN.GSR.GNFS.CD,0,0,0,0,0,0,0,0,0,0,0,0,0,0,0,0,0,0,0,0,0,0,0,0,0,0,0,0,0,0,0,0,0,0,-100040000,-122020000,-320020000,-376410000,-434630000,-179360000,-330530000,-352940000,-418140000,-667300000,-775140000,-1212240000,-1603240000,-2319790000,-3219160000,-1998580000,-2255498750.35667,-2825503937.83667,-2959960000,-2986360000,-2913560000,-1991460000,-1858100000,-2254560000,-2938010000,-2946160000,-2696150000,-3717710000,-4284320000,-3974190000,-4701120000,0
China,Madagascar,MDG,BN.GSR.GNFS.CD,0,0,0,0,0,0,0,0,0,0,0,0,0,0,-65391586.1302535,-98314568.5204649,-63486195.6628568,-62683484.0308762,-133212204.491106,-441282588.742855,-559166504.088218,-341404547.752945,-275064751.262562,-195354077.814066,-124964774.535349,-153076896.951217,-138214337.199316,-119218490.853088,-165850966.048535,-95887741.1810564,-338246579.987686,-195531121.959725,-230197249.593162,-294631181.965558,-218482760.419397,-237896771.052666,-199830019.562935,-291886333.468814,-299147369.900934,-288555844.217847,-331675856.242419,-187176039.131145,-514975119.353513,-554939573.599998,-649266259.800001,-825540136.864562,-699600735.165125,-1148264719.95286,-2093613078.0813,-1943005638.6842,-1256939994.21206,-1147933209.13189,-1073173357.26468,-1009674021.90093,-456652748.469326,-356772598.174224,-175422309.680643,-344018352.124095,-413526829.367095,-603012986.87044,-1128980140.43678,-1407090214.03526,-1351885540.02755,0,0,0
China,Maldives,MDV,BN.GSR.GNFS.CD,0,0,0,0,0,0,0,0,0,0,0,0,0,0,0,0,0,-900000,-3400000,-4900000,-21900000,-19100000,-17100000,-19800000,-10700000,6100000,10347965.3320654,16321085.3966171,12214179.7256335,9919074.5951686,19873000,329673.073431,2061370.754701,-21591676,14956279.8781229,5354152.365927,15509758.055156,647985.4112473,16565685.7329953,-27767024.7343039,5501077.666576,8194762.031571,39477199.070917,49360518.824951,-33598121.037282,-384035397.053719,-269390064.689639,168193991.826188,-107214252.286509,232165795.76164,314232523.777393,146924690.07404,339502569.879086,508336313.143015,545048446.109549,375920282.87938,-50674148.133532,-179960563.237689,-517528628.784776,-336988109.327365,-661897582.476007,502385079.859617,156705428.806191,-104055382.755435,68023385.575855,0
China,"Middle East, North Africa, Afghanistan & Pakistan",MEA,BN.GSR.GNFS.CD,0,0,0,0,0,0,0,0,0,0,0,0,0,0,0,0,0,0,0,0,0,0,0,0,0,0,0,0,0,0,0,0,0,0,0,0,0,0,0,0,0,0,0,0,0,0,0,0,0,0,0,0,0,0,0,0,0,0,0,0,0,0,0,0,0,0
China,Mexico,MEX,BN.GSR.GNFS.CD,0,0,0,0,0,0,0,0,0,0,0,0,0,0,0,0,0,0,0,-1851000000,-4979000000,-7383000000,5117000000,13715000000,12790000000,7683000000,4416000000,8913000000,2414000000,-267000000,-3110000000,-9369000000,-18618000000,-16010000000,-21185140000,7152710000,6435885000,-807196000,-9180703000,-8350321000,-11941767041,-14109446485,-12194289609,-10770586021,-14968141812,-14565785413,-13991006944,-18695821515,-26869546767,-14820317718,-13623591137,-15980581914,-14581102602,-15907547928,-16563464776,-25807764000,-23667255468,-22668791420,-27610814495,-4265651015,21711673476,-23128199854,-43787418381,-31950750370,-27626821962,0
China,Marshall Islands,MHL,BN.GSR.GNFS.CD,0,0,0,0,0,0,0,0,0,0,0,0,0,0,0,0,0,0,0,0,0,0,0,0,0,0,0,0,0,0,0,0,0,0,0,0,0,0,0,0,0,0,0,0,0,-101535553.803533,-101522072.156632,-112966755.32216,-109409778.156412,-127001064.718136,-109599716.733761,-99845558.2829229,-69463864.9847535,-89919355.8707876,-92772881.857085,-111262525.778845,-123815949.981462,-82892728.2954088,-45818482.8955853,-38288145.9663188,-44802779.3120239,-76008272.7711216,0,0,0,0
China,Middle income,MIC,BN.GSR.GNFS.CD,0,0,0,0,0,0,0,0,0,0,0,0,0,0,0,0,0,0,0,0,0,0,0,0,0,0,0,0,0,0,0,0,0,0,0,0,0,0,0,0,0,0,0,0,0,0,0,0,0,0,0,0,0,0,0,0,0,0,0,0,0,0,0,0,0,0
China,North Macedonia,MKD,BN.GSR.GNFS.CD,0,0,0,0,0,0,0,0,0,0,0,0,0,0,0,0,0,0,0,0,0,0,0,0,0,0,0,0,0,0,0,0,0,0,0,0,-471490000,-532200000,-575445204.130813,-457074064.240888,-642125700.122044,-545893559.089251,-827691031.741355,-855217292.772752,-1189733166.89945,-1093903653.03408,-1226509435.67586,-1588287899.21199,-2562426417.59672,-2136525990.36351,-1856959107.68669,-2140371835.76031,-2190294310.87424,-1976433126.46824,-1963060752.57045,-1631227767.70795,-1630959009.0477,-1588372813.00263,-1612255272.9123,-1805080888.77707,-1582531345.17781,-2153845040.75784,-2886224819.33716,-2057510642.54442,-2198664601.60719,0
China,Mali,MLI,BN.GSR.GNFS.CD,0,0,0,0,0,0,0,0,0,0,0,0,0,0,0,-143925073.80979,-77798541.731507,-58083760.1977851,-218695849.284989,-242805569.593536,-257478769.742876,-237550711.903859,-205108696.034886,-199046865.449583,-197960133.744626,-358809902.839639,-371925510.590473,-324087023.627715,-383148170.072506,-287766807.78326,-409784904.020306,-409809176.55706,-513011735.21410203,-406409632.950786,-362298809.022935,-461926729.676971,-410153461.470658,-253103909.503331,-271956127.46087,-296618854.743181,-283457813.078195,-279991324.231463,-55205809.1690432,-319187483.244582,-407835177.49595,-458503870.446239,-286433116.733172,-690611603.905051,-1210560425.65719,-686635160.036214,-1309776708.17854,-1051695374.69504,-607589871.353241,-1978034650.80646,-2230547545.04226,-2038081152.84526,-2367638112.66079,-2200115181.48503,-1894817500.56535,-2116578374.70659,-1143576815.35233,-2215235072.30086,-2086550442.58033,-1935827989.57385,0,0
China,Malta,MLT,BN.GSR.GNFS.CD,0,0,0,0,0,0,0,0,0,0,0,-50600882.2912017,-28565688.053687,-17082583.9453066,-64853927.5059011,-24169446.0713895,-28931929.6670248,-55646436.0959403,-21018034.0466671,-51329260.6112905,-108850890.036045,-109904082.035607,-203813002.065579,-178055610.030594,-172004605.867613,-181389945.817974,-162344065.15915,-173376106.51487,-201295626.504932,-225255923.728631,-333323893.136978,-297244328.948081,-217807832.603448,-260192977.744605,-294524452.084684,-472262388.570914,-479529666.871853,-292151093.931448,-209896166.063833,-206854525.822143,-415727364.544393,-183711521.695356,108599805.505143,-82590862.3363244,-159454247.43054,-257567940.748681,-274909082.797619,124439723.288594,78712937.393764,-104952698.438069,-62835996.022236,253621244.902439,445305459.533272,640894838.58209,1349786401.84795,1038114346.05328,1295971583.69454,3027968111.58805,2873060809.3889,3715013156.94505,3999727297.97558,3809895991.00506,2160147679.81738,4009273676.8975,4739928987.85651,0
China,Myanmar,MMR,BN.GSR.GNFS.CD,0,0,0,0,0,0,0,0,0,0,0,0,0,0,0,0,-35934455.9280098,-97824204.4926299,-227162076.622324,-391614729.022861,-384383726.791395,-351422805.251905,-519227721.130844,-367580184.886276,-211541452.735981,-217104732.17662,-280576531.497687,-210833201.298222,-192031434.329887,-69212917.2483701,-280566188.423716,-51646728.6998404,-34943606.2752036,-513611362.970528,-467579089.278414,-705885851.098594,-805398512.678258,-1053750224.56342,-1124706491.09941,-659656823.881805,-350820664.102185,123380132.039568,510159464.978081,620866059.51058,715449106.341946,1767650338.76312,1908575763.37734,2430566104.37744,2679390435.01003,2320068010.84616,3057456205.86186,-123704013.791304,363652290.566295,444485705.263469,-954412173.646167,-2458409703.81709,-2306518795.81366,-4829984760.65528,-2936193292.93754,167245038.941888,0,0,0,0,0,0
China,"Middle East, North Africa, Afghanistan & Pakistan (excluding high income)",MNA,BN.GSR.GNFS.CD,0,0,0,0,0,0,0,0,0,0,0,0,0,0,0,0,0,0,0,0,0,0,0,0,0,0,0,0,0,0,0,0,0,0,0,0,0,0,0,0,0,0,0,0,0,0,0,0,0,0,0,0,0,0,0,0,0,0,0,0,0,0,0,0,0,0
China,Montenegro,MNE,BN.GSR.GNFS.CD,0,0,0,0,0,0,0,0,0,0,0,0,0,0,0,0,0,0,0,0,0,0,0,0,0,0,0,0,0,0,0,0,0,0,0,0,0,0,0,0,0,0,0,0,0,0,0,-1588601286.68413,-2431833171.02999,-1278506162.944,-1064300255.19853,-977371673.980965,-1005754872.22686,-900221249.521639,-909752754.135427,-746505641.987746,-978848488.295423,-1120803358.5532,-1319279618.29664,-1175546381.6963,-1669085977.64379,-1135117796.0757,-1436403580.10341,-1397932694.01846,-1847312243.23459,0
China,Mongolia,MNG,BN.GSR.GNFS.CD,0,0,0,0,0,0,0,0,0,0,0,0,0,0,0,0,0,0,0,0,0,-796500000,-825000000,-792900000,-700600000,-768400000,-1058700000,-979000000,-998800000,-1145420000,-582840000,-131150000,-56540000,-12250000,-12160000,-12800000,-93400000,28080000,-131700000,-127073387,-157716914.22136,-192100875.933545,-238185462.568913,-248748022.696718,-195393857.119738,-85895239.489534,203385615.528975,57014926.7279956,-738677897.076524,-332006178.476588,-474918588.302732,-3517358044.65908,-4455747639.7511,-3917924200.41533,-1111497489.16149,-152864021.012946,-497135.735171,277604026.623513,-763750656.838668,-833604448.611713,305323153.496862,-305729911.391503,-1122520105.82839,1956376931.01332,-235739517.211251,0
China,Northern Mariana Islands,MNP,BN.GSR.GNFS.CD,0,0,0,0,0,0,0,0,0,0,0,0,0,0,0,0,0,0,0,0,0,0,0,0,0,0,0,0,0,0,0,0,0,0,0,0,0,0,0,0,0,0,0,0,0,0,0,0,0,0,0,0,0,0,0,0,0,0,0,0,0,0,0,0,0,0
China,Mozambique,MOZ,BN.GSR.GNFS.CD,0,0,0,0,0,0,0,0,0,0,0,0,0,0,0,0,0,0,0,0,0,0,0,0,0,0,0,0,0,0,0,0,0,0,0,0,0,0,0,0,0,0,0,0,0,-803674430.271872,-621697303.039305,-796812167.797911,-1400195939.05849,-1707440159.00836,-2148025288.10234,-4133946674.83786,-7753202106.3387,-7615689356.07254,-6967541379.73281,-6449682664.82562,-4079473034.42208,-2637413217.30467,-4597966667.89675,-4069363574.37714,-4210075400.25459,-4007644582.03097,-6522748188.50088,-1775216244.67762,-1129454668.28823,0
China,Mauritania,MRT,BN.GSR.GNFS.CD,0,0,0,0,0,0,0,0,0,0,0,0,0,0,0,-92311083.0159975,-151591712.989724,-183955616.083108,-189894394.800975,-176564798.169636,-196257865.691105,-195524113.536364,-296836920.303269,-209791102.871222,-158079515.178084,-137069468.768984,-169855462.185254,-136765402.576308,-93036439.9366647,-63864372.4940097,-49088811.4230421,-83091473.0258809,-213417138.983129,-160944214.890286,-107683592.959741,-5263225.4915811,-65784072.0002913,-57891386.4254984,-78588324.7631218,0,0,0,0,0,0,0,0,0,0,0,0,0,-1359370920.90608,-1206024814.92775,-1333855477.38899,-954011172.989699,-834838283.113469,-944032323.141255,-1222143150.91208,-1158208368.35699,-890731370.108058,-1131838870.62952,-1637405929.71184,-1315988116.87275,-1315020525.71848,0
China,Mauritius,MUS,BN.GSR.GNFS.CD,0,0,0,0,0,0,0,0,0,0,0,0,0,0,0,0,-48192590.7705491,-88386975.5467828,-124771326.95276,-142356464.51998,-116341237.279473,-119061717.581218,-30351665.4338354,-3929541.6106244,-34854230.5754036,-21045837.8350313,97353714.1630102,38669950.4201538,-105895901.277931,-160002448.124889,-193830959.130216,-105224096.339358,-104541426.494645,-197075876.762414,-310628402.166993,-104162372.900528,-37887089.0458019,-198648842.778282,-65103271.2101422,-211269772.626582,-84514284.3713062,194148569.18108,144726217.41426,70796093.3230717,-147156887.115387,-376492710.10505,-725533821.094567,-781959446.327884,-1378116042.71647,-933687898.79195,-1179044054.8196101,-1561477609.39418,-1491097860.33351,-1704239940.14731,-1479574524.93287,-1170543453.57922,-1258145034.00392,-1777877796.20383,-1172213230.268,-1240869808.50823,-1215707337.57347,-1843204712.37107,-1914338318.39177,-1646171442.65235,-2063200052.48413,0
China,Malawi,MWI,BN.GSR.GNFS.CD,0,0,0,0,0,0,0,0,0,0,0,0,0,0,0,0,0,-87271623.8887667,-173156564.771872,-193541772.849829,-173994279.213402,-74835327.4588244,-69445162.7381301,-69035181.6081668,35163933.2787941,-48513851.2786061,-16119730.1937036,-15257550.3934931,-118962987.882785,-136762708.78826,-105647673.741807,-258265890.798832,-325370632.113536,-252885772.506527,-281730986.601468,-190558618.66286,-227013264.990615,-338797233.670889,-91063089.5602763,-262050154.561476,-191673094.008363,-172065994.403981,-323271092.624839,-292706814.211077,-483666941.098406,-700643180.765819,-534393154.969675,-660716264.463445,-982429884.072515,-890050440.667186,-1419882532.7219,-1278001468.35407,-1172649823.96267,-1562266577.48039,-1372051914.77458,-1242563524.54775,-1225123659.76949,-1736993035.8543,-1839953679.44211,-1818969799.21706,-2064997954.27212,-2180598872.20535,-2347203418.31062,-2469036002.33997,0,0
China,Malaysia,MYS,BN.GSR.GNFS.CD,0,0,0,0,0,0,0,0,0,0,0,0,0,0,-85581343.8476374,-163339762.033833,1046988580.25928,982414323.517085,889016821.436689,1841949942.18022,571918568.8366,-1655292139.69702,-2421435377.51392,-1674959612.87918,609308163.707337,1581125299.95133,1620799746.91145,4461354572.71316,3600145105.55156,2355988568.29949,899856740.14511,-1798865482.04892,803569676.072839,-67596572.776058,-1154993731.55826,-3482664705.67682,1411002039.99097,940213221.63735,15895015129.7977,19828236842.1053,18019763157.8947,16181578947.3684,16565236842.1053,21756552631.5789,25414723684.2106,30775516791.1238,35471715593.5766,38520460699.6926,51312688997.9361,41550972362.834,40434591219.3347,46436559963.5622,33875653963.4719,27540337316.9555,31341554660.1241,22711691906.1136,19990335308.9183,21988277861.2463,24054470762.8388,27500981134.2942,21603446738.6741,26980425521.7432,29122040538.7734,20435053640.9863,22698293285.212,0
China,North America,NAC,BN.GSR.GNFS.CD,0,0,0,0,0,0,0,0,0,0,0,0,0,0,0,0,0,0,0,0,0,0,0,0,0,0,0,0,0,0,0,0,0,0,0,0,0,0,0,0,0,0,0,0,0,0,0,0,0,0,0,0,0,0,0,0,0,0,0,0,0,0,0,0,0,0
China,Namibia,NAM,BN.GSR.GNFS.CD,0,0,0,0,0,0,0,0,0,0,0,0,0,0,0,0,0,0,0,0,0,0,0,0,0,0,0,0,0,0,-364237781.360062,-366817983.460779,-418441119.244089,-299044454.734143,-295144894.645758,-365941244.828836,-370730531.113332,-425220551.241565,-302444655.44689,-362828414.199913,-146740694.377721,-193985796.375888,-177044523.14104,-325859398.239093,-227659979.058086,-214544996.273875,199127116.151426,-92995406.8325934,-990186470.012983,-1373339651.55339,-1323975906.00793,-1551987267.14404,-2174125630.73279,-2492979685.7486,-2816139510.53256,-2943119870.30343,-2565430209.39521,-1686277602.21238,-1397163463.70462,-1225374004.36717,-1002539145.51916,-2113569979.7083,-2069016347.98314,-2719910165.90963,-3279279371.18583,0
China,New Caledonia,NCL,BN.GSR.GNFS.CD,0,0,0,0,0,0,0,0,0,0,0,0,0,0,0,0,0,0,0,0,0,0,0,0,0,0,0,0,0,0,0,0,0,0,0,0,0,0,0,0,0,0,-677244822.36104,-734602834.630329,-576147640.211876,-1012020219.54228,-1264421211.70026,-1263056938.41881,-2562585316.32721,-1932849108.01458,-2392716752.31022,-2484554397.35648,-2560331110.38201,-2536640989.20424,-2122648995.38614,-1962515001.78915,-1501031088.28103,0,0,0,0,0,0,0,0,0
China,Niger,NER,BN.GSR.GNFS.CD,0,0,0,0,0,0,0,0,0,0,0,0,0,0,-122581752.525033,-72543463.2037865,-107030538.180919,-147969091.41346,-254799498.406059,-248747607.153386,-339696852.632646,-261438266.837523,-305143311.109942,-109752630.899115,-59486448.0511453,-175111252.272315,-117017930.055655,-109840212.905282,-200242929.893659,-194540393.148465,-195658793.780279,-220026514.990686,-192593800.999665,-160872245.479728,-163249699.992104,-136041699.174718,-144935290.328897,-142548168.434002,-186952569.268714,-154191891.663513,-135266010.952954,-149373763.744404,-194338229.185695,-266460917.096819,-322425066.254255,-483888010.268586,-478728431.53546,-536798788.054228,-911172561.093229,-1437868289.11089,-1538698117.83903,-1725329169.41582,-1214943901.93646,-1261371683.46252,-1504448147.00287,-1630151760.00179,-1296759953.78187,-1505222286.00695,-1918546646.37358,-2008363102.12478,-2204290497.08743,-2539823428.0113,-2817582856.71978,-2584946479.0671,0,0
China,Nigeria,NGA,BN.GSR.GNFS.CD,0,0,0,0,0,0,0,0,0,0,0,0,0,0,0,0,0,-296261339.116846,-3256872676.07506,2506591914.48386,7057671650.66233,-5238719723.67712,-5663280455.57296,-3061802647.31921,1634644658.12793,4326596700.56444,1090894787.67438,2830650968.92885,2079803686.75106,3355314210.21938,7641622023.26494,2878710925.40323,3853246868.81394,1685012648.37927,311829423.531551,-155213290.103402,1749727567.80478,543132296.086534,-1003652734.85157,1792044670.61808,8947932361.38611,3908840366.35388,2339989712.06712,5582237051.09836,17120483279.0615,24367471605.2644,23321457682.8904,20849760438.7317,23807545674.0701,8910395195.0992,11846267187.1371,11643852019.1221,17649549960.618,22765054981.7888,-1860415123.57376,-22899676713.3264,-8550719263.65173,-86132009.91497,-5598563490.82136,-30893479544.0194,-32241264094.1179,-16622243079.3583,-7958107284.31591,-5161397332.42195,-194385706.43546,0
China,Nicaragua,NIC,BN.GSR.GNFS.CD,0,0,0,0,0,0,0,0,0,0,0,0,0,0,0,0,0,-124100000,60300000,159700000,-411800000,-479300000,-380200000,-372500000,-423500000,-579300000,-549200000,-570300000,-583300000,-325800000,-289800000,-485900000,-609800000,-448800000,-488708000,-488379494,-650472000,-810866000,-832736000,-1191678000,-1050300000,-1050400000,-1068500000,-1090200000,-1211600000,-1441670000,-1672400000,-2006100000,-2366300000,-1570000000,-1693700000,-2124800000,-2128800000,-2215200000,-1955800000,-2285000000,-2105000000,-1842500000,-1193200000,-537400000,-609400000,-1724078858.14,-2343500000,-2271300000,-3302581709.96,0
China,Netherlands,NLD,BN.GSR.GNFS.CD,0,0,0,0,0,0,0,-230662983.25847,-48618784.495199,-118232044.113324,-607458563.09626,-173371323.241253,1224726668.50476,1967203766.10725,1948601494.17141,2753931343.41556,2947061398.3436,1121659412.94848,-300100593.64158,-1179679315.50973,-1242299860.15266,4898959477.02498,5950541291.1439,4955136562.94531,6087711284.58819,5552501779.50105,6196346710.24213,4912179103.28308,7884579351.72366,9156455713.65622,11651837124.0769,11164705703.9736,12131219674.5209,16823204426.8415,18904843755.3179,24959272264.5563,24725662497.1636,24212561640.1341,22905671858.9222,18508860810.1833,15778115213.4384,16726905203.5087,17519826436.9652,35877924001.4589,47230882636.9046,54406673619.545,58269291778.9916,71340502767.4048,77902570954.0235,71167791952.7612,72670631250.5046,78273242781.0602,82662915884.0258,89188773726.0587,99427821554.2622,59691114746.103,86409292405.6203,90757971216.1782,98111339374.9178,92575983545.4805,95751289971.129,102683234428.788,91947436126.4341,112849305829.958,133826883411.654,0
China,Norway,NOR,BN.GSR.GNFS.CD,0,0,0,0,0,0,0,0,0,0,0,0,0,0,0,-1969407761.45296,-3009940455.23133,-3862478422.53432,-366563417.246045,1223078080.41077,3515592933.68056,4503893000.25623,3165258943.22616,4311090644.21091,5003602946.21346,4660314582.47557,-2546163379.94766,-1828461215.05063,-744602222.377422,3917261769.88318,8159139204.84735,9299241347.84691,8735536683.62477,7652947771.95463,7677912720.3846,9210227896.01717,14356162492.365,13122944788.5603,2783429000.89015,11628207141.6671,28634752065.6791,28959148662.0592,25807116182.9403,29256428733.6305,35088038657.459,49346598608.4508,58412736961.2839,54051258701.4966,79770502729.3897,47009824745.4402,50460931970.1619,66947329884.0391,65999681828.9438,55985337267.571,44434579076.5971,21863652370.9184,6036031881.34822,13910083578.2814,25065483853.8871,6069346162.033,-3348209857.09074,74135526179.1734,163226325544.777,74771139439.89,64794386295.8472,0
China,Nepal,NPL,BN.GSR.GNFS.CD,0,0,0,0,0,0,0,0,0,0,0,0,0,0,0,0,-33456000,-58336000,-89109770.6692387,-103833333.333333,-158575000,-156623104.859143,-243663042.87117,-283755031.312079,-213188648.208936,-241093448.539729,-230980405.395206,-263732941.162979,-398104727.459467,-351579349.430291,-411698818.246163,-426448125.816414,-327003208.162608,-380155657.874432,-507621826.853099,-595206851.451087,-591287366.952731,-636952088.500796,-388087351.057886,-439226109.195531,-507977830.283915,-566643510.632456,-724926798.692707,-856816709.247448,-1059082837.07082,-1427964920.10683,-1699390031.90572,-2218897887.12394,-2660852936.14279,-3559207097.92041,-4307317702.01938,-4584800479.47336,-4916709707.98264,-5334668304.9901,-6366746592.60822,-5467903518.93931,-7898498022.05001,-9393295182.66726,-11960657626.2818,-11110082471.6713,-8923098091.38993,-14473555927.7051,-33800053853.2946,-27594994245.8472,-26877558987.321,0
China,Nauru,NRU,BN.GSR.GNFS.CD,0,0,0,0,0,0,0,0,0,0,0,0,0,0,0,0,0,0,0,0,0,0,0,0,0,0,0,0,0,0,0,0,0,0,0,0,0,0,0,0,0,0,0,0,0,0,0,0,6071681.50474951,9862327.25360275,2382349.37031685,-3675692.94740245,16365843.9788892,13438018.4746422,-14186698.5734077,-57537263.6760321,-43515670.7933291,-51687574.7331049,-39417260.3241404,-42720793.1196538,-61202169.5295265,-86782203.0805965,-86987952.2680417,-85262284.9759343,0,0
China,New Zealand,NZL,BN.GSR.GNFS.CD,0,0,0,0,0,0,0,0,0,0,0,0,0,0,0,0,0,0,0,0,0,0,0,0,0,0,0,0,0,0,0,0,0,0,0,0,0,0,0,0,1247429412.58553,2251953917.35523,1662375166.81921,1644416393.45153,615723703.548273,-1283142380.03224,-757517796.21408,-260339711.146262,-803586697.80375,2442286807.39943,3322195064.16293,3303885888.31451,786409618.31334,1907413775.84306,2279985712.47154,1805047692.10097,1689001769.07406,2199834440.66167,-162775879.54162,193269978.24221,2054344452.0752,-8061234300.48208,-13865087159.0383,-9382621039.97628,-6199833773.46254,0
China,OECD members,OED,BN.GSR.GNFS.CD,0,0,0,0,0,0,0,0,0,0,0,0,0,0,0,0,0,0,0,0,0,0,0,0,0,0,0,0,0,0,0,0,0,0,0,0,0,0,0,0,0,0,0,0,0,0,0,0,0,0,0,0,0,0,0,0,0,0,0,0,0,0,0,0,0,0
China,Oman,OMN,BN.GSR.GNFS.CD,0,0,0,0,0,0,0,0,0,0,0,0,0,0,557035322.979257,353503185.736836,418934569.828994,389693110.566569,255645628.997237,767226406.39035,1459177769.13485,1787782286.58883,1151129128.98416,1222061381.65044,1123343395.56036,1244951432.41796,-123042473.869291,1568270481.14434,725617685.305592,1330559167.75033,2234590377.11313,859817945.383614,1009102730.81925,442132639.791937,962028608.582574,1042912873.86216,2051099973.3277,1725199977.56567,-1195999992.22367,1637799989.35111,5418301300.39012,4472821846.55396,4262938881.6645,3666059817.94538,3092171651.49545,8456592977.89337,9117869960.98829,6936023407.0221,12957287386.2159,7737001300.39012,14168834850.4551,20182214357.8526,20411014954.2264,17577238634.2946,18830076957.0447,2336060644.52968,-124401464.605507,1889138089.19786,10720954665.9213,10978041345.5461,1864257543.52053,9356575509.46448,22800954135.8586,17337287552.7732,0,0
China,Other small states,OSS,BN.GSR.GNFS.CD,0,0,0,0,0,0,0,0,0,0,0,0,0,0,0,0,0,0,0,0,0,0,0,0,0,0,0,0,0,0,0,0,0,0,0,0,0,0,0,0,0,0,0,0,0,0,0,0,0,0,0,0,0,0,0,0,0,0,0,0,0,0,0,0,0,0
China,Pakistan,PAK,BN.GSR.GNFS.CD,0,0,0,0,0,0,0,0,0,0,0,0,0,0,0,0,-1194108122.90638,-1555202522.13272,-2050058140.6339,-2596977116.86762,-3114972005.46645,-3212400511.16292,-3567110226.09934,-2945073495.2231,-4069213618.91024,-3581025369.277,-3164346564.13773,-2642944410.6176,-3341475595.97599,-3107290399.88654,-3370640500.03573,-3055722371.75394,-3927387399.8867,-3652292822.60562,-3015303684.81132,-3971692894.9253,-5099044353.86069,-3432555601.27032,-2841000000,-2620000000,-2029000000,-1481000000,-408000000,-435000000,-5979990000,-10170200000,-14558000000,-15640000000,-22456500000,-12838430000,-11960000000,-15718000000,-17528000000,-19124000000,-20547000000,-20018000000,-25036898000,-35006621000,-37647987000,-27305928000,-24764874000,-40902106000,-37627107000,-21854115536.9101,-26630946149.6423,0
China,Panama,PAN,BN.GSR.GNFS.CD,0,0,0,0,0,0,0,0,0,0,0,0,0,0,0,0,0,-193200000,-272700000,-360700000,27800000,-79300000,59400000,203500000,-19500000,85600000,183500000,250500000,701000000,282200000,245200000,-31100000,-67200000,-13200000,89300000,-157300000,-86100000,-257700000,-657300000,-638800000,-289300000,192700000,-64600000,32900000,-203000000,-138900000,558100000,-300100000,-984200000,1483500000,-572100000,-2287200000,-1080600000,-1232300000,-2445300000,-1291500000,-266461140,191735791.32,-870810452.96,1047578890.98,2216711208.97,3148511012.48,3071544271.4,1978307280.36,6489366213.68,0
China,Peru,PER,BN.GSR.GNFS.CD,0,0,0,0,0,0,0,0,0,0,0,0,0,0,0,0,0,-555900000,329600000,1573400000,660900000,-870000000,-742000000,39000000,786100000,980000000,-404830000,-871030000,-466460000,938950000,33000000,-601000000,-914000000,-1325680013.26817,-1545353969.61764,-2974720139.62358,-2657415719.84149,-2497351338.65113,-3119051660.32489,-1210622572.45865,-1137511352.28879,-1141491426.63123,-672677239.071213,-14064416.879275,2272560658.88202,4451808955.29331,8248862336.18374,7311512853.91072,513685474.971384,4774834390.18401,4634780343.50514,6980047573.27673,3303945466.31035,-2080242089.17739,-4186740773.98219,-5669749926.50903,-760065695.65512,3815942534.70701,3611856738.53757,2730522912.66449,2903017975.51663,7134456346.93104,1454093550.78378,9194315489.24106,16164915867.033,0
China,Philippines,PHL,BN.GSR.GNFS.CD,0,0,0,0,0,0,0,0,0,0,0,0,0,0,0,0,0,-887000000,-1294000000,-1645000000,-1931000000,-2065000000,-2665000000,-2407000000,-231000000,886000000,1814000000,173000000,20000000,-937000000,-2537000000,-1361000000,-2261000000,-4639000000,-5736000000,-6522000000,-7824000000,-10112000000,-2658000000,-7597000000,-7841000000,-8553000000,-7532000000,-7814000000,-7461000000,-9998077081.79396,-6982402744.99672,-8008136327.32213,-16675078813.8032,-8962220914.47501,-11094114051.3837,-13866049881.2956,-12747420148.0934,-10647205110.6591,-12753927160.9377,-17854385029.8626,-28505668860.9328,-31521653139.6326,-39364380325.4317,-36272180841.4456,-19908904994.2508,-38767003795.2077,-53805933988.2645,-47852888411.1433,-54164616659.4433,0
China,Palau,PLW,BN.GSR.GNFS.CD,0,0,0,0,0,0,0,0,0,0,0,0,0,0,0,0,0,0,0,0,0,0,0,0,0,0,0,0,0,0,0,0,0,0,0,0,0,0,0,0,0,0,0,0,0,-56296785.480069,-68414548.764981,-56762301.3689432,-60952810.6471236,-37925189.7302746,-50050735.519971,-49343341.8775238,-52426105.1373779,-50262020.9120827,-63443837.8860376,-30432669.6714896,-65649000,-90320000,-92617000,-107266000,-154328000,-159372000,-192201000,0,0,0
China,Papua New Guinea,PNG,BN.GSR.GNFS.CD,0,0,0,0,0,0,0,0,0,0,0,0,0,0,0,0,9466543.8894242,-22418896.2933077,-156410363.790611,30960911.3466329,-293298790.43034,-513652852.592393,-501177348.876,-412155821.783127,-339187540.771255,-172983675.59996,-128339899.342112,-165996205.992727,-221950065.723728,-263687343.608108,-127987174.144469,-198316898.694015,268208101.41439,971814529.198952,953509099.052989,1087208622.74415,670180009.709997,150134577.805139,219209971.569912,375628987.957947,565702630.752358,503651484.059286,-11017807.4238152,381955516.551933,366340106.398335,929785686.679439,1049112028.86442,654880726.001556,1277965905.06428,-134065288.059524,-231967769.480945,108900835.70852,-1687437236.77985,-2955691346.78848,3104340926.67802,3778083415.76405,3552283353.68727,4508676329.01396,4117341903.2149,4907180496.45515,3892732292.67262,4601985920.12411,6293492871.36419,4991658001.16057,6389245855.66389,0
China,Poland,POL,BN.GSR.GNFS.CD,0,0,0,0,0,0,0,0,0,0,0,0,0,0,0,0,-2721000000,-2142000000,-2227000000,-2373000000,-1781000000,-1995000000,291000000,510000000,823000000,605000000,470000000,978000000,1157000000,195000000,3942000000,-18000000,597000000,-2935000000,1945000000,1891000000,-3883000000,-6650000000,-8620000000,-13691000000,-10904000000,-6876000000,-6474000000,-5482000000,-7235000000,-3851000000,-8293000000,-16514000000,-28330000000,-4376000000,-11696000000,-12031000000,-3933000000,5764000000,2268000000,9913000000,13979000000,14869000000,12103000000,21967000000,34088000000,22450000000,14623000000,47774000000,36634000000,0
China,Pre-demographic dividend,PRE,BN.GSR.GNFS.CD,0,0,0,0,0,0,0,0,0,0,0,0,0,0,0,0,0,0,0,0,0,0,0,0,0,0,0,0,0,0,0,0,0,0,0,0,0,0,0,0,0,0,0,0,0,0,0,0,0,0,0,0,0,0,0,0,0,0,0,0,0,0,0,0,0,0
China,Puerto Rico (US),PRI,BN.GSR.GNFS.CD,0,0,0,0,0,0,0,0,0,0,0,0,0,0,0,0,0,0,0,0,0,0,0,0,0,0,0,0,0,0,0,0,0,0,0,0,0,0,0,0,0,0,0,0,0,0,0,0,0,0,0,0,0,0,0,0,0,0,0,0,0,0,0,0,0,0
China,"Korea, Dem. People's Rep.",PRK,BN.GSR.GNFS.CD,0,0,0,0,0,0,0,0,0,0,0,0,0,0,0,0,0,0,0,0,0,0,0,0,0,0,0,0,0,0,0,0,0,0,0,0,0,0,0,0,0,0,0,0,0,0,0,0,0,0,0,0,0,0,0,0,0,0,0,0,0,0,0,0,0,0
China,Portugal,PRT,BN.GSR.GNFS.CD,0,0,0,0,0,0,0,0,0,0,0,0,0,0,0,-1771623837.10726,-2109871549.90519,-1908920552.88364,-1774303284.56876,-2110483765.91201,-3462042989.62338,-6640011642.99154,-4685292442.48496,-2760808809.61996,-1638179053.69963,-767700202.013705,-772075433.134908,-2504656873.56146,-4627180929.80448,-3783979145.83752,-5592470617.10722,-6876795890.63701,-8621319718.63795,-6685360720.96859,-7051932839.15299,-7284981153.19117,-8440792538.29237,-9070226622.80486,-10959524789.1332,-13027965112.4544,-12926315214.6081,-12215479060.6935,-10822178498.0147,-10541686031.7932,-14709125856.7821,-16835801748.9223,-16191219865.8931,-17631717450.462,-24352320741.766,-16490046323.6815,-17496926693.2178,-9048627917.70832,-39278617.30774,3935280554.75615,2044843806.29789,2949567882.10563,3623606723.20494,3513475514.58704,2512780595.81492,2169253273.80949,-4104752400.44966,-6385656039.97112,-5239970419.67,4320114942.39843,7258325860.33575,0
China,Paraguay,PRY,BN.GSR.GNFS.CD,0,0,0,0,0,0,0,0,0,0,0,0,0,0,0,-60300000,-52200000,-42100000,-93300000,-217700000,-276100000,-421600000,-445000000,-244800000,-288900000,-221300000,-329500000,-405500000,-164000000,255500000,345400000,49600000,-90800000,-74800000,-410600000,483346770.43358,226649381.10821,95646547.49801,702936121.87912,698722161.21112,689681489.208881,724870232.386674,1101974891.38509,1000447807.09974,1078092288.51981,1082887002.06224,1061864271.21879,1400096382.22206,948251463.521081,1140173966.29711,663861952.547294,605134164.800474,337304339.956615,1369881521.72287,794363136.404376,929008638.408186,2375901318.7079,2073510714.27829,669627132.53312,371640068.388584,1366428110.44605,517865975.642461,-2117280081.97193,733327274.671298,-1057311930.82511,0
China,West Bank and Gaza,PSE,BN.GSR.GNFS.CD,0,0,0,0,0,0,0,0,0,0,0,0,0,0,0,0,0,0,0,0,0,0,0,0,0,0,0,0,0,0,0,0,0,0,0,-2025800000,-2510600000,-2668500000,-2349907152.94835,-2527553573.60014,-2010401024.81338,-2080272409.04739,-1755843760,-2001286649.51509,-2540614300,-2850620140,-2947075076.296,-3217783451.1006,-3480294855.3172,-3809895605.3735,-3897017279.56321,-3923736908.37532,-4429099697.36899,-4734829804.75961,-5049354978.71861,-5401124719.51205,-5664562237.11023,-5967410890.28882,-6425749413.264,-6501965710.78652,-5680064638.17278,-6953873199.19627,-8724189309.0826,-8223955681.45981,-5379455681.4598,0
China,Pacific island small states,PSS,BN.GSR.GNFS.CD,0,0,0,0,0,0,0,0,0,0,0,0,0,0,0,0,0,0,0,0,0,0,0,0,0,0,0,0,0,0,0,0,0,0,0,0,0,0,0,0,0,0,0,0,0,0,0,0,0,0,0,0,0,0,0,0,0,0,0,0,0,0,0,0,0,0
China,Post-demographic dividend,PST,BN.GSR.GNFS.CD,0,0,0,0,0,0,0,0,0,0,0,0,0,0,0,0,0,0,0,0,0,0,0,0,0,0,0,0,0,0,0,0,0,0,0,0,0,0,0,0,0,0,0,0,0,0,0,0,0,0,0,0,0,0,0,0,0,0,0,0,0,0,0,0,0,0
China,French Polynesia,PYF,BN.GSR.GNFS.CD,0,0,0,0,0,0,0,0,0,0,0,0,0,0,0,0,0,0,0,0,0,0,0,0,0,0,0,0,0,0,0,0,0,0,0,0,0,0,0,0,0,0,-728468796.662733,-1025328543.5011,-898574306.286994,-1036888105.48882,-929143517.743824,-1052138615.25208,-1338878030.85697,-1089353210.74774,-1206470991.11899,-1058678595.26012,-1069742498.92608,-1110279261.43334,-982248876.717437,-801945995.325929,-670140013.847809,0,0,0,0,0,0,0,0,0
China,Qatar,QAT,BN.GSR.GNFS.CD,0,0,0,0,0,0,0,0,0,0,0,0,0,0,0,0,0,0,0,0,0,0,0,0,0,0,0,0,0,0,0,0,0,0,0,0,0,0,0,0,0,0,0,0,0,0,0,0,0,0,0,78045274725.2747,88182600732.6007,85557142857.1428,76224450549.4505,33019780219.7802,9009065934.06594,23011813186.813202,36750000000,25276373626.3736,11868681318.6813,44345054945.055,87172802197.8022,56534775538.4423,55524450549.4505,0
China,Romania,ROU,BN.GSR.GNFS.CD,0,0,0,0,0,0,0,0,0,0,0,-23000000,-47000000,207000000,-290000000,-46000000,102000000,-172000000,-591000000,-1295000000,-1643000000,184000000,1891000000,1870000000,2378000000,1994000000,1937000000,2433000000,4120000000,2434000000,-3521000000,-1245000000,-1481000000,-1243000000,-582000000,-1902000000,-2855000000,-2361000000,-3228000000,-1512000000,-1930000000,-3090000000,-2602000000,-4467000000,-6930000000,-10073167533.3343,-15033618153.4505,-24811183192.7468,-28102429497.6214,-11289682062.4502,-10755417173.1483,-10786737151.1344,-8705665053.90748,-1724618730.36358,-783649806.38243,-1444882298.75598,-1946138881.78602,-5303643904.64924,-8432409685.38668,-10577395727.2938,-11115807168.0371,-16167465240.3269,-19923067834.1444,-16939827223.2564,-23322218787.5721,0
China,Russian Federation,RUS,BN.GSR.GNFS.CD,0,0,0,0,0,0,0,0,0,0,0,0,0,0,0,0,0,0,0,0,0,0,0,0,0,0,0,0,0,0,0,0,0,0,11014080000,10652980000,15464730000,8212410000,12197530000,29970120000,52049520000,37160460000,34807650000,46684100000,72332370000,104559590000,123739550000,106729110000,157205870000,95630270000,120874760000,163398060000,145076240000,122306910000,133652970000,111245900000,66256050000,83234750000,164976050000,129328030000,76653160000,172794030000,293494039235.801,85522270000,94899260000,0
China,Rwanda,RWA,BN.GSR.GNFS.CD,0,0,0,0,0,0,0,0,0,0,0,0,0,0,0,0,0,0,0,0,0,0,0,0,0,0,0,0,0,0,0,0,0,0,0,0,0,0,0,0,0,0,0,0,0,0,0,0,0,0,-941103243.065745,-1224722857.99541,-1253815282.9102001,-1154648241.74298,-1325242910.72971,-1489712841.67107,-1539599265.47421,-1166689291.37218,-1298121022.54492,-1482482929.20155,-1648602394.27268,-1745970645.09709,-1984989565.16376,-2273994598.05972,0,0
China,South Asia,SAS,BN.GSR.GNFS.CD,0,0,0,0,0,0,0,0,0,0,0,0,0,0,0,0,0,0,0,0,0,0,0,0,0,0,0,0,0,0,0,0,0,0,0,0,0,0,0,0,0,0,0,0,0,0,0,0,0,0,0,0,0,0,0,0,0,0,0,0,0,0,0,0,0,0
China,Saudi Arabia,SAU,BN.GSR.GNFS.CD,0,0,0,0,0,0,0,0,0,0,0,1680473961.90321,2569513664.87101,5250109949.99855,25783098598.8121,18350514736.4443,19067988673.957,17489039214.1674,4744729346.40438,14621359169.8757,50971796743.3514,49318429874.375,9471523324.6152,-20461628903.3432,-19757019686.7602,-15145759995.433,-14599662731.8718,-11384000000,-8058666666.66667,-8199999999.99999,3501333333.33334,-14058666666.6667,-8764800000,-4653066666.66666,6234533333.33333,8575866666.66666,13828933333.3333,12638533333.3333,-862800000.00001,11548560000,29327466666.6667,25092746133.3333,28037200000,44231760000,65103253333.3333,104325120000,111862286596.9,103968941035.677,146169041653.333,39987598266.6667,87627967474.9333,178246906733.333,184213302925.49,157750352290.196,95966244483.2501,-29296857411.0667,2512457612.48266,38494342202.4893,105847721876.695,66885222484.4043,664277187.03624,72986051067.8821,187510587878.025,78820567472.8384,43885705968.6075,0
China,Sudan,SDN,BN.GSR.GNFS.CD,0,0,0,0,0,0,0,0,0,0,0,0,0,0,0,0,0,-64324802.5563305,-128468108.951479,-288250000.665065,-498600000.9972,-881428828.159035,-206359699.660157,-263384615.384616,-106999999.999999,-106995105.188896,-274440000,-473653333.333334,-604444444.444444,-612166666.666666,-377800000,-956000000,-645400000,-266910000,-669000000,-557300000,-869270000,-969000000,-1324700000,-669200000,-179800000,-342100000,-1030730000,-787740000,-828830000,-2477690566.75834,-3699976520.17054,-1014022945.49312,1326815089.47756,-2047805936.56511,274460811.337636,-1379977.09696817,-5106165772.15506,-4709950986.25009,-4158965533.77839,-5250554114.3805,-4279483944.24953,-3935200023.62123,-3241606275.68062,-4685625502.3079,-5454158297.72246,-3606680948.16271,-5666885769.57708,0,0,0
China,Senegal,SEN,BN.GSR.GNFS.CD,0,0,0,0,0,0,0,0,0,0,0,0,0,0,-79184172.8166181,-93741440.5199764,-138229469.251838,-119993640.548753,-279895234.870109,-285067371.54215,-408084917.779977,-531922229.25769,-345428606.630859,-361039785.742302,-288014830.424985,-338153848.87964,-339006637.758708,-388535088.93208,-364044480.204713,-316637530.002038,-387233328.232149,-439514227.15431,-503944586.200818,-517299991.611323,-283589100.077858,-315296997.512953,-293039366.307266,-291476661.374298,-330650416.541355,-360117948.640963,-435907522.883719,-441219303.356247,-558099493.007179,-832712597.372973,-1013554811.65916,-1340652040.96105,-1635850079.46629,-2529784161.16289,-3534640927.24209,-2165924398.35281,-1990564715.87823,-2636048196.64959,-2984671612.56592,-3091588323.33272,-2932438127.78563,-2271452517.90923,-2086534060.04009,-2906141229.2163,-3673057356.20929,-3334165781.93887,-4563895368.22042,-5498030716.07462,-7279647889.99421,-7915370883.2456,0,0
China,Singapore,SGP,BN.GSR.GNFS.CD,0,0,0,0,0,0,0,0,0,0,0,0,-481422222.393395,-414264592.319104,-827702240.865219,-579850715.021943,-478379499.708446,-167254242.898024,-387858532.919914,-657144937.729555,-1026990212.27278,-764901015.139421,-665412787.492915,-305719221.175888,-513341407.276367,-384519237.382984,58325997.937797,39506485.489753,1793507832.59004,2496592331.78511,2536670589.96617,4589273827.09617,4842026642.65688,4552260013.02768,10500285607.8209,14737243143.1342,15768053998.4363,14747584841.3401,18428040921.7246,14673236483.9219,11853210335.1,14812617467.2696,17051322982.2973,27295921783.9685,30345485866.3081,38200249639.8848,45646156750.8603,56581053479.0285,40002944930.3908,45619614148.231,63099137641.2564,76981679928.6127,71489958547.0402,71092623671.3818,73803243755.1793,84076882512.3197,83944486448.3213,91722432427.5395,112382575172.524,110545012492.441,110068430684.488,158308997754.594,202991344294.003,189183129359.779,192576845361.34,0
China,Solomon Islands,SLB,BN.GSR.GNFS.CD,0,0,0,0,0,0,0,0,0,0,0,0,0,0,0,-20422412.2883575,-7454630.62916268,-3104843.92614907,-12476273.1426282,-4965562.54284639,-17111995.5648329,-34361248.4268862,-24096276.8213259,-18457922.2322844,-3611482.55268578,-34644215.8380393,-36807349.9891672,-35032342.6027995,-66938239.7899976,-68331219.6345056,-60582493.557508,-65199373.7913252,-27697141.4910693,-46051530.8683286,-56055883.7156899,-21345312.5458762,-21366333.0708496,-64918963.3950851,-17526193.6820909,23335405.984047,-43407939.1594535,-74889186.5943221,-68303352.5168226,-63969997.255796,-46271902.4020469,-96892280.7852918,-100823937.114205,-139124873.171266,-133370318.415166,-119940173.265209,-232212467.050796,-72947873.0522185,-18617806.182274,-139031352.110157,-115938592.077101,-94369031.3038173,-71764593.3286207,-85208106.6607744,-67555003.5548166,-161616187.432648,-127426602.631852,-205803240.830267,-353282085.881172,-337585981.691658,-214251464.107121,0
China,Sierra Leone,SLE,BN.GSR.GNFS.CD,0,0,0,0,0,0,0,0,0,0,0,0,0,0,0,0,0,-54688340.466288,-97894706.7599038,-166040263.693526,-195752010.083129,-138555958.789845,-185120833.981571,-33256774.4439207,-23586127.217605,-24243435.5009287,7158777.37366065,26032146.5578714,-16325233.4244905,-27313570.6414923,-5179409.5798828,14747540.2990297,-4471591.7869648,-71878373.5024422,-80118490.9293609,-131667393.096234,-224546543.105625,-72091759.1500613,-77352588.6757507,-159075820.518292,-194720200.752823,-194909844.61176,-237528363.601762,-227632445.374358,-151113705.413781,-191252008.017663,-132663532.014149,-159237861.006032,-261707767.412325,-381296414.948659,-715515814.415919,-1945470441.27068,-1264694608.15793,-502824867.553557,-1369209960.48259,-1447951542.09889,-634813013.317395,-750444518.404801,-751894212.517926,-901373527.805763,-791991821.106383,-980945786.930212,-871989273.411257,-881989541.670782,0,0
China,El Salvador,SLV,BN.GSR.GNFS.CD,0,0,0,0,0,0,0,0,0,0,0,0,0,0,0,0,8360000,16840000,-285320000,9960000,43720000,-239040000,-235880000,-184720000,-265120000,-282840000,-164360129.014972,-311100000,-369280000,-703860000,-651063519.104402,-716557172.557167,-949905312.468857,-1013385987.37337,-1211742803.95245,-1583513397.74404,-1332495716.73329,-1295417558.88651,-1454483152.48428,-1538600000,-1974500000,-2182900000,-2104650000,-2393417959.63069,-2738945012.72861,-3166090000,-3800060000,-4505900000,-4889740000,-3198057250.07384,-3623906167.97331,-4323108759.90917,-4385543013.49576,-4618410153.40857,-4418568836.38847,-4011020503.82282,-3846089576.40031,-4111467489.96742,-4758306213.15005,-4411887021.63997,-4330543594.40157,-7132043364.63756,-8017128233.95125,-6405325811.7365,-6768233249.50113,0
China,San Marino,SMR,BN.GSR.GNFS.CD,0,0,0,0,0,0,0,0,0,0,0,0,0,0,0,0,0,0,0,0,0,0,0,0,0,0,0,0,0,0,0,0,0,0,0,0,0,0,0,0,0,0,0,0,0,0,0,0,0,0,0,0,0,0,0,0,0,118472967.034551,129620775.756554,181978126.82682,206942037.914639,289974277.242042,446726807.690789,0,0,0
China,"Somalia, Fed. Rep.",SOM,BN.GSR.GNFS.CD,0,0,0,0,0,0,0,0,0,0,0,0,0,0,0,0,0,0,0,0,0,0,0,0,0,0,0,0,0,0,0,0,0,0,0,0,0,0,0,0,0,0,0,0,0,0,0,0,0,0,0,0,0,0,0,0,0,0,0,0,0,0,0,0,0,0
China,Serbia,SRB,BN.GSR.GNFS.CD,0,0,0,0,0,0,0,0,0,0,0,0,0,0,0,0,0,0,0,0,0,0,0,0,0,0,0,0,0,0,0,0,0,0,0,0,0,0,0,0,0,0,0,0,0,0,0,-10129243437.7465,-12795049317.3298,-7029431941.05099,-6267922590.51802,-7418732547.45396,-7106391499.32045,-5109389345.02999,-4838400878.01193,-3234473621.42864,-2447273760.13199,-3435173093.51777,-4813258317.57493,-5159167604.62286,-4677231022.30626,-5441115647.71434,-7490310169.67688,-3806168977.50843,-4443392002.36061,0
China,Sub-Saharan Africa (excluding high income),SSA,BN.GSR.GNFS.CD,0,0,0,0,0,0,0,0,0,0,0,0,0,0,0,0,0,0,0,0,0,0,0,0,0,0,0,0,0,0,0,0,0,0,0,0,0,0,0,0,0,0,0,0,0,0,0,0,0,0,0,0,0,0,0,0,0,0,0,0,0,0,0,0,0,0
China,South Sudan,SSD,BN.GSR.GNFS.CD,0,0,0,0,0,0,0,0,0,0,0,0,0,0,0,0,0,0,0,0,0,0,0,0,0,0,0,0,0,0,0,0,0,0,0,0,0,0,0,0,0,0,0,0,0,0,0,0,0,0,0,0,0,0,-1467336534.43501,-776950000,-424540000,458392000,-477150000,-251930000,-1900870000,615260000,-590878300,55845000,0,0
China,Sub-Saharan Africa,SSF,BN.GSR.GNFS.CD,0,0,0,0,0,0,0,0,0,0,0,0,0,0,0,0,0,0,0,0,0,0,0,0,0,0,0,0,0,0,0,0,0,0,0,0,0,0,0,0,0,0,0,0,0,0,0,0,0,0,0,0,0,0,0,0,0,0,0,0,0,0,0,0,0,0
China,Small states,SST,BN.GSR.GNFS.CD,0,0,0,0,0,0,0,0,0,0,0,0,0,0,0,0,0,0,0,0,0,0,0,0,0,0,0,0,0,0,0,0,0,0,0,0,0,0,0,0,0,0,0,0,0,0,0,0,0,0,0,0,0,0,0,0,0,0,0,0,0,0,0,0,0,0
China,Sao Tome and Principe,STP,BN.GSR.GNFS.CD,0,0,0,0,0,0,0,0,0,0,0,0,0,0,6554497.11053071,-4693018.6057127,-1356082.38754621,7414533.64477457,1590380.58208568,6035760.56083619,-1872228.39281544,-20466431.2866185,-26132598.3718058,-14878872.0320669,-19491077.3183452,-19325452.5498725,-20578396.6509583,-13952832.3924041,-11467011.5430645,-12425379.3446416,-14160000,0,0,0,0,0,0,-19997690,-15333835.7,-17430988.6460192,-21322686.6797854,-28024614.828207,-25627521.9269449,-31371449.7350222,-38808640.2389741,-36719925.1044865,-60888226.5759207,-70024544.8182279,-96082709.0586429,-83137191.6380758,-96204011.9233591,-117739303.300515,-110750661.660894,-127757245.696384,-142099353.237381,-96054956.6176606,-88273069.5197772,-101032980.34917,-98899407.9265492,-117035999.922654,-110759703.813484,-125888217.837844,-122344817.152206,0,0,0
China,Suriname,SUR,BN.GSR.GNFS.CD,0,0,0,0,0,0,0,0,0,0,0,0,0,0,0,0,0,0,0,0,0,0,0,0,0,0,0,0,0,0,0,0,0,0,0,0,0,0,0,0,0,0,0,0,0,-128400000,239200000,249700000,213800000,12500000,668597840.323741,606113686.43078,282088349.510941,-131317402.507628,-417197854.42966,-838499615.988408,-95935803.986605,363505213.240581,166040948.596657,-125964881.921815,601336025.320573,423044484.249477,258026533.192935,329681738.253521,222216301.200583,0
China,Slovak Republic,SVK,BN.GSR.GNFS.CD,0,0,0,0,0,0,0,0,0,0,0,0,0,0,0,0,0,0,0,0,0,0,0,0,0,0,0,0,0,0,0,0,0,-639815652.393513,722386347.639689,311229344.844864,-2244614404.65639,-2011356105.36559,-2334234279.21477,-1053706300.94115,-459032794.221362,-1644062764.94015,-1704770079.23607,-407799314.645385,-1738016962.01881,-2652504894.73131,-2333414266.65632,-615579829.133818,-2236270617.46469,-863793098.356764,-970887815.969302,-462990160.615319,3766024391.23009,4522032674.18701,3624313601.41268,819420590.617768,1751456536.91394,1253622301.52814,1136117411.16827,-128060717.36208,1105649657.50483,-653299649.87964,-6953404615.75649,2301230321.02915,64857363.50592,0
China,Slovenia,SVN,BN.GSR.GNFS.CD,0,0,0,0,0,0,0,0,0,0,0,0,0,0,0,0,0,0,0,0,0,0,0,0,0,0,0,0,0,0,0,0,970600000,220500000,306300000,-371600000,-185700000,-138700000,-291900000,-880300000,-689300000,-117100000,336000000,-14100000,-406000000,-197600000,84666077.480794,-597748578.794682,-1012134993.52668,709098523.063428,425138233.44891,297614450.986128,1456372349.37835,2826609320.54319,3507065430.84135,3464104222.58263,3843577806.58722,4386490149.4219,4601509909.12579,4708952405.24018,4855194078.30839,3665876181.43792,1352093114.6865,4351480551.448,4576156270.43958,0
China,Sweden,SWE,BN.GSR.GNFS.CD,0,0,0,0,0,0,0,0,0,0,-119848217.93429,552097602.931454,850408581.2561,1737935772.33681,-121637374.236899,364899742.577691,-729921798.335493,-852399387.143225,1618675440.33144,-546068411.817852,-1726908779.11143,335503812.966794,-609620322.828419,1967829177.55755,3381002757.56185,1824376961.45368,3235809030.43378,2797814947.09949,2637482547.64594,983144068.6197,70153192.96504,3729753113.90065,3825511647.04393,6781942061.59243,8542057141.79031,14383610467.7643,16811305567.5979,16244548744.5836,15728309638.7104,16091289013.0473,16061659825.4707,18591350342.2175,16610629030.0304,18511561810.2044,26940503054.34,24798839623.2915,29860287392.2434,31342881728.5442,31027233567.0197,21695731950.5645,23672379778.913,28825149689.05,28324831033.4835,23331945631.9762,18246315684.568,18118110226.2481,15274041856.9726,11547184497.3353,11014490874.811,23125394624.9601,23842043077.7926,26112422040.125702,9372533937.2523,17896382654.7774,20385735527.1843,0
China,Eswatini,SWZ,BN.GSR.GNFS.CD,0,0,0,0,0,0,0,0,0,0,0,0,0,0,61076386.3706085,42866352.3444689,21159999.9816,-4139999.99640001,-92574999.9195,-173510781.85344,-213781185.933639,-174913039.182051,-189534904.289986,-212727762.367096,-184168741.166352,-130243306.034292,-49369118.8870506,-1620798.61167957,-23444364.1705896,-19407647.3375015,-109843354.692837,-131531534.794111,-251085709.310116,-267463316.088923,-139128993.996186,-254223984.273873,-343866697.653269,-257126704.974759,-282215232.242795,-238018278.586258,-197789147.349226,-175922348.841358,-65115011.4413145,-17642094.2574106,-37102514.0297558,-378398011.593855,-342081098.15366,-323292385.163182,-435932848.532854,-483527662.826687,-562010006.230172,-376089570.839394,-201417708.225607,-77247436.2099292,-42690154.6252217,53319673.5564336,44939550.6046326,-32813553.1425917,-167569232.945301,123898878.526821,121627075.137628,-40789539.9773818,-193678628.939948,-176193859.438031,0,0
China,Sint Maarten (Dutch part),SXM,BN.GSR.GNFS.CD,0,0,0,0,0,0,0,0,0,0,0,0,0,0,0,0,0,0,0,0,0,0,0,0,0,0,0,0,0,0,0,0,0,0,0,0,0,0,0,0,0,0,0,0,0,0,0,0,0,0,0,55581005.5865921,139027932.960894,40061452.5139665,-55871508.3798884,82435754.1899442,33245810.0558659,-64961918.8491621,-419354168.793296,-146843456.776536,-233784224.083799,-211569874.798883,54478509.865922,15331593.0670392,0,0
China,Seychelles,SYC,BN.GSR.GNFS.CD,0,0,0,0,0,0,0,0,0,0,0,0,0,0,0,0,-7049578.44147194,-7287348.75357825,-9262899.49983166,-17466766.9875822,-26894045.7803844,-26353536.2201844,-43232310.3383952,-32784114.0249285,-20258503.2354056,-26785643.5075033,-36187063.9704093,-28371025.6071096,-34888499.1904686,-41124522.6733981,-17938319.3364348,-13818848.2478361,-14942978.3624344,9051374.7539335,35084052.6583843,14456186.7712448,-47333156.7174943,-61696164.042435,-96488313.646246,-102776122.662257,-20126669.454261,-133602581.344208,-46842042.470637,21033577.964903,-44403708.043168,-165223804.137843,-134144137.167478,-94914599.5505615,-182304974.57306,-141747147.957938,-206971922.661112,-238469933.205093,-182295460.976503,-90983596.082136,-211326650.927116,-123798049.191919,-21049602.036119,-180771283.05251,83509890.037974,59755616.8019321,-92441576.3957477,-69833657.514694,-50785647.203826,-61816229.34,0,0
China,Syrian Arab Republic,SYR,BN.GSR.GNFS.CD,0,0,0,0,0,0,0,0,0,0,0,0,0,0,0,0,0,-1420800000,-1462500000,-1621200000,-2053900000,-2575100000,-1907400000,-2400300000,-2246500000,-2408700000,-1458900000,-958400000,-608100000,1292900000,2074900000,1146200000,337500000,-106000000,-1023000000,216000000,-101000000,547000000,-3000000,255000000,1455000000,1511000000,1886000000,857000000,641500000,411000000,1289800000,327711651.95259,470912341.028691,-984870275.650419,196994859.35505,0,0,0,0,0,0,0,0,0,0,0,0,0,0,0
China,Turks and Caicos Islands,TCA,BN.GSR.GNFS.CD,0,0,0,0,0,0,0,0,0,0,0,0,0,0,0,0,0,0,0,0,0,0,0,0,0,0,0,0,0,0,0,0,0,0,0,0,0,0,0,0,0,0,0,0,0,0,0,0,0,0,0,0,0,0,156567928.14625,200004561.594179,303132102.355792,117739308.703048,282605275.224874,0,0,0,0,0,0,0
China,Chad,TCD,BN.GSR.GNFS.CD,0,0,0,0,0,0,0,0,0,0,0,0,0,0,0,0,0,-114885363.110195,-147973112.532423,-25634438.9350155,-8112474.4731487,-19007737.0562887,-43693629.9357402,-74294209.7263433,-71878981.2792049,-225705229.267011,-234659586.122859,-244040190.697408,-221693452.664368,-252595309.054195,-216480435.98599,-233407966.781214,-258115286.556909,-251445654.032811,-221376009.536166,0,0,0,0,0,0,0,0,0,0,0,0,0,0,0,0,0,0,0,0,0,0,0,0,0,0,0,0,0,0,0
China,East Asia & Pacific (IDA & IBRD countries),TEA,BN.GSR.GNFS.CD,0,0,0,0,0,0,0,0,0,0,0,0,0,0,0,0,0,0,0,0,0,0,0,0,0,0,0,0,0,0,0,0,0,0,0,0,0,0,0,0,0,0,0,0,0,0,0,0,0,0,0,0,0,0,0,0,0,0,0,0,0,0,0,0,0,0
China,Europe & Central Asia (IDA & IBRD countries),TEC,BN.GSR.GNFS.CD,0,0,0,0,0,0,0,0,0,0,0,0,0,0,0,0,0,0,0,0,0,0,0,0,0,0,0,0,0,0,0,0,0,0,0,0,0,0,0,0,0,0,0,0,0,0,0,0,0,0,0,0,0,0,0,0,0,0,0,0,0,0,0,0,0,0
China,Togo,TGO,BN.GSR.GNFS.CD,0,0,0,0,0,0,0,0,0,0,0,0,0,0,93280285.00795,-111738490.598899,-58007831.4653264,-116073902.562035,-247097504.767613,-273916649.159267,-141244144.2402,-85117124.9515781,-111069097.743045,-65369247.440331,-8076315.74548881,-66604644.6815789,-124820280.440868,-117390043.055295,-164147364.029223,-126206747.801327,-183916548.211104,-222394411.625407,-201766733.418104,-154879221.955941,-91582438.6894813,-205994839.739973,-212324277.185309,-187431455.515474,-206398226.514874,-160172654.28154,-178963070.129507,-217189378.75393,-210481283.200476,-266848667.887903,-342188480.538468,-357266979.016466,-382481491.823096,-465136579.887721,-532880602.979262,-495292846.015695,-532495307.103221,-806844878.15732,-542267971.51948,-856074516.964032,-824955001.350343,-918413325.893346,-821754289.343428,-501993343.801538,-626014179.841444,-595605803.867304,-667629634.161391,0,0,0,0,0
China,Thailand,THA,BN.GSR.GNFS.CD,0,0,0,0,0,0,0,0,0,0,0,0,0,0,0,-697964174.330011,-432938992.181746,-1098817985.59172,-1044632960.13518,-1867719322.40413,-2057156302.07204,-2236239088.15892,-671648785.238832,-2924159159.76323,-1843311425.47606,-1105431815.59855,839013638.695515,239422524.483925,-996268679.427438,-1963665351.97445,-6641008932.52669,-6756957091.15558,-5241280543.59085,-5698289716.85053,-7455697267.45511,-11954621688.6987,-12065858026.4771,-19674845.75763,17395214641.7141,15065652623.4086,10108591963.0594,6957320198.09323,7714145387.5403,8804114241.14767,6748293168.81163,-3470930000.00001,5667760000.00002,18682949999.9998,4451510000.00003,26976846652.0191,19684244161.8938,7632805084.44881,880051501.6122,7440895244.2498,23908777047.5981,41680325907.354,56051035537.6349,56877036176.0104,44922177603.4098,51047439795.3604,25932627082.8893,-597171025.96537,-10328988609.3451,10442602106.3156,17772045138.9845,0
China,Tajikistan,TJK,BN.GSR.GNFS.CD,0,0,0,0,0,0,0,0,0,0,0,0,0,0,0,0,0,0,0,0,0,0,0,0,0,0,0,0,0,0,0,0,0,0,0,0,0,0,0,0,0,0,-159641700,-152540100,-225118100,-893925948.256,-1338461736.506,-2618814302.89,-3311322296.855,-2234459025.862,-2501824054.50309,-2995301573.00434,-3674402732.32093,-4413283923.32512,-3362252177.59182,-2500212936.98429,-2027438335.39895,-1638943806.42397,-2105150990.26857,-2165340275.03577,-1716308299.75911,-2096987468.13405,-3508137350.39879,-3826437504.86308,-5289347985.14263,0
China,Turkmenistan,TKM,BN.GSR.GNFS.CD,0,0,0,0,0,0,0,0,0,0,0,0,0,0,0,0,0,0,0,0,0,0,0,0,0,0,0,0,0,0,0,0,0,0,0,0,0,0,0,0,0,0,0,0,0,0,0,0,0,0,0,0,0,0,0,0,0,0,0,0,0,0,0,0,0,0
China,Latin America & the Caribbean (IDA & IBRD countries),TLA,BN.GSR.GNFS.CD,0,0,0,0,0,0,0,0,0,0,0,0,0,0,0,0,0,0,0,0,0,0,0,0,0,0,0,0,0,0,0,0,0,0,0,0,0,0,0,0,0,0,0,0,0,0,0,0,0,0,0,0,0,0,0,0,0,0,0,0,0,0,0,0,0,0
China,Timor-Leste,TLS,BN.GSR.GNFS.CD,0,0,0,0,0,0,0,0,0,0,0,0,0,0,0,0,0,0,0,0,0,0,0,0,0,0,0,0,0,0,0,0,0,0,0,0,0,0,0,0,0,0,0,0,0,0,-289383048.549047,-431764892.531948,-742716807.922695,-1096271466.10999,-1247864440.07642,-1764232468.0139,-1558194741.06832,-1116519110.61768,-1126455582.68145,-1228659498.09942,-1068796400,-1012875558.12092,-937852221.140324,-262648204.822991,271065047.532674,1726588698.45493,572234095.491284,-467398227.00392,-965560482.252982,0
China,"Middle East, North Africa, Afghanistan & Pakistan (IDA & IBRD)",TMN,BN.GSR.GNFS.CD,0,0,0,0,0,0,0,0,0,0,0,0,0,0,0,0,0,0,0,0,0,0,0,0,0,0,0,0,0,0,0,0,0,0,0,0,0,0,0,0,0,0,0,0,0,0,0,0,0,0,0,0,0,0,0,0,0,0,0,0,0,0,0,0,0,0
China,Tonga,TON,BN.GSR.GNFS.CD,0,0,0,0,0,0,0,0,0,0,0,-2394560.38341701,-3702542.20610496,-3862527.04151622,-4515439.08127057,-7508591.05300092,-9881851.85616187,-9324520.38983442,-9984310.47664437,-14525245.3778404,-17661781.5916069,-26340768.3088066,-25169974.0577364,-33433968.8182231,-25103824.7103855,-23485242.7782488,-27965643.076279,-26538304.1258801,-43157832.1866468,-39081207.2600698,-32644819.8381734,-42825781.6319811,-41807587.6041562,-40484080.3784424,-55250523.5713453,0,0,0,0,0,0,-65048436.6642166,-67228553.8268586,-71016038.0094609,-80670861.6579645,-103789129.037299,-113732237.077624,-147529214.357089,-171969380.907535,-198289288.337164,-180663488.369665,-192276730.005313,-204929211.590683,-189023883.739549,-178654027.905329,-186642104.301609,-163189975.201124,-201023301.473995,-215473433.766685,-220521502.903227,-214982924.716985,-240769752.300846,-270380773.124863,-288130003.150856,-273376514.281362,0
China,South Asia (IDA & IBRD),TSA,BN.GSR.GNFS.CD,0,0,0,0,0,0,0,0,0,0,0,0,0,0,0,0,0,0,0,0,0,0,0,0,0,0,0,0,0,0,0,0,0,0,0,0,0,0,0,0,0,0,0,0,0,0,0,0,0,0,0,0,0,0,0,0,0,0,0,0,0,0,0,0,0,0
China,Sub-Saharan Africa (IDA & IBRD countries),TSS,BN.GSR.GNFS.CD,0,0,0,0,0,0,0,0,0,0,0,0,0,0,0,0,0,0,0,0,0,0,0,0,0,0,0,0,0,0,0,0,0,0,0,0,0,0,0,0,0,0,0,0,0,0,0,0,0,0,0,0,0,0,0,0,0,0,0,0,0,0,0,0,0,0
China,Trinidad and Tobago,TTO,BN.GSR.GNFS.CD,0,0,0,0,0,0,0,0,0,0,0,0,0,0,0,434464487.418289,388909301.600329,391458333.496439,151916666.729971,259375000.108075,704500000.29354,665291666.943875,-579958333.574976,-785083333.660453,-114541666.666664,325714285.71429,-172944444.444449,72500000.000005,222595121.951224,346588235.294116,861929411.764698,435058823.529414,586611764.705884,434228746.879922,629543391.165713,688355840.503939,626221277.896071,-236240561.534538,-324468120.999178,392800000,1134900060.01781,921900049.252249,501700000,1607000000,2133958664.5938,4624246809.66517,8025822193.7939,6075060780.6821,9680128922.6859,2622876047.27209,5223027322.1487,7557512519.12247,6187027547.1859,7192195003.68176,5964004073.44222,2407442366.62006,-361238438.597955,1080826556.66377,2426307521.80506,1605385243.95971,-344819601.954503,2906273134.53272,6616106894.29565,2326044037.5886,1022686056.82139,0
China,Tunisia,TUN,BN.GSR.GNFS.CD,0,0,0,0,0,0,0,0,0,0,0,0,0,0,0,0,-426797272.291522,-601468704.048184,-499794756.960291,-376418489.716564,-503760714.905006,-546775460.339592,-777060629.820439,-696852134.713129,-862475864.011196,-533256107.782969,-644812585.599815,-150845488.965652,6994603.4691288,-477183249.42832,-835673624.288424,-630528730.245281,-1223382203.29401,-1379837109.48202,-661358553.051614,-832143801.215966,-372916470.477446,-523551530.039411,-650727787.657248,-455225610.655652,-704757967.437167,-882038628.287445,-892572446.778582,-944539663.033988,-677497055.989727,-132877732.959939,-672789767.28461206,-769417870.358922,-1366482479.6932,-1174131195.49722,-2114643006.84645,-3306190583.30473,-4149839670.91186,-4309090629.31182,-5350552962.13939,-4800815650.28994,-4575068667.46327,-5144900131.22953,-4976206258.68746,-3915823821.02449,-3368429350.47927,-4123466217.67132,-5198966231.99805,-2220904968.59434,-2474537236.01198,0
China,Turkiye,TUR,BN.GSR.GNFS.CD,0,0,0,0,0,0,0,0,0,0,0,0,0,0,-1874000000,-2921000000,-2849000000,-3906000000,-1924000000,-2247000000,-4461000000,-3068000000,-1741000000,-2217000000,-1924000000,-1376000000,-1428000000,-1044000000,2020000000,-162000000,-4482000000,-2126000000,-2269000000,-7340000000,2885000000,-3532000000,-3607000000,-4136000000,-520000000,-2269000000,-10682000000,5773000000,1495000000,-3017000000,-9706000000,-17064000000,-26990000000,-32739000000,-34009000000,-6036000000,-39580000000,-68872000000,-36659000000,-41986000000,-25425000000,-13068000000,-14545000000,-26948000000,-4310000000,25986000000,-22573000000,3517000000,-37098000000,-29014000000,5610000000,0
China,Tuvalu,TUV,BN.GSR.GNFS.CD,0,0,0,0,0,0,0,0,0,0,0,0,0,0,0,0,0,0,0,0,0,0,0,0,0,0,0,0,0,0,0,0,0,0,0,0,0,0,0,0,0,-24766822.7199242,-16697895.4883712,-18394631.3658252,-22032363.2685932,-17585713.0289338,-18457188.2078866,-28357255.7707604,-35437146.7188962,-45172615.6154532,-38186368.7152104,-50283574.6471034,-24618807.9022671,-37364725.4502139,-40102214.9760931,-59835184.2181839,-47120301.4064091,-49723193.4592885,-47705825.7364484,-64233849.7164621,-53857480.2451788,-61216533.6123124,-55155781.6030925,0,0,0
China,Tanzania,TZA,BN.GSR.GNFS.CD,0,0,0,0,0,0,0,0,0,0,0,0,0,0,0,0,-70910344.3799,-165395770.6219,-631608975.6462,-512619232.4115,-636362065.1913,-515482067.327,-617607690.4365,-380425596.8703,-430741061.663,-643817845.3645,-695699688.2128,-831663693.0859,-792540326.9293,-810235027.3725,-935639395.7117,-1024720054.7248,-1100232134.5546,-1256221665.0045,-874960725.2506,-874214415.4253,-794314713.8102,-715155575.4769,-1162345584.8438,-1008601956.5421,-689002427.5332,-442983959.593058,-244160607.074363,-490549900.855539,-842287442.092876,-1233237686.55781,-1667765483.88713,-2172024930.08374,-3096600480.99103,-2403363302.95343,-2684369999.1861,-4637338455.47745,-4002388940.85882,-5057876566.20485,-4934358522.59888,-2374224902.06515,-643404373.610813,-951865241.000374,-2138110389.24611,-745051645.543504,-595245885.422409,-1736406971.61126,-4688288595.63165,-2078437441.89751,0,0
China,Uganda,UGA,BN.GSR.GNFS.CD,0,0,0,0,0,0,0,0,0,0,0,0,0,0,0,0,0,0,0,0,-111700000,-111600000,-150900000,-124800000,55000000,2700000,-72800000,-360200000,-492400000,-547800000,-508500000,-424900000,-483900000,-477790000,-623400000,-825220000,-877470000,-954180000,-1207960000,-728800000,-745400000,-770600374.089807,-845961839.509004,-744677722.270111,-787003913.924608,-812386909.344833,-1262231494.60584,-1507574899.66939,-2260444729.95139,-1874448910.65659,-2710270039.52991,-3161103293.92494,-2810466919.29134,-2469982029.41979,-2869237266.56409,-2583228571.28329,-1670742137.57072,-2135895466.18326,-2795233354.00585,-3623437760.9305,-4587017967.97401,-4388622732.66703,-4963175739.12547,-4349573912.66696,-4916985827.87417,0
China,Ukraine,UKR,BN.GSR.GNFS.CD,0,0,0,0,0,0,0,0,0,0,0,0,0,0,0,0,0,0,0,0,0,0,0,0,0,0,0,0,0,0,0,0,0,0,-1366000000,-1190000000,-1122000000,-1536000000,-1207000000,1821000000,1436000000,535000000,1864000000,1298000000,4980000000,674000000,-3070000000,-8131000000,-14368000000,-1957000000,-3982000000,-10145000000,-14346000000,-15634000000,-4606000000,-2362000000,-6453000000,-8744000000,-11378000000,-12511000000,-2378000000,-2671000000,-25737000000,-37879000000,-39403000000,0
China,Upper middle income,UMC,BN.GSR.GNFS.CD,0,0,0,0,0,0,0,0,0,0,0,0,0,0,0,0,0,0,0,0,0,0,0,0,0,0,0,0,0,0,0,0,0,0,0,0,0,0,0,0,0,0,0,0,0,0,0,0,0,0,0,0,0,0,0,0,0,0,0,0,0,0,0,0,0,0
China,Uruguay,URY,BN.GSR.GNFS.CD,0,0,0,0,0,0,0,0,0,0,0,0,0,0,0,0,0,0,-57300000,-309300000,-617700000,-397300000,-48200000,222400000,222500000,242100000,308260000,153070000,325140000,474370000,499090000,234730000,149720000,-104790000,-236900000,-61500000,-127200000,-168900000,-336600000,-437300000,-533085861.015571,-459485291.013659,201535963.635053,318474094.564127,478265127.68267,392623980.58477,-89902847.809965,157956462.694981,-960800911.803937,520918149.434065,630230268.100273,161119684.099074,1691777409.05075,1003505791.87648,1828336998.16352,2232850552.98894,3064989235.45963,3477944620.1946,3277431074.20025,3778995356.27918,2477123579.38679,4543290260.83859,3915693038.9659,2658958168.67718,4115909038.57029,0
China,United States,USA,BN.GSR.GNFS.CD,0,0,0,0,0,0,0,0,0,0,-610000000,-5040000000,-10120000000,-1140000000,-6400000000,9970000000,-6820000000,-27640000000,-30167000000,-24966700000,-18953000000,-15680000000,-23537000000,-57135000000,-108277000000,-121102000000,-138527000000,-151675000000,-114660000000,-93126000000,-80852000000,-31180000000,-39207100000,-70311000000,-98511000000,-96387000000,-104035000000,-108288000000,-166130000000,-255813000000,-369689000000,-360373000000,-420666000000,-496251000000,-610833000000,-716537000000,-763533000000,-711000000000,-712352000000,-394779000000,-503078000000,-554517000000,-525907000000,-446857000000,-483951000000,-490773000000,-479461000000,-516935000000,-577496000000,-559272000000,-646043000000,-837273000000,-923733000000,-774217000000,-903539000000,0
China,Uzbekistan,UZB,BN.GSR.GNFS.CD,0,0,0,0,0,0,0,0,0,0,0,0,0,0,0,0,0,0,0,0,0,0,0,0,0,0,0,0,0,0,0,0,0,0,0,0,0,0,0,0,0,0,0,0,0,595205560.146499,837251852.549651,894508478.440347,379828829.786654,374334956.985063,-576395001.772031,-1340120395.82829,-3823513481.57155,-3747242960.65554,-3472705968.88593,-2822431854.84856,-3931093288.86307,-4057926979.49276,-9308409952.72889,-9561992395.75121,-8101617547.61802,-11493850298.6675,-14677444945.6623,-17596813629.8676,-17450851224.3599,0
China,St. Vincent and the Grenadines,VCT,BN.GSR.GNFS.CD,0,0,0,0,0,0,0,0,0,0,0,0,0,0,0,0,0,0,-9300000,-19100000,-24500000,-17500000,-25709629.6296296,-19700000,-13500000,-6800000,-9485185.18518519,-22711111.1111111,-11781481.4814815,-31096296.2962963,-22100000,-41507407.4074075,-23722222.2222222,-43440740.7407407,-57814814.8148148,-38200000,-37051851.8518519,-80603703.7037036,-91600000.0000001,-62785185.1851852,-38394526.8069837,-36172026.7591681,-24058810.9886715,-45004853.7048797,-71602020.7723527,-78746865.3164633,-105177947.745311,-155646062.628572,-226198903.262345,-184409499.988412,-190770765.316868,-163357013.412679,-192587256.787243,-199002223.388782,-192848135.192929,-132713776.89863,-136031121.70791,-136166296.303064,-130658082.20300101,-97597349.2592592,-190409127.407407,-289660748.888889,-262540490,-243766482.592593,-215996803.333333,0
China,"Venezuela, RB",VEN,BN.GSR.GNFS.CD,0,0,0,0,0,0,0,0,0,0,541000000,810000000,474000000,1676000000,6596000000,2244000000,278000000,-2984000000,-5366000000,760000000,4838000000,3835000000,-2077000000,6751000000,6885000000,5731000000,-522000000,320000000,-3891000000,4712000000,9355000000,2698000000,-1629000000,90000000,4529000000,3848000000,10501000000,6346000000,-1697000000,3632000000,13411000000,4151000000,10512000000,14113000000,19264000000,27711000000,27585000000,13688000000,33797000000,5726000000,12693000000,26222000000,14688000000,14529000000,12551000000,-8235000000,2874000000,0,0,0,0,0,0,0,0,0
China,British Virgin Islands,VGB,BN.GSR.GNFS.CD,0,0,0,0,0,0,0,0,0,0,0,0,0,0,0,0,0,0,0,0,0,0,0,0,0,0,0,0,0,0,0,0,0,0,0,0,0,0,0,0,0,0,0,0,0,0,0,0,0,0,0,0,0,0,0,0,0,0,0,0,0,0,0,0,0,0
China,Virgin Islands (U.S.),VIR,BN.GSR.GNFS.CD,0,0,0,0,0,0,0,0,0,0,0,0,0,0,0,0,0,0,0,0,0,0,0,0,0,0,0,0,0,0,0,0,0,0,0,0,0,0,0,0,0,0,0,0,0,0,0,0,0,0,0,0,0,0,0,0,0,0,0,0,0,0,0,0,0,0
China,Viet Nam,VNM,BN.GSR.GNFS.CD,0,0,0,0,0,0,0,0,0,0,0,0,0,0,0,0,0,0,0,0,0,0,0,0,0,0,0,0,0,0,0,0,0,0,0,0,-2836000000,-1870000000,-1519000000,425000000,-175000000,-91000000,-1804000000,-3359000000,-3159000000,-2735189000.00001,-2783741800,-11193100000,-13733000000,-10028000000,-7597000000,-3430000000,7446000000,5604000000,8596000000,2609000000,6784000000,6816000000,12860129000,19143247000,20421000000,1799000000,15495000000,35201000000,30711000000,0
China,Vanuatu,VUT,BN.GSR.GNFS.CD,0,0,0,0,0,0,0,0,0,0,0,0,0,0,0,0,0,0,0,0,0,0,-9957643.63491213,-6601745.34487499,3418075.63704551,-15826525.7673025,-23209810.5915705,-22800942.6778373,-20321763.8417647,-23006923.5297882,-29295654.5156621,-20009555.2443791,-5851458.41943811,-8363487.29044152,-4875973.17039097,-4781741.21520321,5336768.92077341,8164449.6839605505,14546712.5967294,-16090216.8066353,9909552.37963154,-11803076.513748,-16192887.3368011,-14952160.1716816,-18154167.4391715,-27947217.5775426,-35285540.6726279,-32673280.3115125,-176882388.727737,7582969.9191203,-42953938.1856355,-54481480.2062565,-42682379.9349224,-25585566.0130448,-37924755.029971,-188079947.52364,-138613520.547657,-137691374.119386,-132854046.768454,-165673595.211765,-305430168.36326,-438311378.111222,-427259838.677444,0,0,0
China,World,WLD,BN.GSR.GNFS.CD,0,0,0,0,0,0,0,0,0,0,0,0,0,0,0,0,0,0,0,0,0,0,0,0,0,0,0,0,0,0,0,0,0,0,0,0,0,0,0,0,0,0,0,0,0,0,0,0,0,0,0,0,0,0,0,0,0,0,0,0,0,0,0,0,0,0
China,Samoa,WSM,BN.GSR.GNFS.CD,0,0,0,0,0,0,0,0,0,0,0,0,0,0,0,0,0,-25277405.8859049,-40769606.7345944,-55279960.5264689,-46067326.1509405,-44706189.5695043,-36220345.2927856,-29732801.7855819,-30859592.9770378,-31230050.6877296,-31376355.2450239,-42526249.9715251,-42832354.1051477,-42022883.530392,-50405834.1408647,-74999301.9734912,-90852387.3400529,-83422765.3088135,-50460798.6352336,-51022797.5276988,-49854337.6742934,-60319492.4795994,-43043921.2758977,-60740380.8370769,0,0,0,0,-90595651.9403411,-114340309.547509,-140365882.622238,-116408869.979354,-142435763.613704,-113917786.440404,-185098263.70905,-217692574.46158,-175518291.675394,-184195478.053126,-190219297.255032,-140183984.453907,-151808671.148169,-131790049.234278,-119464622.757452,-119925332.495852,-260271388.740084,-332236640.082348,-336643753.058206,-214589200.00539,-206077460.085428,0
China,Kosovo,XKX,BN.GSR.GNFS.CD,0,0,0,0,0,0,0,0,0,0,0,0,0,0,0,0,0,0,0,0,0,0,0,0,0,0,0,0,0,0,0,0,0,0,0,0,0,0,0,0,0,0,0,0,-1245676355.21507,-1352154274.85571,-1436521228.20795,-1794549825.15421,-2334268089.79619,-1991888229.9653,-2069194853.74307,-2292999083.86576,-1995451460.27641,-1964452983.3008,-2113818726.68873,-1828854778.5638,-1824923277.65927,-1842030133.35535,-2219858288.70392,-2142138007.1665,-2499807658.92248,-2989299472.76924,-3082019863.88968,-3206829833.26303,0,0
China,"Yemen, Rep.",YEM,BN.GSR.GNFS.CD,0,0,0,0,0,0,0,0,0,0,0,0,0,0,0,0,0,0,0,0,0,0,0,0,0,0,0,0,0,0,0,0,0,0,0,0,0,0,0,0,0,0,0,0,0,830926947.03033,84060000,-1584040000,-1499190000,-2870223439.80882,-1358512505.34227,-323762813.745822,-4310359854.05557,-3460906147.52647,-5813165343.09012,-5830133440.70453,-7317640701.7886,0,0,0,0,0,0,0,0,0
China,South Africa,ZAF,BN.GSR.GNFS.CD,377999848.95126,639799744.336022,743399702.937478,510999795.804481,198799920.559551,-121799951.328739,264599894.265882,47599980.9790469,449399820.419832,89599964.1958549,-632799747.133221,-829604304.769884,518444007.958402,723921400.116414,-190487694.624742,-894814876.328009,-433549999.623,1974549998.283,3045199997.352,5279006137.69559,6358428580.16809,-1503669488.11725,-414507442.485873,3232197150.15388,1297536472.08378,5034126841.97369,5763512365.57824,8502840178.83518,5977051773.05472,5082554542.73237,6143184713.5913,5123806430.0296,5286458564.15008,6102068027.55894,3060676857.04778,1027227364.63049,2192238677.62611,1710207030.30467,1729665352.52922,3459740002.11658,3920384073.99069,4867804949.98357,4362352875.09928,4046566618.60655,-410368408.65194,-633341903.4516,-4634129812.53611,-3999046294.35807,-4930518851.96361,1520940147.43798,4979510585.48025,3577039872.35294,-5624548538.35774,-8513750950.04514,-5763323054.59322,-4456305640.43504,1533892059.15329,4349083220.0379,1986405030.54344,1938862949.73873,15079234261.2037,26351816045.8632,9009915063.9182,3122509192.58848,7811501898.59058,0
China,Zambia,ZMB,BN.GSR.GNFS.CD,0,0,0,0,0,0,0,0,0,0,0,0,0,0,0,0,0,0,-82200000,311300000,-156500000,-500800000,-348400000,-23400000,65500000,39200000,22900000,91500000,271300000,207800000,-536800000,140100000,0,0,0,0,0,-115400000,-332200000,-297200000,-440346600,-564731600,-474321000,-544413000,-97934000,254704736.506342,1397247573.82847,781610499.437952,242684693.993283,815291850.985746,2456328690.62676,1871775832.89178,1251408783.64499,589795131.520804,831835103.423319,-645149166.648263,-511897651.362031,350869419.130876,-210418903.757477,222169787.657448,2692282687.97675,4036755514.81567,2421779088.79185,599476624.762461,0,0
China,Zimbabwe,ZWE,BN.GSR.GNFS.CD,0,0,0,0,0,0,0,0,0,0,0,0,0,0,0,0,0,68037617.7114352,108917284.712096,16458555.9559713,-119171131.044877,-483750165.97115,-415326544.080626,-201487892.095082,-33826575.3746349,33737234.4487859,164004879.021809,195525602.453514,280350906.78403,159798573.049641,11314892.3396039,-305484076.768716,-609645413.816023,-69506441.1774695,-170672367.246172,0,0,0,0,0,0,0,0,0,0,0,0,0,0,-1788395612.17584,-2906785439.76514,-4402366967.13923,-4081524864.29304,-4226654734.40717,-3872564257.26463,-3250612626.77115,-2129620999.58694,-1581086032.20988,-2464035915.605,-131430452.855318,-226006542.947893,-1529047176.81581,-2115076198.18564,-2690324727.51443,0,0
Guyana,Aruba,ABW,BN.GSR.GNFS.CD,0,0,0,0,0,0,0,0,0,0,0,0,0,0,0,0,0,0,0,0,0,0,0,0,0,0,-14581005.5865922,-7430167.59776518,-26312849.1620111,-38770949.7206703,-149273743.01676,-199217877.094972,33854748.603352,42849162.011173,85027932.9608939,-25586592.178771,-53631284.916201,-167541899.44134,-14357541.899441,-339905027.932961,309776536.312849,430458100.558658,-137737430.167598,-24379888.2681564,453525139.664804,716110922.86535,546729298.500314,766368715.083801,247765363.128491,344357541.899441,-248938547.486035,101005586.592178,281620111.731844,-102680590.451313,39400255.790602,308640824.100133,333530343.29187,267547883.876194,287147825.572271,321664233.500011,-200488449.87514701,253587682.830592,423839378.911453,587859510.230008,0,0
Guyana,Africa Eastern and Southern,AFE,BN.GSR.GNFS.CD,0,0,0,0,0,0,0,0,0,0,0,0,0,0,0,0,0,0,0,0,0,0,0,0,0,0,0,0,0,0,0,0,0,0,0,0,0,0,0,0,0,0,0,0,0,0,0,0,0,0,0,0,0,0,0,0,0,0,0,0,0,0,0,0,0,0
Guyana,Afghanistan,AFG,BN.GSR.GNFS.CD,0,0,0,0,0,0,0,0,0,0,0,0,0,0,0,0,0,0,0,-205100000,-176800000,-337700000,-212700000,-263000000,-579800000,-407500000,-793800000,-486500000,-328400000,-466400000,0,0,0,0,0,0,0,0,0,0,0,0,0,0,0,0,0,0,-1877652994.15051,-1956521857.76781,-3205300950.54898,-4149500356.09605,-7442378553.20737,-8671425447.58479,-6261263543.711,-7044964161.23314,-6191463867.40496,-6803560118.47488,-6378166942.37589,-5855061056.02892,-5506547001.36988,0,0,0,0,0
Guyana,Africa Western and Central,AFW,BN.GSR.GNFS.CD,0,0,0,0,0,0,0,0,0,0,0,0,0,0,0,0,0,0,0,0,0,0,0,0,0,0,0,0,0,0,0,0,0,0,0,0,0,0,0,0,0,0,0,0,0,0,0,0,0,0,0,0,0,0,0,0,0,0,0,0,0,0,0,0,0,0
Guyana,Angola,AGO,BN.GSR.GNFS.CD,0,0,0,0,0,0,0,0,0,0,0,0,0,0,0,0,0,0,0,0,0,0,0,0,0,388000000,-211000000,689000000,114000000,651000000,606900000,434300000,-54757000,-18200000,149800000,316690000,898908000,-57120000,-1049830000,-394130000,2449010000,39510000,1452563748.26,908005425.5,3163257044.7,9142016030.83224,17057651830.29,18402195771.95,21121860427.389,-378203335.81,16030508137.59,24144210612.8378,26025090817.047,20169149501.7639,7313313527.45261,-3531471369.03048,2642737292.90861,7341498049.76021,15501535712.0518,12880814227.1861,5858757656.16661,14829788600.5572,21556000869.8593,13272713526.9466,14241387649.6525,0
Guyana,Albania,ALB,BN.GSR.GNFS.CD,0,0,0,0,0,0,0,0,0,0,0,0,0,0,0,0,0,0,0,0,6700000,27400000,-86700000,-50900000,-37800000,-43500000,-9000000,-2100000,-34300000,-49800000,-131400000,-232200000,-539300000,-574200000,-513100000,-532500000,-738500000,-586432500,-646330000,-556700000,-795800000,-936900000,-1160330000,-1419161205.65833,-1642928988.60121,-2039576837.24939,-2203548908.04487,-2879743004.28052,-3446126996.47815,-2967394172.50194,-2456390642.37229,-2932716632.8208,-2296761241.42573,-2308765606.46251,-2506992157.87102,-1966180769.23214,-2001510213.2648,-1978658722.18737,-2069586882.26658,-2103429046.38418,-2210461795.58811,-2392168078.17823,-1959879935.13069,-1275078200.87066,-1848064175.32253,0
Guyana,Andorra,AND,BN.GSR.GNFS.CD,0,0,0,0,0,0,0,0,0,0,0,0,0,0,0,0,0,0,0,0,0,0,0,0,0,0,0,0,0,0,0,0,0,0,0,0,0,0,0,0,0,0,0,0,0,0,0,0,0,0,0,0,0,0,0,0,0,0,0,302799704.869729,114551911.225631,302952018.272698,296200061.152847,452742525.188009,645187655.156501,0
Guyana,Arab World,ARB,BN.GSR.GNFS.CD,0,0,0,0,0,0,0,0,0,0,0,0,0,0,0,0,0,0,0,0,0,0,0,0,0,0,0,0,0,0,0,0,0,0,0,0,0,0,0,0,0,0,0,0,0,0,0,0,0,0,0,0,0,0,0,0,0,0,0,0,0,0,0,0,0,0
Guyana,United Arab Emirates,ARE,BN.GSR.GNFS.CD,0,0,0,0,0,0,0,0,0,0,0,0,0,0,0,0,0,0,0,0,0,0,0,0,0,0,0,0,0,0,0,0,0,0,0,0,0,0,0,0,0,0,0,0,0,0,0,0,0,0,0,0,0,0,0,0,0,0,0,0,0,0,0,0,0,0
Guyana,Argentina,ARG,BN.GSR.GNFS.CD,0,0,0,0,0,0,0,0,0,0,0,0,0,0,0,0,1125000000,1836000000,2456000000,337000000,-3285000000,-1006000000,2320000000,2947000000,3204000000,4342000000,1543000000,245000000,3555000000,5109000000,7954000000,2820000000,-3953300000,-5689240000,-7917900000,-1078685000,-1787449423.72519,-6507815237.43071,-7541547974.1887,-4905758055.83513,-1831883471.95655,3521810643.66417,15717280000,15611500000,11933610000,12095220000,13266642573.1593,12570579976.2887,13340936973.2968,16652818510.3957,12343520648.5783,9198443049.71353,10943688062.5681,-693680874.42887,900177659.49876,-6600221085.86428,-4035498243.93579,-15142501699.7645,-9678495464.2347,13390550040.8824,12094415410.6255,14995374116.8722,5641696321.91141,-8863234392.09042,16653910437.86,0
Guyana,Armenia,ARM,BN.GSR.GNFS.CD,0,0,0,0,0,0,0,0,0,0,0,0,0,0,0,0,0,0,0,0,0,0,0,0,0,0,0,0,0,0,0,0,0,-129559250,-214245682.638889,-445631021.254785,-536868690.108658,-641500248.798067,-641619876.597845,-517560894.321732,-531776959.196634,-521259827.233028,-459464455.002652,-547927151.231746,-645186306.791906,-782593642.472682,-1035254569.32817,-1906845403.33537,-3127485895.91526,-2366282262.46614,-2326489846.17148,-2175629987.68525,-2214007063.77409,-2321776645.52881,-2168908139.47845,-1281494851.04737,-905845561.903669,-1243550763.88083,-1752742382.16506,-1817137352.77571,-1257660276.69423,-1115247228.47482,-99882952.469307,-343467608.646185,-731711963.45304,0
Guyana,American Samoa,ASM,BN.GSR.GNFS.CD,0,0,0,0,0,0,0,0,0,0,0,0,0,0,0,0,0,0,0,0,0,0,0,0,0,0,0,0,0,0,0,0,0,0,0,0,0,0,0,0,0,0,0,0,0,0,0,0,0,0,0,0,0,0,0,0,0,0,0,0,0,0,0,0,0,0
Guyana,Antigua and Barbuda,ATG,BN.GSR.GNFS.CD,0,0,0,0,0,0,0,0,0,0,0,0,0,0,0,0,0,-12200000,-7000000,-27800000,-27700000,-41100000,-47300000,-18700000,-13500000,-34600000,-87644444.4444444,-76159259.2592592,-18274074.0740741,-47974074.0740741,4740740.7407408,-25925.9259259,20914814.8148148,40666666.6666667,14533333.3333333,-37318518.5185185,-64844444.4444444,-35000000,-24022222.2222222,-56490324.8148148,-6012592.9637029,-13552876.9937656,-3034962.3926737,1525354.2217845,20885677.5701807,-29047582.4859741,-152230004.995011,-298009513.252515,-208280062.838722,-62613571.441963,-23228841.8088001,51553067.5686629,21514922.5921703,1808195.2032334,102251479.635163,162974827.103107,119501331.857293,17926577.9791885,-96960107.3873333,12635215.1851851,-158703865.185185,-162149453.333333,-116129320.740741,-87957672.2222221,31318768.5185182,0
Guyana,Australia,AUS,BN.GSR.GNFS.CD,0,0,0,0,0,0,0,0,0,0,0,0,0,0,0,0,0,0,0,0,0,0,0,0,0,0,0,0,0,-7654223703.63626,-3259469531.92839,956062277.31035,-595971586.92051,-1312259379.40025,-4713416475.31885,-5240428241.26407,-533267382.68758,1646368836.22285,-6467569673.68318,-10082425326.5389,-4278715479.84175,2098010276.45843,-4719220380.96603,-14416671532.8361,-19188702454.739,-14812982446.7779,-12739769551.3515,-22880495663.2295,-12412041447.686,-8745692016.93027,6038557388.26251,13124139505.3401,-24017679329.5257,-9513266324.06121,-8959866226.01984,-28773630265.3472,-12915729462.2999,3124230284.15272,11002049820.2101,41304937027.1212,43039657134.7927,81929277275.5779,86008712990.8508,59296317893.4892,18922906572.3118,0
Guyana,Austria,AUT,BN.GSR.GNFS.CD,0,0,0,0,0,0,0,0,0,0,0,0,0,0,0,0,0,0,0,0,0,0,0,0,0,0,0,0,0,0,0,0,0,0,0,0,0,0,0,0,0,0,0,0,0,10094027381.9188,13594759429.9566,18758629627.5828,20361565740.6298,14219475612.9926,12134112745.743,9636411469.57515,9742491014.22152,11561229856.2545,14193852265.852,13558003183.9385,14270103560.1123,12156728045.6645,13361198807.8664,15502338073.3493,14078374655.3192,3788251302.88608,-2519474101.89408,10221561709.0208,14898841398.1242,0
Guyana,Azerbaijan,AZE,BN.GSR.GNFS.CD,0,0,0,0,0,0,0,0,0,0,0,0,0,0,0,0,0,0,0,0,0,0,0,0,0,0,0,0,0,0,0,0,0,0,0,-505362000,-985550000,-951065000,-1415241000,-636487000,94589000,238833000,-454039000,-1712980000,-2077108000,1329081000,5821918000,13093253000,20668404000,12972340000,17998383000,21331439000,19292808000,16419226000,12838097000,1583558000,1051820000,2735430000,7703178030.41765,5745749526.72636,-417799456.700004,9062113327.4647,25999657000,10470915000,6774099000,0
Guyana,Burundi,BDI,BN.GSR.GNFS.CD,0,0,0,0,0,0,0,0,0,0,0,0,0,0,0,0,0,0,0,0,0,0,0,0,0,-112212410.645103,-127308943.522808,-180999564.32775,-144656148.723245,-135460084.033613,-228796850.707885,-218623410.40635,-224685553.713506,-199172089.957987,-170939494.384802,-129557670.940813,-87449352.5940279,-38087890.6203808,-96351255.0272744,-62747787.5124764,-97459551.7155253,-102096055.494448,-108960828.150083,-130484103.37884,-167796711.78127,-227398384.118993,-353763311.310568,-346620952.658039,-441272619.548802,-401314957.509576,-426014308.367945,-529656985.319385,-701167872.395645,-692692720.521686,-716976390.368953,-667274263.667495,-546564205.042517,-610565662.043586,-604282176.760059,-716523718.865391,-754497655.865512,-863533501.280828,-1086244584.16618,-1054714258.17668,0,0
Guyana,Belgium,BEL,BN.GSR.GNFS.CD,0,0,0,0,0,0,0,0,0,0,0,0,0,0,0,0,0,0,0,0,0,0,0,0,0,0,0,0,0,0,0,0,0,0,0,0,0,0,0,0,0,0,11486152063.3972,10699409811.9195,12289290919.4444,8640514958.88791,9137273954.1724,6389429629.91387,-6650395742.44394,5467491069.59099,5149628648.6292,-5407721282.72453,-5232743023.66307,-272882804.5013,795668538.63,6502990902.5913,5685017502.0098,5262605954.4028,-1650684747.967,2506542714.6913,7602144462.6946,11377868174.4586,-7959654595.2787,-3916912629.7933,-5568857934.6864,0
Guyana,Benin,BEN,BN.GSR.GNFS.CD,0,0,0,0,0,0,0,0,0,0,0,0,0,0,-73899688.6706193,-119288199.447148,-152855929.894744,-165170350.740429,-206021682.538179,-207604638.226326,-194590526.846303,-214619984.004976,-464769001.641305,-196320303.9044,-102579966.183068,-102167335.858185,-141204638.725731,-145406600.950012,-153359318.98824,-81247729.4214812,-90092810.6946714,-343430086.16516,-245575041.673662,-196400598.194143,-92834949.7100857,-280430214.213829,-94660482.747005,-209202342.599654,-207407122.539361,-252271524.301984,-179800852.890673,-224504079.56376,-289044784.417194,-360314549.72843,-345598627.142502,-372865589.105196,-445824226.265186,-755034562.024593,-772629973.066784,-791331499.717446,-632495208.400364,-643106427.180873,-710646157.284974,-858674454.319657,-1118728506.04463,-756800485.387488,-526019054.88671,-703516906.141111,-821046408.892628,-721667297.10396,-435724020.28352,-771728221.053792,-1024472573.58803,-1678118172.23451,0,0
Guyana,Burkina Faso,BFA,BN.GSR.GNFS.CD,0,0,0,0,0,0,0,0,0,0,0,0,0,0,0,0,0,0,0,0,0,0,0,0,0,0,0,0,0,0,0,0,0,0,0,0,0,0,0,0,0,0,0,0,0,-848815365.869128,-783537369.711016,-962174168.309755,-1374291352.15085,-892372674.527804,-668275736.493909,-697939435.893794,-585796272.56317,-1595943794.91939,-1117573282.68797,-1017344551.96401,-796037006.753357,-898228429.050722,-655586698.761391,-555481963.435646,576815704.724121,398785467.835309,-947074533.776167,-922317582.491916,0,0
Guyana,Bangladesh,BGD,BN.GSR.GNFS.CD,0,0,0,0,0,0,0,0,0,0,0,0,0,0,0,0,-480606264.950485,-663369889.01433,-942478540.688586,-1309762900.9952,-1829305681.98229,-1896655282.54027,-1674191270.82786,-1395938726.16493,-1678795062.44922,-1527027397.33888,-1708694420.02741,-1615000802.4229,-1778862048.53991,-2387325689.49489,-1895840930.87395,-1650022838.99286,-1561350613.08649,-1515339352.99061,-1851345900.48272,-3157115126.18329,-2836515602.01405,-2307212151.30024,-2087438608.91848,-2696292969.48389,-2458878888.10143,-2817985657.31352,-2234843547.53366,-3141653816.41339,-3854880482.14049,-4156759716.05123,-3896303860.1296,-5462928581.36726,-7672641808.74828,-6025299151.95922,-7816344792.83922,-10888026891.2585,-10157899098.9677,-9933198074.62348,-12119389611.999,-10606498175.2763,-10505302542.1777,-17594487835.4604,-21457169885.0705,-19272605860.5841,-18300384906.6327,-36008206263.1851,-33568494214.0902,-14287605601.138,-21150872014.0134,0
Guyana,Bulgaria,BGR,BN.GSR.GNFS.CD,0,0,0,0,0,0,0,0,0,0,0,0,0,0,0,0,0,0,0,0,1308000000,293000000,287000000,55000000,514000000,-112000000,-856000000,-514000000,-76000000,-254000000,-1077000000,-117900000,-307200000,-943400000,-6000000,274500000,307700000,546700000,-8020423.355652,-766710358.940426,-669989777.212585,-1327927121.52239,-1209902300.43731,-2061604764.8916,-2896945990.97014,-4449983421.99429,-5844352050.21159,-8945175667.26605,-10620241928.2913,-3922786473.94819,-1627160000,170110000,-1886240000,-385580000,146260000,473170000,2699850000,2647390000,1710320000,2280790000,1747790000,2125980000,984280000,4257410000,2631660000,0
Guyana,Bahrain,BHR,BN.GSR.GNFS.CD,0,0,0,0,0,0,0,0,0,0,0,0,0,0,0,90012642.4526233,-33872670.022997,-28560596.5589803,40004817.8877582,348254470.146654,304774346.064674,368617022.25696,364920213.73649,51063829.9230428,331117021.643526,523670212.765958,472074468.085106,325797872.340426,449734042.553192,264095744.680851,120478723.404255,-490425531.914894,-588031914.893617,177127664.67788,316489391.162576,675266009.827816,718617083.391104,607180907.583329,44414898.0466977,1052961957.63309,2044070281.64894,1811550028.19149,1332161989.80497,1775601799.20213,2166297712.58864,3109957700.70922,4103227902.39362,4688031914.89362,4955053191.48936,4350797872.34043,4784840425.53192,9061702127.65957,5659840425.53192,5771542553.1915,5520212765.95745,3351063829.78723,2694148936.17021,2855585106.38298,2910372340.42554,4356382978.7234,1952393617.02128,7657180851.06383,11513031914.8936,7970212765.95744,8259042553.19148,0
Guyana,"Bahamas, The",BHS,BN.GSR.GNFS.CD,0,0,0,0,0,0,0,0,0,0,0,0,0,0,0,0,140700000,122900000,142700000,92500000,58600000,12300000,10400000,28100000,61300000,175400000,205400000,130400000,111900000,41500000,130600000,-12000000,106400000,153260000,68100000,-28100000,-151700000,-358800000,-832100000,-403400000,-570760000,-556100000,-281323042.557,-369790000,-416580000,-603804537.741,-1237750000,-1135298058.99422,-1112196412.431,-670319000,-576589000,-930926000,-1247731400,-1168058000,-1513316594.86294,-815857514.44974,-585952462.183125,-1158779778.81241,-364418785.555463,324221272.858005,-1722379433.88589,-1617321175.32263,-417261475.674218,-262192794.037693,-297869650.248138,0
Guyana,Bosnia and Herzegovina,BIH,BN.GSR.GNFS.CD,0,0,0,0,0,0,0,0,0,0,0,0,0,0,0,0,0,0,0,0,0,0,0,0,0,0,0,0,0,0,0,0,0,0,0,0,0,0,-2925389370.83722,-3117889819.77411,-2577518132.81806,-2730065298.51948,-3120639139.59946,-3821941979.2465,-4138362133.57751,-4345529639.45764,-3624941968.5814,-4662020359.93845,-6229877854.77118,-4194259998.58544,-3699616132.55731,-4434962079.82806,-4035721592.83707,-3724521863.46057,-4198572495.40221,-2961519174.21344,-2810928851.09672,-2940154629.0582,-2963549337.95131,-2957316131.70518,-2706264703.82631,-2622901991.03197,-3328380284.60602,-3248180035.83962,-3970065947.91047,0
Guyana,Belarus,BLR,BN.GSR.GNFS.CD,0,0,0,0,0,0,0,0,0,0,0,0,0,0,0,0,0,0,0,0,0,0,0,0,0,0,0,0,0,0,0,0,0,-479800000,-437700000,-483300000,-576400000,-853000000,-1019200000,-255500000,-567100000,-633700000,-473400000,-692400000,-1493900000,341600000,-1492100000,-2810400000,-4646800000,-5597200000,-7481800000,-1188200000,2863199999.99999,-2300600000,-444100000,132400000,-8800000,100100000,929100000,-403000000,1947600000,3950314056.96,4686035287.81,338775604.64,-1444692071.7,0
Guyana,Belize,BLZ,BN.GSR.GNFS.CD,0,0,0,0,0,0,0,0,0,0,0,0,0,0,0,0,0,0,0,0,0,0,0,0,-17100000,-13100000,-13050000,-14100000,-20750000,-40750000,-3850000,-43000000,-42900000,-60500000,-42201500,-28143500,-11710000,-43315000,-63297500,-70653468.46,-166561465.90375,-162844254.468061,-141161220.765321,-135689422.722701,-84088082.0113377,-88005496.071037,25931934.0018133,13477104.0825889,-91248702.9103413,-53959075.1280521,19961433.0748313,-5491301.2052109,9363001.6298624,-27570992.447436,-67121775.1502315,-148978201.23580801,-163283832.513023,-56978145.601239,-83794802.70071,-100716723.794308,-187195108.458476,-206457407.047168,-204514136.129337,-37145635.6283785,-83824398.137295,0
Guyana,Bermuda,BMU,BN.GSR.GNFS.CD,0,0,0,0,0,0,0,0,0,0,0,0,0,0,0,0,0,0,0,0,0,0,0,0,0,0,0,0,0,0,0,0,0,0,0,0,0,0,0,0,0,0,0,0,0,0,-338490000,-650029970.091134,-712497097.004796,-693118178.729979,-585289486.165294,-326799752.461443,-399084688.584863,-515927552.12556,-605016880.405959,-568413579.362972,-610483019.836141,-649147240.362098,-611553069.983311,-618767800.17432,-696022076.187566,-789315041.099342,-809905535.635797,-701163187.467629,0,0
Guyana,Bolivia,BOL,BN.GSR.GNFS.CD,0,0,0,0,0,0,0,0,0,0,0,0,0,0,0,0,-36000000,-65800000,-244600000,-265900000,197200000,-142100000,192300000,117500000,152200000,11000000,-175700000,-266300000,-174900000,-160900000,-109500000,-198100000,-578800000,-536500000,-171700000,-340100000,-418490000,-648500000,-844800000,-678100000,-607815903.97,-458745530.02828,-516682880.93811,-86907789.367575,231061237.172873,414848470.908809,892459631.560589,814530371.934917,1244957796.03459,274170000,681407338.7748,345773475.203279,2339083705.3513,1691971936.9631,1082959462.10384,-1979737198.24535,-2514014188.13787,-2173220117.97295,-1992410887.07075,-1686182613.50533,-624744932.577178,1418181475.78692,1217953798.72786,-1085476480.35164,-1427136381.29981,0
Guyana,Brazil,BRA,BN.GSR.GNFS.CD,0,0,0,0,0,0,0,0,0,0,0,0,0,0,0,-4994000000,-3971000000,-1686000000,-2882000000,-5041000000,-5957000000,-1688000000,-2810000000,4062000000,11337000000,10762000000,5731000000,8794000000,16145000000,13327000000,6986000000,6687000000,11897000000,8739000000,5515000000,-10652000000,-13512000000,-19380594698.5763,-18610746032.7427,-9991935231.31036,-10570608610.0643,-7220433515.30619,5921177448.69253,17461618605.616,25829510957.0654,33674229216.4115,33452513822.936,22217254175.7016,1980084511.86791,2316649166.28788,-19368906955.83,-16829708574.575,-31639635804.95,-54583362068.38,-63791507501.575,-28224926938.445,7888268360.8,15770565742.07,5020740727.415,-8913681707.435,11006501378.435,15355119391.01,10631648818.77,48997429682.235,10860692005.12,0
Guyana,Barbados,BRB,BN.GSR.GNFS.CD,0,0,0,0,0,0,0,-23363546.4473362,-29815381.1020923,-45133583.3528332,-51712124.6759439,-47572138.2663624,-51421819.5630711,-56939753.5519686,-64909100.7508751,-52869417.4777504,-73740087.325,-62946316.7,-43413348.3,-68091566.635,-85454457.5,-156907055,-92430845,-90116417.5,-20411335,20984117.5,45968981.9294945,26750785.047862,81865712.6807956,59103428.0598285,20105969.402965,11731183.079585,158203259.196937,138420342.432369,189562661.109446,70400073.5489945,199454491.638673,-37846500.2093395,-58703765.3219385,-89379642.1910565,-54043855.6815411,-53106203.21171,-70241385.9001929,-111609970.789287,-286541342.316748,-258976337.096995,-63175419.2618752,-82551497.7587099,-194010698.48884,-79742008.0045355,-99336415.1264348,-101831734.53244,-122685030.092565,-63011759.6557801,32195367.75406,115142644.281685,171899877.501825,15071255.5452452,0,0,0,0,0,0,0,0
Guyana,Brunei Darussalam,BRN,BN.GSR.GNFS.CD,0,0,0,0,0,0,0,0,0,0,0,0,0,0,0,0,0,0,0,0,0,0,0,0,0,0,0,0,0,0,0,0,0,0,0,0,0,0,0,0,0,1989059787.25675,1779007179.21169,2568584409.5717,3199787455.8062,4335140927.97401,5569590895.58787,5196313757.02077,7304766748.18525,4370174427.09202,5424417631.9042,7303248266.46829,6609154195.79177,4557118830.5744,5813453718.26044,1903397568.72309,1039098776.80807,1705234270.82597,1359241663.74238,1021907895.20701,503987342.563082,1971217783.42695,4305796750.51132,2495993793.47065,2372398524.64068,0
Guyana,Bhutan,BTN,BN.GSR.GNFS.CD,0,0,0,0,0,0,0,0,0,0,0,0,0,0,0,0,0,0,0,0,0,0,0,0,0,0,0,0,0,0,0,0,0,0,0,0,0,0,0,0,0,0,0,0,0,0,-135666508.275048,50402524.6251132,-112000942.938711,-107898255.761345,-344757300.899123,-558990156.79171,-478829661.216349,-433041928.515847,-459214963.248015,-496734660.340354,-594968891.454513,-518571545.318266,-462859072.853854,-452196090.39644,-401795399.42642,-287001900.563872,-789981472.512696,-902301816.68712,-568591172.254581,0
Guyana,Botswana,BWA,BN.GSR.GNFS.CD,0,0,0,0,0,0,0,0,0,0,0,0,0,0,0,-84380460.0777117,-42090010.5709061,-73281420.1392245,-123044302.134794,-93864262.9841853,-173051561.868251,-400483624.391318,-198317730.999057,-71381307.359265,11244839.70046,179652049.010063,189128650.337643,704432208.996844,353551580.113065,517101258.425312,18006243.0600944,94531112.1627386,16447641.2802616,132476295.616108,384222050.918828,370895868.754373,569169393.307054,664882047.498742,-190025982.753887,597855038.450704,679374829.037563,604634492.20366,756116707.382116,955465957.303522,826929861.875511,1825358096.44794,1932753983.84303,1279865881.8668,-292092928.697593,-1262773518.87742,-1300748908.36186,-1019051881.27161,-2393567414.34267,-431507246.341567,474712194.042951,-909033269.203554,1308031982.08468,623187923.396331,169943118.054827,-1467064804.5948,-2796625701.36763,-1405435073.4656,198996111.478663,-709996600.792439,-2558995698.98222,0
Guyana,Central African Republic,CAF,BN.GSR.GNFS.CD,0,0,0,0,0,0,0,0,0,0,0,0,0,0,0,0,0,-46267561.469392,-62639631.8063489,-88989534.0252786,-126405983.520643,-67231819.6091651,-90147402.1163416,-82119625.0562135,-77225049.1685395,-97955993.8223748,-157155853.947018,-155355473.646591,-134132076.258033,-116783795.468032,-190527759.354211,-139202546.175899,-180730947.707285,-108312334.398684,-65381291.4120434,0,0,0,0,0,0,0,0,0,0,0,0,0,0,0,0,0,0,0,0,0,0,0,0,0,0,0,0,0,0,0
Guyana,Canada,CAN,BN.GSR.GNFS.CD,-506965097.119612,-212120980.730522,-95384130.624448,309278759.858606,563628154.482249,-72914365.29116,14746027.033359,659237891.668527,863477545.351366,91577097.885006,2225305803.45783,1599649051.68283,998715623.641446,1798485347.07658,188806815.456828,-3075889125.97873,-1515997270.58041,-510403180.723825,666682553.677133,1184242918.34056,4717395080.82998,2361388870.09483,12130845692.3911,11082294016.2113,12377075316.1164,8477603565.87651,3697836184.17817,5199682303.13484,4077707643.07544,363564038.84548,1115963784.24021,-3204750443.16358,-2261089319.66952,63206950.53321,6647801661.67287,18904083589.1696,24629288042.4509,12429974698.0679,12048309635.2646,24096639864.5943,41604373750.7723,41819090368.6475,32839901425.9662,34073822805.147,44846759262.6836,45678110612.9024,35204360382.2795,30611671625.0844,28144247478.8098,-20294599835.7533,-30874997989.8313,-21682664821.6812,-34518334882.5215,-28982082930.2643,-16320998998.6071,-38583775871.449,-36241676908.6053,-36237673595.1705,-33732774271.5123,-25538102775.714,-36499244170.9958,2027310252.3313,12724832765.5058,1355284940.1316,-5947032089.6962,0
Guyana,Central Europe and the Baltics,CEB,BN.GSR.GNFS.CD,0,0,0,0,0,0,0,0,0,0,0,0,0,0,0,0,0,0,0,0,0,0,0,0,0,0,0,0,0,0,0,0,0,0,0,0,0,0,0,0,0,0,0,0,0,0,0,0,0,0,0,0,0,0,0,0,0,0,0,0,0,0,0,0,0,0
Guyana,Switzerland,CHE,BN.GSR.GNFS.CD,0,0,0,0,0,0,0,0,0,0,0,0,0,0,0,0,0,47430340.003061,-256707815.686031,-3180321456.38463,-3247581863.0006,-264224100.776275,-972774618.862203,-2215667515.86451,2012186039.6817,1891641654.37249,-12229582.6203,1018648396.41673,1692749265.35913,1758821461.86409,644418982.71735,4234403965.62043,9072204292.60039,11646322343.4134,13329165729.8699,14403419962.3246,12583959676.7016,14061341027.5182,12697634856.9753,15727670908.0436,12886665395.9725,11072088900.1949,16655365716.5224,18415553584.6914,28841850853.9883,21573539773.2025,29059214083.0142,44083170196.1085,52986310349.9128,32328344852.1281,54667613649.7312,46724214461.4352,55586080042.0105,65660095247.1844,68818322759.5168,66082559477.8815,62479254234.7253,57803788876.0292,70986209886.5496,65101059420.3423,44167555302.1223,97331329893.6191,110735663685.71,97823988600.2379,92504654755.0903,0
Guyana,Channel Islands,CHI,BN.GSR.GNFS.CD,0,0,0,0,0,0,0,0,0,0,0,0,0,0,0,0,0,0,0,0,0,0,0,0,0,0,0,0,0,0,0,0,0,0,0,0,0,0,0,0,0,0,0,0,0,0,0,0,0,0,0,0,0,0,0,0,0,0,0,0,0,0,0,0,0,0
Guyana,Chile,CHL,BN.GSR.GNFS.CD,0,0,0,0,0,0,0,0,0,0,0,0,0,0,0,-217000000,425000000,-282000000,-696000000,-618000000,-1084000000,-3285000000,-411000000,547000000,-181000000,495720000,627760000,854900000,1519300000,1022540000,1055290000,1518700000,546000000,-1215700000,581000000,1056900000,-1072625133.10716,-1563380808.39716,-2492077323.14361,1689973427.38374,1400054677.54859,999286551.135342,1684100883.03244,3476680180.01817,9459076625.42752,10240622954.4733,21620045741.3327,22855567968.2503,4338523547.95303,13216148168.533,13346978494.573,7340657002.24282,-1247185765.84247,-2565312820.76856,1074236550.73082,-1995119986.58649,-527947370.65117,1879849955.36792,-2932905994.96045,-5068925698.04108,11444340118.7684,-2188473339.12558,-11889803020.7973,3173652281.8482,11883616133.4495,0
Guyana,China,CHN,BN.GSR.GNFS.CD,0,0,0,0,0,0,0,0,0,0,0,0,0,0,0,0,0,0,0,0,0,0,4737000000,2475000000,-32000000,-12592000000,-7589000000,291000000,-4060000000,-4927000000,10668000000,11601000000,4998000000,-11497000000,7611000000,11957590000,17551000000,42824000000,43837000000,30641000000,28873534000,28084000000,37383087664.0194,35821129066.2935,51174382539.95,124626797517.211,208918924500.594,308036028783.355,348832533153.935,220130401366.78,223023871712.8,181903738912.673,231844876748.002,235379561604.116,221299246947.272,357870764281.273,255737088242.15,217009899933.948,87905148451.8738,131844297312.037,358572608160.02,461494292759.35,577608939732.6,385575471624.67,538958018243.69,0
Guyana,Cote d'Ivoire,CIV,BN.GSR.GNFS.CD,0,0,0,0,0,0,0,0,0,0,0,0,0,0,0,0,0,0,0,0,0,0,0,0,0,0,0,0,0,0,0,0,0,0,0,0,0,0,0,0,0,0,0,0,0,1155710678.41921,1722065222.54821,1015050790.41156,1692905339.96574,2664128022.97647,1819629955.65215,4189664129.02339,1120544664.93026,707897344.175182,1715287927.95265,1150470393.15493,1077209216.00129,1006914481.60206,-98663780.321817,910074933.641272,571594163.037732,39662854.479859,-2737601348.32923,-5526680153.57348,0,0
Guyana,Cameroon,CMR,BN.GSR.GNFS.CD,0,0,0,0,0,0,0,0,0,0,0,0,0,0,0,0,0,-83441982.064092,-113269825.89107,-29898226.9625343,-278635573.065498,-291979449.766881,-184415237.087746,-135015968.719591,183061631.193441,52953396.9513335,-34391559.2479233,-387174189.623418,178010129.488646,160340655.970738,32358205.650433,133920860.568513,392796451.212978,152244693.052732,239569299.468758,432616810.541029,213784342.578024,102706262.893823,84013816.2756614,129641681.6232,166680893.243151,-101773122.288516,-113275626.005973,-309280386.332771,-147949693.028894,-111463381.452432,211905761.747833,340882795.552685,-721538049.562034,-923875560.310761,-764428832.098244,-704021151.242304,-774502185.590695,-817386648.821177,-1077752101.69413,-1053768053.17936,-828668887.093496,-722600965.382012,-1121429117.89738,-1354599058.98692,-1088012800.04402,-1578554437.52904,-1117636380.02892,-1941018172.74006,0,0
Guyana,"Congo, Dem. Rep.",COD,BN.GSR.GNFS.CD,0,0,0,0,0,0,0,0,0,0,0,0,0,0,0,0,0,0,0,0,0,0,0,0,0,0,0,0,0,0,0,0,0,0,0,0,0,0,0,0,0,0,0,0,0,-1113600000,-659800000,-334500000,-1127400000,-1745200000,-1838700000,-1593602281.098,-1977754098.94109,-1494674269.45556,-3152502304.65964,-2308129161.18307,-2224819933.85017,-1406377021.27447,-1692788394.90944,-1718517789.29973,-624339925.79474,160710271.919867,-2945395688.07329,-4030194363.49794,-1893913072.0914,0
Guyana,"Congo, Rep.",COG,BN.GSR.GNFS.CD,0,0,0,0,0,0,0,0,0,0,0,0,0,0,0,0,0,0,-164303288.917736,-17388921.6249079,-4027838.84285271,-360168096.410826,-175063619.537075,-222942986.171849,339788843.207698,63802277.0161005,-393452720.850194,21887519.9324754,-147370362.575908,229774586.171165,206049413.960197,-74085388.721067,69137011.2262912,-170220232.08401,-582667982.694106,28159960.5861105,223546978.242445,363866959.720153,69566703.193832,314981956.918933,1438258979.10872,666192704.44184506,839522698.653698,1126578547.36831,1647520085.40818,2244061135.52012,1904003082.16042,-694785985.948925,2299450459.02995,-641012578.611289,1708164513.07022,3542209799.4522,3312047804.79191,2310516033.80327,370868418.391364,-4427610294.13358,-2691494915.77189,0,0,2910197899.75358,1391319444.39899,3264867177.80206,0,0,0,0
Guyana,Colombia,COL,BN.GSR.GNFS.CD,0,0,0,0,0,0,0,0,-95000000.000484,-81000000.000275,-156000000.000572,-312724139.996097,-28342990,121474590.003674,-217224400.000452,102178950,468332519.999669,647016799.997133,525955999.999809,627264000,-125595840.00049,-1719060600,-2254764420.00083,-1952000000,-125000000,-595000000,1346000000,1325000000,565000000,1200000000,1821000000,2740000000,1188700000,-1458000000,-3277472545.01562,-3718523193.47664,-3284689500.90324,-4138083502.73631,-3911324471.8698,571576111.758649,1328666913.85215,-970538371.249469,-1313628527.62109,-1032731230.721,-483133685.817825,-690614447.091225,-1951544471.10276,-3441472017.01128,-2302397544.39763,-805727726.48975,-2246150213.7866,527573370.1402,-1464992369.15213,-3250497857.58699,-12332276476.0953,-19004381508.9598,-13451129309.4103,-8761508927.41588,-10556191985.8922,-14148162444.3344,-13104751154.4776,-20000679159.3241,-16093825874.8579,-7785710968.55083,-9472573283.8306,0
Guyana,Comoros,COM,BN.GSR.GNFS.CD,0,0,0,0,0,0,0,0,0,0,0,0,0,0,0,0,0,0,0,0,-20863530.0505058,-32672239.996395,-28377667.6298346,-28543851.0482829,-60608354.3079585,-44206110.768717,-43684291.9499874,-59913351.1051348,-48256530.9739674,-39663880.9774123,-54355634.8880749,-50259386.4426194,-63221232.2281689,-46765050.0863163,-50912728.2145999,-57525289.0574482,0,0,0,0,0,0,0,-41278564.5408522,-62674536.3368591,-81311180.69812,-95627902.3960404,-120023783.344643,-181929578.438453,-176595973.001474,-184071755.578527,-207608723.958395,-232098068.885715,0,-210143739.659477,-170288038.950902,-159896893.292169,-177103897.174893,-206259705.539406,-211183752.433797,-274670347.811316,-287634089.124128,-314236050.866876,-355581804.765654,0,0
Guyana,Cabo Verde,CPV,BN.GSR.GNFS.CD,0,0,0,0,0,0,0,0,0,0,0,0,0,0,0,0,0,-46536366.0829109,-55612909.5879837,-64408409.6937036,-68241585.2362666,-79421428.7686417,-77900846.295827,-80007439.8716624,-62258832.5392584,-64398042.8893374,-66453372.4846347,-66317321.9563242,-78070975.1274846,-88449596.4143772,-92109341.5328378,-101217878.39888,-143144015.456788,-132201290.97439,-168612522.769134,-210650459.750173,-176152459.656849,-152460916.538475,-190267155.927265,-225514827.123698,-185971949.690271,-183700150.407371,-225337898.499604,-294289161.487196,-346009421.351242,-288058799.883277,-331430079.269323,-467154712.441621,-472199598.608701,-510976329.132783,-483882198.337561,-591799700.548746,-426947602.747579,-317313920.34435,-341047694.012877,-245640996.003994,-285060858.95884,-384091287.115746,-366361653.965044,-281307277.947429,-584396205.207971,-652112060.942094,-457870066.687996,-458836239.690879,-313317068.179675,0
Guyana,Costa Rica,CRI,BN.GSR.GNFS.CD,0,0,0,0,0,0,0,0,0,0,0,0,0,0,0,0,0,-166400000,-272300000,-427100000,-466300000,-134200000,66000000,-20000000,15800000,-68900000,39000000,-192500000,-91300000,-236700000,-383200000,-42900000,-341100000,-537900000,-270900000,-266542000,-228910000,-357416000,-165450000,1051211410.40579,-45669711.165888,78881229.510418,-267865429.090368,-283537864.928698,-77105144.675418,-360655999.12738,-611014762.399059,-1271487792.72421,-2407550798.86128,95700175.166145,-415750007.241521,-1194544783.87744,-1363669066.71151,-995209335.8409,-789427970.823826,1558623.964266,683777504.543906,393328336.587061,919006891.77924,2482334381.55331,2456419583.72748,1670105882.35388,2297074272.44343,5270418624.655,6310784269.84959,0
Guyana,Caribbean small states,CSS,BN.GSR.GNFS.CD,0,0,0,0,0,0,0,0,0,0,0,0,0,0,0,0,0,0,0,0,0,0,0,0,0,0,0,0,0,0,0,0,0,0,0,0,0,0,0,0,0,0,0,0,0,0,0,0,0,0,0,0,0,0,0,0,0,0,0,0,0,0,0,0,0,0
Guyana,Cuba,CUB,BN.GSR.GNFS.CD,0,0,0,0,0,0,0,0,0,0,0,0,0,0,0,0,0,0,0,0,0,0,0,0,0,0,0,0,0,0,0,0,0,0,0,0,0,0,0,0,0,0,0,0,0,0,0,0,0,0,0,0,0,0,0,0,0,0,0,0,0,0,0,0,0,0
Guyana,Curacao,CUW,BN.GSR.GNFS.CD,0,0,0,0,0,0,0,0,0,0,0,0,0,0,0,0,0,0,0,0,0,0,0,0,0,0,0,0,0,0,0,0,0,0,0,0,0,0,0,0,0,0,0,0,0,0,0,0,0,0,0,-820709497.206704,-784460335.195531,-629603351.955307,-417692737.430168,-475363128.49162,-525916201.117318,-666661827.608939,-810450712.134078,-556204745.77095,-694482615.592179,-546455887.877095,-844747427.217877,-657754762.162011,0,0
Guyana,Cayman Islands,CYM,BN.GSR.GNFS.CD,0,0,0,0,0,0,0,0,0,0,0,0,0,0,0,0,0,0,0,0,0,0,0,0,0,0,0,0,0,0,0,0,0,0,0,0,0,0,0,0,0,0,0,0,0,0,0,0,0,0,0,0,0,0,0,0,1694398758.33589,1581276302.5228,1441225889.46953,1462423660.19491,920948227.081575,734757817.489476,928369252.358063,1156671623.43775,0,0
Guyana,Cyprus,CYP,BN.GSR.GNFS.CD,0,0,0,0,0,0,0,0,0,0,0,0,0,0,0,0,-79416180.5780396,-183523744.325985,-255413081.846285,-310627467.982061,-337344373.327293,-238236051.471281,-253478281.710675,-258430428.202683,-250685833.913028,-210267754.44527,-61566005.6577037,-52172476.1088338,-158369982.137837,-310538338.89956,-223105175.061338,-473700472.731539,-677791035.93364,63328654.6078635,49167904.3298228,-20556112.846429,-280713793.630328,-167835079.899228,-328585542.07522,78092228.948366,-122909510.72455,148135202.964247,-94931199.033443,-47748320.970464,-457770881.206205,-451175390.095703,-720537522.136134,-1434698978.78027,-3572063944.85506,-1370399090.75795,-2138373933.26342,-1013028138.69684,-469894693.354322,391693145.111428,236255474.23656,552355158.817322,423067241.26405,-59063323.541025,392658469.836377,257607558.84802,-338519558.07114,1389131949.80382,1076505753.7147,365890739.54293,1317833476.30598,0
Guyana,Czechia,CZE,BN.GSR.GNFS.CD,0,0,0,0,0,0,0,0,0,0,0,0,0,0,0,0,0,0,0,0,0,0,0,0,0,0,0,0,0,0,0,0,0,495633190.350032,-925738683.973259,-1841750039.90937,-3789213044.96522,-3195715989.12638,-731364635.750389,-703620723.154516,-1691999204.904,-1553701214.44501,-1596691455.74105,-2049320859.65495,528273873.404079,2898065160.6166,3790265561.32894,4052160271.13885,5219998906.55756,7700186522.30561,6192291073.38082,8894622490.64581,10309254507.9341,12123723407.1038,13436484695.2163,11152289235.3342,14970590108.5915,16696692080.8777,15459075074.1354,15661853403.4847,16922789209.9036,10760274185.8701,3377084364.71671,17012875794.2742,22518192686.432,0
Guyana,Germany,DEU,BN.GSR.GNFS.CD,0,0,0,0,0,0,0,0,0,0,0,3129299820.17464,4172810494.7489,9331485330.3669,15082233732.9296,9359034255.29827,11062760596.3335,13174230767.3247,17352509883.5215,5748981127.87806,-4881469153.69685,5179368707.52928,15445842102.251,11341396741.2059,14987906583.3004,22907977431.986,46143914622.1262,55189849333.2105,60093039856.0267,59544876562.6478,45835582096.6926,-8618524297.54355,-10419668458.7466,606625477.0981,2705397325.1996,9748115039.731,16944869691.1299,22955765079.6326,26638796381.3972,12325288588.8645,4104845646.7311,30938098139.694,85409917265.0463,92318194626.05,141659579646.248,143997634083.368,158280176925.073,223249988267.441,222424166595.653,168088620679.111,178340566180.23,186109725052.129,217953582338.746,220200384547.59,259384172818.113,253864583308.219,257052182218.316,265989346757.769,242877564842.629,222712633094.613,211436040446.136,227415846453.101,108359910395.103,176807952653.581,175418088256.785,0
Guyana,Djibouti,DJI,BN.GSR.GNFS.CD,0,0,0,0,0,0,0,0,0,0,0,0,0,0,0,0,0,0,0,0,0,0,0,0,0,0,0,0,0,0,0,-105519325.234497,-124875507.115085,-94254477.5237592,-69333393.352502,-60088565.7856978,-58625598.550537,-57837846.9623736,-66891363.4291953,-59182651.4593099,-84480731.0334738,-48519871.0338114,-30609775.9972091,-52239183.8893547,-87862436.0655184,-73238390.5109694,-118359676.121561,-274435772.924978,-337939804.52507,-178892758.874866,-72158045.4757739,-254719476.032658,-267002774.01095,-713348705.461296,444525061.908669,544986898.578778,-144419978.820093,-159431265.153819,374115601.227334,386005311.696423,270104485.554297,-323102109.486216,577744640.879616,607408270.386853,484898405.992768,0
Guyana,Dominica,DMA,BN.GSR.GNFS.CD,0,0,0,0,0,0,0,0,0,0,0,0,0,0,0,0,-5499736.26485802,-7200000,-10300000,-21000000,-39000000,-28700000,-18400000,-13700000,-22800000,-25200000,-7155555.55555555,-11207407.4074074,-20959259.2592593,-49007407.4074074,-44499999.9999999,-33855555.5555556,-27329629.6296296,-20522222.2222222,-22203703.7037037,-34807407.4074074,-42525925.9259259,-35696296.2962963,-20577777.7777778,-23788888.8888889,-47593973.0606244,-37695068.7032585,-21441284.0944218,-12495848.3194867,-26382710.8722601,-57797069.4964171,-38756989.9430189,-80378177.2375448,-122313009.632419,-105909580.703771,-93467008.1005515,-80419432.9222692,-98223564.3825134,-95614018.2732324,-66102855.9565207,-66194194.7127119,-68034258.7085718,-115047725.609502,-280820613.878302,-231777177.407407,-201406422.592593,-199472922.962963,-180340134.074074,-228346416.296296,-174779840.37037,0
Guyana,Denmark,DNK,BN.GSR.GNFS.CD,0,0,0,0,0,0,0,0,0,0,0,0,0,0,0,-240130247.059136,-1771039460.33194,-1559010104.54574,-1166519466.23918,-2018692313.16829,-734270148.675322,262063933.842199,78092703.9548,881699066.927045,552821842.623671,-71194452.663442,-743292495.608312,1341713162.57412,3078062108.64257,3356304753.70471,7486783173.7079,8591998596.69512,10404886684.9608,9815989882.35233,9035441696.77825,7794535103.80856,9263490304.50529,5685483097.60229,3318961697.94207,8238249083.8698,9299701472.77133,10431353547.0124,10023718626.993,13115565022.094101,12429897919.8375,14563595605.5605,11599960268.8373,9400458991.67581,12524865839.4842,14981861358.3544,21864529645.0916,21187880089.9659,18900122461.3089,21479964404.7038,22723676469.1254,19627489413.426,18830573676.9587,21511744736.7158,18190345911.6278,20729495551.1775,19989613947.3259,25059464447.7913,38306598514.2022,36773554593.4777,43868444203.5568,0
Guyana,Dominican Republic,DOM,BN.GSR.GNFS.CD,0,0,0,0,0,0,0,0,-66200000,-69700000,-107200000,-118000000,-30700000,-50300000,-186200000,1000000,-145800000,-169800000,-326000000,-349400000,-647400000,-305800000,-392800000,-335800000,-187000000,-237600000,-219800000,-388600000,-101900000,-463000000,-401500000,-351100000,-818300000,-729900000,-583900000,-406000000,-655600000,-719700000,-1434800000,-1302100000,-1887500000,-1676600000,-1915400000,93400000,338600000,-1267900000,-2578510000,-3384300000,-6283600000,-3821000000,-5526900000,-6016300000,-5536300000,-3743200000,-3290300000,-3096900000,-2619400000,-2049900000,-4062700000,-4016800000,-5412500000,-8089100000,-11668900000,-8659700000,-7581300000,0
Guyana,Algeria,DZA,BN.GSR.GNFS.CD,0,0,0,0,0,0,0,0,0,0,0,0,0,0,0,0,0,-1435820349.97679,-2589071838.06679,-246803577.980623,1816831490.13455,1781126363.37677,1477290255.70084,1468635148.98694,1572829658.7464,2180476550.37989,-1300848163.49388,1522761521.66181,68472692.639326,424784809.211557,3355174104.4059,4698239987.00797,0,0,0,0,0,0,0,0,0,0,0,0,0,24200999999.9989,31947000000.0015,30125606755.2431,32476308401.8163,-909806577.24988,9943077524.8936,17000013500.8074,12805677994.9307,2923291764.88608,-7677836862.53171,-25384908362.1845,-27449490180.5443,-22402635934.4411,-15701394555.1328,-15707643325.1665,-17445134687.8103,-2441125782.8098,22630482847.023,8327725513.58381,-1413907949.57206,0
Guyana,East Asia & Pacific (excluding high income),EAP,BN.GSR.GNFS.CD,0,0,0,0,0,0,0,0,0,0,0,0,0,0,0,0,0,0,0,0,0,0,0,0,0,0,0,0,0,0,0,0,0,0,0,0,0,0,0,0,0,0,0,0,0,0,0,0,0,0,0,0,0,0,0,0,0,0,0,0,0,0,0,0,0,0
Guyana,Early-demographic dividend,EAR,BN.GSR.GNFS.CD,0,0,0,0,0,0,0,0,0,0,0,0,0,0,0,0,0,0,0,0,0,0,0,0,0,0,0,0,0,0,0,0,0,0,0,0,0,0,0,0,0,0,0,0,0,0,0,0,0,0,0,0,0,0,0,0,0,0,0,0,0,0,0,0,0,0
Guyana,East Asia & Pacific,EAS,BN.GSR.GNFS.CD,0,0,0,0,0,0,0,0,0,0,0,0,0,0,0,0,0,0,0,0,0,0,0,0,0,0,0,0,0,0,0,0,0,0,0,0,0,0,0,0,0,0,0,0,0,0,0,0,0,0,0,0,0,0,0,0,0,0,0,0,0,0,0,0,0,0
Guyana,Europe & Central Asia (excluding high income),ECA,BN.GSR.GNFS.CD,0,0,0,0,0,0,0,0,0,0,0,0,0,0,0,0,0,0,0,0,0,0,0,0,0,0,0,0,0,0,0,0,0,0,0,0,0,0,0,0,0,0,0,0,0,0,0,0,0,0,0,0,0,0,0,0,0,0,0,0,0,0,0,0,0,0
Guyana,Europe & Central Asia,ECS,BN.GSR.GNFS.CD,0,0,0,0,0,0,0,0,0,0,0,0,0,0,0,0,0,0,0,0,0,0,0,0,0,0,0,0,0,0,0,0,0,0,0,0,0,0,0,0,0,0,0,0,0,0,0,0,0,0,0,0,0,0,0,0,0,0,0,0,0,0,0,0,0,0
Guyana,Ecuador,ECU,BN.GSR.GNFS.CD,0,0,0,0,0,0,0,0,0,0,0,0,0,0,0,0,102500000,-183300000,-475400000,-255500000,-58700000,-261700000,-202000000,751000000,810000000,1055000000,415000000,-260000000,456000000,552000000,743000000,299000000,702000000,-240150000,-282690000,-511730000,493900000,-52070000,-1694900000,1136430000,979312539.140001,-928173118.1172,-1617937928.18765,-663826215.734583,-669610264.431713,-371492821.663804,463666781.816421,451552040.976116,-22738574.844665,-1138206484.2441,-3026431427.88118,-1865315381.93032,-1344390024.3915,-1948121490.64921,-1234170107.13079,-2455040236.51185,442109248.232445,-663906292.316703,-1188301780.91643,-224252087.492411,2340037187.20662,915945850.996271,56544613.140314,400308786.62895,4499417656.66717,0
Guyana,"Egypt, Arab Rep.",EGY,BN.GSR.GNFS.CD,0,0,0,0,0,0,0,0,0,0,0,0,0,0,0,0,0,-1911552374.52,-2718851031.08535,-3563142862.23305,-2910857147.0155,-3869428576.95633,-3642000005.20287,-4192285720.27469,-6322571432.33483,-5381285714.28571,-4191999999.99999,-4094714285.71428,-5282857142.85709,-4801818181.81817,-4195500000,-2248000000,-2382000000,-3850000000,-3528000000,-3880000000,-4203000000,-6021400000,-8565000000,-6886100000,-6031000000,-4928900000,-3070500000,397900000,-399100000,-3610500000,-3872600000,-9298700000,-12461900000,-9233000000,-11031000000,-14328100000,-20199500000,-20530600000,-26829700000,-30369400000,-34677100000,-27349400000,-24708593000,-25428193000,-32380693000,-35699565000,-20848306000,-14047300000,-36004100000,0
Guyana,Euro area,EMU,BN.GSR.GNFS.CD,0,0,0,0,0,0,0,0,0,0,0,0,0,0,0,0,0,0,0,0,0,0,0,0,0,0,0,0,0,0,0,0,0,0,0,0,0,0,0,60002433630.5222,7216606539.3707,57838226680.0946,132119725760.678,138124835877.5,159718826097.642,106399015771.786,75348809179.0389,133661208992.71,27292202767.1877,121378590108.652,99337189995.814,112558825172.449,259558017896.615,340400130681.922,425752803060.681,462773150787.796,478906299233.258,525227577931.849,495417839697.647,413588217605.947,392547516574.415,479852805157.241,130078414465.116,415187177446.385,573106278422.739,0
Guyana,Eritrea,ERI,BN.GSR.GNFS.CD,0,0,0,0,0,0,0,0,0,0,0,0,0,0,0,0,0,0,0,0,0,0,0,0,0,0,0,0,0,0,0,0,-261469468.870773,-200123556.036743,-328410448.673378,-363260042.003952,-403265102.431968,-406580686.37395,-585472074.313481,-546526908.455518,-402025655.068729,0,0,0,0,0,0,0,0,0,0,0,0,0,0,0,0,0,0,0,0,0,0,0,0,0
Guyana,Spain,ESP,BN.GSR.GNFS.CD,0,0,0,0,0,0,0,0,0,0,0,0,0,0,0,-4490645954.62417,-4985991660.25523,-2878926354.02756,947431718.525009,317356389.363345,-5864272516.22569,-4496190326.26647,-3665235293.61116,-1577197352.67821,3179640063.87614,3412308494.07611,4655266431.51143,-291431443.7795,-4978925185.51358,-12771848313.7526,-17275201785.2476,-18426164798.9376,-17812850098.6919,-3454379110.95403,102136496.90562,-1090056713.7881,2884818093.28934,3828678156.63871,-1809459296.24757,-12145945295.458,-17647904513.2091,-14264830251.4435,-13965485132.9806,-20112962479.114,-39895434084.3072,-55618655786.2008,-72048676706.0731,-85667568352.245,-77685476626.7053,-13068614149.0513,-15210974656.7099,4404336584.53709,26847681559.5312,52139543021.8624,41989882719.6357,36343075303.3604,49525604695.837,48378026206.7495,39103466965.6774,41814797115.2323,19649900025.8494,14534303917.5323,12149032171.8074,63702074653.2855,74530227666.9209,0
Guyana,Estonia,EST,BN.GSR.GNFS.CD,0,0,0,0,0,0,0,0,0,0,0,0,0,0,0,0,0,0,0,0,0,0,0,0,0,0,0,0,0,0,0,0,-47663786.2781215,-69651739.8148342,-251338707.79534,-286902959.1932,-500553151.05008,-532703884.949501,-545748692.080777,-305426438.129406,-181799741.351092,-129877512.464851,-518537516.905182,-836603350.000957,-949700084.039493,-704594343.022983,-1728295835.70902,-1964475152.05379,-960636223.447727,989300275.811456,1245764979.1407,1350581522.01102,385668930.319678,587031990.853499,869128638.279324,830131194.372668,791515521.748717,925082311.247716,730118035.757671,1176418475.06335,-416310163.40625,-529296352.622591,-476277970.696319,350690236.524602,134741115.52874,0
Guyana,Ethiopia,ETH,BN.GSR.GNFS.CD,0,0,0,0,0,0,0,0,0,0,0,0,0,0,0,0,0,-139227053.207356,-201932367.24731,-181449275.449975,-313140096.769633,-329855072.623118,-349661835.917711,-423236715.180308,-447681159.509526,-489613526.570048,-483236714.975845,-588260869.565217,-614396135.265701,-408260869.565217,-674299516.908213,-319275362.318841,-923521062.801932,-528920000,-569489613.667524,-678068226.753693,-557902907.360203,-416859713.624458,-863459802.11281,-912500603.004009,-628714042.589757,-1171640698.83904,-969768539.527303,-1345579460.09095,-2043010904.09603,-2965204869.90006,-3077631352.34684,-4254883059.53455,-6102643089.70036,-5612921591.28204,-5270419046.40243,-5923027740.74004,-8135008994.69496,-8134766074.83561,-11818125908.6127,-13853596898.1746,-14091223544.3954,-12672570623.198,-12304551192.7013,-11639029638.8924,-9455071323.93282,-11363400666.232,-13216642105.2216,-12086017008.9182,0,0
Guyana,European Union,EUU,BN.GSR.GNFS.CD,0,0,0,0,0,0,0,0,0,0,0,0,0,0,0,0,0,0,0,0,0,0,0,0,0,0,0,0,0,0,0,0,0,0,0,0,0,0,0,0,0,0,0,0,0,0,0,0,0,0,0,0,0,0,0,0,0,0,0,0,0,0,0,0,0,0
Guyana,Fragile and conflict affected situations,FCS,BN.GSR.GNFS.CD,0,0,0,0,0,0,0,0,0,0,0,0,0,0,0,0,0,0,0,0,0,0,0,0,0,0,0,0,0,0,0,0,0,0,0,0,0,0,0,0,0,0,0,0,0,0,0,0,0,0,0,0,0,0,0,0,0,0,0,0,0,0,0,0,0,0
Guyana,Finland,FIN,BN.GSR.GNFS.CD,0,0,0,0,0,0,0,0,0,0,0,0,0,0,0,-1736165619.94702,-638897356.29418,506467704.015518,1324236403.37151,584485986.233526,-505003967.962733,665619171.794317,401022677.936607,164003189.455494,1245209510.38128,379048210.110759,976683996.210305,324345689.369862,-473916346.702975,-2370745702.51608,-2275912527.64529,-1145210129.37269,1088481865.41415,4224687220.80975,5877879139.73526,10267857857.3228,9626845550.5749,9948921881.08699,11421491117.1127,11074053262.7108,12972883672.4604,13763770099.4632,13426695709.6185,12281727582.4146,13386670377.7013,9696388683.17434,9064644965.01792,12350966281.6864,10382835457.0152,5354045954.93265,3384996534.34346,-2134164029.81601,-4055943974.95969,-2663826149.84197,-2806235858.40577,-933949094.19716,-2501201519.53423,1014994073.29316,-2291417637.93039,1792953973.24134,828465000.5328,108592733.40555,-5730842915.76031,55554193.51451,1245832772.34858,0
Guyana,Fiji,FJI,BN.GSR.GNFS.CD,0,0,0,0,0,0,0,0,0,0,0,0,0,0,0,0,0,0,0,-57900557.4473986,-42300115.7046312,-178405403.192258,-72486564.1280913,-60087294.2823046,-12035876.7103362,-4421118.79026812,2118520.94887072,32158002.9880145,45236583.1347485,26831460.6741574,-66513232.3067488,-48320719.4568832,-39454665.1149459,-121807656.759255,-60787159.5662939,-76297700.8769852,31924748.8063849,-20918835.6105078,-34376599.082284,19749952.4021071,-132989114.669313,-146677819.234425,-96107311.2502589,-159395341.831287,-347585387.304242,-284313205.91358,-549801675.099983,-446106772.1987,-589625236.505948,-290466410.886458,-199830957.181568,-221798950.69109,-121338442.958719,-529201389.565479,-297649060.425902,-165165713.090445,-191708790.325859,-265087976.148991,-432664838.940049,-569697168.20932,-747101832.430846,-1172500874.33141,-1057603378.32582,0,0,0
Guyana,France,FRA,BN.GSR.GNFS.CD,0,0,0,0,0,0,0,0,0,0,0,0,0,0,0,5224640222.46061,-1149036556.98026,1786599128.5837,9076970923.28324,6940828701.82359,-2718368612.81992,-2185369882.0678,-7643987880.97424,170696031.83757,4408261850.63534,4852844476.0093,8703260368.15091,2606972922.9412,3031316965.36855,3292588064.60403,2151443711.41902,6695752274.7736,21489459170.5193,24357080634.6992,25095487280.4917,28971201036.2201,31189392321.5964,43524973976.1098,42170696536.8382,37920062793.022,12920448306.6648,17867386311.9337,27607351106.5108,24042402513.7393,17355875954.8148,-283241312.9564,-8152873482.8608,-18508898565.2429,-41912581724.0709,-32833160279.7455,-43515092096.2023,-56663277933.5586,-37820646682.3386,-23354364363.2819,-28200678499.737,-9463888994.342,-12213190138.5204,-19613749658.1627,-28418466030.8179,-15554985769.9185,-45868544727.8588,-30254890619.4442,-70150448895.4289,-41937166656.0054,-3821737994.0982,0
Guyana,Faroe Islands,FRO,BN.GSR.GNFS.CD,0,0,0,0,0,0,0,0,0,0,0,0,0,0,0,0,0,0,0,0,0,0,0,0,0,0,0,0,0,0,0,0,0,0,0,0,0,0,29560000,-21900000,-81010000,-11090000.0000001,4990000,-159170000,-64615977.3244727,-172903385.676909,-200462975.244664,-370321691.324904,-219599538.245316,-159618567.795385,-85019084.659307,-130430094.804958,0,0,0,0,0,0,0,0,0,0,0,0,0,0
Guyana,"Micronesia, Fed. Sts.",FSM,BN.GSR.GNFS.CD,0,0,0,0,0,0,0,0,0,0,0,0,0,0,0,0,0,0,0,0,0,0,0,0,0,0,0,0,0,0,0,0,0,0,0,0,0,0,0,0,0,0,0,0,0,0,0,0,0,-163046000,-147969000,-162195900,-146114700,-132701600,-105076900,0,0,0,0,0,0,0,0,0,0,0
Guyana,Gabon,GAB,BN.GSR.GNFS.CD,0,0,0,0,0,0,0,0,0,0,0,0,0,0,0,0,0,0,342955861.72574,727100434.637603,933549862.942736,798398558.443723,681940766.980082,443991287.612589,403907329.532822,176845203.353656,-664037192.666034,-82984911.3888626,-193689256.322142,262532354.595294,918664517.285642,809267667.225817,795642325.915679,769522584.462776,981439826.182437,1222368541.44456,1688585468.23799,1282256762.90387,-26995426.8917661,1002242764.28938,1842798766.08088,1224852434.54511,947929960.042929,1468493701.12259,2073131728.77491,3209590992.32943,0,4131205893.95014,5460105498.17715,2390236893.99289,4416815244.23446,4261865317.20349,3999940172.41057,2879762553.9664,2204528794.45527,340696876.815891,0,0,0,0,0,0,0,0,0,0
Guyana,United Kingdom,GBR,BN.GSR.GNFS.CD,0,0,0,0,0,0,0,0,0,0,976799219.928133,1855091507.83698,-285446497.453849,-4575450167.24174,-9991158711.28969,-4370521412.33688,-2740705893.42899,1652748168.21366,4062834504.03801,1330707128.9274,11871974873.7223,14663476801.7272,8474568900.9333,3423207216.60918,-1513312661.84175,4394278996.3691,-4959748573.50266,-8092381167.58446,-30349025915.158,-34627367841.3538,-24863350099.978,-10890061878.6002,-13628007847.2967,-9577637335.35282,-6980831142.06133,-4886522252.2228,-3662771031.52327,2898078057.98985,-11830609610.175,-17190105957.2593,-19772180734.9836,-28424683613.5515,-42325996544.2745,-43637844626.19,-55764002611.4394,-54361679069.3336,-50957936991.045,-59999761250.0614,-52184375242.9011,-30179304571.7578,-38934535218.985,-21211673603.3352,-26805596415.6063,-39792666336.3403,-59357376064.4184,-44424260097.0148,-50798842587.0321,-35924431558.9294,-39577861194.8046,-39829637744.0492,13846959465.6454,-6976068153.1843,-58861789738.0603,-36248439029.8636,-41224292469.818,0
Guyana,Georgia,GEO,BN.GSR.GNFS.CD,0,0,0,0,0,0,0,0,0,0,0,0,0,0,0,0,0,0,0,0,0,0,0,0,0,0,0,0,0,0,0,0,0,0,0,0,0,-838100000,-674500000,-541000000,-463092788.25,-445748145.38,-443707082.69,-573281400.06,-846057003.48,-1115393322.21,-1876372880.54,-2716420112.73,-3812210232.44,-2065071548.1,-2079760021.4,-2745905483.83,-3117974693.26,-2089933391.945,-2979689101.23,-2547799840,-2310734036.03,-1784877513.46,-1871976601.56,-1615848784.48,-3040800416.16,-3064983354.62,-2425614320.72,-2642956941.05,-2691078877.2,0
Guyana,Ghana,GHA,BN.GSR.GNFS.CD,0,0,0,0,0,0,0,0,0,0,0,0,0,0,0,9391356.0001329,-59043803.000175,-103391778.220753,-76832751.728887,98663332.0000005,32100000,-419800000,-106008912.000092,-157100000,-86300000,-166000000,-171720000,-295300000,-303700000,-398400000,-522300000,-554552000,-741100000,-965000000,-615500000,-537700000,-648650000,-957664000,-1119330000,-1452600000,-909624210.592011,-1175757882.44416,-757841454.6132,-962242396.544134,-1972288288.77,-2711715520.85246,-3176972981.76184,-4060700855.37747,-5495934199.0544,-3379970000,-4487950000,-4908642718.75231,-5187075383.07456,-6292080667.5828,-3985638963.27983,-4310463630.59344,-3066606286.82657,-1685930000,-705801830.22405,-1315920187.07099,-2468297849.29805,-1215544536.6765,-141740240.8012,-697637190.45861,1548721384.64429,0
Guyana,Gibraltar,GIB,BN.GSR.GNFS.CD,0,0,0,0,0,0,0,0,0,0,0,0,0,0,0,0,0,0,0,0,0,0,0,0,0,0,0,0,0,0,0,0,0,0,0,0,0,0,0,0,0,0,0,0,0,0,0,0,0,0,0,0,0,0,0,0,0,0,0,0,0,0,0,0,0,0
Guyana,Guinea,GIN,BN.GSR.GNFS.CD,0,0,0,0,0,0,0,0,0,0,0,0,0,0,0,0,0,0,0,0,0,0,0,0,0,0,2150000,63970000,-176960000,-92090000,-124340000,-210910000,-254030000,-169560000,-382850000,-310842000,-186842000,-93327000,-150916350,-197240780,-137665627.463024,-46985382.8452567,-200091000,-208600673.164596,-152720000,-101860000,-159920000,-260850000,-365490000,-268840000,-266830000,-1167460000,-1049090000,-872480000,-787280807.136714,-835638792.245089,-2670967516.5617,407430000,-104590000,-279370000,2682530000,4912760000,3149560000,3374240000,1487510000,0
Guyana,"Gambia, The",GMB,BN.GSR.GNFS.CD,0,0,0,0,0,0,0,0,0,0,0,0,0,0,0,0,0,0,-56536145.706842,-59007131.8098903,-117746670.855687,-92529774.1562197,-45402724.4198731,-35632875.1587497,-5616538.55189189,-7296076.202468,-8993539.35290424,-15881205.2366646,-8881371.6558788,-9305627.76961126,-25008274.5962176,-30758693.2267803,-17343181.6900519,-50888594.8739644,-32916670.7608577,-54730250.0390775,-73205808.0049411,-51441316.3183606,0,0,0,0,0,-26001227.5748095,-69139882.7287083,-82954918.3856064,-115346815.377119,-108271606.444823,-40798052.8456295,-67247198.3597225,-52049381.4452786,-118898397.44442,-124718334.169732,-102691485.299838,-178863910.267865,-184412757.830034,-185187985.79074,-282514938.533408,-329207868.72397,-280340312.08944,-515297713.074472,-583577630.14394,-562139048.56999,-635696873.740401,-710819730.024634,0
Guyana,Guinea-Bissau,GNB,BN.GSR.GNFS.CD,0,0,0,0,0,0,0,0,0,0,0,0,0,0,0,0,0,0,0,0,0,0,-57700000,-56300000,-55900000,-66500000,-55900000,-44600000,-60100000,-75651000,-62072000,-61377000,-93043000,-49239000,-42090000,-59660000,-57480000,-31780000,0,0,0,-24634449.3854477,-25100855.2359194,-30504112.9144047,-43727738.5098216,-52876937.457928,-89058865.608796,-95710599.1023796,-112071251.325912,-134441138.87324,-128540778.594605,-57273428.1884633,-101225726.050187,-79124579.0563975,-117763772.439757,-49268060.3000329,-56490909.2136088,-71545590.4533737,-78704651.6167679,-210399578.138755,-206849939.134919,-183258031.657011,-297833123.442601,-307595623.2759,0,0
Guyana,Equatorial Guinea,GNQ,BN.GSR.GNFS.CD,0,0,0,0,0,0,0,0,0,0,0,0,0,0,0,0,0,0,0,0,0,0,0,0,0,0,0,-43958045.8844532,-54675499.0328668,-36290591.8704444,-46612711.4539904,-65496446.2870408,-33488003.6890626,-19508227.4280513,4592900.63638322,-102001724.05245,-296425138.512624,0,0,0,0,0,0,0,0,0,0,0,0,0,0,0,0,0,0,0,0,0,0,0,0,0,0,0,0,0
Guyana,Greece,GRC,BN.GSR.GNFS.CD,0,0,0,0,0,0,0,0,0,0,0,0,0,0,0,0,-1608000000,-1841000000,-1774000000,-2878000000,-3023000000,-3104000000,-2901000000,-2824000000,-2807000000,-3814000000,-2736000000,-2829000000,-3097000000,-4914000000,-6546000000,-5992700000,-6565000000,-5806000000,-5834000000,-9188000000,-10395000000,-10738000000,0,-10694251751.7882,-12284230677.9712,-11223539207.7796,-11147091802.6451,-12580761258.1434,-12569191035.8461,-15079881453.3181,-24897011117.9851,-34234036426.2002,-39459031377.9514,-25077520775.813,-20250975319.8242,-17349218680.8901,-5996099810.51031,-6744497465.67563,-5246311025.79856,-1220057196.83558,-1713491791.60504,-1656289642.80928,-3935248275.21289,-2008001793.22068,-12736823985.0859,-16011319345.703,-21630962871.0373,-12016810527.7156,-13984812964.841,0
Guyana,Grenada,GRD,BN.GSR.GNFS.CD,0,0,0,0,0,0,0,0,0,0,0,0,0,0,0,0,0,-4033333.33333333,-6651851.85185185,-14511111.1111111,-21859259.2592593,-31759259.2592593,-39600000,-35800000,-29700000,-33737037.037037,-30659259.2592593,-35314814.8148148,-33703703.7037037,-43296296.2962963,-45707407.4074074,-52481481.4814815,-39059259.2592593,-48892592.5925926,-35148148.1481481,-45444444.4444444,-62477777.7777778,-73662962.962963,-87451851.8518519,-48270370.3703704,-85947834.3994454,-88040259.1836619,-91575117.8688982,-123987117.171396,-147598158.578154,-228164326.759475,-208432962.204906,-154440227.719041,-155695469.71661,-69954486.4394536,-84816776.6013315,-72375901.6706558,-38902159.9094096,-53043645.1949796,7997856.3268774,21948446.6162862,18122335.3735044,-5165241.445454,-25475414.5156899,-15451546.6666667,-116105777.407407,-83998147.7777778,-78826956.2962964,-96159220.3703703,-131638555.555556,0
Guyana,Greenland,GRL,BN.GSR.GNFS.CD,0,0,0,0,0,0,0,0,0,0,0,0,0,0,0,0,0,0,0,0,0,0,0,0,0,0,0,0,0,0,0,0,0,0,0,0,0,0,0,0,0,0,0,0,0,0,0,0,0,0,0,0,0,0,0,0,0,0,0,0,0,0,0,0,0,0
Guyana,Guatemala,GTM,BN.GSR.GNFS.CD,0,0,0,0,0,0,0,0,0,0,0,0,0,0,0,0,0,-104800000,-368600000,-334900000,-229000000,-577900000,-348200000,-141800000,-199500000,-95900000,121700000,-456500000,-462000000,-437500000,-244200000,-340600000,-955400000,-946500000,-943900000,-904200000,-743600000,-1001500000,-1560700000,-1536300000,-1705300000,-2165258471.05178,-2892758264.46018,-3183177951.4661,-3875800000,-4332400000,-5111800000,-5797000000,-5983765870,-3816491970,-4746617860,-5432776290,-6504976940,-6714855160,-6707931330,-6358444100,-5854835050,-6499967660,-7819058970,-7928956720,-6553973700,-12097075400,-15802859900,-15714315680,-17579310780,0
Guyana,Guam,GUM,BN.GSR.GNFS.CD,0,0,0,0,0,0,0,0,0,0,0,0,0,0,0,0,0,0,0,0,0,0,0,0,0,0,0,0,0,0,0,0,0,0,0,0,0,0,0,0,0,0,0,0,0,0,0,0,0,0,0,0,0,0,0,0,0,0,0,0,0,0,0,0,0,0
Guyana,Guyana,GUY,BN.GSR.GNFS.CD,0,0,0,0,0,0,0,0,0,0,0,0,0,0,0,0,0,-71960784.3419452,196078.4314503,-48901960.8034908,-85137254.9353482,-129137777.823693,-84600000.0282003,-99000000.0330001,-54572905.9022518,-51083585.8711673,0,0,0,0,0,0,-94968000,-101075000,-80755000,-79155000,8800000,-17000000,-39900000,-27500000,-71100000,-76000000,-47300000,-32600000,-54488600,-224474000,-327928000,-407615000,-635404841.447147,-513328342.049143,-629887423.13202,-777599521.10006,-809852522.182617,-837792301.576263,-869454097.71007,-480027711.028642,-174021504.037131,-357561696.519054,-1708802949.92156,-3468856512.82169,-1173459763.74817,-1994360918.35355,4484833050.70956,2782729270.79035,0,0
Guyana,High income,HIC,BN.GSR.GNFS.CD,0,0,0,0,0,0,0,0,0,0,0,0,0,0,0,0,0,0,0,0,0,0,0,0,0,0,0,0,0,0,0,0,0,0,0,0,0,0,0,0,0,0,0,0,0,0,0,0,0,0,0,0,0,0,0,0,0,0,0,0,0,0,0,0,0,0
Guyana,"Hong Kong SAR, China",HKG,BN.GSR.GNFS.CD,0,0,0,0,0,0,0,0,0,0,0,0,0,0,0,0,0,0,0,0,0,0,0,0,0,0,0,0,0,0,0,0,0,0,0,0,0,0,905448442.07262,8557595861.11339,7566240165.08163,7945531725.00263,13569139873.7702,14685857314.1062,14729997088.653,22194383629.1008,21593613023.4157,22595345937.274,22326049073.8159,16850331869.7342,13434834429.6477,9562795338.19198,2973360215.27029,1658732094.6468,598619137.95912,7393299599.96328,7327348873.28332,3429559927.81999,-765449570.41404,5667629956.78216,6664182475.8456,20534613690.601,14701762132.2624,2245577902.29242,16590089248.5485,0
Guyana,Honduras,HND,BN.GSR.GNFS.CD,0,0,0,0,0,0,0,0,0,0,0,0,0,0,-123949999.974313,-101750000,-60900000,-74850000,-90200000,-93650000,-186400000,-178700000,-58000000,-113600000,-220600000,-177600000,-66400000,-123680000,-115050000,-125300000,-94300000,-123600000,-192100000,-274300000,-318200000,-217500000,-331900000,-319900000,-392300000,-781600000,-830947357.1642,-935871539.462411,-826672079.117501,-1182153838.4937,-1497531392.96595,-1725846067.60987,-2317433627.02835,-3392193628.73165,-4582491848.57541,-2563180428.01604,-2835884508.34842,-3572318710.69419,-3602944164.49666,-3814791368.69086,-3404150015.63264,-3394077720.60967,-3177734390.81037,-3528273160.7665,-4880010081.50178,-4581924949.78827,-3671066028.01901,-6817182339.93962,-8590897456.68367,-8121542677.21306,-8882868705.35846,0
Guyana,Heavily indebted poor countries (HIPC),HPC,BN.GSR.GNFS.CD,0,0,0,0,0,0,0,0,0,0,0,0,0,0,0,0,0,0,0,0,0,0,0,0,0,0,0,0,0,0,0,0,0,0,0,0,0,0,0,0,0,0,0,0,0,0,0,0,0,0,0,0,0,0,0,0,0,0,0,0,0,0,0,0,0,0
Guyana,Croatia,HRV,BN.GSR.GNFS.CD,0,0,0,0,0,0,0,0,0,0,0,0,0,0,0,0,0,0,0,0,0,0,0,0,0,0,0,0,0,0,0,0,0,428949821.600208,349535864.933269,-2180537358.18667,-1908337957.91164,-3359038637.24735,-1994802426.68471,-1634724463.27361,-981083212.222777,-1193518726.62775,-2488612765.41251,-3645351298.41863,-3598621897.40381,-4026839892.96346,-4228998809.10358,-5055607239.7718,-7067849448.62634,-3409457894.69465,-1141232642.89112,-974761970.060882,143883797.617261,-1168320592.90782,-235608383.279655,135058723.994966,670027610.234444,597359197.6782,-635942869.084438,-285756867.424282,-3949842622.79086,-1890863158.29718,-4862008577.20515,-1746312309.77123,-3259264201.42483,0
Guyana,Haiti,HTI,BN.GSR.GNFS.CD,0,0,0,0,0,0,0,0,0,0,0,-10840000.002168,-15939941.2619234,-17979999.987934,-38859967.7781539,-53500000.0107,-70760000.014152,-88960000.017792,-97860000.019572,-115020000.023004,-175280000.035056,-275080000.055016,-196200000.03924,-207380000.041476,-207920000.017326,-219900000,-181420000,-181300000,-206120000,-211360000,-196600000,-307720000,-135840000,-174630000,-168390000,-609300000,-590310000,-512000000,-566740000,-720860000,-865020000,-871670000,-828940000,-947150000,-1048950000,-1247800000,-1452450000,-1605260000,-1936578267.73285,-1770211782.01867,-3270936821.80475,-3121749423.14127,-2867509299.48497,-2875659169.68821,-3091189340.75035,-2743160952.81264,-2623479470.87922,-3161714014.24954,-3637910897.67124,-3099262379.12064,-3159219178.16332,-3776202635.23933,-4095458391.29357,-4208501041.89886,0,0
Guyana,Hungary,HUN,BN.GSR.GNFS.CD,0,0,0,0,0,0,0,0,0,0,0,0,0,0,0,0,0,0,0,0,0,0,519047625.561697,537998155.675158,822963834.760085,347031289.281197,-449007956.205414,246026543.232327,402989626.561161,675901010.177678,1018695669.14555,892199274.278595,753482565.482351,-3804941625.94471,-3557049002.99648,-53166840.743951,337291500.397754,627305660.595675,-761066372.881452,-1453683693.08902,-1757835489.2671,-611266659.179652,-1036386465.22009,-3299924957.38735,-3324647506.35355,-1161064741.79929,-1071137191.19014,682363947.07277,-31815533.00822,4537607199.28512,6151603581.22578,8063829114.76406,7681243577.10264,8545166611.17727,8056428130.80146,9498937690.29104,10668691941.1166,9266399894.73423,6672967934.7129,3687951612.76699,3028798451.44646,331813859.95446,-8282168971.72719,9841655357.29583,12425921823.25,0
Guyana,IBRD only,IBD,BN.GSR.GNFS.CD,0,0,0,0,0,0,0,0,0,0,0,0,0,0,0,0,0,0,0,0,0,0,0,0,0,0,0,0,0,0,0,0,0,0,0,0,0,0,0,0,0,0,0,0,0,0,0,0,0,0,0,0,0,0,0,0,0,0,0,0,0,0,0,0,0,0
Guyana,IDA & IBRD total,IBT,BN.GSR.GNFS.CD,0,0,0,0,0,0,0,0,0,0,0,0,0,0,0,0,0,0,0,0,0,0,0,0,0,0,0,0,0,0,0,0,0,0,0,0,0,0,0,0,0,0,0,0,0,0,0,0,0,0,0,0,0,0,0,0,0,0,0,0,0,0,0,0,0,0
Guyana,IDA total,IDA,BN.GSR.GNFS.CD,0,0,0,0,0,0,0,0,0,0,0,0,0,0,0,0,0,0,0,0,0,0,0,0,0,0,0,0,0,0,0,0,0,0,0,0,0,0,0,0,0,0,0,0,0,0,0,0,0,0,0,0,0,0,0,0,0,0,0,0,0,0,0,0,0,0
Guyana,IDA blend,IDB,BN.GSR.GNFS.CD,0,0,0,0,0,0,0,0,0,0,0,0,0,0,0,0,0,0,0,0,0,0,0,0,0,0,0,0,0,0,0,0,0,0,0,0,0,0,0,0,0,0,0,0,0,0,0,0,0,0,0,0,0,0,0,0,0,0,0,0,0,0,0,0,0,0
Guyana,Indonesia,IDN,BN.GSR.GNFS.CD,0,0,0,0,0,0,0,0,0,0,0,0,0,0,0,0,0,0,0,0,0,2257000000,-2465000000,-2802000000,2038000000,1531000000,-954000000,1299000000,2441000000,3100000000,1784000000,1059000000,2313000000,2344000000,1282000000,-1538000000,-2592000000,409000000,10819614426.8351,12865957536.7369,14619057986.5737,12316401091.3043,13131270332.3864,12455540664.1548,11341399488.3913,8411220328.28875,19786001791.3359,20911715981.289,9917758527.08661,21191036277.8746,21212148895.5807,24021724758.5102,-1884415529.3462,-6237109751.68575,-3027125054.37998,5351899012.23087,8234324959.97201,11434768728.767,-6713373307.24594,-4133324477.52497,18545794316.1108,29207502575.0115,42715082770.478,28593267733.9316,21215765587.5967,0
Guyana,IDA only,IDX,BN.GSR.GNFS.CD,0,0,0,0,0,0,0,0,0,0,0,0,0,0,0,0,0,0,0,0,0,0,0,0,0,0,0,0,0,0,0,0,0,0,0,0,0,0,0,0,0,0,0,0,0,0,0,0,0,0,0,0,0,0,0,0,0,0,0,0,0,0,0,0,0,0
Guyana,Isle of Man,IMN,BN.GSR.GNFS.CD,0,0,0,0,0,0,0,0,0,0,0,0,0,0,0,0,0,0,0,0,0,0,0,0,0,0,0,0,0,0,0,0,0,0,0,0,0,0,0,0,0,0,0,0,0,0,0,0,0,0,0,0,0,0,0,0,0,0,0,0,0,0,0,0,0,0
Guyana,India,IND,BN.GSR.GNFS.CD,0,0,0,0,0,0,0,0,0,0,0,0,0,0,0,-500017600.21568,702501190.097606,962429102.009108,-832488641.162021,-2258339165.54286,-5653548460.78432,-6162724658.73907,-5358708521.53588,-4512606726.85855,-4434193036.7907305,-6134931259.68047,-6155516301.44596,-7042634826.62408,-8111530902.40676,-7844247653.11582,-6615557120.09499,-4011561595.14453,-4712170094.93306,-3482052608.17944,-6311718422.51494,-10211864221.3869,-13984314681.2341,-13360131754.4659,-13601016314.3159,-11441228840.35,-13143494265.9043,-9180938408.72283,-5122207191.98702,-8164091361.14741,-14960253367.7106,-27276336270.9111,-31769964257.3651,-38703712438.7177,-74360043516.2859,-67410018791.4033,-91023662478.7202,-106686782608.974,-136063399026.174,-92135051692.141,-67969807623.7704,-63249171394.8494,-41579206265.0142,-72211612625.3397,-105917684940.611,-73451671322.5905,-8342168263.9965,-74039374427.9022,-134660965222.853,-86336940338.2707,-101554029010.859,0
Guyana,Not classified,INX,BN.GSR.GNFS.CD,0,0,0,0,0,0,0,0,0,0,0,0,0,0,0,0,0,0,0,0,0,0,0,0,0,0,0,0,0,0,0,0,0,0,0,0,0,0,0,0,0,0,0,0,0,0,0,0,0,0,0,0,0,0,0,0,0,0,0,0,0,0,0,0,0,0
Guyana,Ireland,IRL,BN.GSR.GNFS.CD,0,0,0,0,0,0,0,0,0,0,0,0,0,0,0,0,0,0,0,0,0,0,0,0,0,0,0,0,0,0,0,0,0,0,0,0,0,0,0,0,0,0,0,0,0,23568794531.6351,22888761351.9058,25499501757.0593,23713273170.1522,35648697991.4302,38453010693.2177,48813620873.011,39254072935.0494,47915777018.5939,50785853502.58,89757642558.2461,57046573634.8298,84190507317.3619,117584828243.654,20224413087.4171,92440995946.6744,222321232299.783,226351448198.918,181476445584.564,0,0
Guyana,"Iran.",IRN,BN.GSR.GNFS.CD,0,0,0,0,0,0,0,0,0,0,0,0,0,0,0,0,7737000000,2856000000,-201000000,11540000000,-3042000000,-4066000000,5348000000,-253000000,-865000000,-769000000,-5454000000,-2230000000,-2010000000,-2939000000,-2551000000,-11576000000,-8630000000,-5723000000,4029000000,3840000000,5179000000,2079000000,-2135000000,6356000000,12224000000,0,0,0,0,0,0,0,0,0,0,0,0,0,0,0,0,0,0,0,0,0,0,0,0,0
Guyana,Iraq,IRQ,BN.GSR.GNFS.CD,0,0,0,0,0,0,0,0,0,0,0,0,0,0,0,0,0,0,0,0,0,0,0,0,0,0,0,0,0,0,0,0,0,0,0,0,0,0,0,0,0,0,0,0,0,-2044100000,6689000000,18966800000,27891200000,-2225200000,7402400000,30749000000,33594000000,22018282324.13,20322000000,-1789014222.13,2713640000,15149856000,35054700000,16620400000,-4198700000,27553600000,57917300000,26672686393.31,0,0
Guyana,Iceland,ISL,BN.GSR.GNFS.CD,0,0,0,0,0,0,0,0,0,0,0,0,0,0,0,0,29400000,10200000,91800000,64800000,36900000,-8300000,-120000000,82200000,22800000,31100000,176400000,-20100000,-18000000,156300000,83430446.1063821,-79333014.50282,2192193.872704,190173218.513954,313742795.481445,245049970.045878,37655630.5934246,36002539.9511738,-368288735.524052,-403170878.658511,-617467986.580397,-89616403.505695,146668727.986714,-343251512.663181,-777489314.860014,-1976306948.76101,-2924139980.16283,-1961305703.27408,-637429123.582439,1055741552.91162,1367149084.53207,1202277150.73522,892978425.516664,1293931187.81253,1176509122.01478,1374645174.695,1555184857.48078,1258670942.57889,1077966037.36487,1404577729.56517,-75589769.346321,-394905604.593363,107289837.780682,301487007.799373,-352775323.772743,0
Guyana,Israel,ISR,BN.GSR.GNFS.CD,-305000000,-396000000,0,0,0,-456000000,-389000000,-465000000,-525000000,-738000000,-1087000000,-1142000000,-987000000,-2448000000,-2983000000,-3480000000,-2684000000,-1994000000,-2607000000,-3062000000,-2843000000,-3538300000,-3180200000,-3298100000,-2567000000,-1628500000,-1460000000,-3298700000,-2593100000,-1832900000,-2916000000,-5367800000,-4501900000,-6037300000,-6496800000,-7808400000,-7915600000,-5387100000,-2999200000,-3056600000,-203100000,-3165900000,-3513500000,-1027000000,135600000,-150100000,336000000,-1438600000,-1134900000,5360500000,4601500000,-393500000,-261800000,5543900000,4919500000,9472000000,6004200000,6855000000,3124800000,7278400000,12740700000,13407500000,11019200000,14206300000,12810200000,0
Guyana,Italy,ITA,BN.GSR.GNFS.CD,0,0,0,0,0,0,0,0,0,0,107680159.89232,811921589.513574,967058287.774415,-3328110291.39531,-7884887332.49248,-483144173.437663,-2741198142.21769,2216658010.91719,6178264390.36804,3805769085.2366,-12956080101.18,-9344323403.02935,-5696862256.04271,1877822085.63663,-1849362427.58583,-1954095748.03319,8469745735.80438,3607682228.02249,223324254.28476,-1994927194.35404,1461264916.58427,105589450.92382,174993071.02265,32207609508.2743,36945252882.4425,45325897739.875,62155136415.2245,47619296427.0847,39886976511.7094,21283617653.3336,9333284879.73141,13835427119.0986,9203889112.40754,6874316557.88138,9690602868.18181,-3242154509.71725,-17269793364.7159,-8130159638.9672,-18314564627.7725,-11245703356.1903,-38733375693.0732,-29571251353.2195,23450864653.0484,50079699804.1508,60112847272.8695,52526869354.6475,59977581596.7032,53893821749.4434,50617035662.4632,67357784672.6455,69265580610.0111,44797022837.1567,-38435469002.8408,34664668377.2501,61620081677.9415,0
Guyana,Jamaica,JAM,BN.GSR.GNFS.CD,0,0,0,0,0,0,0,0,0,0,0,0,0,0,0,0,-235300000,31300000,66700000,-52000000,-44700000,-298900000,-378500000,-301700000,-186400000,-241000000,94200000,30400000,-139200000,-434500000,-173000000,-69800000,-35000000,-377910000,-26300000,-335200000,-541500000,-665100000,-653700000,-531100000,-838300000,-1235100000,-1555635000,-1391056367.27278,-1365268208.68813,-1973546537.94346,-2315799601.46387,-3416441707.94729,-4374789039.06333,-2318012641.57243,-2449403098.03721,-3541151131.14738,-3327364252.56853,-3181127085.86494,-3051487394.97015,-2296499439.40425,-1837864661.5875,-2357736829.66205,-2090909129.16261,-2277619516.71902,-2663823121.73062,-3004608495.85861,-3302861296.59063,-2590755238.82016,-2400772586.96648,0
Guyana,Jordan,JOR,BN.GSR.GNFS.CD,0,0,0,0,0,0,0,0,0,0,0,0,-214759762.98906,-244087372.991584,-350210862.384551,-562241044.103424,-744013255.918511,-959770210.688483,-1119891306.36454,-1611339531.74241,-1652370330.54965,-2308152626.88924,-2391820851.04052,-2155056602.36291,-1919955270.24324,-1757678736.83417,-1518076283.99433,-1473602454.3704,-1331132245.52556,-597098146.496417,-1057576465.54587,-943964083.090545,-1655213821.88733,-1672340504.99393,-1410120691.61033,-1424008291.76841,-1752609308.88576,-1613399153.73766,-1560225669.95769,-1456417489.42172,-2256768734.10437,-2245311306.57059,-1831623568.03474,-2137408095.90973,-3408385738.18054,-5145482725.34556,-5029732778.56136,-6313059604.6278,-6529453560.05693,-5397612676.05634,-5489577464.78873,-7557323943.66198,-8668169014.08451,-9944366197.18309,-9460140845.07041,-8655633802.8169,-8292112676.05634,-8735492957.74648,-7823098591.5493,-5793422535.21127,-7979752112.67605,-9451830985.91549,-9275352112.67606,-6801971830.98592,-7712253521.12677,0
Guyana,Japan,JPN,BN.GSR.GNFS.CD,0,0,0,0,0,0,0,0,0,0,0,0,0,0,0,0,0,0,0,0,0,0,0,0,0,0,0,0,0,0,0,0,0,0,0,0,21309371596.649,47450014246.5316,72968602319.8624,69164578262.6968,69091201723.8881,26480675041.2365,51601038995.8407,72487452621.7708,94230374346.5512,69911671152.1861,63045444315.0606,83502740418.5949,17341178492.6405,23251948662.5674,78197081417.2456,-39544359231.2282,-101198487543.672,-125128284733.983,-128605076447.102,-23275907631.1959,40443851155.2429,37636176718.9342,1405006849.0526,-8615189108.462,-7597675867.0135,-21810914913.444,-157922697027.439,-72876655744.3752,-42600298380.2384,0
Guyana,Kazakhstan,KAZ,BN.GSR.GNFS.CD,0,0,0,0,0,0,0,0,0,0,0,0,0,0,0,0,0,0,0,0,0,0,0,0,0,0,0,0,0,0,0,0,0,0,0,-126600000,-589000000,-558900000,-1051000000,172000000,1256354847.95967,-533514773.947675,-153214258.791614,1496098062.27504,3544189463.7045,6322004051.71502,9734725344.18396,10388580329.965,21722847597.8088,13012350650.8921,22543014687.3273,42077753327.7535,31304963815.1314,30420332103.2403,20809092206.124,2938881197.60969,6657846380.33749,14815137351.4283,19276723811.6837,14634103953.348,2771607555.29577,22128581996.022,33382483021.9538,18203244982.1471,16382793233.8426,0
Guyana,Kenya,KEN,BN.GSR.GNFS.CD,0,0,0,0,0,0,0,0,0,0,0,0,0,0,0,-175945251.817231,3226907.1472634,119373254.181895,-563951846.166763,-401856288.940807,-839062355.34332,-575407677.197497,-258003675.971049,-43270801.8519645,-101083157.725384,-60917289.0088309,-4437393.4627997,-426084265.745067,-460525945.083985,-643675851.542676,-476548601.120383,-130246378.005806,-21696732.0396687,-1296327284.10629,-1453451893.3539,-2395870743.78202,-2000541131.73102,-2970948723.01666,-4064850081.25341,-4119475591.48757,-987045307.056151,-1036959028.42705,-651650569.832691,-649327981.086305,-1007314078.38763,-1396557727.51619,-2225255504.46471,-2996249357.82223,-4268637872.35773,-3916539738.28787,-4548264829.46378,-6360159023.3274,-6710123651.45399,-7318068648.68627,-9035535132.25669,-7061068458.4589,-6258681910.57285,-8631668533.27337,-8603298972.28314,-8937167193.20539,-7566472427.12068,-9634804784.26093,-9569380037.10955,-7879556656.00248,-7286351043.3329,0
Guyana,Kyrgyz Republic,KGZ,BN.GSR.GNFS.CD,0,0,0,0,0,0,0,0,0,0,0,0,0,0,0,0,0,0,0,0,0,0,0,0,0,0,0,0,0,0,0,0,0,-149128000,-124588000,-277981000,-469238000,-141433000,-333505457.676387,-178190622.864451,-81431570.3227834,-10874448.1416813,-78193781.96978,-134184764.262288,-183454392.47873,-449548169.479397,-967418638.09730506,-1195504624.43461,-1982519089.12262,-1227974555.58166,-1534283797.18631,-1656613019.86043,-2917630516.89051,-2824203575.16016,-3169531477.13418,-2422081515.14236,-2339826753.14385,-2502182816.81419,-3126812246.84984,-2562487005.2788,-1615431956.90655,-2636032232.41209,-7027242104.26164,0,0,0
Guyana,Cambodia,KHM,BN.GSR.GNFS.CD,0,0,0,0,0,0,0,0,0,0,0,0,0,0,0,0,0,0,0,0,0,0,0,0,0,0,0,0,0,0,0,0,-192800000,-243998000,-339600000,-405500000,-480200000,-355600000,-406960201.620193,-459298865.334548,-437693298.434776,-345516600.775898,-362074311.792298,-467199795.046385,-390066228.005889,-533988077.71410203,-558177789.383339,-652116570.226236,-956406008.966637,-859163588.45271,-1674511916.47717,-1764889739.1141,-1927523603.86087,-1932612476.26817,-2126397118.17364,-2236506647.05702,-2244081820.13337,-2414809586.58477,-3448790454.64354,-4443118496.52217,-2267979722.06165,-12637667294.723,-9261970319.21556,-1668160812.23953,-2610776132.74346,0
Guyana,Kiribati,KIR,BN.GSR.GNFS.CD,0,0,0,0,0,0,0,0,0,0,0,0,0,0,0,0,0,0,0,4061964.90274763,-22084970.3048677,-26963464.5021522,-25554264.9278839,-18089845.6462974,-11548730.7222372,-17294564.2024361,-18536416.351642,-24050889.9438446,-25701840.6266074,-27284588.7621612,-35244342.5609587,-27567547.5671322,-37271003.648764,-29703650.310086,-20796185.4650671,0,0,0,0,0,0,0,0,0,0,0,-82729603.8857814,-90093150.1476165,-98821582.439446,-97231145.0692002,-103518494.461425,-131487736.273245,-146136824.00341,-151874727.242513,-159903554.35598,-156193181.730479,-161482389.696167,-165762053.960004,-151369620.262046,-144633338.514284,-127542338.760614,-191229247.994314,-251424746.809928,-276525125.91456,-319296500.774961,0
Guyana,St. Kitts and Nevis,KNA,BN.GSR.GNFS.CD,0,0,0,0,0,0,0,0,0,0,0,0,0,0,0,0,0,0,0,0,-14418518.5185185,-16351851.8518519,-20422222.2222222,-26140740.7407407,-15937037.037037,-13844444.4444444,-14677777.7777778,-22222222.2222222,-31703703.7037037,-40196296.2962963,-49981481.4814815,-35007407.4074074,-12329629.6296296,-25366666.6666667,-22181481.4814815,-53681481.4814815,-65659259.2592592,-55918518.5185186,-48033333.3333333,-59237037.037037,-67054212.6178402,-56317052.3412745,-54584285.7530442,-29566539.7624767,27167738.1227792,31364513.4600782,3867385.3001916,-32159543.5581858,-56924774.9399616,-98693373.0396489,-56137743.8956716,-22136930.8838519,14701133.6495752,38759567.0805629,77154125.9259259,3412908.1481481,-52313772.962963,-37050120,11971275.925926,-36457072.5925926,-76302082.5925926,-6178408.1481482,-63872830.3703703,-89600127.7777777,-138542833.703704,0
Guyana,"Korea, Rep.",KOR,BN.GSR.GNFS.CD,0,0,0,0,0,0,0,0,0,0,0,0,0,0,0,0,-254000000,282000000,-916000000,-3506000000,-5277100000,-4164300000,-3179100000,-1510900000,629200000,76200000,4437900000,9745300000,12575300000,3724100000,-3188400000,-8166700000,-3272400000,1663700000,-4433100000,-8398700000,-21978300000,-7989200000,42495100000,26488500000,14546800000,7140200000,8587300000,17292900000,34122600000,23508300000,11474300000,19396600000,5435400000,38717900000,33959500000,15957800000,43531800000,73930200000,82854900000,105649200000,99123300000,76858800000,80717400000,52966800000,65934700000,70444200000,8366900000,10833600000,76425300000,0
Guyana,Kuwait,KWT,BN.GSR.GNFS.CD,0,0,0,0,0,0,0,0,0,0,0,0,0,0,0,5847623905.77473,5957848753.60692,4044443527.99859,4755451471.60118,12161405522.7884,12034891239.9948,7773005781.41249,458475016.440753,1832050599.2431,2789956947.83994,1705717228.7985,-856863627.015655,236845009.164287,-1336777416.70452,2212544389.17181,1098958243.05351,-8090939999.99999,-3785519082.19919,-22528596.408807,1568977012.74039,1600615339.48443,3416735943.05681,3164673436.11193,-1876913582.30483,1905295846.45505,9928881106.01983,5499187539.7399,3059415591.40769,8442962174.25909,12874109263.658,26309246575.3425,38018965888.7457,39388987316.627,60186155950.0603,33617908084.9689,40785388310.1042,71341369915.8159,83140620592.6115,75344353477.9065,59888079430.48,10251823889.8115,-764648397.85644,2727186902.31876,16994114744.044,13179758591.1804,3401190923.62184,28167224974.5725,55013741535.6003,32045303686.4846,28188883807.8465,0
Guyana,Latin America & Caribbean (excluding high income),LAC,BN.GSR.GNFS.CD,0,0,0,0,0,0,0,0,0,0,0,0,0,0,0,0,0,0,0,0,0,0,0,0,0,0,0,0,0,0,0,0,0,0,0,0,0,0,0,0,0,0,0,0,0,0,0,0,0,0,0,0,0,0,0,0,0,0,0,0,0,0,0,0,0,0
Guyana,Lao PDR,LAO,BN.GSR.GNFS.CD,0,0,0,0,0,0,0,0,0,0,0,0,0,0,0,0,0,0,0,0,0,0,0,0,-160500000,-161200000,-140100000,-163700000,-100500000,-133800000,-109500000,-111100000,-110100000,-140200000,-278800000,-340700000,-342500000,-287700000,-115200000,-111300000,-72370000,-54781547.6404351,1114497.24086162,-27618794.4223728,-201992257.091491,-163625276.127337,7830650.50192347,92364486.3042762,-17544486.4734168,-146773678.282627,-66147825.3407206,-349954012.215621,-947984437.710273,-1061035240.42977,-2085058723.52544,-2256435633.5029,-1315153029.36057,-1129953098.02734,-1170848452.23378,-532984843.002456,645616024.454668,1292759325.82958,621832575.520967,1101267611.17868,0,0
Guyana,Lebanon,LBN,BN.GSR.GNFS.CD,0,0,0,0,0,0,0,0,0,0,0,0,0,0,0,0,0,0,0,0,0,0,0,0,0,0,0,0,0,0,0,0,0,0,0,0,0,0,0,0,0,0,-3750637038.39986,-2029255852.32613,-5303811527.64921,-3624286958.87424,-3268959080.97316,-5113518255.85431,-6900257996.04925,-8340024499.3839,-9492875256.63481,-7627030601.1031,-11906832865.14,-13342449921.08,-14397923871.79,-11426359325.52,-12107086798.8,-13130161154.6992,-13620787416.305,-12938275542.2226,-6432412326.92661,-7983310844.9934,-12091395112.3418,-11542638381.8417,0,0
Guyana,Liberia,LBR,BN.GSR.GNFS.CD,0,0,0,0,0,0,0,0,0,0,0,0,0,0,0,0,0,0,0,585718.023398312,1352319.55402257,1251110.92497948,600791.649000473,-521116.770817616,1414767.43069196,2605583.85148249,2702485.73025663,893650.659805976,0,0,0,0,0,0,0,0,0,0,0,0,0,0,0,0,-741498032.967272,-816363861.280419,-1224602723.23438,-1204938606.29377,-1381364966.30785,-1250093005.49901,-542982118.276661,-1022636892.84458,-1525627322.62742,-1175575181.52593,-1799126585.07449,-1364407090.27854,-1057421109.4909,-802605177.286216,-718141890.174837,-689782526.894746,-639226709.75038,-698395251.761802,-741456441.740813,0,0,0
Guyana,Libya,LBY,BN.GSR.GNFS.CD,0,0,0,0,0,0,0,0,0,0,0,0,0,0,0,0,0,4311419330.82955,2841064555.90781,5523034901.15909,9412913189.42078,-2426602789.63599,623537003.926722,1215660713.0956,531999338.675134,2887320851.33406,414716996.748862,-878703131.569086,-1617056187.68234,-598461311.375918,2508323501.45322,66612446.438748,1541093344.05543,-1005683148.65632,263227232.971913,1758242034.5012,1338599608.39924,1528643518.39234,-299417565.999846,2044152624.70471,7186000000,4959000000,1300000000,4523000000,7180000000,15860000000,22179000000,26712000000,36155300000,10375000000,18658700000,3513800000,28592400000,3676800000,-18495600000,-9742900000,-4700400000,3857000000,11115300000,3958100000,-4797200000,6973400000,11959200000,4468600000,0,0
Guyana,St. Lucia,LCA,BN.GSR.GNFS.CD,0,0,0,0,0,0,0,0,0,0,0,0,0,0,0,0,-18499460.579359,-21900000,-33600000,-39700000,-48199999.9999999,-60700000,-48800000.0000001,-25400000,-34200000,-30100000,-13077777.7777778,-23077777.7777778,-14681481.4814814,-59737037.0370371,-38437037.037037,-55870370.3703704,-36285185.1851852,-25951851.8518518,-32177777.7777778,-16151851.851852,-36722222.2222222,-55622222.2222223,-37362962.962963,-87577777.7777777,-112369779.294007,-109758195.033092,-110322654.643084,-143730175.969485,-78953610.200812,-88582986.3510992,-303448772.88357,-156445656.544488,-255191554.719733,-45138480.1193818,-109401310.687014,-148963372.185431,-67035159.8253477,-4416431.9106849,63058585.1123645,138248506.278213,-6117846.5401692,78356413.6233852,127777764.217904,191482393.703704,-263399108.518519,-182121763.703704,90090876.2962968,127159246.296296,154233444.074074,0
Guyana,Latin America & Caribbean,LCN,BN.GSR.GNFS.CD,0,0,0,0,0,0,0,0,0,0,0,0,0,0,0,0,0,0,0,0,0,0,0,0,0,0,0,0,0,0,0,0,0,0,0,0,0,0,0,0,0,0,0,0,0,0,0,0,0,0,0,0,0,0,0,0,0,0,0,0,0,0,0,0,0,0
Guyana,Least developed countries: UN classification,LDC,BN.GSR.GNFS.CD,0,0,0,0,0,0,0,0,0,0,0,0,0,0,0,0,0,0,0,0,0,0,0,0,0,0,0,0,0,0,0,0,0,0,0,0,0,0,0,0,0,0,0,0,0,0,0,0,0,0,0,0,0,0,0,0,0,0,0,0,0,0,0,0,0,0
Guyana,Low income,LIC,BN.GSR.GNFS.CD,0,0,0,0,0,0,0,0,0,0,0,0,0,0,0,0,0,0,0,0,0,0,0,0,0,0,0,0,0,0,0,0,0,0,0,0,0,0,0,0,0,0,0,0,0,0,0,0,0,0,0,0,0,0,0,0,0,0,0,0,0,0,0,0,0,0
Guyana,Liechtenstein,LIE,BN.GSR.GNFS.CD,0,0,0,0,0,0,0,0,0,0,0,0,0,0,0,0,0,0,0,0,0,0,0,0,0,0,0,0,0,0,0,0,0,0,0,0,0,0,0,0,0,0,0,0,0,0,0,0,0,0,0,0,0,0,0,0,0,0,0,0,0,0,0,0,0,0
Guyana,Sri Lanka,LKA,BN.GSR.GNFS.CD,0,0,0,0,0,0,0,0,0,0,0,0,0,0,0,-171681373.8559,-50879695.6785,86308173.3728999,-130072244.6591,-403068736.7304,-903830667.2428,-711812306.3826,-880462228.8387,-773726419.7325,-344442208.2904,-734401855.8813,-750171751.8296,-677220149.5346,-748400069.3584,-770314416.1237,-672036980.3035,-1020584082.667,-916867186.3656,-982090623.2259,-1383429808.0017,-1364588928.5271,-1238558366.8694,-1066913536.9816,-950476666.377601,-1218639916.6956,-1726747410.74,-954050000,-1111890000,-1139960000,-1823850000,-2178712930,-3113711000,-3353700000,-5579000000,-2731500000,-4118500000,-8611150000,-8155171568.40896,-6428657223.05667,-6406606457.70637,-6063314670.16749,-5993868514.63866,-6317047992.80595,-6576794257.39769,-5147667481.61963,-5188536224.2702,-6552496707.23294,-3074954688.44853,-1495959130.65672,0,0
Guyana,Lower middle income,LMC,BN.GSR.GNFS.CD,0,0,0,0,0,0,0,0,0,0,0,0,0,0,0,0,0,0,0,0,0,0,0,0,0,0,0,0,0,0,0,0,0,0,0,0,0,0,0,0,0,0,0,0,0,0,0,0,0,0,0,0,0,0,0,0,0,0,0,0,0,0,0,0,0,0
Guyana,Low & middle income,LMY,BN.GSR.GNFS.CD,0,0,0,0,0,0,0,0,0,0,0,0,0,0,0,0,0,0,0,0,0,0,0,0,0,0,0,0,0,0,0,0,0,0,0,0,0,0,0,0,0,0,0,0,0,0,0,0,0,0,0,0,0,0,0,0,0,0,0,0,0,0,0,0,0,0
Guyana,Lesotho,LSO,BN.GSR.GNFS.CD,0,0,0,0,0,0,0,0,0,0,0,0,0,0,0,-144961292.470885,-180434999.8431,-206309999.8206,-223214999.8059,-294291387.702139,-384420943.354542,-424235338.680636,-799963788.201815,-883836587.027686,-788812986.559899,-586879528.673141,-619262958.715232,-853943397.468434,-922647894.846113,-961263164.815667,-1091703366.09348,-1242789922.45174,-1359406133.62537,-1266496961.95688,-1252672482.51415,-1399418762.8757901,-1292882581.76836,-1254916409.51983,-983582227.776525,-876283847.142205,-773329767.141034,-595468801.646939,-505428189.741851,-764157393.938501,-900710792.961812,-985652498.680277,-978651680.978581,-1008497706.24776,-1002374439.46749,-1271688952.21049,-1491813946.79632,-1422445705.10292,-1692009157.3086,-1380548270.49749,-1262676564.23367,-1045635031.22647,-1052678219.5851,-1208782069.95277,-1167403816.11021,-1145057935.10102,-1088419440.04892,-1140926103.1082,-1176882174.66003,-1191087968.05889,-1099698564.69143,0
Guyana,Late-demographic dividend,LTE,BN.GSR.GNFS.CD,0,0,0,0,0,0,0,0,0,0,0,0,0,0,0,0,0,0,0,0,0,0,0,0,0,0,0,0,0,0,0,0,0,0,0,0,0,0,0,0,0,0,0,0,0,0,0,0,0,0,0,0,0,0,0,0,0,0,0,0,0,0,0,0,0,0
Guyana,Lithuania,LTU,BN.GSR.GNFS.CD,0,0,0,0,0,0,0,0,0,0,0,0,0,0,0,0,0,0,0,0,0,0,0,0,0,0,0,0,0,0,0,0,0,-209804274.601984,-259391613.398108,-710845000,-775360000,-1013010000,-1277812500,-1099182500,-723685000,-651350000,-766120811.308571,-1089789247.60832,-1598121430.99819,-1868987718.20348,-3115787811.15728,-5220795621.51119,-5654887514.59838,-650343011.536893,-747170031.548332,-1165213981.29822,252898478.553641,669878259.486972,924100058.982096,-414399785.652911,306454310.766927,1122347166.83575,990008416.881667,2893165052.33979,5227050937.84286,3002108490.63778,-1467958906.1204,3120764717.88409,4404370171.87185,0
Guyana,Luxembourg,LUX,BN.GSR.GNFS.CD,0,0,0,0,0,0,0,0,0,0,0,0,0,0,0,0,0,0,0,0,0,0,0,0,0,0,0,0,0,0,0,0,0,0,0,0,0,0,0,2707728858.73997,4300157936.63012,3839304674.94342,6396647837.18102,7733253423.25683,8995309608.54017,10106312065.8446,14231810557.3008,17047832259.0175,18120548851.8925,18274145605.527,19192833467.6215,21113444604.7632,22463816774.2645,25960453249.3214,28145998212.6824,25548168754.6856,27234134470.6309,25399280110.7678,25873948883.5798,25100376793.0701,27801061612.42,33954499073.5419,29689259081.5976,32217308444.8831,34490567835.9578,0
Guyana,Latvia,LVA,BN.GSR.GNFS.CD,0,0,0,0,0,0,0,0,0,0,0,0,0,0,0,0,0,0,0,0,0,0,0,0,0,0,0,0,0,0,0,0,93807284,331695000,59849000,-105545000,-414448000,-477332000,-827403000,-691300000,-435668393.162799,-641750345.076581,-769682764.40150106,-1304378201.18981,-2116991636.50793,-2437937341.59297,-4448701322.29235,-5712673161.3934,-4265771521.22894,-288813246.923251,-470556347.619047,-1660157661.64095,-1559361830.79714,-1366226218.96361,-881928104.03778,-315230306.834458,142293731.254776,-127606948.777044,-156116779.871778,-70970907.332253,487130155.261102,-1218651820.6349,-1841317409.80791,-1581098659.59594,-699670294.191951,0
Guyana,"Macao SAR, China",MAC,BN.GSR.GNFS.CD,0,0,0,0,0,0,0,0,0,0,0,0,0,0,0,0,0,0,0,0,0,0,0,0,0,0,0,0,0,0,0,0,0,0,0,0,0,0,0,0,0,0,2517060254.16958,2880750414.6615,4325196312.76566,3939937615.24287,4210051772.21794,4996212153.58356,6893080923.88626,9383147903.40092,15506387499.9443,21293068830.6609,24977405438.4769,30864735567.9244,28904863218.7461,17350450010.7472,18523407221.942,23248399457.5754,27305253729.9356,27931990400.4409,363779893.041877,4393443566.42893,174099687.659763,18634201220.2572,0,0
Guyana,St. Martin (French part),MAF,BN.GSR.GNFS.CD,0,0,0,0,0,0,0,0,0,0,0,0,0,0,0,0,0,0,0,0,0,0,0,0,0,0,0,0,0,0,0,0,0,0,0,0,0,0,0,0,0,0,0,0,0,0,0,0,0,0,0,0,0,0,0,0,0,0,0,0,0,0,0,0,0,0
Guyana,Morocco,MAR,BN.GSR.GNFS.CD,0,0,0,0,0,0,0,0,0,0,0,0,0,0,0,-963112162.829154,-1782630217.20746,-2235671070.98755,-1798558201.87345,-2044043539.25003,-1974523574.39855,-2228024145.09251,-2230109550.84928,-1257290602.91038,-1351790654.51716,-1199205664.16558,-1076178019.36627,-828186823.539263,-102324844.837772,-1251153075.39788,-1543978703.46311,-1572953695.78076,-1909140154.89803,-1608287745.31519,-1822070986.65991,-2198534134.93753,-1232693099.97628,-1117023286.5382,-1455059864.39051,-1335316226.02495,-2093220551.79848,-1111415357.4612,-1114913759.85845,-1728414693.05363,-3227630251.10061,-3951168994.58638,-4440744115.62965,-7420593636.5374,-12774727823.0575,-10926909415.6859,-9953278186.70668,-14062623475.6277,-14674780975.466,-14810418460.9486,-13690326430.4099,-7927842023.52505,-10739249607.2905,-10551433764.5562,-12131482383.3643,-10049378708.9168,-8812910271.88886,-13124927044.3011,-15234615256.3966,-12191055206.4029,-13273497505.6441,0
Guyana,Monaco,MCO,BN.GSR.GNFS.CD,0,0,0,0,0,0,0,0,0,0,0,0,0,0,0,0,0,0,0,0,0,0,0,0,0,0,0,0,0,0,0,0,0,0,0,0,0,0,0,0,0,0,0,0,0,0,0,0,0,0,0,0,0,0,0,0,0,0,0,0,0,0,0,0,0,0
Guyana,Moldova,MDA,BN.GSR.GNFS.CD,0,0,0,0,0,0,0,0,0,0,0,0,0,0,0,0,0,0,0,0,0,0,0,0,0,0,0,0,0,0,0,0,0,0,-100040000,-122020000,-320020000,-376410000,-434630000,-179360000,-330530000,-352940000,-418140000,-667300000,-775140000,-1212240000,-1603240000,-2319790000,-3219160000,-1998580000,-2255498750.35667,-2825503937.83667,-2959960000,-2986360000,-2913560000,-1991460000,-1858100000,-2254560000,-2938010000,-2946160000,-2696150000,-3717710000,-4284320000,-3974190000,-4701120000,0
Guyana,Madagascar,MDG,BN.GSR.GNFS.CD,0,0,0,0,0,0,0,0,0,0,0,0,0,0,-65391586.1302535,-98314568.5204649,-63486195.6628568,-62683484.0308762,-133212204.491106,-441282588.742855,-559166504.088218,-341404547.752945,-275064751.262562,-195354077.814066,-124964774.535349,-153076896.951217,-138214337.199316,-119218490.853088,-165850966.048535,-95887741.1810564,-338246579.987686,-195531121.959725,-230197249.593162,-294631181.965558,-218482760.419397,-237896771.052666,-199830019.562935,-291886333.468814,-299147369.900934,-288555844.217847,-331675856.242419,-187176039.131145,-514975119.353513,-554939573.599998,-649266259.800001,-825540136.864562,-699600735.165125,-1148264719.95286,-2093613078.0813,-1943005638.6842,-1256939994.21206,-1147933209.13189,-1073173357.26468,-1009674021.90093,-456652748.469326,-356772598.174224,-175422309.680643,-344018352.124095,-413526829.367095,-603012986.87044,-1128980140.43678,-1407090214.03526,-1351885540.02755,0,0,0
Guyana,Maldives,MDV,BN.GSR.GNFS.CD,0,0,0,0,0,0,0,0,0,0,0,0,0,0,0,0,0,-900000,-3400000,-4900000,-21900000,-19100000,-17100000,-19800000,-10700000,6100000,10347965.3320654,16321085.3966171,12214179.7256335,9919074.5951686,19873000,329673.073431,2061370.754701,-21591676,14956279.8781229,5354152.365927,15509758.055156,647985.4112473,16565685.7329953,-27767024.7343039,5501077.666576,8194762.031571,39477199.070917,49360518.824951,-33598121.037282,-384035397.053719,-269390064.689639,168193991.826188,-107214252.286509,232165795.76164,314232523.777393,146924690.07404,339502569.879086,508336313.143015,545048446.109549,375920282.87938,-50674148.133532,-179960563.237689,-517528628.784776,-336988109.327365,-661897582.476007,502385079.859617,156705428.806191,-104055382.755435,68023385.575855,0
Guyana,"Middle East, North Africa, Afghanistan & Pakistan",MEA,BN.GSR.GNFS.CD,0,0,0,0,0,0,0,0,0,0,0,0,0,0,0,0,0,0,0,0,0,0,0,0,0,0,0,0,0,0,0,0,0,0,0,0,0,0,0,0,0,0,0,0,0,0,0,0,0,0,0,0,0,0,0,0,0,0,0,0,0,0,0,0,0,0
Guyana,Mexico,MEX,BN.GSR.GNFS.CD,0,0,0,0,0,0,0,0,0,0,0,0,0,0,0,0,0,0,0,-1851000000,-4979000000,-7383000000,5117000000,13715000000,12790000000,7683000000,4416000000,8913000000,2414000000,-267000000,-3110000000,-9369000000,-18618000000,-16010000000,-21185140000,7152710000,6435885000,-807196000,-9180703000,-8350321000,-11941767041,-14109446485,-12194289609,-10770586021,-14968141812,-14565785413,-13991006944,-18695821515,-26869546767,-14820317718,-13623591137,-15980581914,-14581102602,-15907547928,-16563464776,-25807764000,-23667255468,-22668791420,-27610814495,-4265651015,21711673476,-23128199854,-43787418381,-31950750370,-27626821962,0
Guyana,Marshall Islands,MHL,BN.GSR.GNFS.CD,0,0,0,0,0,0,0,0,0,0,0,0,0,0,0,0,0,0,0,0,0,0,0,0,0,0,0,0,0,0,0,0,0,0,0,0,0,0,0,0,0,0,0,0,0,-101535553.803533,-101522072.156632,-112966755.32216,-109409778.156412,-127001064.718136,-109599716.733761,-99845558.2829229,-69463864.9847535,-89919355.8707876,-92772881.857085,-111262525.778845,-123815949.981462,-82892728.2954088,-45818482.8955853,-38288145.9663188,-44802779.3120239,-76008272.7711216,0,0,0,0
Guyana,Middle income,MIC,BN.GSR.GNFS.CD,0,0,0,0,0,0,0,0,0,0,0,0,0,0,0,0,0,0,0,0,0,0,0,0,0,0,0,0,0,0,0,0,0,0,0,0,0,0,0,0,0,0,0,0,0,0,0,0,0,0,0,0,0,0,0,0,0,0,0,0,0,0,0,0,0,0
Guyana,North Macedonia,MKD,BN.GSR.GNFS.CD,0,0,0,0,0,0,0,0,0,0,0,0,0,0,0,0,0,0,0,0,0,0,0,0,0,0,0,0,0,0,0,0,0,0,0,0,-471490000,-532200000,-575445204.130813,-457074064.240888,-642125700.122044,-545893559.089251,-827691031.741355,-855217292.772752,-1189733166.89945,-1093903653.03408,-1226509435.67586,-1588287899.21199,-2562426417.59672,-2136525990.36351,-1856959107.68669,-2140371835.76031,-2190294310.87424,-1976433126.46824,-1963060752.57045,-1631227767.70795,-1630959009.0477,-1588372813.00263,-1612255272.9123,-1805080888.77707,-1582531345.17781,-2153845040.75784,-2886224819.33716,-2057510642.54442,-2198664601.60719,0
Guyana,Mali,MLI,BN.GSR.GNFS.CD,0,0,0,0,0,0,0,0,0,0,0,0,0,0,0,-143925073.80979,-77798541.731507,-58083760.1977851,-218695849.284989,-242805569.593536,-257478769.742876,-237550711.903859,-205108696.034886,-199046865.449583,-197960133.744626,-358809902.839639,-371925510.590473,-324087023.627715,-383148170.072506,-287766807.78326,-409784904.020306,-409809176.55706,-513011735.21410203,-406409632.950786,-362298809.022935,-461926729.676971,-410153461.470658,-253103909.503331,-271956127.46087,-296618854.743181,-283457813.078195,-279991324.231463,-55205809.1690432,-319187483.244582,-407835177.49595,-458503870.446239,-286433116.733172,-690611603.905051,-1210560425.65719,-686635160.036214,-1309776708.17854,-1051695374.69504,-607589871.353241,-1978034650.80646,-2230547545.04226,-2038081152.84526,-2367638112.66079,-2200115181.48503,-1894817500.56535,-2116578374.70659,-1143576815.35233,-2215235072.30086,-2086550442.58033,-1935827989.57385,0,0
Guyana,Malta,MLT,BN.GSR.GNFS.CD,0,0,0,0,0,0,0,0,0,0,0,-50600882.2912017,-28565688.053687,-17082583.9453066,-64853927.5059011,-24169446.0713895,-28931929.6670248,-55646436.0959403,-21018034.0466671,-51329260.6112905,-108850890.036045,-109904082.035607,-203813002.065579,-178055610.030594,-172004605.867613,-181389945.817974,-162344065.15915,-173376106.51487,-201295626.504932,-225255923.728631,-333323893.136978,-297244328.948081,-217807832.603448,-260192977.744605,-294524452.084684,-472262388.570914,-479529666.871853,-292151093.931448,-209896166.063833,-206854525.822143,-415727364.544393,-183711521.695356,108599805.505143,-82590862.3363244,-159454247.43054,-257567940.748681,-274909082.797619,124439723.288594,78712937.393764,-104952698.438069,-62835996.022236,253621244.902439,445305459.533272,640894838.58209,1349786401.84795,1038114346.05328,1295971583.69454,3027968111.58805,2873060809.3889,3715013156.94505,3999727297.97558,3809895991.00506,2160147679.81738,4009273676.8975,4739928987.85651,0
Guyana,Myanmar,MMR,BN.GSR.GNFS.CD,0,0,0,0,0,0,0,0,0,0,0,0,0,0,0,0,-35934455.9280098,-97824204.4926299,-227162076.622324,-391614729.022861,-384383726.791395,-351422805.251905,-519227721.130844,-367580184.886276,-211541452.735981,-217104732.17662,-280576531.497687,-210833201.298222,-192031434.329887,-69212917.2483701,-280566188.423716,-51646728.6998404,-34943606.2752036,-513611362.970528,-467579089.278414,-705885851.098594,-805398512.678258,-1053750224.56342,-1124706491.09941,-659656823.881805,-350820664.102185,123380132.039568,510159464.978081,620866059.51058,715449106.341946,1767650338.76312,1908575763.37734,2430566104.37744,2679390435.01003,2320068010.84616,3057456205.86186,-123704013.791304,363652290.566295,444485705.263469,-954412173.646167,-2458409703.81709,-2306518795.81366,-4829984760.65528,-2936193292.93754,167245038.941888,0,0,0,0,0,0
Guyana,"Middle East, North Africa, Afghanistan & Pakistan (excluding high income)",MNA,BN.GSR.GNFS.CD,0,0,0,0,0,0,0,0,0,0,0,0,0,0,0,0,0,0,0,0,0,0,0,0,0,0,0,0,0,0,0,0,0,0,0,0,0,0,0,0,0,0,0,0,0,0,0,0,0,0,0,0,0,0,0,0,0,0,0,0,0,0,0,0,0,0
Guyana,Montenegro,MNE,BN.GSR.GNFS.CD,0,0,0,0,0,0,0,0,0,0,0,0,0,0,0,0,0,0,0,0,0,0,0,0,0,0,0,0,0,0,0,0,0,0,0,0,0,0,0,0,0,0,0,0,0,0,0,-1588601286.68413,-2431833171.02999,-1278506162.944,-1064300255.19853,-977371673.980965,-1005754872.22686,-900221249.521639,-909752754.135427,-746505641.987746,-978848488.295423,-1120803358.5532,-1319279618.29664,-1175546381.6963,-1669085977.64379,-1135117796.0757,-1436403580.10341,-1397932694.01846,-1847312243.23459,0
Guyana,Mongolia,MNG,BN.GSR.GNFS.CD,0,0,0,0,0,0,0,0,0,0,0,0,0,0,0,0,0,0,0,0,0,-796500000,-825000000,-792900000,-700600000,-768400000,-1058700000,-979000000,-998800000,-1145420000,-582840000,-131150000,-56540000,-12250000,-12160000,-12800000,-93400000,28080000,-131700000,-127073387,-157716914.22136,-192100875.933545,-238185462.568913,-248748022.696718,-195393857.119738,-85895239.489534,203385615.528975,57014926.7279956,-738677897.076524,-332006178.476588,-474918588.302732,-3517358044.65908,-4455747639.7511,-3917924200.41533,-1111497489.16149,-152864021.012946,-497135.735171,277604026.623513,-763750656.838668,-833604448.611713,305323153.496862,-305729911.391503,-1122520105.82839,1956376931.01332,-235739517.211251,0
Guyana,Northern Mariana Islands,MNP,BN.GSR.GNFS.CD,0,0,0,0,0,0,0,0,0,0,0,0,0,0,0,0,0,0,0,0,0,0,0,0,0,0,0,0,0,0,0,0,0,0,0,0,0,0,0,0,0,0,0,0,0,0,0,0,0,0,0,0,0,0,0,0,0,0,0,0,0,0,0,0,0,0
Guyana,Mozambique,MOZ,BN.GSR.GNFS.CD,0,0,0,0,0,0,0,0,0,0,0,0,0,0,0,0,0,0,0,0,0,0,0,0,0,0,0,0,0,0,0,0,0,0,0,0,0,0,0,0,0,0,0,0,0,-803674430.271872,-621697303.039305,-796812167.797911,-1400195939.05849,-1707440159.00836,-2148025288.10234,-4133946674.83786,-7753202106.3387,-7615689356.07254,-6967541379.73281,-6449682664.82562,-4079473034.42208,-2637413217.30467,-4597966667.89675,-4069363574.37714,-4210075400.25459,-4007644582.03097,-6522748188.50088,-1775216244.67762,-1129454668.28823,0
Guyana,Mauritania,MRT,BN.GSR.GNFS.CD,0,0,0,0,0,0,0,0,0,0,0,0,0,0,0,-92311083.0159975,-151591712.989724,-183955616.083108,-189894394.800975,-176564798.169636,-196257865.691105,-195524113.536364,-296836920.303269,-209791102.871222,-158079515.178084,-137069468.768984,-169855462.185254,-136765402.576308,-93036439.9366647,-63864372.4940097,-49088811.4230421,-83091473.0258809,-213417138.983129,-160944214.890286,-107683592.959741,-5263225.4915811,-65784072.0002913,-57891386.4254984,-78588324.7631218,0,0,0,0,0,0,0,0,0,0,0,0,0,-1359370920.90608,-1206024814.92775,-1333855477.38899,-954011172.989699,-834838283.113469,-944032323.141255,-1222143150.91208,-1158208368.35699,-890731370.108058,-1131838870.62952,-1637405929.71184,-1315988116.87275,-1315020525.71848,0
Guyana,Mauritius,MUS,BN.GSR.GNFS.CD,0,0,0,0,0,0,0,0,0,0,0,0,0,0,0,0,-48192590.7705491,-88386975.5467828,-124771326.95276,-142356464.51998,-116341237.279473,-119061717.581218,-30351665.4338354,-3929541.6106244,-34854230.5754036,-21045837.8350313,97353714.1630102,38669950.4201538,-105895901.277931,-160002448.124889,-193830959.130216,-105224096.339358,-104541426.494645,-197075876.762414,-310628402.166993,-104162372.900528,-37887089.0458019,-198648842.778282,-65103271.2101422,-211269772.626582,-84514284.3713062,194148569.18108,144726217.41426,70796093.3230717,-147156887.115387,-376492710.10505,-725533821.094567,-781959446.327884,-1378116042.71647,-933687898.79195,-1179044054.8196101,-1561477609.39418,-1491097860.33351,-1704239940.14731,-1479574524.93287,-1170543453.57922,-1258145034.00392,-1777877796.20383,-1172213230.268,-1240869808.50823,-1215707337.57347,-1843204712.37107,-1914338318.39177,-1646171442.65235,-2063200052.48413,0
Guyana,Malawi,MWI,BN.GSR.GNFS.CD,0,0,0,0,0,0,0,0,0,0,0,0,0,0,0,0,0,-87271623.8887667,-173156564.771872,-193541772.849829,-173994279.213402,-74835327.4588244,-69445162.7381301,-69035181.6081668,35163933.2787941,-48513851.2786061,-16119730.1937036,-15257550.3934931,-118962987.882785,-136762708.78826,-105647673.741807,-258265890.798832,-325370632.113536,-252885772.506527,-281730986.601468,-190558618.66286,-227013264.990615,-338797233.670889,-91063089.5602763,-262050154.561476,-191673094.008363,-172065994.403981,-323271092.624839,-292706814.211077,-483666941.098406,-700643180.765819,-534393154.969675,-660716264.463445,-982429884.072515,-890050440.667186,-1419882532.7219,-1278001468.35407,-1172649823.96267,-1562266577.48039,-1372051914.77458,-1242563524.54775,-1225123659.76949,-1736993035.8543,-1839953679.44211,-1818969799.21706,-2064997954.27212,-2180598872.20535,-2347203418.31062,-2469036002.33997,0,0
Guyana,Malaysia,MYS,BN.GSR.GNFS.CD,0,0,0,0,0,0,0,0,0,0,0,0,0,0,-85581343.8476374,-163339762.033833,1046988580.25928,982414323.517085,889016821.436689,1841949942.18022,571918568.8366,-1655292139.69702,-2421435377.51392,-1674959612.87918,609308163.707337,1581125299.95133,1620799746.91145,4461354572.71316,3600145105.55156,2355988568.29949,899856740.14511,-1798865482.04892,803569676.072839,-67596572.776058,-1154993731.55826,-3482664705.67682,1411002039.99097,940213221.63735,15895015129.7977,19828236842.1053,18019763157.8947,16181578947.3684,16565236842.1053,21756552631.5789,25414723684.2106,30775516791.1238,35471715593.5766,38520460699.6926,51312688997.9361,41550972362.834,40434591219.3347,46436559963.5622,33875653963.4719,27540337316.9555,31341554660.1241,22711691906.1136,19990335308.9183,21988277861.2463,24054470762.8388,27500981134.2942,21603446738.6741,26980425521.7432,29122040538.7734,20435053640.9863,22698293285.212,0
Guyana,North America,NAC,BN.GSR.GNFS.CD,0,0,0,0,0,0,0,0,0,0,0,0,0,0,0,0,0,0,0,0,0,0,0,0,0,0,0,0,0,0,0,0,0,0,0,0,0,0,0,0,0,0,0,0,0,0,0,0,0,0,0,0,0,0,0,0,0,0,0,0,0,0,0,0,0,0
Guyana,Namibia,NAM,BN.GSR.GNFS.CD,0,0,0,0,0,0,0,0,0,0,0,0,0,0,0,0,0,0,0,0,0,0,0,0,0,0,0,0,0,0,-364237781.360062,-366817983.460779,-418441119.244089,-299044454.734143,-295144894.645758,-365941244.828836,-370730531.113332,-425220551.241565,-302444655.44689,-362828414.199913,-146740694.377721,-193985796.375888,-177044523.14104,-325859398.239093,-227659979.058086,-214544996.273875,199127116.151426,-92995406.8325934,-990186470.012983,-1373339651.55339,-1323975906.00793,-1551987267.14404,-2174125630.73279,-2492979685.7486,-2816139510.53256,-2943119870.30343,-2565430209.39521,-1686277602.21238,-1397163463.70462,-1225374004.36717,-1002539145.51916,-2113569979.7083,-2069016347.98314,-2719910165.90963,-3279279371.18583,0
Guyana,New Caledonia,NCL,BN.GSR.GNFS.CD,0,0,0,0,0,0,0,0,0,0,0,0,0,0,0,0,0,0,0,0,0,0,0,0,0,0,0,0,0,0,0,0,0,0,0,0,0,0,0,0,0,0,-677244822.36104,-734602834.630329,-576147640.211876,-1012020219.54228,-1264421211.70026,-1263056938.41881,-2562585316.32721,-1932849108.01458,-2392716752.31022,-2484554397.35648,-2560331110.38201,-2536640989.20424,-2122648995.38614,-1962515001.78915,-1501031088.28103,0,0,0,0,0,0,0,0,0
Guyana,Niger,NER,BN.GSR.GNFS.CD,0,0,0,0,0,0,0,0,0,0,0,0,0,0,-122581752.525033,-72543463.2037865,-107030538.180919,-147969091.41346,-254799498.406059,-248747607.153386,-339696852.632646,-261438266.837523,-305143311.109942,-109752630.899115,-59486448.0511453,-175111252.272315,-117017930.055655,-109840212.905282,-200242929.893659,-194540393.148465,-195658793.780279,-220026514.990686,-192593800.999665,-160872245.479728,-163249699.992104,-136041699.174718,-144935290.328897,-142548168.434002,-186952569.268714,-154191891.663513,-135266010.952954,-149373763.744404,-194338229.185695,-266460917.096819,-322425066.254255,-483888010.268586,-478728431.53546,-536798788.054228,-911172561.093229,-1437868289.11089,-1538698117.83903,-1725329169.41582,-1214943901.93646,-1261371683.46252,-1504448147.00287,-1630151760.00179,-1296759953.78187,-1505222286.00695,-1918546646.37358,-2008363102.12478,-2204290497.08743,-2539823428.0113,-2817582856.71978,-2584946479.0671,0,0
Guyana,Nigeria,NGA,BN.GSR.GNFS.CD,0,0,0,0,0,0,0,0,0,0,0,0,0,0,0,0,0,-296261339.116846,-3256872676.07506,2506591914.48386,7057671650.66233,-5238719723.67712,-5663280455.57296,-3061802647.31921,1634644658.12793,4326596700.56444,1090894787.67438,2830650968.92885,2079803686.75106,3355314210.21938,7641622023.26494,2878710925.40323,3853246868.81394,1685012648.37927,311829423.531551,-155213290.103402,1749727567.80478,543132296.086534,-1003652734.85157,1792044670.61808,8947932361.38611,3908840366.35388,2339989712.06712,5582237051.09836,17120483279.0615,24367471605.2644,23321457682.8904,20849760438.7317,23807545674.0701,8910395195.0992,11846267187.1371,11643852019.1221,17649549960.618,22765054981.7888,-1860415123.57376,-22899676713.3264,-8550719263.65173,-86132009.91497,-5598563490.82136,-30893479544.0194,-32241264094.1179,-16622243079.3583,-7958107284.31591,-5161397332.42195,-194385706.43546,0
Guyana,Nicaragua,NIC,BN.GSR.GNFS.CD,0,0,0,0,0,0,0,0,0,0,0,0,0,0,0,0,0,-124100000,60300000,159700000,-411800000,-479300000,-380200000,-372500000,-423500000,-579300000,-549200000,-570300000,-583300000,-325800000,-289800000,-485900000,-609800000,-448800000,-488708000,-488379494,-650472000,-810866000,-832736000,-1191678000,-1050300000,-1050400000,-1068500000,-1090200000,-1211600000,-1441670000,-1672400000,-2006100000,-2366300000,-1570000000,-1693700000,-2124800000,-2128800000,-2215200000,-1955800000,-2285000000,-2105000000,-1842500000,-1193200000,-537400000,-609400000,-1724078858.14,-2343500000,-2271300000,-3302581709.96,0
Guyana,Netherlands,NLD,BN.GSR.GNFS.CD,0,0,0,0,0,0,0,-230662983.25847,-48618784.495199,-118232044.113324,-607458563.09626,-173371323.241253,1224726668.50476,1967203766.10725,1948601494.17141,2753931343.41556,2947061398.3436,1121659412.94848,-300100593.64158,-1179679315.50973,-1242299860.15266,4898959477.02498,5950541291.1439,4955136562.94531,6087711284.58819,5552501779.50105,6196346710.24213,4912179103.28308,7884579351.72366,9156455713.65622,11651837124.0769,11164705703.9736,12131219674.5209,16823204426.8415,18904843755.3179,24959272264.5563,24725662497.1636,24212561640.1341,22905671858.9222,18508860810.1833,15778115213.4384,16726905203.5087,17519826436.9652,35877924001.4589,47230882636.9046,54406673619.545,58269291778.9916,71340502767.4048,77902570954.0235,71167791952.7612,72670631250.5046,78273242781.0602,82662915884.0258,89188773726.0587,99427821554.2622,59691114746.103,86409292405.6203,90757971216.1782,98111339374.9178,92575983545.4805,95751289971.129,102683234428.788,91947436126.4341,112849305829.958,133826883411.654,0
Guyana,Norway,NOR,BN.GSR.GNFS.CD,0,0,0,0,0,0,0,0,0,0,0,0,0,0,0,-1969407761.45296,-3009940455.23133,-3862478422.53432,-366563417.246045,1223078080.41077,3515592933.68056,4503893000.25623,3165258943.22616,4311090644.21091,5003602946.21346,4660314582.47557,-2546163379.94766,-1828461215.05063,-744602222.377422,3917261769.88318,8159139204.84735,9299241347.84691,8735536683.62477,7652947771.95463,7677912720.3846,9210227896.01717,14356162492.365,13122944788.5603,2783429000.89015,11628207141.6671,28634752065.6791,28959148662.0592,25807116182.9403,29256428733.6305,35088038657.459,49346598608.4508,58412736961.2839,54051258701.4966,79770502729.3897,47009824745.4402,50460931970.1619,66947329884.0391,65999681828.9438,55985337267.571,44434579076.5971,21863652370.9184,6036031881.34822,13910083578.2814,25065483853.8871,6069346162.033,-3348209857.09074,74135526179.1734,163226325544.777,74771139439.89,64794386295.8472,0
Guyana,Nepal,NPL,BN.GSR.GNFS.CD,0,0,0,0,0,0,0,0,0,0,0,0,0,0,0,0,-33456000,-58336000,-89109770.6692387,-103833333.333333,-158575000,-156623104.859143,-243663042.87117,-283755031.312079,-213188648.208936,-241093448.539729,-230980405.395206,-263732941.162979,-398104727.459467,-351579349.430291,-411698818.246163,-426448125.816414,-327003208.162608,-380155657.874432,-507621826.853099,-595206851.451087,-591287366.952731,-636952088.500796,-388087351.057886,-439226109.195531,-507977830.283915,-566643510.632456,-724926798.692707,-856816709.247448,-1059082837.07082,-1427964920.10683,-1699390031.90572,-2218897887.12394,-2660852936.14279,-3559207097.92041,-4307317702.01938,-4584800479.47336,-4916709707.98264,-5334668304.9901,-6366746592.60822,-5467903518.93931,-7898498022.05001,-9393295182.66726,-11960657626.2818,-11110082471.6713,-8923098091.38993,-14473555927.7051,-33800053853.2946,-27594994245.8472,-26877558987.321,0
Guyana,Nauru,NRU,BN.GSR.GNFS.CD,0,0,0,0,0,0,0,0,0,0,0,0,0,0,0,0,0,0,0,0,0,0,0,0,0,0,0,0,0,0,0,0,0,0,0,0,0,0,0,0,0,0,0,0,0,0,0,0,6071681.50474951,9862327.25360275,2382349.37031685,-3675692.94740245,16365843.9788892,13438018.4746422,-14186698.5734077,-57537263.6760321,-43515670.7933291,-51687574.7331049,-39417260.3241404,-42720793.1196538,-61202169.5295265,-86782203.0805965,-86987952.2680417,-85262284.9759343,0,0
Guyana,New Zealand,NZL,BN.GSR.GNFS.CD,0,0,0,0,0,0,0,0,0,0,0,0,0,0,0,0,0,0,0,0,0,0,0,0,0,0,0,0,0,0,0,0,0,0,0,0,0,0,0,0,1247429412.58553,2251953917.35523,1662375166.81921,1644416393.45153,615723703.548273,-1283142380.03224,-757517796.21408,-260339711.146262,-803586697.80375,2442286807.39943,3322195064.16293,3303885888.31451,786409618.31334,1907413775.84306,2279985712.47154,1805047692.10097,1689001769.07406,2199834440.66167,-162775879.54162,193269978.24221,2054344452.0752,-8061234300.48208,-13865087159.0383,-9382621039.97628,-6199833773.46254,0
Guyana,OECD members,OED,BN.GSR.GNFS.CD,0,0,0,0,0,0,0,0,0,0,0,0,0,0,0,0,0,0,0,0,0,0,0,0,0,0,0,0,0,0,0,0,0,0,0,0,0,0,0,0,0,0,0,0,0,0,0,0,0,0,0,0,0,0,0,0,0,0,0,0,0,0,0,0,0,0
Guyana,Oman,OMN,BN.GSR.GNFS.CD,0,0,0,0,0,0,0,0,0,0,0,0,0,0,557035322.979257,353503185.736836,418934569.828994,389693110.566569,255645628.997237,767226406.39035,1459177769.13485,1787782286.58883,1151129128.98416,1222061381.65044,1123343395.56036,1244951432.41796,-123042473.869291,1568270481.14434,725617685.305592,1330559167.75033,2234590377.11313,859817945.383614,1009102730.81925,442132639.791937,962028608.582574,1042912873.86216,2051099973.3277,1725199977.56567,-1195999992.22367,1637799989.35111,5418301300.39012,4472821846.55396,4262938881.6645,3666059817.94538,3092171651.49545,8456592977.89337,9117869960.98829,6936023407.0221,12957287386.2159,7737001300.39012,14168834850.4551,20182214357.8526,20411014954.2264,17577238634.2946,18830076957.0447,2336060644.52968,-124401464.605507,1889138089.19786,10720954665.9213,10978041345.5461,1864257543.52053,9356575509.46448,22800954135.8586,17337287552.7732,0,0
Guyana,Other small states,OSS,BN.GSR.GNFS.CD,0,0,0,0,0,0,0,0,0,0,0,0,0,0,0,0,0,0,0,0,0,0,0,0,0,0,0,0,0,0,0,0,0,0,0,0,0,0,0,0,0,0,0,0,0,0,0,0,0,0,0,0,0,0,0,0,0,0,0,0,0,0,0,0,0,0
Guyana,Pakistan,PAK,BN.GSR.GNFS.CD,0,0,0,0,0,0,0,0,0,0,0,0,0,0,0,0,-1194108122.90638,-1555202522.13272,-2050058140.6339,-2596977116.86762,-3114972005.46645,-3212400511.16292,-3567110226.09934,-2945073495.2231,-4069213618.91024,-3581025369.277,-3164346564.13773,-2642944410.6176,-3341475595.97599,-3107290399.88654,-3370640500.03573,-3055722371.75394,-3927387399.8867,-3652292822.60562,-3015303684.81132,-3971692894.9253,-5099044353.86069,-3432555601.27032,-2841000000,-2620000000,-2029000000,-1481000000,-408000000,-435000000,-5979990000,-10170200000,-14558000000,-15640000000,-22456500000,-12838430000,-11960000000,-15718000000,-17528000000,-19124000000,-20547000000,-20018000000,-25036898000,-35006621000,-37647987000,-27305928000,-24764874000,-40902106000,-37627107000,-21854115536.9101,-26630946149.6423,0
Guyana,Panama,PAN,BN.GSR.GNFS.CD,0,0,0,0,0,0,0,0,0,0,0,0,0,0,0,0,0,-193200000,-272700000,-360700000,27800000,-79300000,59400000,203500000,-19500000,85600000,183500000,250500000,701000000,282200000,245200000,-31100000,-67200000,-13200000,89300000,-157300000,-86100000,-257700000,-657300000,-638800000,-289300000,192700000,-64600000,32900000,-203000000,-138900000,558100000,-300100000,-984200000,1483500000,-572100000,-2287200000,-1080600000,-1232300000,-2445300000,-1291500000,-266461140,191735791.32,-870810452.96,1047578890.98,2216711208.97,3148511012.48,3071544271.4,1978307280.36,6489366213.68,0
Guyana,Peru,PER,BN.GSR.GNFS.CD,0,0,0,0,0,0,0,0,0,0,0,0,0,0,0,0,0,-555900000,329600000,1573400000,660900000,-870000000,-742000000,39000000,786100000,980000000,-404830000,-871030000,-466460000,938950000,33000000,-601000000,-914000000,-1325680013.26817,-1545353969.61764,-2974720139.62358,-2657415719.84149,-2497351338.65113,-3119051660.32489,-1210622572.45865,-1137511352.28879,-1141491426.63123,-672677239.071213,-14064416.879275,2272560658.88202,4451808955.29331,8248862336.18374,7311512853.91072,513685474.971384,4774834390.18401,4634780343.50514,6980047573.27673,3303945466.31035,-2080242089.17739,-4186740773.98219,-5669749926.50903,-760065695.65512,3815942534.70701,3611856738.53757,2730522912.66449,2903017975.51663,7134456346.93104,1454093550.78378,9194315489.24106,16164915867.033,0
Guyana,Philippines,PHL,BN.GSR.GNFS.CD,0,0,0,0,0,0,0,0,0,0,0,0,0,0,0,0,0,-887000000,-1294000000,-1645000000,-1931000000,-2065000000,-2665000000,-2407000000,-231000000,886000000,1814000000,173000000,20000000,-937000000,-2537000000,-1361000000,-2261000000,-4639000000,-5736000000,-6522000000,-7824000000,-10112000000,-2658000000,-7597000000,-7841000000,-8553000000,-7532000000,-7814000000,-7461000000,-9998077081.79396,-6982402744.99672,-8008136327.32213,-16675078813.8032,-8962220914.47501,-11094114051.3837,-13866049881.2956,-12747420148.0934,-10647205110.6591,-12753927160.9377,-17854385029.8626,-28505668860.9328,-31521653139.6326,-39364380325.4317,-36272180841.4456,-19908904994.2508,-38767003795.2077,-53805933988.2645,-47852888411.1433,-54164616659.4433,0
Guyana,Palau,PLW,BN.GSR.GNFS.CD,0,0,0,0,0,0,0,0,0,0,0,0,0,0,0,0,0,0,0,0,0,0,0,0,0,0,0,0,0,0,0,0,0,0,0,0,0,0,0,0,0,0,0,0,0,-56296785.480069,-68414548.764981,-56762301.3689432,-60952810.6471236,-37925189.7302746,-50050735.519971,-49343341.8775238,-52426105.1373779,-50262020.9120827,-63443837.8860376,-30432669.6714896,-65649000,-90320000,-92617000,-107266000,-154328000,-159372000,-192201000,0,0,0
Guyana,Papua New Guinea,PNG,BN.GSR.GNFS.CD,0,0,0,0,0,0,0,0,0,0,0,0,0,0,0,0,9466543.8894242,-22418896.2933077,-156410363.790611,30960911.3466329,-293298790.43034,-513652852.592393,-501177348.876,-412155821.783127,-339187540.771255,-172983675.59996,-128339899.342112,-165996205.992727,-221950065.723728,-263687343.608108,-127987174.144469,-198316898.694015,268208101.41439,971814529.198952,953509099.052989,1087208622.74415,670180009.709997,150134577.805139,219209971.569912,375628987.957947,565702630.752358,503651484.059286,-11017807.4238152,381955516.551933,366340106.398335,929785686.679439,1049112028.86442,654880726.001556,1277965905.06428,-134065288.059524,-231967769.480945,108900835.70852,-1687437236.77985,-2955691346.78848,3104340926.67802,3778083415.76405,3552283353.68727,4508676329.01396,4117341903.2149,4907180496.45515,3892732292.67262,4601985920.12411,6293492871.36419,4991658001.16057,6389245855.66389,0
Guyana,Poland,POL,BN.GSR.GNFS.CD,0,0,0,0,0,0,0,0,0,0,0,0,0,0,0,0,-2721000000,-2142000000,-2227000000,-2373000000,-1781000000,-1995000000,291000000,510000000,823000000,605000000,470000000,978000000,1157000000,195000000,3942000000,-18000000,597000000,-2935000000,1945000000,1891000000,-3883000000,-6650000000,-8620000000,-13691000000,-10904000000,-6876000000,-6474000000,-5482000000,-7235000000,-3851000000,-8293000000,-16514000000,-28330000000,-4376000000,-11696000000,-12031000000,-3933000000,5764000000,2268000000,9913000000,13979000000,14869000000,12103000000,21967000000,34088000000,22450000000,14623000000,47774000000,36634000000,0
Guyana,Pre-demographic dividend,PRE,BN.GSR.GNFS.CD,0,0,0,0,0,0,0,0,0,0,0,0,0,0,0,0,0,0,0,0,0,0,0,0,0,0,0,0,0,0,0,0,0,0,0,0,0,0,0,0,0,0,0,0,0,0,0,0,0,0,0,0,0,0,0,0,0,0,0,0,0,0,0,0,0,0
Guyana,Puerto Rico (US),PRI,BN.GSR.GNFS.CD,0,0,0,0,0,0,0,0,0,0,0,0,0,0,0,0,0,0,0,0,0,0,0,0,0,0,0,0,0,0,0,0,0,0,0,0,0,0,0,0,0,0,0,0,0,0,0,0,0,0,0,0,0,0,0,0,0,0,0,0,0,0,0,0,0,0
Guyana,"Korea, Dem. People's Rep.",PRK,BN.GSR.GNFS.CD,0,0,0,0,0,0,0,0,0,0,0,0,0,0,0,0,0,0,0,0,0,0,0,0,0,0,0,0,0,0,0,0,0,0,0,0,0,0,0,0,0,0,0,0,0,0,0,0,0,0,0,0,0,0,0,0,0,0,0,0,0,0,0,0,0,0
Guyana,Portugal,PRT,BN.GSR.GNFS.CD,0,0,0,0,0,0,0,0,0,0,0,0,0,0,0,-1771623837.10726,-2109871549.90519,-1908920552.88364,-1774303284.56876,-2110483765.91201,-3462042989.62338,-6640011642.99154,-4685292442.48496,-2760808809.61996,-1638179053.69963,-767700202.013705,-772075433.134908,-2504656873.56146,-4627180929.80448,-3783979145.83752,-5592470617.10722,-6876795890.63701,-8621319718.63795,-6685360720.96859,-7051932839.15299,-7284981153.19117,-8440792538.29237,-9070226622.80486,-10959524789.1332,-13027965112.4544,-12926315214.6081,-12215479060.6935,-10822178498.0147,-10541686031.7932,-14709125856.7821,-16835801748.9223,-16191219865.8931,-17631717450.462,-24352320741.766,-16490046323.6815,-17496926693.2178,-9048627917.70832,-39278617.30774,3935280554.75615,2044843806.29789,2949567882.10563,3623606723.20494,3513475514.58704,2512780595.81492,2169253273.80949,-4104752400.44966,-6385656039.97112,-5239970419.67,4320114942.39843,7258325860.33575,0
Guyana,Paraguay,PRY,BN.GSR.GNFS.CD,0,0,0,0,0,0,0,0,0,0,0,0,0,0,0,-60300000,-52200000,-42100000,-93300000,-217700000,-276100000,-421600000,-445000000,-244800000,-288900000,-221300000,-329500000,-405500000,-164000000,255500000,345400000,49600000,-90800000,-74800000,-410600000,483346770.43358,226649381.10821,95646547.49801,702936121.87912,698722161.21112,689681489.208881,724870232.386674,1101974891.38509,1000447807.09974,1078092288.51981,1082887002.06224,1061864271.21879,1400096382.22206,948251463.521081,1140173966.29711,663861952.547294,605134164.800474,337304339.956615,1369881521.72287,794363136.404376,929008638.408186,2375901318.7079,2073510714.27829,669627132.53312,371640068.388584,1366428110.44605,517865975.642461,-2117280081.97193,733327274.671298,-1057311930.82511,0
Guyana,West Bank and Gaza,PSE,BN.GSR.GNFS.CD,0,0,0,0,0,0,0,0,0,0,0,0,0,0,0,0,0,0,0,0,0,0,0,0,0,0,0,0,0,0,0,0,0,0,0,-2025800000,-2510600000,-2668500000,-2349907152.94835,-2527553573.60014,-2010401024.81338,-2080272409.04739,-1755843760,-2001286649.51509,-2540614300,-2850620140,-2947075076.296,-3217783451.1006,-3480294855.3172,-3809895605.3735,-3897017279.56321,-3923736908.37532,-4429099697.36899,-4734829804.75961,-5049354978.71861,-5401124719.51205,-5664562237.11023,-5967410890.28882,-6425749413.264,-6501965710.78652,-5680064638.17278,-6953873199.19627,-8724189309.0826,-8223955681.45981,-5379455681.4598,0
Guyana,Pacific island small states,PSS,BN.GSR.GNFS.CD,0,0,0,0,0,0,0,0,0,0,0,0,0,0,0,0,0,0,0,0,0,0,0,0,0,0,0,0,0,0,0,0,0,0,0,0,0,0,0,0,0,0,0,0,0,0,0,0,0,0,0,0,0,0,0,0,0,0,0,0,0,0,0,0,0,0
Guyana,Post-demographic dividend,PST,BN.GSR.GNFS.CD,0,0,0,0,0,0,0,0,0,0,0,0,0,0,0,0,0,0,0,0,0,0,0,0,0,0,0,0,0,0,0,0,0,0,0,0,0,0,0,0,0,0,0,0,0,0,0,0,0,0,0,0,0,0,0,0,0,0,0,0,0,0,0,0,0,0
Guyana,French Polynesia,PYF,BN.GSR.GNFS.CD,0,0,0,0,0,0,0,0,0,0,0,0,0,0,0,0,0,0,0,0,0,0,0,0,0,0,0,0,0,0,0,0,0,0,0,0,0,0,0,0,0,0,-728468796.662733,-1025328543.5011,-898574306.286994,-1036888105.48882,-929143517.743824,-1052138615.25208,-1338878030.85697,-1089353210.74774,-1206470991.11899,-1058678595.26012,-1069742498.92608,-1110279261.43334,-982248876.717437,-801945995.325929,-670140013.847809,0,0,0,0,0,0,0,0,0
Guyana,Qatar,QAT,BN.GSR.GNFS.CD,0,0,0,0,0,0,0,0,0,0,0,0,0,0,0,0,0,0,0,0,0,0,0,0,0,0,0,0,0,0,0,0,0,0,0,0,0,0,0,0,0,0,0,0,0,0,0,0,0,0,0,78045274725.2747,88182600732.6007,85557142857.1428,76224450549.4505,33019780219.7802,9009065934.06594,23011813186.813202,36750000000,25276373626.3736,11868681318.6813,44345054945.055,87172802197.8022,56534775538.4423,55524450549.4505,0
Guyana,Romania,ROU,BN.GSR.GNFS.CD,0,0,0,0,0,0,0,0,0,0,0,-23000000,-47000000,207000000,-290000000,-46000000,102000000,-172000000,-591000000,-1295000000,-1643000000,184000000,1891000000,1870000000,2378000000,1994000000,1937000000,2433000000,4120000000,2434000000,-3521000000,-1245000000,-1481000000,-1243000000,-582000000,-1902000000,-2855000000,-2361000000,-3228000000,-1512000000,-1930000000,-3090000000,-2602000000,-4467000000,-6930000000,-10073167533.3343,-15033618153.4505,-24811183192.7468,-28102429497.6214,-11289682062.4502,-10755417173.1483,-10786737151.1344,-8705665053.90748,-1724618730.36358,-783649806.38243,-1444882298.75598,-1946138881.78602,-5303643904.64924,-8432409685.38668,-10577395727.2938,-11115807168.0371,-16167465240.3269,-19923067834.1444,-16939827223.2564,-23322218787.5721,0
Guyana,Russian Federation,RUS,BN.GSR.GNFS.CD,0,0,0,0,0,0,0,0,0,0,0,0,0,0,0,0,0,0,0,0,0,0,0,0,0,0,0,0,0,0,0,0,0,0,11014080000,10652980000,15464730000,8212410000,12197530000,29970120000,52049520000,37160460000,34807650000,46684100000,72332370000,104559590000,123739550000,106729110000,157205870000,95630270000,120874760000,163398060000,145076240000,122306910000,133652970000,111245900000,66256050000,83234750000,164976050000,129328030000,76653160000,172794030000,293494039235.801,85522270000,94899260000,0
Guyana,Rwanda,RWA,BN.GSR.GNFS.CD,0,0,0,0,0,0,0,0,0,0,0,0,0,0,0,0,0,0,0,0,0,0,0,0,0,0,0,0,0,0,0,0,0,0,0,0,0,0,0,0,0,0,0,0,0,0,0,0,0,0,-941103243.065745,-1224722857.99541,-1253815282.9102001,-1154648241.74298,-1325242910.72971,-1489712841.67107,-1539599265.47421,-1166689291.37218,-1298121022.54492,-1482482929.20155,-1648602394.27268,-1745970645.09709,-1984989565.16376,-2273994598.05972,0,0
Guyana,South Asia,SAS,BN.GSR.GNFS.CD,0,0,0,0,0,0,0,0,0,0,0,0,0,0,0,0,0,0,0,0,0,0,0,0,0,0,0,0,0,0,0,0,0,0,0,0,0,0,0,0,0,0,0,0,0,0,0,0,0,0,0,0,0,0,0,0,0,0,0,0,0,0,0,0,0,0
Guyana,Saudi Arabia,SAU,BN.GSR.GNFS.CD,0,0,0,0,0,0,0,0,0,0,0,1680473961.90321,2569513664.87101,5250109949.99855,25783098598.8121,18350514736.4443,19067988673.957,17489039214.1674,4744729346.40438,14621359169.8757,50971796743.3514,49318429874.375,9471523324.6152,-20461628903.3432,-19757019686.7602,-15145759995.433,-14599662731.8718,-11384000000,-8058666666.66667,-8199999999.99999,3501333333.33334,-14058666666.6667,-8764800000,-4653066666.66666,6234533333.33333,8575866666.66666,13828933333.3333,12638533333.3333,-862800000.00001,11548560000,29327466666.6667,25092746133.3333,28037200000,44231760000,65103253333.3333,104325120000,111862286596.9,103968941035.677,146169041653.333,39987598266.6667,87627967474.9333,178246906733.333,184213302925.49,157750352290.196,95966244483.2501,-29296857411.0667,2512457612.48266,38494342202.4893,105847721876.695,66885222484.4043,664277187.03624,72986051067.8821,187510587878.025,78820567472.8384,43885705968.6075,0
Guyana,Sudan,SDN,BN.GSR.GNFS.CD,0,0,0,0,0,0,0,0,0,0,0,0,0,0,0,0,0,-64324802.5563305,-128468108.951479,-288250000.665065,-498600000.9972,-881428828.159035,-206359699.660157,-263384615.384616,-106999999.999999,-106995105.188896,-274440000,-473653333.333334,-604444444.444444,-612166666.666666,-377800000,-956000000,-645400000,-266910000,-669000000,-557300000,-869270000,-969000000,-1324700000,-669200000,-179800000,-342100000,-1030730000,-787740000,-828830000,-2477690566.75834,-3699976520.17054,-1014022945.49312,1326815089.47756,-2047805936.56511,274460811.337636,-1379977.09696817,-5106165772.15506,-4709950986.25009,-4158965533.77839,-5250554114.3805,-4279483944.24953,-3935200023.62123,-3241606275.68062,-4685625502.3079,-5454158297.72246,-3606680948.16271,-5666885769.57708,0,0,0
Guyana,Senegal,SEN,BN.GSR.GNFS.CD,0,0,0,0,0,0,0,0,0,0,0,0,0,0,-79184172.8166181,-93741440.5199764,-138229469.251838,-119993640.548753,-279895234.870109,-285067371.54215,-408084917.779977,-531922229.25769,-345428606.630859,-361039785.742302,-288014830.424985,-338153848.87964,-339006637.758708,-388535088.93208,-364044480.204713,-316637530.002038,-387233328.232149,-439514227.15431,-503944586.200818,-517299991.611323,-283589100.077858,-315296997.512953,-293039366.307266,-291476661.374298,-330650416.541355,-360117948.640963,-435907522.883719,-441219303.356247,-558099493.007179,-832712597.372973,-1013554811.65916,-1340652040.96105,-1635850079.46629,-2529784161.16289,-3534640927.24209,-2165924398.35281,-1990564715.87823,-2636048196.64959,-2984671612.56592,-3091588323.33272,-2932438127.78563,-2271452517.90923,-2086534060.04009,-2906141229.2163,-3673057356.20929,-3334165781.93887,-4563895368.22042,-5498030716.07462,-7279647889.99421,-7915370883.2456,0,0
Guyana,Singapore,SGP,BN.GSR.GNFS.CD,0,0,0,0,0,0,0,0,0,0,0,0,-481422222.393395,-414264592.319104,-827702240.865219,-579850715.021943,-478379499.708446,-167254242.898024,-387858532.919914,-657144937.729555,-1026990212.27278,-764901015.139421,-665412787.492915,-305719221.175888,-513341407.276367,-384519237.382984,58325997.937797,39506485.489753,1793507832.59004,2496592331.78511,2536670589.96617,4589273827.09617,4842026642.65688,4552260013.02768,10500285607.8209,14737243143.1342,15768053998.4363,14747584841.3401,18428040921.7246,14673236483.9219,11853210335.1,14812617467.2696,17051322982.2973,27295921783.9685,30345485866.3081,38200249639.8848,45646156750.8603,56581053479.0285,40002944930.3908,45619614148.231,63099137641.2564,76981679928.6127,71489958547.0402,71092623671.3818,73803243755.1793,84076882512.3197,83944486448.3213,91722432427.5395,112382575172.524,110545012492.441,110068430684.488,158308997754.594,202991344294.003,189183129359.779,192576845361.34,0
Guyana,Solomon Islands,SLB,BN.GSR.GNFS.CD,0,0,0,0,0,0,0,0,0,0,0,0,0,0,0,-20422412.2883575,-7454630.62916268,-3104843.92614907,-12476273.1426282,-4965562.54284639,-17111995.5648329,-34361248.4268862,-24096276.8213259,-18457922.2322844,-3611482.55268578,-34644215.8380393,-36807349.9891672,-35032342.6027995,-66938239.7899976,-68331219.6345056,-60582493.557508,-65199373.7913252,-27697141.4910693,-46051530.8683286,-56055883.7156899,-21345312.5458762,-21366333.0708496,-64918963.3950851,-17526193.6820909,23335405.984047,-43407939.1594535,-74889186.5943221,-68303352.5168226,-63969997.255796,-46271902.4020469,-96892280.7852918,-100823937.114205,-139124873.171266,-133370318.415166,-119940173.265209,-232212467.050796,-72947873.0522185,-18617806.182274,-139031352.110157,-115938592.077101,-94369031.3038173,-71764593.3286207,-85208106.6607744,-67555003.5548166,-161616187.432648,-127426602.631852,-205803240.830267,-353282085.881172,-337585981.691658,-214251464.107121,0
Guyana,Sierra Leone,SLE,BN.GSR.GNFS.CD,0,0,0,0,0,0,0,0,0,0,0,0,0,0,0,0,0,-54688340.466288,-97894706.7599038,-166040263.693526,-195752010.083129,-138555958.789845,-185120833.981571,-33256774.4439207,-23586127.217605,-24243435.5009287,7158777.37366065,26032146.5578714,-16325233.4244905,-27313570.6414923,-5179409.5798828,14747540.2990297,-4471591.7869648,-71878373.5024422,-80118490.9293609,-131667393.096234,-224546543.105625,-72091759.1500613,-77352588.6757507,-159075820.518292,-194720200.752823,-194909844.61176,-237528363.601762,-227632445.374358,-151113705.413781,-191252008.017663,-132663532.014149,-159237861.006032,-261707767.412325,-381296414.948659,-715515814.415919,-1945470441.27068,-1264694608.15793,-502824867.553557,-1369209960.48259,-1447951542.09889,-634813013.317395,-750444518.404801,-751894212.517926,-901373527.805763,-791991821.106383,-980945786.930212,-871989273.411257,-881989541.670782,0,0
Guyana,El Salvador,SLV,BN.GSR.GNFS.CD,0,0,0,0,0,0,0,0,0,0,0,0,0,0,0,0,8360000,16840000,-285320000,9960000,43720000,-239040000,-235880000,-184720000,-265120000,-282840000,-164360129.014972,-311100000,-369280000,-703860000,-651063519.104402,-716557172.557167,-949905312.468857,-1013385987.37337,-1211742803.95245,-1583513397.74404,-1332495716.73329,-1295417558.88651,-1454483152.48428,-1538600000,-1974500000,-2182900000,-2104650000,-2393417959.63069,-2738945012.72861,-3166090000,-3800060000,-4505900000,-4889740000,-3198057250.07384,-3623906167.97331,-4323108759.90917,-4385543013.49576,-4618410153.40857,-4418568836.38847,-4011020503.82282,-3846089576.40031,-4111467489.96742,-4758306213.15005,-4411887021.63997,-4330543594.40157,-7132043364.63756,-8017128233.95125,-6405325811.7365,-6768233249.50113,0
Guyana,San Marino,SMR,BN.GSR.GNFS.CD,0,0,0,0,0,0,0,0,0,0,0,0,0,0,0,0,0,0,0,0,0,0,0,0,0,0,0,0,0,0,0,0,0,0,0,0,0,0,0,0,0,0,0,0,0,0,0,0,0,0,0,0,0,0,0,0,0,118472967.034551,129620775.756554,181978126.82682,206942037.914639,289974277.242042,446726807.690789,0,0,0
Guyana,"Somalia, Fed. Rep.",SOM,BN.GSR.GNFS.CD,0,0,0,0,0,0,0,0,0,0,0,0,0,0,0,0,0,0,0,0,0,0,0,0,0,0,0,0,0,0,0,0,0,0,0,0,0,0,0,0,0,0,0,0,0,0,0,0,0,0,0,0,0,0,0,0,0,0,0,0,0,0,0,0,0,0
Guyana,Serbia,SRB,BN.GSR.GNFS.CD,0,0,0,0,0,0,0,0,0,0,0,0,0,0,0,0,0,0,0,0,0,0,0,0,0,0,0,0,0,0,0,0,0,0,0,0,0,0,0,0,0,0,0,0,0,0,0,-10129243437.7465,-12795049317.3298,-7029431941.05099,-6267922590.51802,-7418732547.45396,-7106391499.32045,-5109389345.02999,-4838400878.01193,-3234473621.42864,-2447273760.13199,-3435173093.51777,-4813258317.57493,-5159167604.62286,-4677231022.30626,-5441115647.71434,-7490310169.67688,-3806168977.50843,-4443392002.36061,0
Guyana,Sub-Saharan Africa (excluding high income),SSA,BN.GSR.GNFS.CD,0,0,0,0,0,0,0,0,0,0,0,0,0,0,0,0,0,0,0,0,0,0,0,0,0,0,0,0,0,0,0,0,0,0,0,0,0,0,0,0,0,0,0,0,0,0,0,0,0,0,0,0,0,0,0,0,0,0,0,0,0,0,0,0,0,0
Guyana,South Sudan,SSD,BN.GSR.GNFS.CD,0,0,0,0,0,0,0,0,0,0,0,0,0,0,0,0,0,0,0,0,0,0,0,0,0,0,0,0,0,0,0,0,0,0,0,0,0,0,0,0,0,0,0,0,0,0,0,0,0,0,0,0,0,0,-1467336534.43501,-776950000,-424540000,458392000,-477150000,-251930000,-1900870000,615260000,-590878300,55845000,0,0
Guyana,Sub-Saharan Africa,SSF,BN.GSR.GNFS.CD,0,0,0,0,0,0,0,0,0,0,0,0,0,0,0,0,0,0,0,0,0,0,0,0,0,0,0,0,0,0,0,0,0,0,0,0,0,0,0,0,0,0,0,0,0,0,0,0,0,0,0,0,0,0,0,0,0,0,0,0,0,0,0,0,0,0
Guyana,Small states,SST,BN.GSR.GNFS.CD,0,0,0,0,0,0,0,0,0,0,0,0,0,0,0,0,0,0,0,0,0,0,0,0,0,0,0,0,0,0,0,0,0,0,0,0,0,0,0,0,0,0,0,0,0,0,0,0,0,0,0,0,0,0,0,0,0,0,0,0,0,0,0,0,0,0
Guyana,Sao Tome and Principe,STP,BN.GSR.GNFS.CD,0,0,0,0,0,0,0,0,0,0,0,0,0,0,6554497.11053071,-4693018.6057127,-1356082.38754621,7414533.64477457,1590380.58208568,6035760.56083619,-1872228.39281544,-20466431.2866185,-26132598.3718058,-14878872.0320669,-19491077.3183452,-19325452.5498725,-20578396.6509583,-13952832.3924041,-11467011.5430645,-12425379.3446416,-14160000,0,0,0,0,0,0,-19997690,-15333835.7,-17430988.6460192,-21322686.6797854,-28024614.828207,-25627521.9269449,-31371449.7350222,-38808640.2389741,-36719925.1044865,-60888226.5759207,-70024544.8182279,-96082709.0586429,-83137191.6380758,-96204011.9233591,-117739303.300515,-110750661.660894,-127757245.696384,-142099353.237381,-96054956.6176606,-88273069.5197772,-101032980.34917,-98899407.9265492,-117035999.922654,-110759703.813484,-125888217.837844,-122344817.152206,0,0,0
Guyana,Suriname,SUR,BN.GSR.GNFS.CD,0,0,0,0,0,0,0,0,0,0,0,0,0,0,0,0,0,0,0,0,0,0,0,0,0,0,0,0,0,0,0,0,0,0,0,0,0,0,0,0,0,0,0,0,0,-128400000,239200000,249700000,213800000,12500000,668597840.323741,606113686.43078,282088349.510941,-131317402.507628,-417197854.42966,-838499615.988408,-95935803.986605,363505213.240581,166040948.596657,-125964881.921815,601336025.320573,423044484.249477,258026533.192935,329681738.253521,222216301.200583,0
Guyana,Slovak Republic,SVK,BN.GSR.GNFS.CD,0,0,0,0,0,0,0,0,0,0,0,0,0,0,0,0,0,0,0,0,0,0,0,0,0,0,0,0,0,0,0,0,0,-639815652.393513,722386347.639689,311229344.844864,-2244614404.65639,-2011356105.36559,-2334234279.21477,-1053706300.94115,-459032794.221362,-1644062764.94015,-1704770079.23607,-407799314.645385,-1738016962.01881,-2652504894.73131,-2333414266.65632,-615579829.133818,-2236270617.46469,-863793098.356764,-970887815.969302,-462990160.615319,3766024391.23009,4522032674.18701,3624313601.41268,819420590.617768,1751456536.91394,1253622301.52814,1136117411.16827,-128060717.36208,1105649657.50483,-653299649.87964,-6953404615.75649,2301230321.02915,64857363.50592,0
Guyana,Slovenia,SVN,BN.GSR.GNFS.CD,0,0,0,0,0,0,0,0,0,0,0,0,0,0,0,0,0,0,0,0,0,0,0,0,0,0,0,0,0,0,0,0,970600000,220500000,306300000,-371600000,-185700000,-138700000,-291900000,-880300000,-689300000,-117100000,336000000,-14100000,-406000000,-197600000,84666077.480794,-597748578.794682,-1012134993.52668,709098523.063428,425138233.44891,297614450.986128,1456372349.37835,2826609320.54319,3507065430.84135,3464104222.58263,3843577806.58722,4386490149.4219,4601509909.12579,4708952405.24018,4855194078.30839,3665876181.43792,1352093114.6865,4351480551.448,4576156270.43958,0
Guyana,Sweden,SWE,BN.GSR.GNFS.CD,0,0,0,0,0,0,0,0,0,0,-119848217.93429,552097602.931454,850408581.2561,1737935772.33681,-121637374.236899,364899742.577691,-729921798.335493,-852399387.143225,1618675440.33144,-546068411.817852,-1726908779.11143,335503812.966794,-609620322.828419,1967829177.55755,3381002757.56185,1824376961.45368,3235809030.43378,2797814947.09949,2637482547.64594,983144068.6197,70153192.96504,3729753113.90065,3825511647.04393,6781942061.59243,8542057141.79031,14383610467.7643,16811305567.5979,16244548744.5836,15728309638.7104,16091289013.0473,16061659825.4707,18591350342.2175,16610629030.0304,18511561810.2044,26940503054.34,24798839623.2915,29860287392.2434,31342881728.5442,31027233567.0197,21695731950.5645,23672379778.913,28825149689.05,28324831033.4835,23331945631.9762,18246315684.568,18118110226.2481,15274041856.9726,11547184497.3353,11014490874.811,23125394624.9601,23842043077.7926,26112422040.125702,9372533937.2523,17896382654.7774,20385735527.1843,0
Guyana,Eswatini,SWZ,BN.GSR.GNFS.CD,0,0,0,0,0,0,0,0,0,0,0,0,0,0,61076386.3706085,42866352.3444689,21159999.9816,-4139999.99640001,-92574999.9195,-173510781.85344,-213781185.933639,-174913039.182051,-189534904.289986,-212727762.367096,-184168741.166352,-130243306.034292,-49369118.8870506,-1620798.61167957,-23444364.1705896,-19407647.3375015,-109843354.692837,-131531534.794111,-251085709.310116,-267463316.088923,-139128993.996186,-254223984.273873,-343866697.653269,-257126704.974759,-282215232.242795,-238018278.586258,-197789147.349226,-175922348.841358,-65115011.4413145,-17642094.2574106,-37102514.0297558,-378398011.593855,-342081098.15366,-323292385.163182,-435932848.532854,-483527662.826687,-562010006.230172,-376089570.839394,-201417708.225607,-77247436.2099292,-42690154.6252217,53319673.5564336,44939550.6046326,-32813553.1425917,-167569232.945301,123898878.526821,121627075.137628,-40789539.9773818,-193678628.939948,-176193859.438031,0,0
Guyana,Sint Maarten (Dutch part),SXM,BN.GSR.GNFS.CD,0,0,0,0,0,0,0,0,0,0,0,0,0,0,0,0,0,0,0,0,0,0,0,0,0,0,0,0,0,0,0,0,0,0,0,0,0,0,0,0,0,0,0,0,0,0,0,0,0,0,0,55581005.5865921,139027932.960894,40061452.5139665,-55871508.3798884,82435754.1899442,33245810.0558659,-64961918.8491621,-419354168.793296,-146843456.776536,-233784224.083799,-211569874.798883,54478509.865922,15331593.0670392,0,0
Guyana,Seychelles,SYC,BN.GSR.GNFS.CD,0,0,0,0,0,0,0,0,0,0,0,0,0,0,0,0,-7049578.44147194,-7287348.75357825,-9262899.49983166,-17466766.9875822,-26894045.7803844,-26353536.2201844,-43232310.3383952,-32784114.0249285,-20258503.2354056,-26785643.5075033,-36187063.9704093,-28371025.6071096,-34888499.1904686,-41124522.6733981,-17938319.3364348,-13818848.2478361,-14942978.3624344,9051374.7539335,35084052.6583843,14456186.7712448,-47333156.7174943,-61696164.042435,-96488313.646246,-102776122.662257,-20126669.454261,-133602581.344208,-46842042.470637,21033577.964903,-44403708.043168,-165223804.137843,-134144137.167478,-94914599.5505615,-182304974.57306,-141747147.957938,-206971922.661112,-238469933.205093,-182295460.976503,-90983596.082136,-211326650.927116,-123798049.191919,-21049602.036119,-180771283.05251,83509890.037974,59755616.8019321,-92441576.3957477,-69833657.514694,-50785647.203826,-61816229.34,0,0
Guyana,Syrian Arab Republic,SYR,BN.GSR.GNFS.CD,0,0,0,0,0,0,0,0,0,0,0,0,0,0,0,0,0,-1420800000,-1462500000,-1621200000,-2053900000,-2575100000,-1907400000,-2400300000,-2246500000,-2408700000,-1458900000,-958400000,-608100000,1292900000,2074900000,1146200000,337500000,-106000000,-1023000000,216000000,-101000000,547000000,-3000000,255000000,1455000000,1511000000,1886000000,857000000,641500000,411000000,1289800000,327711651.95259,470912341.028691,-984870275.650419,196994859.35505,0,0,0,0,0,0,0,0,0,0,0,0,0,0,0
Guyana,Turks and Caicos Islands,TCA,BN.GSR.GNFS.CD,0,0,0,0,0,0,0,0,0,0,0,0,0,0,0,0,0,0,0,0,0,0,0,0,0,0,0,0,0,0,0,0,0,0,0,0,0,0,0,0,0,0,0,0,0,0,0,0,0,0,0,0,0,0,156567928.14625,200004561.594179,303132102.355792,117739308.703048,282605275.224874,0,0,0,0,0,0,0
Guyana,Chad,TCD,BN.GSR.GNFS.CD,0,0,0,0,0,0,0,0,0,0,0,0,0,0,0,0,0,-114885363.110195,-147973112.532423,-25634438.9350155,-8112474.4731487,-19007737.0562887,-43693629.9357402,-74294209.7263433,-71878981.2792049,-225705229.267011,-234659586.122859,-244040190.697408,-221693452.664368,-252595309.054195,-216480435.98599,-233407966.781214,-258115286.556909,-251445654.032811,-221376009.536166,0,0,0,0,0,0,0,0,0,0,0,0,0,0,0,0,0,0,0,0,0,0,0,0,0,0,0,0,0,0,0
Guyana,East Asia & Pacific (IDA & IBRD countries),TEA,BN.GSR.GNFS.CD,0,0,0,0,0,0,0,0,0,0,0,0,0,0,0,0,0,0,0,0,0,0,0,0,0,0,0,0,0,0,0,0,0,0,0,0,0,0,0,0,0,0,0,0,0,0,0,0,0,0,0,0,0,0,0,0,0,0,0,0,0,0,0,0,0,0
Guyana,Europe & Central Asia (IDA & IBRD countries),TEC,BN.GSR.GNFS.CD,0,0,0,0,0,0,0,0,0,0,0,0,0,0,0,0,0,0,0,0,0,0,0,0,0,0,0,0,0,0,0,0,0,0,0,0,0,0,0,0,0,0,0,0,0,0,0,0,0,0,0,0,0,0,0,0,0,0,0,0,0,0,0,0,0,0
Guyana,Togo,TGO,BN.GSR.GNFS.CD,0,0,0,0,0,0,0,0,0,0,0,0,0,0,93280285.00795,-111738490.598899,-58007831.4653264,-116073902.562035,-247097504.767613,-273916649.159267,-141244144.2402,-85117124.9515781,-111069097.743045,-65369247.440331,-8076315.74548881,-66604644.6815789,-124820280.440868,-117390043.055295,-164147364.029223,-126206747.801327,-183916548.211104,-222394411.625407,-201766733.418104,-154879221.955941,-91582438.6894813,-205994839.739973,-212324277.185309,-187431455.515474,-206398226.514874,-160172654.28154,-178963070.129507,-217189378.75393,-210481283.200476,-266848667.887903,-342188480.538468,-357266979.016466,-382481491.823096,-465136579.887721,-532880602.979262,-495292846.015695,-532495307.103221,-806844878.15732,-542267971.51948,-856074516.964032,-824955001.350343,-918413325.893346,-821754289.343428,-501993343.801538,-626014179.841444,-595605803.867304,-667629634.161391,0,0,0,0,0
Guyana,Thailand,THA,BN.GSR.GNFS.CD,0,0,0,0,0,0,0,0,0,0,0,0,0,0,0,-697964174.330011,-432938992.181746,-1098817985.59172,-1044632960.13518,-1867719322.40413,-2057156302.07204,-2236239088.15892,-671648785.238832,-2924159159.76323,-1843311425.47606,-1105431815.59855,839013638.695515,239422524.483925,-996268679.427438,-1963665351.97445,-6641008932.52669,-6756957091.15558,-5241280543.59085,-5698289716.85053,-7455697267.45511,-11954621688.6987,-12065858026.4771,-19674845.75763,17395214641.7141,15065652623.4086,10108591963.0594,6957320198.09323,7714145387.5403,8804114241.14767,6748293168.81163,-3470930000.00001,5667760000.00002,18682949999.9998,4451510000.00003,26976846652.0191,19684244161.8938,7632805084.44881,880051501.6122,7440895244.2498,23908777047.5981,41680325907.354,56051035537.6349,56877036176.0104,44922177603.4098,51047439795.3604,25932627082.8893,-597171025.96537,-10328988609.3451,10442602106.3156,17772045138.9845,0
Guyana,Tajikistan,TJK,BN.GSR.GNFS.CD,0,0,0,0,0,0,0,0,0,0,0,0,0,0,0,0,0,0,0,0,0,0,0,0,0,0,0,0,0,0,0,0,0,0,0,0,0,0,0,0,0,0,-159641700,-152540100,-225118100,-893925948.256,-1338461736.506,-2618814302.89,-3311322296.855,-2234459025.862,-2501824054.50309,-2995301573.00434,-3674402732.32093,-4413283923.32512,-3362252177.59182,-2500212936.98429,-2027438335.39895,-1638943806.42397,-2105150990.26857,-2165340275.03577,-1716308299.75911,-2096987468.13405,-3508137350.39879,-3826437504.86308,-5289347985.14263,0
Guyana,Turkmenistan,TKM,BN.GSR.GNFS.CD,0,0,0,0,0,0,0,0,0,0,0,0,0,0,0,0,0,0,0,0,0,0,0,0,0,0,0,0,0,0,0,0,0,0,0,0,0,0,0,0,0,0,0,0,0,0,0,0,0,0,0,0,0,0,0,0,0,0,0,0,0,0,0,0,0,0
Guyana,Latin America & the Caribbean (IDA & IBRD countries),TLA,BN.GSR.GNFS.CD,0,0,0,0,0,0,0,0,0,0,0,0,0,0,0,0,0,0,0,0,0,0,0,0,0,0,0,0,0,0,0,0,0,0,0,0,0,0,0,0,0,0,0,0,0,0,0,0,0,0,0,0,0,0,0,0,0,0,0,0,0,0,0,0,0,0
Guyana,Timor-Leste,TLS,BN.GSR.GNFS.CD,0,0,0,0,0,0,0,0,0,0,0,0,0,0,0,0,0,0,0,0,0,0,0,0,0,0,0,0,0,0,0,0,0,0,0,0,0,0,0,0,0,0,0,0,0,0,-289383048.549047,-431764892.531948,-742716807.922695,-1096271466.10999,-1247864440.07642,-1764232468.0139,-1558194741.06832,-1116519110.61768,-1126455582.68145,-1228659498.09942,-1068796400,-1012875558.12092,-937852221.140324,-262648204.822991,271065047.532674,1726588698.45493,572234095.491284,-467398227.00392,-965560482.252982,0
Guyana,"Middle East, North Africa, Afghanistan & Pakistan (IDA & IBRD)",TMN,BN.GSR.GNFS.CD,0,0,0,0,0,0,0,0,0,0,0,0,0,0,0,0,0,0,0,0,0,0,0,0,0,0,0,0,0,0,0,0,0,0,0,0,0,0,0,0,0,0,0,0,0,0,0,0,0,0,0,0,0,0,0,0,0,0,0,0,0,0,0,0,0,0
Guyana,Tonga,TON,BN.GSR.GNFS.CD,0,0,0,0,0,0,0,0,0,0,0,-2394560.38341701,-3702542.20610496,-3862527.04151622,-4515439.08127057,-7508591.05300092,-9881851.85616187,-9324520.38983442,-9984310.47664437,-14525245.3778404,-17661781.5916069,-26340768.3088066,-25169974.0577364,-33433968.8182231,-25103824.7103855,-23485242.7782488,-27965643.076279,-26538304.1258801,-43157832.1866468,-39081207.2600698,-32644819.8381734,-42825781.6319811,-41807587.6041562,-40484080.3784424,-55250523.5713453,0,0,0,0,0,0,-65048436.6642166,-67228553.8268586,-71016038.0094609,-80670861.6579645,-103789129.037299,-113732237.077624,-147529214.357089,-171969380.907535,-198289288.337164,-180663488.369665,-192276730.005313,-204929211.590683,-189023883.739549,-178654027.905329,-186642104.301609,-163189975.201124,-201023301.473995,-215473433.766685,-220521502.903227,-214982924.716985,-240769752.300846,-270380773.124863,-288130003.150856,-273376514.281362,0
Guyana,South Asia (IDA & IBRD),TSA,BN.GSR.GNFS.CD,0,0,0,0,0,0,0,0,0,0,0,0,0,0,0,0,0,0,0,0,0,0,0,0,0,0,0,0,0,0,0,0,0,0,0,0,0,0,0,0,0,0,0,0,0,0,0,0,0,0,0,0,0,0,0,0,0,0,0,0,0,0,0,0,0,0
Guyana,Sub-Saharan Africa (IDA & IBRD countries),TSS,BN.GSR.GNFS.CD,0,0,0,0,0,0,0,0,0,0,0,0,0,0,0,0,0,0,0,0,0,0,0,0,0,0,0,0,0,0,0,0,0,0,0,0,0,0,0,0,0,0,0,0,0,0,0,0,0,0,0,0,0,0,0,0,0,0,0,0,0,0,0,0,0,0
Guyana,Trinidad and Tobago,TTO,BN.GSR.GNFS.CD,0,0,0,0,0,0,0,0,0,0,0,0,0,0,0,434464487.418289,388909301.600329,391458333.496439,151916666.729971,259375000.108075,704500000.29354,665291666.943875,-579958333.574976,-785083333.660453,-114541666.666664,325714285.71429,-172944444.444449,72500000.000005,222595121.951224,346588235.294116,861929411.764698,435058823.529414,586611764.705884,434228746.879922,629543391.165713,688355840.503939,626221277.896071,-236240561.534538,-324468120.999178,392800000,1134900060.01781,921900049.252249,501700000,1607000000,2133958664.5938,4624246809.66517,8025822193.7939,6075060780.6821,9680128922.6859,2622876047.27209,5223027322.1487,7557512519.12247,6187027547.1859,7192195003.68176,5964004073.44222,2407442366.62006,-361238438.597955,1080826556.66377,2426307521.80506,1605385243.95971,-344819601.954503,2906273134.53272,6616106894.29565,2326044037.5886,1022686056.82139,0
Guyana,Tunisia,TUN,BN.GSR.GNFS.CD,0,0,0,0,0,0,0,0,0,0,0,0,0,0,0,0,-426797272.291522,-601468704.048184,-499794756.960291,-376418489.716564,-503760714.905006,-546775460.339592,-777060629.820439,-696852134.713129,-862475864.011196,-533256107.782969,-644812585.599815,-150845488.965652,6994603.4691288,-477183249.42832,-835673624.288424,-630528730.245281,-1223382203.29401,-1379837109.48202,-661358553.051614,-832143801.215966,-372916470.477446,-523551530.039411,-650727787.657248,-455225610.655652,-704757967.437167,-882038628.287445,-892572446.778582,-944539663.033988,-677497055.989727,-132877732.959939,-672789767.28461206,-769417870.358922,-1366482479.6932,-1174131195.49722,-2114643006.84645,-3306190583.30473,-4149839670.91186,-4309090629.31182,-5350552962.13939,-4800815650.28994,-4575068667.46327,-5144900131.22953,-4976206258.68746,-3915823821.02449,-3368429350.47927,-4123466217.67132,-5198966231.99805,-2220904968.59434,-2474537236.01198,0
Guyana,Turkiye,TUR,BN.GSR.GNFS.CD,0,0,0,0,0,0,0,0,0,0,0,0,0,0,-1874000000,-2921000000,-2849000000,-3906000000,-1924000000,-2247000000,-4461000000,-3068000000,-1741000000,-2217000000,-1924000000,-1376000000,-1428000000,-1044000000,2020000000,-162000000,-4482000000,-2126000000,-2269000000,-7340000000,2885000000,-3532000000,-3607000000,-4136000000,-520000000,-2269000000,-10682000000,5773000000,1495000000,-3017000000,-9706000000,-17064000000,-26990000000,-32739000000,-34009000000,-6036000000,-39580000000,-68872000000,-36659000000,-41986000000,-25425000000,-13068000000,-14545000000,-26948000000,-4310000000,25986000000,-22573000000,3517000000,-37098000000,-29014000000,5610000000,0
Guyana,Tuvalu,TUV,BN.GSR.GNFS.CD,0,0,0,0,0,0,0,0,0,0,0,0,0,0,0,0,0,0,0,0,0,0,0,0,0,0,0,0,0,0,0,0,0,0,0,0,0,0,0,0,0,-24766822.7199242,-16697895.4883712,-18394631.3658252,-22032363.2685932,-17585713.0289338,-18457188.2078866,-28357255.7707604,-35437146.7188962,-45172615.6154532,-38186368.7152104,-50283574.6471034,-24618807.9022671,-37364725.4502139,-40102214.9760931,-59835184.2181839,-47120301.4064091,-49723193.4592885,-47705825.7364484,-64233849.7164621,-53857480.2451788,-61216533.6123124,-55155781.6030925,0,0,0
Guyana,Tanzania,TZA,BN.GSR.GNFS.CD,0,0,0,0,0,0,0,0,0,0,0,0,0,0,0,0,-70910344.3799,-165395770.6219,-631608975.6462,-512619232.4115,-636362065.1913,-515482067.327,-617607690.4365,-380425596.8703,-430741061.663,-643817845.3645,-695699688.2128,-831663693.0859,-792540326.9293,-810235027.3725,-935639395.7117,-1024720054.7248,-1100232134.5546,-1256221665.0045,-874960725.2506,-874214415.4253,-794314713.8102,-715155575.4769,-1162345584.8438,-1008601956.5421,-689002427.5332,-442983959.593058,-244160607.074363,-490549900.855539,-842287442.092876,-1233237686.55781,-1667765483.88713,-2172024930.08374,-3096600480.99103,-2403363302.95343,-2684369999.1861,-4637338455.47745,-4002388940.85882,-5057876566.20485,-4934358522.59888,-2374224902.06515,-643404373.610813,-951865241.000374,-2138110389.24611,-745051645.543504,-595245885.422409,-1736406971.61126,-4688288595.63165,-2078437441.89751,0,0
Guyana,Uganda,UGA,BN.GSR.GNFS.CD,0,0,0,0,0,0,0,0,0,0,0,0,0,0,0,0,0,0,0,0,-111700000,-111600000,-150900000,-124800000,55000000,2700000,-72800000,-360200000,-492400000,-547800000,-508500000,-424900000,-483900000,-477790000,-623400000,-825220000,-877470000,-954180000,-1207960000,-728800000,-745400000,-770600374.089807,-845961839.509004,-744677722.270111,-787003913.924608,-812386909.344833,-1262231494.60584,-1507574899.66939,-2260444729.95139,-1874448910.65659,-2710270039.52991,-3161103293.92494,-2810466919.29134,-2469982029.41979,-2869237266.56409,-2583228571.28329,-1670742137.57072,-2135895466.18326,-2795233354.00585,-3623437760.9305,-4587017967.97401,-4388622732.66703,-4963175739.12547,-4349573912.66696,-4916985827.87417,0
Guyana,Ukraine,UKR,BN.GSR.GNFS.CD,0,0,0,0,0,0,0,0,0,0,0,0,0,0,0,0,0,0,0,0,0,0,0,0,0,0,0,0,0,0,0,0,0,0,-1366000000,-1190000000,-1122000000,-1536000000,-1207000000,1821000000,1436000000,535000000,1864000000,1298000000,4980000000,674000000,-3070000000,-8131000000,-14368000000,-1957000000,-3982000000,-10145000000,-14346000000,-15634000000,-4606000000,-2362000000,-6453000000,-8744000000,-11378000000,-12511000000,-2378000000,-2671000000,-25737000000,-37879000000,-39403000000,0
Guyana,Upper middle income,UMC,BN.GSR.GNFS.CD,0,0,0,0,0,0,0,0,0,0,0,0,0,0,0,0,0,0,0,0,0,0,0,0,0,0,0,0,0,0,0,0,0,0,0,0,0,0,0,0,0,0,0,0,0,0,0,0,0,0,0,0,0,0,0,0,0,0,0,0,0,0,0,0,0,0
Guyana,Uruguay,URY,BN.GSR.GNFS.CD,0,0,0,0,0,0,0,0,0,0,0,0,0,0,0,0,0,0,-57300000,-309300000,-617700000,-397300000,-48200000,222400000,222500000,242100000,308260000,153070000,325140000,474370000,499090000,234730000,149720000,-104790000,-236900000,-61500000,-127200000,-168900000,-336600000,-437300000,-533085861.015571,-459485291.013659,201535963.635053,318474094.564127,478265127.68267,392623980.58477,-89902847.809965,157956462.694981,-960800911.803937,520918149.434065,630230268.100273,161119684.099074,1691777409.05075,1003505791.87648,1828336998.16352,2232850552.98894,3064989235.45963,3477944620.1946,3277431074.20025,3778995356.27918,2477123579.38679,4543290260.83859,3915693038.9659,2658958168.67718,4115909038.57029,0
Guyana,United States,USA,BN.GSR.GNFS.CD,0,0,0,0,0,0,0,0,0,0,-610000000,-5040000000,-10120000000,-1140000000,-6400000000,9970000000,-6820000000,-27640000000,-30167000000,-24966700000,-18953000000,-15680000000,-23537000000,-57135000000,-108277000000,-121102000000,-138527000000,-151675000000,-114660000000,-93126000000,-80852000000,-31180000000,-39207100000,-70311000000,-98511000000,-96387000000,-104035000000,-108288000000,-166130000000,-255813000000,-369689000000,-360373000000,-420666000000,-496251000000,-610833000000,-716537000000,-763533000000,-711000000000,-712352000000,-394779000000,-503078000000,-554517000000,-525907000000,-446857000000,-483951000000,-490773000000,-479461000000,-516935000000,-577496000000,-559272000000,-646043000000,-837273000000,-923733000000,-774217000000,-903539000000,0
Guyana,Uzbekistan,UZB,BN.GSR.GNFS.CD,0,0,0,0,0,0,0,0,0,0,0,0,0,0,0,0,0,0,0,0,0,0,0,0,0,0,0,0,0,0,0,0,0,0,0,0,0,0,0,0,0,0,0,0,0,595205560.146499,837251852.549651,894508478.440347,379828829.786654,374334956.985063,-576395001.772031,-1340120395.82829,-3823513481.57155,-3747242960.65554,-3472705968.88593,-2822431854.84856,-3931093288.86307,-4057926979.49276,-9308409952.72889,-9561992395.75121,-8101617547.61802,-11493850298.6675,-14677444945.6623,-17596813629.8676,-17450851224.3599,0
Guyana,St. Vincent and the Grenadines,VCT,BN.GSR.GNFS.CD,0,0,0,0,0,0,0,0,0,0,0,0,0,0,0,0,0,0,-9300000,-19100000,-24500000,-17500000,-25709629.6296296,-19700000,-13500000,-6800000,-9485185.18518519,-22711111.1111111,-11781481.4814815,-31096296.2962963,-22100000,-41507407.4074075,-23722222.2222222,-43440740.7407407,-57814814.8148148,-38200000,-37051851.8518519,-80603703.7037036,-91600000.0000001,-62785185.1851852,-38394526.8069837,-36172026.7591681,-24058810.9886715,-45004853.7048797,-71602020.7723527,-78746865.3164633,-105177947.745311,-155646062.628572,-226198903.262345,-184409499.988412,-190770765.316868,-163357013.412679,-192587256.787243,-199002223.388782,-192848135.192929,-132713776.89863,-136031121.70791,-136166296.303064,-130658082.20300101,-97597349.2592592,-190409127.407407,-289660748.888889,-262540490,-243766482.592593,-215996803.333333,0
Guyana,"Venezuela, RB",VEN,BN.GSR.GNFS.CD,0,0,0,0,0,0,0,0,0,0,541000000,810000000,474000000,1676000000,6596000000,2244000000,278000000,-2984000000,-5366000000,760000000,4838000000,3835000000,-2077000000,6751000000,6885000000,5731000000,-522000000,320000000,-3891000000,4712000000,9355000000,2698000000,-1629000000,90000000,4529000000,3848000000,10501000000,6346000000,-1697000000,3632000000,13411000000,4151000000,10512000000,14113000000,19264000000,27711000000,27585000000,13688000000,33797000000,5726000000,12693000000,26222000000,14688000000,14529000000,12551000000,-8235000000,2874000000,0,0,0,0,0,0,0,0,0
Guyana,British Virgin Islands,VGB,BN.GSR.GNFS.CD,0,0,0,0,0,0,0,0,0,0,0,0,0,0,0,0,0,0,0,0,0,0,0,0,0,0,0,0,0,0,0,0,0,0,0,0,0,0,0,0,0,0,0,0,0,0,0,0,0,0,0,0,0,0,0,0,0,0,0,0,0,0,0,0,0,0
Guyana,Virgin Islands (U.S.),VIR,BN.GSR.GNFS.CD,0,0,0,0,0,0,0,0,0,0,0,0,0,0,0,0,0,0,0,0,0,0,0,0,0,0,0,0,0,0,0,0,0,0,0,0,0,0,0,0,0,0,0,0,0,0,0,0,0,0,0,0,0,0,0,0,0,0,0,0,0,0,0,0,0,0
Guyana,Viet Nam,VNM,BN.GSR.GNFS.CD,0,0,0,0,0,0,0,0,0,0,0,0,0,0,0,0,0,0,0,0,0,0,0,0,0,0,0,0,0,0,0,0,0,0,0,0,-2836000000,-1870000000,-1519000000,425000000,-175000000,-91000000,-1804000000,-3359000000,-3159000000,-2735189000.00001,-2783741800,-11193100000,-13733000000,-10028000000,-7597000000,-3430000000,7446000000,5604000000,8596000000,2609000000,6784000000,6816000000,12860129000,19143247000,20421000000,1799000000,15495000000,35201000000,30711000000,0
Guyana,Vanuatu,VUT,BN.GSR.GNFS.CD,0,0,0,0,0,0,0,0,0,0,0,0,0,0,0,0,0,0,0,0,0,0,-9957643.63491213,-6601745.34487499,3418075.63704551,-15826525.7673025,-23209810.5915705,-22800942.6778373,-20321763.8417647,-23006923.5297882,-29295654.5156621,-20009555.2443791,-5851458.41943811,-8363487.29044152,-4875973.17039097,-4781741.21520321,5336768.92077341,8164449.6839605505,14546712.5967294,-16090216.8066353,9909552.37963154,-11803076.513748,-16192887.3368011,-14952160.1716816,-18154167.4391715,-27947217.5775426,-35285540.6726279,-32673280.3115125,-176882388.727737,7582969.9191203,-42953938.1856355,-54481480.2062565,-42682379.9349224,-25585566.0130448,-37924755.029971,-188079947.52364,-138613520.547657,-137691374.119386,-132854046.768454,-165673595.211765,-305430168.36326,-438311378.111222,-427259838.677444,0,0,0
Guyana,World,WLD,BN.GSR.GNFS.CD,0,0,0,0,0,0,0,0,0,0,0,0,0,0,0,0,0,0,0,0,0,0,0,0,0,0,0,0,0,0,0,0,0,0,0,0,0,0,0,0,0,0,0,0,0,0,0,0,0,0,0,0,0,0,0,0,0,0,0,0,0,0,0,0,0,0
Guyana,Samoa,WSM,BN.GSR.GNFS.CD,0,0,0,0,0,0,0,0,0,0,0,0,0,0,0,0,0,-25277405.8859049,-40769606.7345944,-55279960.5264689,-46067326.1509405,-44706189.5695043,-36220345.2927856,-29732801.7855819,-30859592.9770378,-31230050.6877296,-31376355.2450239,-42526249.9715251,-42832354.1051477,-42022883.530392,-50405834.1408647,-74999301.9734912,-90852387.3400529,-83422765.3088135,-50460798.6352336,-51022797.5276988,-49854337.6742934,-60319492.4795994,-43043921.2758977,-60740380.8370769,0,0,0,0,-90595651.9403411,-114340309.547509,-140365882.622238,-116408869.979354,-142435763.613704,-113917786.440404,-185098263.70905,-217692574.46158,-175518291.675394,-184195478.053126,-190219297.255032,-140183984.453907,-151808671.148169,-131790049.234278,-119464622.757452,-119925332.495852,-260271388.740084,-332236640.082348,-336643753.058206,-214589200.00539,-206077460.085428,0
Guyana,Kosovo,XKX,BN.GSR.GNFS.CD,0,0,0,0,0,0,0,0,0,0,0,0,0,0,0,0,0,0,0,0,0,0,0,0,0,0,0,0,0,0,0,0,0,0,0,0,0,0,0,0,0,0,0,0,-1245676355.21507,-1352154274.85571,-1436521228.20795,-1794549825.15421,-2334268089.79619,-1991888229.9653,-2069194853.74307,-2292999083.86576,-1995451460.27641,-1964452983.3008,-2113818726.68873,-1828854778.5638,-1824923277.65927,-1842030133.35535,-2219858288.70392,-2142138007.1665,-2499807658.92248,-2989299472.76924,-3082019863.88968,-3206829833.26303,0,0
Guyana,"Yemen, Rep.",YEM,BN.GSR.GNFS.CD,0,0,0,0,0,0,0,0,0,0,0,0,0,0,0,0,0,0,0,0,0,0,0,0,0,0,0,0,0,0,0,0,0,0,0,0,0,0,0,0,0,0,0,0,0,830926947.03033,84060000,-1584040000,-1499190000,-2870223439.80882,-1358512505.34227,-323762813.745822,-4310359854.05557,-3460906147.52647,-5813165343.09012,-5830133440.70453,-7317640701.7886,0,0,0,0,0,0,0,0,0
Guyana,South Africa,ZAF,BN.GSR.GNFS.CD,377999848.95126,639799744.336022,743399702.937478,510999795.804481,198799920.559551,-121799951.328739,264599894.265882,47599980.9790469,449399820.419832,89599964.1958549,-632799747.133221,-829604304.769884,518444007.958402,723921400.116414,-190487694.624742,-894814876.328009,-433549999.623,1974549998.283,3045199997.352,5279006137.69559,6358428580.16809,-1503669488.11725,-414507442.485873,3232197150.15388,1297536472.08378,5034126841.97369,5763512365.57824,8502840178.83518,5977051773.05472,5082554542.73237,6143184713.5913,5123806430.0296,5286458564.15008,6102068027.55894,3060676857.04778,1027227364.63049,2192238677.62611,1710207030.30467,1729665352.52922,3459740002.11658,3920384073.99069,4867804949.98357,4362352875.09928,4046566618.60655,-410368408.65194,-633341903.4516,-4634129812.53611,-3999046294.35807,-4930518851.96361,1520940147.43798,4979510585.48025,3577039872.35294,-5624548538.35774,-8513750950.04514,-5763323054.59322,-4456305640.43504,1533892059.15329,4349083220.0379,1986405030.54344,1938862949.73873,15079234261.2037,26351816045.8632,9009915063.9182,3122509192.58848,7811501898.59058,0
Guyana,Zambia,ZMB,BN.GSR.GNFS.CD,0,0,0,0,0,0,0,0,0,0,0,0,0,0,0,0,0,0,-82200000,311300000,-156500000,-500800000,-348400000,-23400000,65500000,39200000,22900000,91500000,271300000,207800000,-536800000,140100000,0,0,0,0,0,-115400000,-332200000,-297200000,-440346600,-564731600,-474321000,-544413000,-97934000,254704736.506342,1397247573.82847,781610499.437952,242684693.993283,815291850.985746,2456328690.62676,1871775832.89178,1251408783.64499,589795131.520804,831835103.423319,-645149166.648263,-511897651.362031,350869419.130876,-210418903.757477,222169787.657448,2692282687.97675,4036755514.81567,2421779088.79185,599476624.762461,0,0
Guyana,Zimbabwe,ZWE,BN.GSR.GNFS.CD,0,0,0,0,0,0,0,0,0,0,0,0,0,0,0,0,0,68037617.7114352,108917284.712096,16458555.9559713,-119171131.044877,-483750165.97115,-415326544.080626,-201487892.095082,-33826575.3746349,33737234.4487859,164004879.021809,195525602.453514,280350906.78403,159798573.049641,11314892.3396039,-305484076.768716,-609645413.816023,-69506441.1774695,-170672367.246172,0,0,0,0,0,0,0,0,0,0,0,0,0,0,-1788395612.17584,-2906785439.76514,-4402366967.13923,-4081524864.29304,-4226654734.40717,-3872564257.26463,-3250612626.77115,-2129620999.58694,-1581086032.20988,-2464035915.605,-131430452.855318,-226006542.947893,-1529047176.81581,-2115076198.18564,-2690324727.51443,0,0
India,Aruba,ABW,BN.GSR.GNFS.CD,0,0,0,0,0,0,0,0,0,0,0,0,0,0,0,0,0,0,0,0,0,0,0,0,0,0,-14581005.5865922,-7430167.59776518,-26312849.1620111,-38770949.7206703,-149273743.01676,-199217877.094972,33854748.603352,42849162.011173,85027932.9608939,-25586592.178771,-53631284.916201,-167541899.44134,-14357541.899441,-339905027.932961,309776536.312849,430458100.558658,-137737430.167598,-24379888.2681564,453525139.664804,716110922.86535,546729298.500314,766368715.083801,247765363.128491,344357541.899441,-248938547.486035,101005586.592178,281620111.731844,-102680590.451313,39400255.790602,308640824.100133,333530343.29187,267547883.876194,287147825.572271,321664233.500011,-200488449.87514701,253587682.830592,423839378.911453,587859510.230008,0,0
India,Africa Eastern and Southern,AFE,BN.GSR.GNFS.CD,0,0,0,0,0,0,0,0,0,0,0,0,0,0,0,0,0,0,0,0,0,0,0,0,0,0,0,0,0,0,0,0,0,0,0,0,0,0,0,0,0,0,0,0,0,0,0,0,0,0,0,0,0,0,0,0,0,0,0,0,0,0,0,0,0,0
India,Afghanistan,AFG,BN.GSR.GNFS.CD,0,0,0,0,0,0,0,0,0,0,0,0,0,0,0,0,0,0,0,-205100000,-176800000,-337700000,-212700000,-263000000,-579800000,-407500000,-793800000,-486500000,-328400000,-466400000,0,0,0,0,0,0,0,0,0,0,0,0,0,0,0,0,0,0,-1877652994.15051,-1956521857.76781,-3205300950.54898,-4149500356.09605,-7442378553.20737,-8671425447.58479,-6261263543.711,-7044964161.23314,-6191463867.40496,-6803560118.47488,-6378166942.37589,-5855061056.02892,-5506547001.36988,0,0,0,0,0
India,Africa Western and Central,AFW,BN.GSR.GNFS.CD,0,0,0,0,0,0,0,0,0,0,0,0,0,0,0,0,0,0,0,0,0,0,0,0,0,0,0,0,0,0,0,0,0,0,0,0,0,0,0,0,0,0,0,0,0,0,0,0,0,0,0,0,0,0,0,0,0,0,0,0,0,0,0,0,0,0
India,Angola,AGO,BN.GSR.GNFS.CD,0,0,0,0,0,0,0,0,0,0,0,0,0,0,0,0,0,0,0,0,0,0,0,0,0,388000000,-211000000,689000000,114000000,651000000,606900000,434300000,-54757000,-18200000,149800000,316690000,898908000,-57120000,-1049830000,-394130000,2449010000,39510000,1452563748.26,908005425.5,3163257044.7,9142016030.83224,17057651830.29,18402195771.95,21121860427.389,-378203335.81,16030508137.59,24144210612.8378,26025090817.047,20169149501.7639,7313313527.45261,-3531471369.03048,2642737292.90861,7341498049.76021,15501535712.0518,12880814227.1861,5858757656.16661,14829788600.5572,21556000869.8593,13272713526.9466,14241387649.6525,0
India,Albania,ALB,BN.GSR.GNFS.CD,0,0,0,0,0,0,0,0,0,0,0,0,0,0,0,0,0,0,0,0,6700000,27400000,-86700000,-50900000,-37800000,-43500000,-9000000,-2100000,-34300000,-49800000,-131400000,-232200000,-539300000,-574200000,-513100000,-532500000,-738500000,-586432500,-646330000,-556700000,-795800000,-936900000,-1160330000,-1419161205.65833,-1642928988.60121,-2039576837.24939,-2203548908.04487,-2879743004.28052,-3446126996.47815,-2967394172.50194,-2456390642.37229,-2932716632.8208,-2296761241.42573,-2308765606.46251,-2506992157.87102,-1966180769.23214,-2001510213.2648,-1978658722.18737,-2069586882.26658,-2103429046.38418,-2210461795.58811,-2392168078.17823,-1959879935.13069,-1275078200.87066,-1848064175.32253,0
India,Andorra,AND,BN.GSR.GNFS.CD,0,0,0,0,0,0,0,0,0,0,0,0,0,0,0,0,0,0,0,0,0,0,0,0,0,0,0,0,0,0,0,0,0,0,0,0,0,0,0,0,0,0,0,0,0,0,0,0,0,0,0,0,0,0,0,0,0,0,0,302799704.869729,114551911.225631,302952018.272698,296200061.152847,452742525.188009,645187655.156501,0
India,Arab World,ARB,BN.GSR.GNFS.CD,0,0,0,0,0,0,0,0,0,0,0,0,0,0,0,0,0,0,0,0,0,0,0,0,0,0,0,0,0,0,0,0,0,0,0,0,0,0,0,0,0,0,0,0,0,0,0,0,0,0,0,0,0,0,0,0,0,0,0,0,0,0,0,0,0,0
India,United Arab Emirates,ARE,BN.GSR.GNFS.CD,0,0,0,0,0,0,0,0,0,0,0,0,0,0,0,0,0,0,0,0,0,0,0,0,0,0,0,0,0,0,0,0,0,0,0,0,0,0,0,0,0,0,0,0,0,0,0,0,0,0,0,0,0,0,0,0,0,0,0,0,0,0,0,0,0,0
India,Argentina,ARG,BN.GSR.GNFS.CD,0,0,0,0,0,0,0,0,0,0,0,0,0,0,0,0,1125000000,1836000000,2456000000,337000000,-3285000000,-1006000000,2320000000,2947000000,3204000000,4342000000,1543000000,245000000,3555000000,5109000000,7954000000,2820000000,-3953300000,-5689240000,-7917900000,-1078685000,-1787449423.72519,-6507815237.43071,-7541547974.1887,-4905758055.83513,-1831883471.95655,3521810643.66417,15717280000,15611500000,11933610000,12095220000,13266642573.1593,12570579976.2887,13340936973.2968,16652818510.3957,12343520648.5783,9198443049.71353,10943688062.5681,-693680874.42887,900177659.49876,-6600221085.86428,-4035498243.93579,-15142501699.7645,-9678495464.2347,13390550040.8824,12094415410.6255,14995374116.8722,5641696321.91141,-8863234392.09042,16653910437.86,0
India,Armenia,ARM,BN.GSR.GNFS.CD,0,0,0,0,0,0,0,0,0,0,0,0,0,0,0,0,0,0,0,0,0,0,0,0,0,0,0,0,0,0,0,0,0,-129559250,-214245682.638889,-445631021.254785,-536868690.108658,-641500248.798067,-641619876.597845,-517560894.321732,-531776959.196634,-521259827.233028,-459464455.002652,-547927151.231746,-645186306.791906,-782593642.472682,-1035254569.32817,-1906845403.33537,-3127485895.91526,-2366282262.46614,-2326489846.17148,-2175629987.68525,-2214007063.77409,-2321776645.52881,-2168908139.47845,-1281494851.04737,-905845561.903669,-1243550763.88083,-1752742382.16506,-1817137352.77571,-1257660276.69423,-1115247228.47482,-99882952.469307,-343467608.646185,-731711963.45304,0
India,American Samoa,ASM,BN.GSR.GNFS.CD,0,0,0,0,0,0,0,0,0,0,0,0,0,0,0,0,0,0,0,0,0,0,0,0,0,0,0,0,0,0,0,0,0,0,0,0,0,0,0,0,0,0,0,0,0,0,0,0,0,0,0,0,0,0,0,0,0,0,0,0,0,0,0,0,0,0
India,Antigua and Barbuda,ATG,BN.GSR.GNFS.CD,0,0,0,0,0,0,0,0,0,0,0,0,0,0,0,0,0,-12200000,-7000000,-27800000,-27700000,-41100000,-47300000,-18700000,-13500000,-34600000,-87644444.4444444,-76159259.2592592,-18274074.0740741,-47974074.0740741,4740740.7407408,-25925.9259259,20914814.8148148,40666666.6666667,14533333.3333333,-37318518.5185185,-64844444.4444444,-35000000,-24022222.2222222,-56490324.8148148,-6012592.9637029,-13552876.9937656,-3034962.3926737,1525354.2217845,20885677.5701807,-29047582.4859741,-152230004.995011,-298009513.252515,-208280062.838722,-62613571.441963,-23228841.8088001,51553067.5686629,21514922.5921703,1808195.2032334,102251479.635163,162974827.103107,119501331.857293,17926577.9791885,-96960107.3873333,12635215.1851851,-158703865.185185,-162149453.333333,-116129320.740741,-87957672.2222221,31318768.5185182,0
India,Australia,AUS,BN.GSR.GNFS.CD,0,0,0,0,0,0,0,0,0,0,0,0,0,0,0,0,0,0,0,0,0,0,0,0,0,0,0,0,0,-7654223703.63626,-3259469531.92839,956062277.31035,-595971586.92051,-1312259379.40025,-4713416475.31885,-5240428241.26407,-533267382.68758,1646368836.22285,-6467569673.68318,-10082425326.5389,-4278715479.84175,2098010276.45843,-4719220380.96603,-14416671532.8361,-19188702454.739,-14812982446.7779,-12739769551.3515,-22880495663.2295,-12412041447.686,-8745692016.93027,6038557388.26251,13124139505.3401,-24017679329.5257,-9513266324.06121,-8959866226.01984,-28773630265.3472,-12915729462.2999,3124230284.15272,11002049820.2101,41304937027.1212,43039657134.7927,81929277275.5779,86008712990.8508,59296317893.4892,18922906572.3118,0
India,Austria,AUT,BN.GSR.GNFS.CD,0,0,0,0,0,0,0,0,0,0,0,0,0,0,0,0,0,0,0,0,0,0,0,0,0,0,0,0,0,0,0,0,0,0,0,0,0,0,0,0,0,0,0,0,0,10094027381.9188,13594759429.9566,18758629627.5828,20361565740.6298,14219475612.9926,12134112745.743,9636411469.57515,9742491014.22152,11561229856.2545,14193852265.852,13558003183.9385,14270103560.1123,12156728045.6645,13361198807.8664,15502338073.3493,14078374655.3192,3788251302.88608,-2519474101.89408,10221561709.0208,14898841398.1242,0
India,Azerbaijan,AZE,BN.GSR.GNFS.CD,0,0,0,0,0,0,0,0,0,0,0,0,0,0,0,0,0,0,0,0,0,0,0,0,0,0,0,0,0,0,0,0,0,0,0,-505362000,-985550000,-951065000,-1415241000,-636487000,94589000,238833000,-454039000,-1712980000,-2077108000,1329081000,5821918000,13093253000,20668404000,12972340000,17998383000,21331439000,19292808000,16419226000,12838097000,1583558000,1051820000,2735430000,7703178030.41765,5745749526.72636,-417799456.700004,9062113327.4647,25999657000,10470915000,6774099000,0
India,Burundi,BDI,BN.GSR.GNFS.CD,0,0,0,0,0,0,0,0,0,0,0,0,0,0,0,0,0,0,0,0,0,0,0,0,0,-112212410.645103,-127308943.522808,-180999564.32775,-144656148.723245,-135460084.033613,-228796850.707885,-218623410.40635,-224685553.713506,-199172089.957987,-170939494.384802,-129557670.940813,-87449352.5940279,-38087890.6203808,-96351255.0272744,-62747787.5124764,-97459551.7155253,-102096055.494448,-108960828.150083,-130484103.37884,-167796711.78127,-227398384.118993,-353763311.310568,-346620952.658039,-441272619.548802,-401314957.509576,-426014308.367945,-529656985.319385,-701167872.395645,-692692720.521686,-716976390.368953,-667274263.667495,-546564205.042517,-610565662.043586,-604282176.760059,-716523718.865391,-754497655.865512,-863533501.280828,-1086244584.16618,-1054714258.17668,0,0
India,Belgium,BEL,BN.GSR.GNFS.CD,0,0,0,0,0,0,0,0,0,0,0,0,0,0,0,0,0,0,0,0,0,0,0,0,0,0,0,0,0,0,0,0,0,0,0,0,0,0,0,0,0,0,11486152063.3972,10699409811.9195,12289290919.4444,8640514958.88791,9137273954.1724,6389429629.91387,-6650395742.44394,5467491069.59099,5149628648.6292,-5407721282.72453,-5232743023.66307,-272882804.5013,795668538.63,6502990902.5913,5685017502.0098,5262605954.4028,-1650684747.967,2506542714.6913,7602144462.6946,11377868174.4586,-7959654595.2787,-3916912629.7933,-5568857934.6864,0
India,Benin,BEN,BN.GSR.GNFS.CD,0,0,0,0,0,0,0,0,0,0,0,0,0,0,-73899688.6706193,-119288199.447148,-152855929.894744,-165170350.740429,-206021682.538179,-207604638.226326,-194590526.846303,-214619984.004976,-464769001.641305,-196320303.9044,-102579966.183068,-102167335.858185,-141204638.725731,-145406600.950012,-153359318.98824,-81247729.4214812,-90092810.6946714,-343430086.16516,-245575041.673662,-196400598.194143,-92834949.7100857,-280430214.213829,-94660482.747005,-209202342.599654,-207407122.539361,-252271524.301984,-179800852.890673,-224504079.56376,-289044784.417194,-360314549.72843,-345598627.142502,-372865589.105196,-445824226.265186,-755034562.024593,-772629973.066784,-791331499.717446,-632495208.400364,-643106427.180873,-710646157.284974,-858674454.319657,-1118728506.04463,-756800485.387488,-526019054.88671,-703516906.141111,-821046408.892628,-721667297.10396,-435724020.28352,-771728221.053792,-1024472573.58803,-1678118172.23451,0,0
India,Burkina Faso,BFA,BN.GSR.GNFS.CD,0,0,0,0,0,0,0,0,0,0,0,0,0,0,0,0,0,0,0,0,0,0,0,0,0,0,0,0,0,0,0,0,0,0,0,0,0,0,0,0,0,0,0,0,0,-848815365.869128,-783537369.711016,-962174168.309755,-1374291352.15085,-892372674.527804,-668275736.493909,-697939435.893794,-585796272.56317,-1595943794.91939,-1117573282.68797,-1017344551.96401,-796037006.753357,-898228429.050722,-655586698.761391,-555481963.435646,576815704.724121,398785467.835309,-947074533.776167,-922317582.491916,0,0
India,Bangladesh,BGD,BN.GSR.GNFS.CD,0,0,0,0,0,0,0,0,0,0,0,0,0,0,0,0,-480606264.950485,-663369889.01433,-942478540.688586,-1309762900.9952,-1829305681.98229,-1896655282.54027,-1674191270.82786,-1395938726.16493,-1678795062.44922,-1527027397.33888,-1708694420.02741,-1615000802.4229,-1778862048.53991,-2387325689.49489,-1895840930.87395,-1650022838.99286,-1561350613.08649,-1515339352.99061,-1851345900.48272,-3157115126.18329,-2836515602.01405,-2307212151.30024,-2087438608.91848,-2696292969.48389,-2458878888.10143,-2817985657.31352,-2234843547.53366,-3141653816.41339,-3854880482.14049,-4156759716.05123,-3896303860.1296,-5462928581.36726,-7672641808.74828,-6025299151.95922,-7816344792.83922,-10888026891.2585,-10157899098.9677,-9933198074.62348,-12119389611.999,-10606498175.2763,-10505302542.1777,-17594487835.4604,-21457169885.0705,-19272605860.5841,-18300384906.6327,-36008206263.1851,-33568494214.0902,-14287605601.138,-21150872014.0134,0
India,Bulgaria,BGR,BN.GSR.GNFS.CD,0,0,0,0,0,0,0,0,0,0,0,0,0,0,0,0,0,0,0,0,1308000000,293000000,287000000,55000000,514000000,-112000000,-856000000,-514000000,-76000000,-254000000,-1077000000,-117900000,-307200000,-943400000,-6000000,274500000,307700000,546700000,-8020423.355652,-766710358.940426,-669989777.212585,-1327927121.52239,-1209902300.43731,-2061604764.8916,-2896945990.97014,-4449983421.99429,-5844352050.21159,-8945175667.26605,-10620241928.2913,-3922786473.94819,-1627160000,170110000,-1886240000,-385580000,146260000,473170000,2699850000,2647390000,1710320000,2280790000,1747790000,2125980000,984280000,4257410000,2631660000,0
India,Bahrain,BHR,BN.GSR.GNFS.CD,0,0,0,0,0,0,0,0,0,0,0,0,0,0,0,90012642.4526233,-33872670.022997,-28560596.5589803,40004817.8877582,348254470.146654,304774346.064674,368617022.25696,364920213.73649,51063829.9230428,331117021.643526,523670212.765958,472074468.085106,325797872.340426,449734042.553192,264095744.680851,120478723.404255,-490425531.914894,-588031914.893617,177127664.67788,316489391.162576,675266009.827816,718617083.391104,607180907.583329,44414898.0466977,1052961957.63309,2044070281.64894,1811550028.19149,1332161989.80497,1775601799.20213,2166297712.58864,3109957700.70922,4103227902.39362,4688031914.89362,4955053191.48936,4350797872.34043,4784840425.53192,9061702127.65957,5659840425.53192,5771542553.1915,5520212765.95745,3351063829.78723,2694148936.17021,2855585106.38298,2910372340.42554,4356382978.7234,1952393617.02128,7657180851.06383,11513031914.8936,7970212765.95744,8259042553.19148,0
India,"Bahamas, The",BHS,BN.GSR.GNFS.CD,0,0,0,0,0,0,0,0,0,0,0,0,0,0,0,0,140700000,122900000,142700000,92500000,58600000,12300000,10400000,28100000,61300000,175400000,205400000,130400000,111900000,41500000,130600000,-12000000,106400000,153260000,68100000,-28100000,-151700000,-358800000,-832100000,-403400000,-570760000,-556100000,-281323042.557,-369790000,-416580000,-603804537.741,-1237750000,-1135298058.99422,-1112196412.431,-670319000,-576589000,-930926000,-1247731400,-1168058000,-1513316594.86294,-815857514.44974,-585952462.183125,-1158779778.81241,-364418785.555463,324221272.858005,-1722379433.88589,-1617321175.32263,-417261475.674218,-262192794.037693,-297869650.248138,0
India,Bosnia and Herzegovina,BIH,BN.GSR.GNFS.CD,0,0,0,0,0,0,0,0,0,0,0,0,0,0,0,0,0,0,0,0,0,0,0,0,0,0,0,0,0,0,0,0,0,0,0,0,0,0,-2925389370.83722,-3117889819.77411,-2577518132.81806,-2730065298.51948,-3120639139.59946,-3821941979.2465,-4138362133.57751,-4345529639.45764,-3624941968.5814,-4662020359.93845,-6229877854.77118,-4194259998.58544,-3699616132.55731,-4434962079.82806,-4035721592.83707,-3724521863.46057,-4198572495.40221,-2961519174.21344,-2810928851.09672,-2940154629.0582,-2963549337.95131,-2957316131.70518,-2706264703.82631,-2622901991.03197,-3328380284.60602,-3248180035.83962,-3970065947.91047,0
India,Belarus,BLR,BN.GSR.GNFS.CD,0,0,0,0,0,0,0,0,0,0,0,0,0,0,0,0,0,0,0,0,0,0,0,0,0,0,0,0,0,0,0,0,0,-479800000,-437700000,-483300000,-576400000,-853000000,-1019200000,-255500000,-567100000,-633700000,-473400000,-692400000,-1493900000,341600000,-1492100000,-2810400000,-4646800000,-5597200000,-7481800000,-1188200000,2863199999.99999,-2300600000,-444100000,132400000,-8800000,100100000,929100000,-403000000,1947600000,3950314056.96,4686035287.81,338775604.64,-1444692071.7,0
India,Belize,BLZ,BN.GSR.GNFS.CD,0,0,0,0,0,0,0,0,0,0,0,0,0,0,0,0,0,0,0,0,0,0,0,0,-17100000,-13100000,-13050000,-14100000,-20750000,-40750000,-3850000,-43000000,-42900000,-60500000,-42201500,-28143500,-11710000,-43315000,-63297500,-70653468.46,-166561465.90375,-162844254.468061,-141161220.765321,-135689422.722701,-84088082.0113377,-88005496.071037,25931934.0018133,13477104.0825889,-91248702.9103413,-53959075.1280521,19961433.0748313,-5491301.2052109,9363001.6298624,-27570992.447436,-67121775.1502315,-148978201.23580801,-163283832.513023,-56978145.601239,-83794802.70071,-100716723.794308,-187195108.458476,-206457407.047168,-204514136.129337,-37145635.6283785,-83824398.137295,0
India,Bermuda,BMU,BN.GSR.GNFS.CD,0,0,0,0,0,0,0,0,0,0,0,0,0,0,0,0,0,0,0,0,0,0,0,0,0,0,0,0,0,0,0,0,0,0,0,0,0,0,0,0,0,0,0,0,0,0,-338490000,-650029970.091134,-712497097.004796,-693118178.729979,-585289486.165294,-326799752.461443,-399084688.584863,-515927552.12556,-605016880.405959,-568413579.362972,-610483019.836141,-649147240.362098,-611553069.983311,-618767800.17432,-696022076.187566,-789315041.099342,-809905535.635797,-701163187.467629,0,0
India,Bolivia,BOL,BN.GSR.GNFS.CD,0,0,0,0,0,0,0,0,0,0,0,0,0,0,0,0,-36000000,-65800000,-244600000,-265900000,197200000,-142100000,192300000,117500000,152200000,11000000,-175700000,-266300000,-174900000,-160900000,-109500000,-198100000,-578800000,-536500000,-171700000,-340100000,-418490000,-648500000,-844800000,-678100000,-607815903.97,-458745530.02828,-516682880.93811,-86907789.367575,231061237.172873,414848470.908809,892459631.560589,814530371.934917,1244957796.03459,274170000,681407338.7748,345773475.203279,2339083705.3513,1691971936.9631,1082959462.10384,-1979737198.24535,-2514014188.13787,-2173220117.97295,-1992410887.07075,-1686182613.50533,-624744932.577178,1418181475.78692,1217953798.72786,-1085476480.35164,-1427136381.29981,0
India,Brazil,BRA,BN.GSR.GNFS.CD,0,0,0,0,0,0,0,0,0,0,0,0,0,0,0,-4994000000,-3971000000,-1686000000,-2882000000,-5041000000,-5957000000,-1688000000,-2810000000,4062000000,11337000000,10762000000,5731000000,8794000000,16145000000,13327000000,6986000000,6687000000,11897000000,8739000000,5515000000,-10652000000,-13512000000,-19380594698.5763,-18610746032.7427,-9991935231.31036,-10570608610.0643,-7220433515.30619,5921177448.69253,17461618605.616,25829510957.0654,33674229216.4115,33452513822.936,22217254175.7016,1980084511.86791,2316649166.28788,-19368906955.83,-16829708574.575,-31639635804.95,-54583362068.38,-63791507501.575,-28224926938.445,7888268360.8,15770565742.07,5020740727.415,-8913681707.435,11006501378.435,15355119391.01,10631648818.77,48997429682.235,10860692005.12,0
India,Barbados,BRB,BN.GSR.GNFS.CD,0,0,0,0,0,0,0,-23363546.4473362,-29815381.1020923,-45133583.3528332,-51712124.6759439,-47572138.2663624,-51421819.5630711,-56939753.5519686,-64909100.7508751,-52869417.4777504,-73740087.325,-62946316.7,-43413348.3,-68091566.635,-85454457.5,-156907055,-92430845,-90116417.5,-20411335,20984117.5,45968981.9294945,26750785.047862,81865712.6807956,59103428.0598285,20105969.402965,11731183.079585,158203259.196937,138420342.432369,189562661.109446,70400073.5489945,199454491.638673,-37846500.2093395,-58703765.3219385,-89379642.1910565,-54043855.6815411,-53106203.21171,-70241385.9001929,-111609970.789287,-286541342.316748,-258976337.096995,-63175419.2618752,-82551497.7587099,-194010698.48884,-79742008.0045355,-99336415.1264348,-101831734.53244,-122685030.092565,-63011759.6557801,32195367.75406,115142644.281685,171899877.501825,15071255.5452452,0,0,0,0,0,0,0,0
India,Brunei Darussalam,BRN,BN.GSR.GNFS.CD,0,0,0,0,0,0,0,0,0,0,0,0,0,0,0,0,0,0,0,0,0,0,0,0,0,0,0,0,0,0,0,0,0,0,0,0,0,0,0,0,0,1989059787.25675,1779007179.21169,2568584409.5717,3199787455.8062,4335140927.97401,5569590895.58787,5196313757.02077,7304766748.18525,4370174427.09202,5424417631.9042,7303248266.46829,6609154195.79177,4557118830.5744,5813453718.26044,1903397568.72309,1039098776.80807,1705234270.82597,1359241663.74238,1021907895.20701,503987342.563082,1971217783.42695,4305796750.51132,2495993793.47065,2372398524.64068,0
India,Bhutan,BTN,BN.GSR.GNFS.CD,0,0,0,0,0,0,0,0,0,0,0,0,0,0,0,0,0,0,0,0,0,0,0,0,0,0,0,0,0,0,0,0,0,0,0,0,0,0,0,0,0,0,0,0,0,0,-135666508.275048,50402524.6251132,-112000942.938711,-107898255.761345,-344757300.899123,-558990156.79171,-478829661.216349,-433041928.515847,-459214963.248015,-496734660.340354,-594968891.454513,-518571545.318266,-462859072.853854,-452196090.39644,-401795399.42642,-287001900.563872,-789981472.512696,-902301816.68712,-568591172.254581,0
India,Botswana,BWA,BN.GSR.GNFS.CD,0,0,0,0,0,0,0,0,0,0,0,0,0,0,0,-84380460.0777117,-42090010.5709061,-73281420.1392245,-123044302.134794,-93864262.9841853,-173051561.868251,-400483624.391318,-198317730.999057,-71381307.359265,11244839.70046,179652049.010063,189128650.337643,704432208.996844,353551580.113065,517101258.425312,18006243.0600944,94531112.1627386,16447641.2802616,132476295.616108,384222050.918828,370895868.754373,569169393.307054,664882047.498742,-190025982.753887,597855038.450704,679374829.037563,604634492.20366,756116707.382116,955465957.303522,826929861.875511,1825358096.44794,1932753983.84303,1279865881.8668,-292092928.697593,-1262773518.87742,-1300748908.36186,-1019051881.27161,-2393567414.34267,-431507246.341567,474712194.042951,-909033269.203554,1308031982.08468,623187923.396331,169943118.054827,-1467064804.5948,-2796625701.36763,-1405435073.4656,198996111.478663,-709996600.792439,-2558995698.98222,0
India,Central African Republic,CAF,BN.GSR.GNFS.CD,0,0,0,0,0,0,0,0,0,0,0,0,0,0,0,0,0,-46267561.469392,-62639631.8063489,-88989534.0252786,-126405983.520643,-67231819.6091651,-90147402.1163416,-82119625.0562135,-77225049.1685395,-97955993.8223748,-157155853.947018,-155355473.646591,-134132076.258033,-116783795.468032,-190527759.354211,-139202546.175899,-180730947.707285,-108312334.398684,-65381291.4120434,0,0,0,0,0,0,0,0,0,0,0,0,0,0,0,0,0,0,0,0,0,0,0,0,0,0,0,0,0,0,0
India,Canada,CAN,BN.GSR.GNFS.CD,-506965097.119612,-212120980.730522,-95384130.624448,309278759.858606,563628154.482249,-72914365.29116,14746027.033359,659237891.668527,863477545.351366,91577097.885006,2225305803.45783,1599649051.68283,998715623.641446,1798485347.07658,188806815.456828,-3075889125.97873,-1515997270.58041,-510403180.723825,666682553.677133,1184242918.34056,4717395080.82998,2361388870.09483,12130845692.3911,11082294016.2113,12377075316.1164,8477603565.87651,3697836184.17817,5199682303.13484,4077707643.07544,363564038.84548,1115963784.24021,-3204750443.16358,-2261089319.66952,63206950.53321,6647801661.67287,18904083589.1696,24629288042.4509,12429974698.0679,12048309635.2646,24096639864.5943,41604373750.7723,41819090368.6475,32839901425.9662,34073822805.147,44846759262.6836,45678110612.9024,35204360382.2795,30611671625.0844,28144247478.8098,-20294599835.7533,-30874997989.8313,-21682664821.6812,-34518334882.5215,-28982082930.2643,-16320998998.6071,-38583775871.449,-36241676908.6053,-36237673595.1705,-33732774271.5123,-25538102775.714,-36499244170.9958,2027310252.3313,12724832765.5058,1355284940.1316,-5947032089.6962,0
India,Central Europe and the Baltics,CEB,BN.GSR.GNFS.CD,0,0,0,0,0,0,0,0,0,0,0,0,0,0,0,0,0,0,0,0,0,0,0,0,0,0,0,0,0,0,0,0,0,0,0,0,0,0,0,0,0,0,0,0,0,0,0,0,0,0,0,0,0,0,0,0,0,0,0,0,0,0,0,0,0,0
India,Switzerland,CHE,BN.GSR.GNFS.CD,0,0,0,0,0,0,0,0,0,0,0,0,0,0,0,0,0,47430340.003061,-256707815.686031,-3180321456.38463,-3247581863.0006,-264224100.776275,-972774618.862203,-2215667515.86451,2012186039.6817,1891641654.37249,-12229582.6203,1018648396.41673,1692749265.35913,1758821461.86409,644418982.71735,4234403965.62043,9072204292.60039,11646322343.4134,13329165729.8699,14403419962.3246,12583959676.7016,14061341027.5182,12697634856.9753,15727670908.0436,12886665395.9725,11072088900.1949,16655365716.5224,18415553584.6914,28841850853.9883,21573539773.2025,29059214083.0142,44083170196.1085,52986310349.9128,32328344852.1281,54667613649.7312,46724214461.4352,55586080042.0105,65660095247.1844,68818322759.5168,66082559477.8815,62479254234.7253,57803788876.0292,70986209886.5496,65101059420.3423,44167555302.1223,97331329893.6191,110735663685.71,97823988600.2379,92504654755.0903,0
India,Channel Islands,CHI,BN.GSR.GNFS.CD,0,0,0,0,0,0,0,0,0,0,0,0,0,0,0,0,0,0,0,0,0,0,0,0,0,0,0,0,0,0,0,0,0,0,0,0,0,0,0,0,0,0,0,0,0,0,0,0,0,0,0,0,0,0,0,0,0,0,0,0,0,0,0,0,0,0
India,Chile,CHL,BN.GSR.GNFS.CD,0,0,0,0,0,0,0,0,0,0,0,0,0,0,0,-217000000,425000000,-282000000,-696000000,-618000000,-1084000000,-3285000000,-411000000,547000000,-181000000,495720000,627760000,854900000,1519300000,1022540000,1055290000,1518700000,546000000,-1215700000,581000000,1056900000,-1072625133.10716,-1563380808.39716,-2492077323.14361,1689973427.38374,1400054677.54859,999286551.135342,1684100883.03244,3476680180.01817,9459076625.42752,10240622954.4733,21620045741.3327,22855567968.2503,4338523547.95303,13216148168.533,13346978494.573,7340657002.24282,-1247185765.84247,-2565312820.76856,1074236550.73082,-1995119986.58649,-527947370.65117,1879849955.36792,-2932905994.96045,-5068925698.04108,11444340118.7684,-2188473339.12558,-11889803020.7973,3173652281.8482,11883616133.4495,0
India,China,CHN,BN.GSR.GNFS.CD,0,0,0,0,0,0,0,0,0,0,0,0,0,0,0,0,0,0,0,0,0,0,4737000000,2475000000,-32000000,-12592000000,-7589000000,291000000,-4060000000,-4927000000,10668000000,11601000000,4998000000,-11497000000,7611000000,11957590000,17551000000,42824000000,43837000000,30641000000,28873534000,28084000000,37383087664.0194,35821129066.2935,51174382539.95,124626797517.211,208918924500.594,308036028783.355,348832533153.935,220130401366.78,223023871712.8,181903738912.673,231844876748.002,235379561604.116,221299246947.272,357870764281.273,255737088242.15,217009899933.948,87905148451.8738,131844297312.037,358572608160.02,461494292759.35,577608939732.6,385575471624.67,538958018243.69,0
India,Cote d'Ivoire,CIV,BN.GSR.GNFS.CD,0,0,0,0,0,0,0,0,0,0,0,0,0,0,0,0,0,0,0,0,0,0,0,0,0,0,0,0,0,0,0,0,0,0,0,0,0,0,0,0,0,0,0,0,0,1155710678.41921,1722065222.54821,1015050790.41156,1692905339.96574,2664128022.97647,1819629955.65215,4189664129.02339,1120544664.93026,707897344.175182,1715287927.95265,1150470393.15493,1077209216.00129,1006914481.60206,-98663780.321817,910074933.641272,571594163.037732,39662854.479859,-2737601348.32923,-5526680153.57348,0,0
India,Cameroon,CMR,BN.GSR.GNFS.CD,0,0,0,0,0,0,0,0,0,0,0,0,0,0,0,0,0,-83441982.064092,-113269825.89107,-29898226.9625343,-278635573.065498,-291979449.766881,-184415237.087746,-135015968.719591,183061631.193441,52953396.9513335,-34391559.2479233,-387174189.623418,178010129.488646,160340655.970738,32358205.650433,133920860.568513,392796451.212978,152244693.052732,239569299.468758,432616810.541029,213784342.578024,102706262.893823,84013816.2756614,129641681.6232,166680893.243151,-101773122.288516,-113275626.005973,-309280386.332771,-147949693.028894,-111463381.452432,211905761.747833,340882795.552685,-721538049.562034,-923875560.310761,-764428832.098244,-704021151.242304,-774502185.590695,-817386648.821177,-1077752101.69413,-1053768053.17936,-828668887.093496,-722600965.382012,-1121429117.89738,-1354599058.98692,-1088012800.04402,-1578554437.52904,-1117636380.02892,-1941018172.74006,0,0
India,"Congo, Dem. Rep.",COD,BN.GSR.GNFS.CD,0,0,0,0,0,0,0,0,0,0,0,0,0,0,0,0,0,0,0,0,0,0,0,0,0,0,0,0,0,0,0,0,0,0,0,0,0,0,0,0,0,0,0,0,0,-1113600000,-659800000,-334500000,-1127400000,-1745200000,-1838700000,-1593602281.098,-1977754098.94109,-1494674269.45556,-3152502304.65964,-2308129161.18307,-2224819933.85017,-1406377021.27447,-1692788394.90944,-1718517789.29973,-624339925.79474,160710271.919867,-2945395688.07329,-4030194363.49794,-1893913072.0914,0
India,"Congo, Rep.",COG,BN.GSR.GNFS.CD,0,0,0,0,0,0,0,0,0,0,0,0,0,0,0,0,0,0,-164303288.917736,-17388921.6249079,-4027838.84285271,-360168096.410826,-175063619.537075,-222942986.171849,339788843.207698,63802277.0161005,-393452720.850194,21887519.9324754,-147370362.575908,229774586.171165,206049413.960197,-74085388.721067,69137011.2262912,-170220232.08401,-582667982.694106,28159960.5861105,223546978.242445,363866959.720153,69566703.193832,314981956.918933,1438258979.10872,666192704.44184506,839522698.653698,1126578547.36831,1647520085.40818,2244061135.52012,1904003082.16042,-694785985.948925,2299450459.02995,-641012578.611289,1708164513.07022,3542209799.4522,3312047804.79191,2310516033.80327,370868418.391364,-4427610294.13358,-2691494915.77189,0,0,2910197899.75358,1391319444.39899,3264867177.80206,0,0,0,0
India,Colombia,COL,BN.GSR.GNFS.CD,0,0,0,0,0,0,0,0,-95000000.000484,-81000000.000275,-156000000.000572,-312724139.996097,-28342990,121474590.003674,-217224400.000452,102178950,468332519.999669,647016799.997133,525955999.999809,627264000,-125595840.00049,-1719060600,-2254764420.00083,-1952000000,-125000000,-595000000,1346000000,1325000000,565000000,1200000000,1821000000,2740000000,1188700000,-1458000000,-3277472545.01562,-3718523193.47664,-3284689500.90324,-4138083502.73631,-3911324471.8698,571576111.758649,1328666913.85215,-970538371.249469,-1313628527.62109,-1032731230.721,-483133685.817825,-690614447.091225,-1951544471.10276,-3441472017.01128,-2302397544.39763,-805727726.48975,-2246150213.7866,527573370.1402,-1464992369.15213,-3250497857.58699,-12332276476.0953,-19004381508.9598,-13451129309.4103,-8761508927.41588,-10556191985.8922,-14148162444.3344,-13104751154.4776,-20000679159.3241,-16093825874.8579,-7785710968.55083,-9472573283.8306,0
India,Comoros,COM,BN.GSR.GNFS.CD,0,0,0,0,0,0,0,0,0,0,0,0,0,0,0,0,0,0,0,0,-20863530.0505058,-32672239.996395,-28377667.6298346,-28543851.0482829,-60608354.3079585,-44206110.768717,-43684291.9499874,-59913351.1051348,-48256530.9739674,-39663880.9774123,-54355634.8880749,-50259386.4426194,-63221232.2281689,-46765050.0863163,-50912728.2145999,-57525289.0574482,0,0,0,0,0,0,0,-41278564.5408522,-62674536.3368591,-81311180.69812,-95627902.3960404,-120023783.344643,-181929578.438453,-176595973.001474,-184071755.578527,-207608723.958395,-232098068.885715,0,-210143739.659477,-170288038.950902,-159896893.292169,-177103897.174893,-206259705.539406,-211183752.433797,-274670347.811316,-287634089.124128,-314236050.866876,-355581804.765654,0,0
India,Cabo Verde,CPV,BN.GSR.GNFS.CD,0,0,0,0,0,0,0,0,0,0,0,0,0,0,0,0,0,-46536366.0829109,-55612909.5879837,-64408409.6937036,-68241585.2362666,-79421428.7686417,-77900846.295827,-80007439.8716624,-62258832.5392584,-64398042.8893374,-66453372.4846347,-66317321.9563242,-78070975.1274846,-88449596.4143772,-92109341.5328378,-101217878.39888,-143144015.456788,-132201290.97439,-168612522.769134,-210650459.750173,-176152459.656849,-152460916.538475,-190267155.927265,-225514827.123698,-185971949.690271,-183700150.407371,-225337898.499604,-294289161.487196,-346009421.351242,-288058799.883277,-331430079.269323,-467154712.441621,-472199598.608701,-510976329.132783,-483882198.337561,-591799700.548746,-426947602.747579,-317313920.34435,-341047694.012877,-245640996.003994,-285060858.95884,-384091287.115746,-366361653.965044,-281307277.947429,-584396205.207971,-652112060.942094,-457870066.687996,-458836239.690879,-313317068.179675,0
India,Costa Rica,CRI,BN.GSR.GNFS.CD,0,0,0,0,0,0,0,0,0,0,0,0,0,0,0,0,0,-166400000,-272300000,-427100000,-466300000,-134200000,66000000,-20000000,15800000,-68900000,39000000,-192500000,-91300000,-236700000,-383200000,-42900000,-341100000,-537900000,-270900000,-266542000,-228910000,-357416000,-165450000,1051211410.40579,-45669711.165888,78881229.510418,-267865429.090368,-283537864.928698,-77105144.675418,-360655999.12738,-611014762.399059,-1271487792.72421,-2407550798.86128,95700175.166145,-415750007.241521,-1194544783.87744,-1363669066.71151,-995209335.8409,-789427970.823826,1558623.964266,683777504.543906,393328336.587061,919006891.77924,2482334381.55331,2456419583.72748,1670105882.35388,2297074272.44343,5270418624.655,6310784269.84959,0
India,Caribbean small states,CSS,BN.GSR.GNFS.CD,0,0,0,0,0,0,0,0,0,0,0,0,0,0,0,0,0,0,0,0,0,0,0,0,0,0,0,0,0,0,0,0,0,0,0,0,0,0,0,0,0,0,0,0,0,0,0,0,0,0,0,0,0,0,0,0,0,0,0,0,0,0,0,0,0,0
India,Cuba,CUB,BN.GSR.GNFS.CD,0,0,0,0,0,0,0,0,0,0,0,0,0,0,0,0,0,0,0,0,0,0,0,0,0,0,0,0,0,0,0,0,0,0,0,0,0,0,0,0,0,0,0,0,0,0,0,0,0,0,0,0,0,0,0,0,0,0,0,0,0,0,0,0,0,0
India,Curacao,CUW,BN.GSR.GNFS.CD,0,0,0,0,0,0,0,0,0,0,0,0,0,0,0,0,0,0,0,0,0,0,0,0,0,0,0,0,0,0,0,0,0,0,0,0,0,0,0,0,0,0,0,0,0,0,0,0,0,0,0,-820709497.206704,-784460335.195531,-629603351.955307,-417692737.430168,-475363128.49162,-525916201.117318,-666661827.608939,-810450712.134078,-556204745.77095,-694482615.592179,-546455887.877095,-844747427.217877,-657754762.162011,0,0
India,Cayman Islands,CYM,BN.GSR.GNFS.CD,0,0,0,0,0,0,0,0,0,0,0,0,0,0,0,0,0,0,0,0,0,0,0,0,0,0,0,0,0,0,0,0,0,0,0,0,0,0,0,0,0,0,0,0,0,0,0,0,0,0,0,0,0,0,0,0,1694398758.33589,1581276302.5228,1441225889.46953,1462423660.19491,920948227.081575,734757817.489476,928369252.358063,1156671623.43775,0,0
India,Cyprus,CYP,BN.GSR.GNFS.CD,0,0,0,0,0,0,0,0,0,0,0,0,0,0,0,0,-79416180.5780396,-183523744.325985,-255413081.846285,-310627467.982061,-337344373.327293,-238236051.471281,-253478281.710675,-258430428.202683,-250685833.913028,-210267754.44527,-61566005.6577037,-52172476.1088338,-158369982.137837,-310538338.89956,-223105175.061338,-473700472.731539,-677791035.93364,63328654.6078635,49167904.3298228,-20556112.846429,-280713793.630328,-167835079.899228,-328585542.07522,78092228.948366,-122909510.72455,148135202.964247,-94931199.033443,-47748320.970464,-457770881.206205,-451175390.095703,-720537522.136134,-1434698978.78027,-3572063944.85506,-1370399090.75795,-2138373933.26342,-1013028138.69684,-469894693.354322,391693145.111428,236255474.23656,552355158.817322,423067241.26405,-59063323.541025,392658469.836377,257607558.84802,-338519558.07114,1389131949.80382,1076505753.7147,365890739.54293,1317833476.30598,0
India,Czechia,CZE,BN.GSR.GNFS.CD,0,0,0,0,0,0,0,0,0,0,0,0,0,0,0,0,0,0,0,0,0,0,0,0,0,0,0,0,0,0,0,0,0,495633190.350032,-925738683.973259,-1841750039.90937,-3789213044.96522,-3195715989.12638,-731364635.750389,-703620723.154516,-1691999204.904,-1553701214.44501,-1596691455.74105,-2049320859.65495,528273873.404079,2898065160.6166,3790265561.32894,4052160271.13885,5219998906.55756,7700186522.30561,6192291073.38082,8894622490.64581,10309254507.9341,12123723407.1038,13436484695.2163,11152289235.3342,14970590108.5915,16696692080.8777,15459075074.1354,15661853403.4847,16922789209.9036,10760274185.8701,3377084364.71671,17012875794.2742,22518192686.432,0
India,Germany,DEU,BN.GSR.GNFS.CD,0,0,0,0,0,0,0,0,0,0,0,3129299820.17464,4172810494.7489,9331485330.3669,15082233732.9296,9359034255.29827,11062760596.3335,13174230767.3247,17352509883.5215,5748981127.87806,-4881469153.69685,5179368707.52928,15445842102.251,11341396741.2059,14987906583.3004,22907977431.986,46143914622.1262,55189849333.2105,60093039856.0267,59544876562.6478,45835582096.6926,-8618524297.54355,-10419668458.7466,606625477.0981,2705397325.1996,9748115039.731,16944869691.1299,22955765079.6326,26638796381.3972,12325288588.8645,4104845646.7311,30938098139.694,85409917265.0463,92318194626.05,141659579646.248,143997634083.368,158280176925.073,223249988267.441,222424166595.653,168088620679.111,178340566180.23,186109725052.129,217953582338.746,220200384547.59,259384172818.113,253864583308.219,257052182218.316,265989346757.769,242877564842.629,222712633094.613,211436040446.136,227415846453.101,108359910395.103,176807952653.581,175418088256.785,0
India,Djibouti,DJI,BN.GSR.GNFS.CD,0,0,0,0,0,0,0,0,0,0,0,0,0,0,0,0,0,0,0,0,0,0,0,0,0,0,0,0,0,0,0,-105519325.234497,-124875507.115085,-94254477.5237592,-69333393.352502,-60088565.7856978,-58625598.550537,-57837846.9623736,-66891363.4291953,-59182651.4593099,-84480731.0334738,-48519871.0338114,-30609775.9972091,-52239183.8893547,-87862436.0655184,-73238390.5109694,-118359676.121561,-274435772.924978,-337939804.52507,-178892758.874866,-72158045.4757739,-254719476.032658,-267002774.01095,-713348705.461296,444525061.908669,544986898.578778,-144419978.820093,-159431265.153819,374115601.227334,386005311.696423,270104485.554297,-323102109.486216,577744640.879616,607408270.386853,484898405.992768,0
India,Dominica,DMA,BN.GSR.GNFS.CD,0,0,0,0,0,0,0,0,0,0,0,0,0,0,0,0,-5499736.26485802,-7200000,-10300000,-21000000,-39000000,-28700000,-18400000,-13700000,-22800000,-25200000,-7155555.55555555,-11207407.4074074,-20959259.2592593,-49007407.4074074,-44499999.9999999,-33855555.5555556,-27329629.6296296,-20522222.2222222,-22203703.7037037,-34807407.4074074,-42525925.9259259,-35696296.2962963,-20577777.7777778,-23788888.8888889,-47593973.0606244,-37695068.7032585,-21441284.0944218,-12495848.3194867,-26382710.8722601,-57797069.4964171,-38756989.9430189,-80378177.2375448,-122313009.632419,-105909580.703771,-93467008.1005515,-80419432.9222692,-98223564.3825134,-95614018.2732324,-66102855.9565207,-66194194.7127119,-68034258.7085718,-115047725.609502,-280820613.878302,-231777177.407407,-201406422.592593,-199472922.962963,-180340134.074074,-228346416.296296,-174779840.37037,0
India,Denmark,DNK,BN.GSR.GNFS.CD,0,0,0,0,0,0,0,0,0,0,0,0,0,0,0,-240130247.059136,-1771039460.33194,-1559010104.54574,-1166519466.23918,-2018692313.16829,-734270148.675322,262063933.842199,78092703.9548,881699066.927045,552821842.623671,-71194452.663442,-743292495.608312,1341713162.57412,3078062108.64257,3356304753.70471,7486783173.7079,8591998596.69512,10404886684.9608,9815989882.35233,9035441696.77825,7794535103.80856,9263490304.50529,5685483097.60229,3318961697.94207,8238249083.8698,9299701472.77133,10431353547.0124,10023718626.993,13115565022.094101,12429897919.8375,14563595605.5605,11599960268.8373,9400458991.67581,12524865839.4842,14981861358.3544,21864529645.0916,21187880089.9659,18900122461.3089,21479964404.7038,22723676469.1254,19627489413.426,18830573676.9587,21511744736.7158,18190345911.6278,20729495551.1775,19989613947.3259,25059464447.7913,38306598514.2022,36773554593.4777,43868444203.5568,0
India,Dominican Republic,DOM,BN.GSR.GNFS.CD,0,0,0,0,0,0,0,0,-66200000,-69700000,-107200000,-118000000,-30700000,-50300000,-186200000,1000000,-145800000,-169800000,-326000000,-349400000,-647400000,-305800000,-392800000,-335800000,-187000000,-237600000,-219800000,-388600000,-101900000,-463000000,-401500000,-351100000,-818300000,-729900000,-583900000,-406000000,-655600000,-719700000,-1434800000,-1302100000,-1887500000,-1676600000,-1915400000,93400000,338600000,-1267900000,-2578510000,-3384300000,-6283600000,-3821000000,-5526900000,-6016300000,-5536300000,-3743200000,-3290300000,-3096900000,-2619400000,-2049900000,-4062700000,-4016800000,-5412500000,-8089100000,-11668900000,-8659700000,-7581300000,0
India,Algeria,DZA,BN.GSR.GNFS.CD,0,0,0,0,0,0,0,0,0,0,0,0,0,0,0,0,0,-1435820349.97679,-2589071838.06679,-246803577.980623,1816831490.13455,1781126363.37677,1477290255.70084,1468635148.98694,1572829658.7464,2180476550.37989,-1300848163.49388,1522761521.66181,68472692.639326,424784809.211557,3355174104.4059,4698239987.00797,0,0,0,0,0,0,0,0,0,0,0,0,0,24200999999.9989,31947000000.0015,30125606755.2431,32476308401.8163,-909806577.24988,9943077524.8936,17000013500.8074,12805677994.9307,2923291764.88608,-7677836862.53171,-25384908362.1845,-27449490180.5443,-22402635934.4411,-15701394555.1328,-15707643325.1665,-17445134687.8103,-2441125782.8098,22630482847.023,8327725513.58381,-1413907949.57206,0
India,East Asia & Pacific (excluding high income),EAP,BN.GSR.GNFS.CD,0,0,0,0,0,0,0,0,0,0,0,0,0,0,0,0,0,0,0,0,0,0,0,0,0,0,0,0,0,0,0,0,0,0,0,0,0,0,0,0,0,0,0,0,0,0,0,0,0,0,0,0,0,0,0,0,0,0,0,0,0,0,0,0,0,0
India,Early-demographic dividend,EAR,BN.GSR.GNFS.CD,0,0,0,0,0,0,0,0,0,0,0,0,0,0,0,0,0,0,0,0,0,0,0,0,0,0,0,0,0,0,0,0,0,0,0,0,0,0,0,0,0,0,0,0,0,0,0,0,0,0,0,0,0,0,0,0,0,0,0,0,0,0,0,0,0,0
India,East Asia & Pacific,EAS,BN.GSR.GNFS.CD,0,0,0,0,0,0,0,0,0,0,0,0,0,0,0,0,0,0,0,0,0,0,0,0,0,0,0,0,0,0,0,0,0,0,0,0,0,0,0,0,0,0,0,0,0,0,0,0,0,0,0,0,0,0,0,0,0,0,0,0,0,0,0,0,0,0
India,Europe & Central Asia (excluding high income),ECA,BN.GSR.GNFS.CD,0,0,0,0,0,0,0,0,0,0,0,0,0,0,0,0,0,0,0,0,0,0,0,0,0,0,0,0,0,0,0,0,0,0,0,0,0,0,0,0,0,0,0,0,0,0,0,0,0,0,0,0,0,0,0,0,0,0,0,0,0,0,0,0,0,0
India,Europe & Central Asia,ECS,BN.GSR.GNFS.CD,0,0,0,0,0,0,0,0,0,0,0,0,0,0,0,0,0,0,0,0,0,0,0,0,0,0,0,0,0,0,0,0,0,0,0,0,0,0,0,0,0,0,0,0,0,0,0,0,0,0,0,0,0,0,0,0,0,0,0,0,0,0,0,0,0,0
India,Ecuador,ECU,BN.GSR.GNFS.CD,0,0,0,0,0,0,0,0,0,0,0,0,0,0,0,0,102500000,-183300000,-475400000,-255500000,-58700000,-261700000,-202000000,751000000,810000000,1055000000,415000000,-260000000,456000000,552000000,743000000,299000000,702000000,-240150000,-282690000,-511730000,493900000,-52070000,-1694900000,1136430000,979312539.140001,-928173118.1172,-1617937928.18765,-663826215.734583,-669610264.431713,-371492821.663804,463666781.816421,451552040.976116,-22738574.844665,-1138206484.2441,-3026431427.88118,-1865315381.93032,-1344390024.3915,-1948121490.64921,-1234170107.13079,-2455040236.51185,442109248.232445,-663906292.316703,-1188301780.91643,-224252087.492411,2340037187.20662,915945850.996271,56544613.140314,400308786.62895,4499417656.66717,0
India,"Egypt, Arab Rep.",EGY,BN.GSR.GNFS.CD,0,0,0,0,0,0,0,0,0,0,0,0,0,0,0,0,0,-1911552374.52,-2718851031.08535,-3563142862.23305,-2910857147.0155,-3869428576.95633,-3642000005.20287,-4192285720.27469,-6322571432.33483,-5381285714.28571,-4191999999.99999,-4094714285.71428,-5282857142.85709,-4801818181.81817,-4195500000,-2248000000,-2382000000,-3850000000,-3528000000,-3880000000,-4203000000,-6021400000,-8565000000,-6886100000,-6031000000,-4928900000,-3070500000,397900000,-399100000,-3610500000,-3872600000,-9298700000,-12461900000,-9233000000,-11031000000,-14328100000,-20199500000,-20530600000,-26829700000,-30369400000,-34677100000,-27349400000,-24708593000,-25428193000,-32380693000,-35699565000,-20848306000,-14047300000,-36004100000,0
India,Euro area,EMU,BN.GSR.GNFS.CD,0,0,0,0,0,0,0,0,0,0,0,0,0,0,0,0,0,0,0,0,0,0,0,0,0,0,0,0,0,0,0,0,0,0,0,0,0,0,0,60002433630.5222,7216606539.3707,57838226680.0946,132119725760.678,138124835877.5,159718826097.642,106399015771.786,75348809179.0389,133661208992.71,27292202767.1877,121378590108.652,99337189995.814,112558825172.449,259558017896.615,340400130681.922,425752803060.681,462773150787.796,478906299233.258,525227577931.849,495417839697.647,413588217605.947,392547516574.415,479852805157.241,130078414465.116,415187177446.385,573106278422.739,0
India,Eritrea,ERI,BN.GSR.GNFS.CD,0,0,0,0,0,0,0,0,0,0,0,0,0,0,0,0,0,0,0,0,0,0,0,0,0,0,0,0,0,0,0,0,-261469468.870773,-200123556.036743,-328410448.673378,-363260042.003952,-403265102.431968,-406580686.37395,-585472074.313481,-546526908.455518,-402025655.068729,0,0,0,0,0,0,0,0,0,0,0,0,0,0,0,0,0,0,0,0,0,0,0,0,0
India,Spain,ESP,BN.GSR.GNFS.CD,0,0,0,0,0,0,0,0,0,0,0,0,0,0,0,-4490645954.62417,-4985991660.25523,-2878926354.02756,947431718.525009,317356389.363345,-5864272516.22569,-4496190326.26647,-3665235293.61116,-1577197352.67821,3179640063.87614,3412308494.07611,4655266431.51143,-291431443.7795,-4978925185.51358,-12771848313.7526,-17275201785.2476,-18426164798.9376,-17812850098.6919,-3454379110.95403,102136496.90562,-1090056713.7881,2884818093.28934,3828678156.63871,-1809459296.24757,-12145945295.458,-17647904513.2091,-14264830251.4435,-13965485132.9806,-20112962479.114,-39895434084.3072,-55618655786.2008,-72048676706.0731,-85667568352.245,-77685476626.7053,-13068614149.0513,-15210974656.7099,4404336584.53709,26847681559.5312,52139543021.8624,41989882719.6357,36343075303.3604,49525604695.837,48378026206.7495,39103466965.6774,41814797115.2323,19649900025.8494,14534303917.5323,12149032171.8074,63702074653.2855,74530227666.9209,0
India,Estonia,EST,BN.GSR.GNFS.CD,0,0,0,0,0,0,0,0,0,0,0,0,0,0,0,0,0,0,0,0,0,0,0,0,0,0,0,0,0,0,0,0,-47663786.2781215,-69651739.8148342,-251338707.79534,-286902959.1932,-500553151.05008,-532703884.949501,-545748692.080777,-305426438.129406,-181799741.351092,-129877512.464851,-518537516.905182,-836603350.000957,-949700084.039493,-704594343.022983,-1728295835.70902,-1964475152.05379,-960636223.447727,989300275.811456,1245764979.1407,1350581522.01102,385668930.319678,587031990.853499,869128638.279324,830131194.372668,791515521.748717,925082311.247716,730118035.757671,1176418475.06335,-416310163.40625,-529296352.622591,-476277970.696319,350690236.524602,134741115.52874,0
India,Ethiopia,ETH,BN.GSR.GNFS.CD,0,0,0,0,0,0,0,0,0,0,0,0,0,0,0,0,0,-139227053.207356,-201932367.24731,-181449275.449975,-313140096.769633,-329855072.623118,-349661835.917711,-423236715.180308,-447681159.509526,-489613526.570048,-483236714.975845,-588260869.565217,-614396135.265701,-408260869.565217,-674299516.908213,-319275362.318841,-923521062.801932,-528920000,-569489613.667524,-678068226.753693,-557902907.360203,-416859713.624458,-863459802.11281,-912500603.004009,-628714042.589757,-1171640698.83904,-969768539.527303,-1345579460.09095,-2043010904.09603,-2965204869.90006,-3077631352.34684,-4254883059.53455,-6102643089.70036,-5612921591.28204,-5270419046.40243,-5923027740.74004,-8135008994.69496,-8134766074.83561,-11818125908.6127,-13853596898.1746,-14091223544.3954,-12672570623.198,-12304551192.7013,-11639029638.8924,-9455071323.93282,-11363400666.232,-13216642105.2216,-12086017008.9182,0,0
India,European Union,EUU,BN.GSR.GNFS.CD,0,0,0,0,0,0,0,0,0,0,0,0,0,0,0,0,0,0,0,0,0,0,0,0,0,0,0,0,0,0,0,0,0,0,0,0,0,0,0,0,0,0,0,0,0,0,0,0,0,0,0,0,0,0,0,0,0,0,0,0,0,0,0,0,0,0
India,Fragile and conflict affected situations,FCS,BN.GSR.GNFS.CD,0,0,0,0,0,0,0,0,0,0,0,0,0,0,0,0,0,0,0,0,0,0,0,0,0,0,0,0,0,0,0,0,0,0,0,0,0,0,0,0,0,0,0,0,0,0,0,0,0,0,0,0,0,0,0,0,0,0,0,0,0,0,0,0,0,0
India,Finland,FIN,BN.GSR.GNFS.CD,0,0,0,0,0,0,0,0,0,0,0,0,0,0,0,-1736165619.94702,-638897356.29418,506467704.015518,1324236403.37151,584485986.233526,-505003967.962733,665619171.794317,401022677.936607,164003189.455494,1245209510.38128,379048210.110759,976683996.210305,324345689.369862,-473916346.702975,-2370745702.51608,-2275912527.64529,-1145210129.37269,1088481865.41415,4224687220.80975,5877879139.73526,10267857857.3228,9626845550.5749,9948921881.08699,11421491117.1127,11074053262.7108,12972883672.4604,13763770099.4632,13426695709.6185,12281727582.4146,13386670377.7013,9696388683.17434,9064644965.01792,12350966281.6864,10382835457.0152,5354045954.93265,3384996534.34346,-2134164029.81601,-4055943974.95969,-2663826149.84197,-2806235858.40577,-933949094.19716,-2501201519.53423,1014994073.29316,-2291417637.93039,1792953973.24134,828465000.5328,108592733.40555,-5730842915.76031,55554193.51451,1245832772.34858,0
India,Fiji,FJI,BN.GSR.GNFS.CD,0,0,0,0,0,0,0,0,0,0,0,0,0,0,0,0,0,0,0,-57900557.4473986,-42300115.7046312,-178405403.192258,-72486564.1280913,-60087294.2823046,-12035876.7103362,-4421118.79026812,2118520.94887072,32158002.9880145,45236583.1347485,26831460.6741574,-66513232.3067488,-48320719.4568832,-39454665.1149459,-121807656.759255,-60787159.5662939,-76297700.8769852,31924748.8063849,-20918835.6105078,-34376599.082284,19749952.4021071,-132989114.669313,-146677819.234425,-96107311.2502589,-159395341.831287,-347585387.304242,-284313205.91358,-549801675.099983,-446106772.1987,-589625236.505948,-290466410.886458,-199830957.181568,-221798950.69109,-121338442.958719,-529201389.565479,-297649060.425902,-165165713.090445,-191708790.325859,-265087976.148991,-432664838.940049,-569697168.20932,-747101832.430846,-1172500874.33141,-1057603378.32582,0,0,0
India,France,FRA,BN.GSR.GNFS.CD,0,0,0,0,0,0,0,0,0,0,0,0,0,0,0,5224640222.46061,-1149036556.98026,1786599128.5837,9076970923.28324,6940828701.82359,-2718368612.81992,-2185369882.0678,-7643987880.97424,170696031.83757,4408261850.63534,4852844476.0093,8703260368.15091,2606972922.9412,3031316965.36855,3292588064.60403,2151443711.41902,6695752274.7736,21489459170.5193,24357080634.6992,25095487280.4917,28971201036.2201,31189392321.5964,43524973976.1098,42170696536.8382,37920062793.022,12920448306.6648,17867386311.9337,27607351106.5108,24042402513.7393,17355875954.8148,-283241312.9564,-8152873482.8608,-18508898565.2429,-41912581724.0709,-32833160279.7455,-43515092096.2023,-56663277933.5586,-37820646682.3386,-23354364363.2819,-28200678499.737,-9463888994.342,-12213190138.5204,-19613749658.1627,-28418466030.8179,-15554985769.9185,-45868544727.8588,-30254890619.4442,-70150448895.4289,-41937166656.0054,-3821737994.0982,0
India,Faroe Islands,FRO,BN.GSR.GNFS.CD,0,0,0,0,0,0,0,0,0,0,0,0,0,0,0,0,0,0,0,0,0,0,0,0,0,0,0,0,0,0,0,0,0,0,0,0,0,0,29560000,-21900000,-81010000,-11090000.0000001,4990000,-159170000,-64615977.3244727,-172903385.676909,-200462975.244664,-370321691.324904,-219599538.245316,-159618567.795385,-85019084.659307,-130430094.804958,0,0,0,0,0,0,0,0,0,0,0,0,0,0
India,"Micronesia, Fed. Sts.",FSM,BN.GSR.GNFS.CD,0,0,0,0,0,0,0,0,0,0,0,0,0,0,0,0,0,0,0,0,0,0,0,0,0,0,0,0,0,0,0,0,0,0,0,0,0,0,0,0,0,0,0,0,0,0,0,0,0,-163046000,-147969000,-162195900,-146114700,-132701600,-105076900,0,0,0,0,0,0,0,0,0,0,0
India,Gabon,GAB,BN.GSR.GNFS.CD,0,0,0,0,0,0,0,0,0,0,0,0,0,0,0,0,0,0,342955861.72574,727100434.637603,933549862.942736,798398558.443723,681940766.980082,443991287.612589,403907329.532822,176845203.353656,-664037192.666034,-82984911.3888626,-193689256.322142,262532354.595294,918664517.285642,809267667.225817,795642325.915679,769522584.462776,981439826.182437,1222368541.44456,1688585468.23799,1282256762.90387,-26995426.8917661,1002242764.28938,1842798766.08088,1224852434.54511,947929960.042929,1468493701.12259,2073131728.77491,3209590992.32943,0,4131205893.95014,5460105498.17715,2390236893.99289,4416815244.23446,4261865317.20349,3999940172.41057,2879762553.9664,2204528794.45527,340696876.815891,0,0,0,0,0,0,0,0,0,0
India,United Kingdom,GBR,BN.GSR.GNFS.CD,0,0,0,0,0,0,0,0,0,0,976799219.928133,1855091507.83698,-285446497.453849,-4575450167.24174,-9991158711.28969,-4370521412.33688,-2740705893.42899,1652748168.21366,4062834504.03801,1330707128.9274,11871974873.7223,14663476801.7272,8474568900.9333,3423207216.60918,-1513312661.84175,4394278996.3691,-4959748573.50266,-8092381167.58446,-30349025915.158,-34627367841.3538,-24863350099.978,-10890061878.6002,-13628007847.2967,-9577637335.35282,-6980831142.06133,-4886522252.2228,-3662771031.52327,2898078057.98985,-11830609610.175,-17190105957.2593,-19772180734.9836,-28424683613.5515,-42325996544.2745,-43637844626.19,-55764002611.4394,-54361679069.3336,-50957936991.045,-59999761250.0614,-52184375242.9011,-30179304571.7578,-38934535218.985,-21211673603.3352,-26805596415.6063,-39792666336.3403,-59357376064.4184,-44424260097.0148,-50798842587.0321,-35924431558.9294,-39577861194.8046,-39829637744.0492,13846959465.6454,-6976068153.1843,-58861789738.0603,-36248439029.8636,-41224292469.818,0
India,Georgia,GEO,BN.GSR.GNFS.CD,0,0,0,0,0,0,0,0,0,0,0,0,0,0,0,0,0,0,0,0,0,0,0,0,0,0,0,0,0,0,0,0,0,0,0,0,0,-838100000,-674500000,-541000000,-463092788.25,-445748145.38,-443707082.69,-573281400.06,-846057003.48,-1115393322.21,-1876372880.54,-2716420112.73,-3812210232.44,-2065071548.1,-2079760021.4,-2745905483.83,-3117974693.26,-2089933391.945,-2979689101.23,-2547799840,-2310734036.03,-1784877513.46,-1871976601.56,-1615848784.48,-3040800416.16,-3064983354.62,-2425614320.72,-2642956941.05,-2691078877.2,0
India,Ghana,GHA,BN.GSR.GNFS.CD,0,0,0,0,0,0,0,0,0,0,0,0,0,0,0,9391356.0001329,-59043803.000175,-103391778.220753,-76832751.728887,98663332.0000005,32100000,-419800000,-106008912.000092,-157100000,-86300000,-166000000,-171720000,-295300000,-303700000,-398400000,-522300000,-554552000,-741100000,-965000000,-615500000,-537700000,-648650000,-957664000,-1119330000,-1452600000,-909624210.592011,-1175757882.44416,-757841454.6132,-962242396.544134,-1972288288.77,-2711715520.85246,-3176972981.76184,-4060700855.37747,-5495934199.0544,-3379970000,-4487950000,-4908642718.75231,-5187075383.07456,-6292080667.5828,-3985638963.27983,-4310463630.59344,-3066606286.82657,-1685930000,-705801830.22405,-1315920187.07099,-2468297849.29805,-1215544536.6765,-141740240.8012,-697637190.45861,1548721384.64429,0
India,Gibraltar,GIB,BN.GSR.GNFS.CD,0,0,0,0,0,0,0,0,0,0,0,0,0,0,0,0,0,0,0,0,0,0,0,0,0,0,0,0,0,0,0,0,0,0,0,0,0,0,0,0,0,0,0,0,0,0,0,0,0,0,0,0,0,0,0,0,0,0,0,0,0,0,0,0,0,0
India,Guinea,GIN,BN.GSR.GNFS.CD,0,0,0,0,0,0,0,0,0,0,0,0,0,0,0,0,0,0,0,0,0,0,0,0,0,0,2150000,63970000,-176960000,-92090000,-124340000,-210910000,-254030000,-169560000,-382850000,-310842000,-186842000,-93327000,-150916350,-197240780,-137665627.463024,-46985382.8452567,-200091000,-208600673.164596,-152720000,-101860000,-159920000,-260850000,-365490000,-268840000,-266830000,-1167460000,-1049090000,-872480000,-787280807.136714,-835638792.245089,-2670967516.5617,407430000,-104590000,-279370000,2682530000,4912760000,3149560000,3374240000,1487510000,0
India,"Gambia, The",GMB,BN.GSR.GNFS.CD,0,0,0,0,0,0,0,0,0,0,0,0,0,0,0,0,0,0,-56536145.706842,-59007131.8098903,-117746670.855687,-92529774.1562197,-45402724.4198731,-35632875.1587497,-5616538.55189189,-7296076.202468,-8993539.35290424,-15881205.2366646,-8881371.6558788,-9305627.76961126,-25008274.5962176,-30758693.2267803,-17343181.6900519,-50888594.8739644,-32916670.7608577,-54730250.0390775,-73205808.0049411,-51441316.3183606,0,0,0,0,0,-26001227.5748095,-69139882.7287083,-82954918.3856064,-115346815.377119,-108271606.444823,-40798052.8456295,-67247198.3597225,-52049381.4452786,-118898397.44442,-124718334.169732,-102691485.299838,-178863910.267865,-184412757.830034,-185187985.79074,-282514938.533408,-329207868.72397,-280340312.08944,-515297713.074472,-583577630.14394,-562139048.56999,-635696873.740401,-710819730.024634,0
India,Guinea-Bissau,GNB,BN.GSR.GNFS.CD,0,0,0,0,0,0,0,0,0,0,0,0,0,0,0,0,0,0,0,0,0,0,-57700000,-56300000,-55900000,-66500000,-55900000,-44600000,-60100000,-75651000,-62072000,-61377000,-93043000,-49239000,-42090000,-59660000,-57480000,-31780000,0,0,0,-24634449.3854477,-25100855.2359194,-30504112.9144047,-43727738.5098216,-52876937.457928,-89058865.608796,-95710599.1023796,-112071251.325912,-134441138.87324,-128540778.594605,-57273428.1884633,-101225726.050187,-79124579.0563975,-117763772.439757,-49268060.3000329,-56490909.2136088,-71545590.4533737,-78704651.6167679,-210399578.138755,-206849939.134919,-183258031.657011,-297833123.442601,-307595623.2759,0,0
India,Equatorial Guinea,GNQ,BN.GSR.GNFS.CD,0,0,0,0,0,0,0,0,0,0,0,0,0,0,0,0,0,0,0,0,0,0,0,0,0,0,0,-43958045.8844532,-54675499.0328668,-36290591.8704444,-46612711.4539904,-65496446.2870408,-33488003.6890626,-19508227.4280513,4592900.63638322,-102001724.05245,-296425138.512624,0,0,0,0,0,0,0,0,0,0,0,0,0,0,0,0,0,0,0,0,0,0,0,0,0,0,0,0,0
India,Greece,GRC,BN.GSR.GNFS.CD,0,0,0,0,0,0,0,0,0,0,0,0,0,0,0,0,-1608000000,-1841000000,-1774000000,-2878000000,-3023000000,-3104000000,-2901000000,-2824000000,-2807000000,-3814000000,-2736000000,-2829000000,-3097000000,-4914000000,-6546000000,-5992700000,-6565000000,-5806000000,-5834000000,-9188000000,-10395000000,-10738000000,0,-10694251751.7882,-12284230677.9712,-11223539207.7796,-11147091802.6451,-12580761258.1434,-12569191035.8461,-15079881453.3181,-24897011117.9851,-34234036426.2002,-39459031377.9514,-25077520775.813,-20250975319.8242,-17349218680.8901,-5996099810.51031,-6744497465.67563,-5246311025.79856,-1220057196.83558,-1713491791.60504,-1656289642.80928,-3935248275.21289,-2008001793.22068,-12736823985.0859,-16011319345.703,-21630962871.0373,-12016810527.7156,-13984812964.841,0
India,Grenada,GRD,BN.GSR.GNFS.CD,0,0,0,0,0,0,0,0,0,0,0,0,0,0,0,0,0,-4033333.33333333,-6651851.85185185,-14511111.1111111,-21859259.2592593,-31759259.2592593,-39600000,-35800000,-29700000,-33737037.037037,-30659259.2592593,-35314814.8148148,-33703703.7037037,-43296296.2962963,-45707407.4074074,-52481481.4814815,-39059259.2592593,-48892592.5925926,-35148148.1481481,-45444444.4444444,-62477777.7777778,-73662962.962963,-87451851.8518519,-48270370.3703704,-85947834.3994454,-88040259.1836619,-91575117.8688982,-123987117.171396,-147598158.578154,-228164326.759475,-208432962.204906,-154440227.719041,-155695469.71661,-69954486.4394536,-84816776.6013315,-72375901.6706558,-38902159.9094096,-53043645.1949796,7997856.3268774,21948446.6162862,18122335.3735044,-5165241.445454,-25475414.5156899,-15451546.6666667,-116105777.407407,-83998147.7777778,-78826956.2962964,-96159220.3703703,-131638555.555556,0
India,Greenland,GRL,BN.GSR.GNFS.CD,0,0,0,0,0,0,0,0,0,0,0,0,0,0,0,0,0,0,0,0,0,0,0,0,0,0,0,0,0,0,0,0,0,0,0,0,0,0,0,0,0,0,0,0,0,0,0,0,0,0,0,0,0,0,0,0,0,0,0,0,0,0,0,0,0,0
India,Guatemala,GTM,BN.GSR.GNFS.CD,0,0,0,0,0,0,0,0,0,0,0,0,0,0,0,0,0,-104800000,-368600000,-334900000,-229000000,-577900000,-348200000,-141800000,-199500000,-95900000,121700000,-456500000,-462000000,-437500000,-244200000,-340600000,-955400000,-946500000,-943900000,-904200000,-743600000,-1001500000,-1560700000,-1536300000,-1705300000,-2165258471.05178,-2892758264.46018,-3183177951.4661,-3875800000,-4332400000,-5111800000,-5797000000,-5983765870,-3816491970,-4746617860,-5432776290,-6504976940,-6714855160,-6707931330,-6358444100,-5854835050,-6499967660,-7819058970,-7928956720,-6553973700,-12097075400,-15802859900,-15714315680,-17579310780,0
India,Guam,GUM,BN.GSR.GNFS.CD,0,0,0,0,0,0,0,0,0,0,0,0,0,0,0,0,0,0,0,0,0,0,0,0,0,0,0,0,0,0,0,0,0,0,0,0,0,0,0,0,0,0,0,0,0,0,0,0,0,0,0,0,0,0,0,0,0,0,0,0,0,0,0,0,0,0
India,Guyana,GUY,BN.GSR.GNFS.CD,0,0,0,0,0,0,0,0,0,0,0,0,0,0,0,0,0,-71960784.3419452,196078.4314503,-48901960.8034908,-85137254.9353482,-129137777.823693,-84600000.0282003,-99000000.0330001,-54572905.9022518,-51083585.8711673,0,0,0,0,0,0,-94968000,-101075000,-80755000,-79155000,8800000,-17000000,-39900000,-27500000,-71100000,-76000000,-47300000,-32600000,-54488600,-224474000,-327928000,-407615000,-635404841.447147,-513328342.049143,-629887423.13202,-777599521.10006,-809852522.182617,-837792301.576263,-869454097.71007,-480027711.028642,-174021504.037131,-357561696.519054,-1708802949.92156,-3468856512.82169,-1173459763.74817,-1994360918.35355,4484833050.70956,2782729270.79035,0,0
India,High income,HIC,BN.GSR.GNFS.CD,0,0,0,0,0,0,0,0,0,0,0,0,0,0,0,0,0,0,0,0,0,0,0,0,0,0,0,0,0,0,0,0,0,0,0,0,0,0,0,0,0,0,0,0,0,0,0,0,0,0,0,0,0,0,0,0,0,0,0,0,0,0,0,0,0,0
India,"Hong Kong SAR, China",HKG,BN.GSR.GNFS.CD,0,0,0,0,0,0,0,0,0,0,0,0,0,0,0,0,0,0,0,0,0,0,0,0,0,0,0,0,0,0,0,0,0,0,0,0,0,0,905448442.07262,8557595861.11339,7566240165.08163,7945531725.00263,13569139873.7702,14685857314.1062,14729997088.653,22194383629.1008,21593613023.4157,22595345937.274,22326049073.8159,16850331869.7342,13434834429.6477,9562795338.19198,2973360215.27029,1658732094.6468,598619137.95912,7393299599.96328,7327348873.28332,3429559927.81999,-765449570.41404,5667629956.78216,6664182475.8456,20534613690.601,14701762132.2624,2245577902.29242,16590089248.5485,0
India,Honduras,HND,BN.GSR.GNFS.CD,0,0,0,0,0,0,0,0,0,0,0,0,0,0,-123949999.974313,-101750000,-60900000,-74850000,-90200000,-93650000,-186400000,-178700000,-58000000,-113600000,-220600000,-177600000,-66400000,-123680000,-115050000,-125300000,-94300000,-123600000,-192100000,-274300000,-318200000,-217500000,-331900000,-319900000,-392300000,-781600000,-830947357.1642,-935871539.462411,-826672079.117501,-1182153838.4937,-1497531392.96595,-1725846067.60987,-2317433627.02835,-3392193628.73165,-4582491848.57541,-2563180428.01604,-2835884508.34842,-3572318710.69419,-3602944164.49666,-3814791368.69086,-3404150015.63264,-3394077720.60967,-3177734390.81037,-3528273160.7665,-4880010081.50178,-4581924949.78827,-3671066028.01901,-6817182339.93962,-8590897456.68367,-8121542677.21306,-8882868705.35846,0
India,Heavily indebted poor countries (HIPC),HPC,BN.GSR.GNFS.CD,0,0,0,0,0,0,0,0,0,0,0,0,0,0,0,0,0,0,0,0,0,0,0,0,0,0,0,0,0,0,0,0,0,0,0,0,0,0,0,0,0,0,0,0,0,0,0,0,0,0,0,0,0,0,0,0,0,0,0,0,0,0,0,0,0,0
India,Croatia,HRV,BN.GSR.GNFS.CD,0,0,0,0,0,0,0,0,0,0,0,0,0,0,0,0,0,0,0,0,0,0,0,0,0,0,0,0,0,0,0,0,0,428949821.600208,349535864.933269,-2180537358.18667,-1908337957.91164,-3359038637.24735,-1994802426.68471,-1634724463.27361,-981083212.222777,-1193518726.62775,-2488612765.41251,-3645351298.41863,-3598621897.40381,-4026839892.96346,-4228998809.10358,-5055607239.7718,-7067849448.62634,-3409457894.69465,-1141232642.89112,-974761970.060882,143883797.617261,-1168320592.90782,-235608383.279655,135058723.994966,670027610.234444,597359197.6782,-635942869.084438,-285756867.424282,-3949842622.79086,-1890863158.29718,-4862008577.20515,-1746312309.77123,-3259264201.42483,0
India,Haiti,HTI,BN.GSR.GNFS.CD,0,0,0,0,0,0,0,0,0,0,0,-10840000.002168,-15939941.2619234,-17979999.987934,-38859967.7781539,-53500000.0107,-70760000.014152,-88960000.017792,-97860000.019572,-115020000.023004,-175280000.035056,-275080000.055016,-196200000.03924,-207380000.041476,-207920000.017326,-219900000,-181420000,-181300000,-206120000,-211360000,-196600000,-307720000,-135840000,-174630000,-168390000,-609300000,-590310000,-512000000,-566740000,-720860000,-865020000,-871670000,-828940000,-947150000,-1048950000,-1247800000,-1452450000,-1605260000,-1936578267.73285,-1770211782.01867,-3270936821.80475,-3121749423.14127,-2867509299.48497,-2875659169.68821,-3091189340.75035,-2743160952.81264,-2623479470.87922,-3161714014.24954,-3637910897.67124,-3099262379.12064,-3159219178.16332,-3776202635.23933,-4095458391.29357,-4208501041.89886,0,0
India,Hungary,HUN,BN.GSR.GNFS.CD,0,0,0,0,0,0,0,0,0,0,0,0,0,0,0,0,0,0,0,0,0,0,519047625.561697,537998155.675158,822963834.760085,347031289.281197,-449007956.205414,246026543.232327,402989626.561161,675901010.177678,1018695669.14555,892199274.278595,753482565.482351,-3804941625.94471,-3557049002.99648,-53166840.743951,337291500.397754,627305660.595675,-761066372.881452,-1453683693.08902,-1757835489.2671,-611266659.179652,-1036386465.22009,-3299924957.38735,-3324647506.35355,-1161064741.79929,-1071137191.19014,682363947.07277,-31815533.00822,4537607199.28512,6151603581.22578,8063829114.76406,7681243577.10264,8545166611.17727,8056428130.80146,9498937690.29104,10668691941.1166,9266399894.73423,6672967934.7129,3687951612.76699,3028798451.44646,331813859.95446,-8282168971.72719,9841655357.29583,12425921823.25,0
India,IBRD only,IBD,BN.GSR.GNFS.CD,0,0,0,0,0,0,0,0,0,0,0,0,0,0,0,0,0,0,0,0,0,0,0,0,0,0,0,0,0,0,0,0,0,0,0,0,0,0,0,0,0,0,0,0,0,0,0,0,0,0,0,0,0,0,0,0,0,0,0,0,0,0,0,0,0,0
India,IDA & IBRD total,IBT,BN.GSR.GNFS.CD,0,0,0,0,0,0,0,0,0,0,0,0,0,0,0,0,0,0,0,0,0,0,0,0,0,0,0,0,0,0,0,0,0,0,0,0,0,0,0,0,0,0,0,0,0,0,0,0,0,0,0,0,0,0,0,0,0,0,0,0,0,0,0,0,0,0
India,IDA total,IDA,BN.GSR.GNFS.CD,0,0,0,0,0,0,0,0,0,0,0,0,0,0,0,0,0,0,0,0,0,0,0,0,0,0,0,0,0,0,0,0,0,0,0,0,0,0,0,0,0,0,0,0,0,0,0,0,0,0,0,0,0,0,0,0,0,0,0,0,0,0,0,0,0,0
India,IDA blend,IDB,BN.GSR.GNFS.CD,0,0,0,0,0,0,0,0,0,0,0,0,0,0,0,0,0,0,0,0,0,0,0,0,0,0,0,0,0,0,0,0,0,0,0,0,0,0,0,0,0,0,0,0,0,0,0,0,0,0,0,0,0,0,0,0,0,0,0,0,0,0,0,0,0,0
India,Indonesia,IDN,BN.GSR.GNFS.CD,0,0,0,0,0,0,0,0,0,0,0,0,0,0,0,0,0,0,0,0,0,2257000000,-2465000000,-2802000000,2038000000,1531000000,-954000000,1299000000,2441000000,3100000000,1784000000,1059000000,2313000000,2344000000,1282000000,-1538000000,-2592000000,409000000,10819614426.8351,12865957536.7369,14619057986.5737,12316401091.3043,13131270332.3864,12455540664.1548,11341399488.3913,8411220328.28875,19786001791.3359,20911715981.289,9917758527.08661,21191036277.8746,21212148895.5807,24021724758.5102,-1884415529.3462,-6237109751.68575,-3027125054.37998,5351899012.23087,8234324959.97201,11434768728.767,-6713373307.24594,-4133324477.52497,18545794316.1108,29207502575.0115,42715082770.478,28593267733.9316,21215765587.5967,0
India,IDA only,IDX,BN.GSR.GNFS.CD,0,0,0,0,0,0,0,0,0,0,0,0,0,0,0,0,0,0,0,0,0,0,0,0,0,0,0,0,0,0,0,0,0,0,0,0,0,0,0,0,0,0,0,0,0,0,0,0,0,0,0,0,0,0,0,0,0,0,0,0,0,0,0,0,0,0
India,Isle of Man,IMN,BN.GSR.GNFS.CD,0,0,0,0,0,0,0,0,0,0,0,0,0,0,0,0,0,0,0,0,0,0,0,0,0,0,0,0,0,0,0,0,0,0,0,0,0,0,0,0,0,0,0,0,0,0,0,0,0,0,0,0,0,0,0,0,0,0,0,0,0,0,0,0,0,0
India,India,IND,BN.GSR.GNFS.CD,0,0,0,0,0,0,0,0,0,0,0,0,0,0,0,-500017600.21568,702501190.097606,962429102.009108,-832488641.162021,-2258339165.54286,-5653548460.78432,-6162724658.73907,-5358708521.53588,-4512606726.85855,-4434193036.7907305,-6134931259.68047,-6155516301.44596,-7042634826.62408,-8111530902.40676,-7844247653.11582,-6615557120.09499,-4011561595.14453,-4712170094.93306,-3482052608.17944,-6311718422.51494,-10211864221.3869,-13984314681.2341,-13360131754.4659,-13601016314.3159,-11441228840.35,-13143494265.9043,-9180938408.72283,-5122207191.98702,-8164091361.14741,-14960253367.7106,-27276336270.9111,-31769964257.3651,-38703712438.7177,-74360043516.2859,-67410018791.4033,-91023662478.7202,-106686782608.974,-136063399026.174,-92135051692.141,-67969807623.7704,-63249171394.8494,-41579206265.0142,-72211612625.3397,-105917684940.611,-73451671322.5905,-8342168263.9965,-74039374427.9022,-134660965222.853,-86336940338.2707,-101554029010.859,0
India,Not classified,INX,BN.GSR.GNFS.CD,0,0,0,0,0,0,0,0,0,0,0,0,0,0,0,0,0,0,0,0,0,0,0,0,0,0,0,0,0,0,0,0,0,0,0,0,0,0,0,0,0,0,0,0,0,0,0,0,0,0,0,0,0,0,0,0,0,0,0,0,0,0,0,0,0,0
India,Ireland,IRL,BN.GSR.GNFS.CD,0,0,0,0,0,0,0,0,0,0,0,0,0,0,0,0,0,0,0,0,0,0,0,0,0,0,0,0,0,0,0,0,0,0,0,0,0,0,0,0,0,0,0,0,0,23568794531.6351,22888761351.9058,25499501757.0593,23713273170.1522,35648697991.4302,38453010693.2177,48813620873.011,39254072935.0494,47915777018.5939,50785853502.58,89757642558.2461,57046573634.8298,84190507317.3619,117584828243.654,20224413087.4171,92440995946.6744,222321232299.783,226351448198.918,181476445584.564,0,0
India,"Iran.",IRN,BN.GSR.GNFS.CD,0,0,0,0,0,0,0,0,0,0,0,0,0,0,0,0,7737000000,2856000000,-201000000,11540000000,-3042000000,-4066000000,5348000000,-253000000,-865000000,-769000000,-5454000000,-2230000000,-2010000000,-2939000000,-2551000000,-11576000000,-8630000000,-5723000000,4029000000,3840000000,5179000000,2079000000,-2135000000,6356000000,12224000000,0,0,0,0,0,0,0,0,0,0,0,0,0,0,0,0,0,0,0,0,0,0,0,0,0
India,Iraq,IRQ,BN.GSR.GNFS.CD,0,0,0,0,0,0,0,0,0,0,0,0,0,0,0,0,0,0,0,0,0,0,0,0,0,0,0,0,0,0,0,0,0,0,0,0,0,0,0,0,0,0,0,0,0,-2044100000,6689000000,18966800000,27891200000,-2225200000,7402400000,30749000000,33594000000,22018282324.13,20322000000,-1789014222.13,2713640000,15149856000,35054700000,16620400000,-4198700000,27553600000,57917300000,26672686393.31,0,0
India,Iceland,ISL,BN.GSR.GNFS.CD,0,0,0,0,0,0,0,0,0,0,0,0,0,0,0,0,29400000,10200000,91800000,64800000,36900000,-8300000,-120000000,82200000,22800000,31100000,176400000,-20100000,-18000000,156300000,83430446.1063821,-79333014.50282,2192193.872704,190173218.513954,313742795.481445,245049970.045878,37655630.5934246,36002539.9511738,-368288735.524052,-403170878.658511,-617467986.580397,-89616403.505695,146668727.986714,-343251512.663181,-777489314.860014,-1976306948.76101,-2924139980.16283,-1961305703.27408,-637429123.582439,1055741552.91162,1367149084.53207,1202277150.73522,892978425.516664,1293931187.81253,1176509122.01478,1374645174.695,1555184857.48078,1258670942.57889,1077966037.36487,1404577729.56517,-75589769.346321,-394905604.593363,107289837.780682,301487007.799373,-352775323.772743,0
India,Israel,ISR,BN.GSR.GNFS.CD,-305000000,-396000000,0,0,0,-456000000,-389000000,-465000000,-525000000,-738000000,-1087000000,-1142000000,-987000000,-2448000000,-2983000000,-3480000000,-2684000000,-1994000000,-2607000000,-3062000000,-2843000000,-3538300000,-3180200000,-3298100000,-2567000000,-1628500000,-1460000000,-3298700000,-2593100000,-1832900000,-2916000000,-5367800000,-4501900000,-6037300000,-6496800000,-7808400000,-7915600000,-5387100000,-2999200000,-3056600000,-203100000,-3165900000,-3513500000,-1027000000,135600000,-150100000,336000000,-1438600000,-1134900000,5360500000,4601500000,-393500000,-261800000,5543900000,4919500000,9472000000,6004200000,6855000000,3124800000,7278400000,12740700000,13407500000,11019200000,14206300000,12810200000,0
India,Italy,ITA,BN.GSR.GNFS.CD,0,0,0,0,0,0,0,0,0,0,107680159.89232,811921589.513574,967058287.774415,-3328110291.39531,-7884887332.49248,-483144173.437663,-2741198142.21769,2216658010.91719,6178264390.36804,3805769085.2366,-12956080101.18,-9344323403.02935,-5696862256.04271,1877822085.63663,-1849362427.58583,-1954095748.03319,8469745735.80438,3607682228.02249,223324254.28476,-1994927194.35404,1461264916.58427,105589450.92382,174993071.02265,32207609508.2743,36945252882.4425,45325897739.875,62155136415.2245,47619296427.0847,39886976511.7094,21283617653.3336,9333284879.73141,13835427119.0986,9203889112.40754,6874316557.88138,9690602868.18181,-3242154509.71725,-17269793364.7159,-8130159638.9672,-18314564627.7725,-11245703356.1903,-38733375693.0732,-29571251353.2195,23450864653.0484,50079699804.1508,60112847272.8695,52526869354.6475,59977581596.7032,53893821749.4434,50617035662.4632,67357784672.6455,69265580610.0111,44797022837.1567,-38435469002.8408,34664668377.2501,61620081677.9415,0
India,Jamaica,JAM,BN.GSR.GNFS.CD,0,0,0,0,0,0,0,0,0,0,0,0,0,0,0,0,-235300000,31300000,66700000,-52000000,-44700000,-298900000,-378500000,-301700000,-186400000,-241000000,94200000,30400000,-139200000,-434500000,-173000000,-69800000,-35000000,-377910000,-26300000,-335200000,-541500000,-665100000,-653700000,-531100000,-838300000,-1235100000,-1555635000,-1391056367.27278,-1365268208.68813,-1973546537.94346,-2315799601.46387,-3416441707.94729,-4374789039.06333,-2318012641.57243,-2449403098.03721,-3541151131.14738,-3327364252.56853,-3181127085.86494,-3051487394.97015,-2296499439.40425,-1837864661.5875,-2357736829.66205,-2090909129.16261,-2277619516.71902,-2663823121.73062,-3004608495.85861,-3302861296.59063,-2590755238.82016,-2400772586.96648,0
India,Jordan,JOR,BN.GSR.GNFS.CD,0,0,0,0,0,0,0,0,0,0,0,0,-214759762.98906,-244087372.991584,-350210862.384551,-562241044.103424,-744013255.918511,-959770210.688483,-1119891306.36454,-1611339531.74241,-1652370330.54965,-2308152626.88924,-2391820851.04052,-2155056602.36291,-1919955270.24324,-1757678736.83417,-1518076283.99433,-1473602454.3704,-1331132245.52556,-597098146.496417,-1057576465.54587,-943964083.090545,-1655213821.88733,-1672340504.99393,-1410120691.61033,-1424008291.76841,-1752609308.88576,-1613399153.73766,-1560225669.95769,-1456417489.42172,-2256768734.10437,-2245311306.57059,-1831623568.03474,-2137408095.90973,-3408385738.18054,-5145482725.34556,-5029732778.56136,-6313059604.6278,-6529453560.05693,-5397612676.05634,-5489577464.78873,-7557323943.66198,-8668169014.08451,-9944366197.18309,-9460140845.07041,-8655633802.8169,-8292112676.05634,-8735492957.74648,-7823098591.5493,-5793422535.21127,-7979752112.67605,-9451830985.91549,-9275352112.67606,-6801971830.98592,-7712253521.12677,0
India,Japan,JPN,BN.GSR.GNFS.CD,0,0,0,0,0,0,0,0,0,0,0,0,0,0,0,0,0,0,0,0,0,0,0,0,0,0,0,0,0,0,0,0,0,0,0,0,21309371596.649,47450014246.5316,72968602319.8624,69164578262.6968,69091201723.8881,26480675041.2365,51601038995.8407,72487452621.7708,94230374346.5512,69911671152.1861,63045444315.0606,83502740418.5949,17341178492.6405,23251948662.5674,78197081417.2456,-39544359231.2282,-101198487543.672,-125128284733.983,-128605076447.102,-23275907631.1959,40443851155.2429,37636176718.9342,1405006849.0526,-8615189108.462,-7597675867.0135,-21810914913.444,-157922697027.439,-72876655744.3752,-42600298380.2384,0
India,Kazakhstan,KAZ,BN.GSR.GNFS.CD,0,0,0,0,0,0,0,0,0,0,0,0,0,0,0,0,0,0,0,0,0,0,0,0,0,0,0,0,0,0,0,0,0,0,0,-126600000,-589000000,-558900000,-1051000000,172000000,1256354847.95967,-533514773.947675,-153214258.791614,1496098062.27504,3544189463.7045,6322004051.71502,9734725344.18396,10388580329.965,21722847597.8088,13012350650.8921,22543014687.3273,42077753327.7535,31304963815.1314,30420332103.2403,20809092206.124,2938881197.60969,6657846380.33749,14815137351.4283,19276723811.6837,14634103953.348,2771607555.29577,22128581996.022,33382483021.9538,18203244982.1471,16382793233.8426,0
India,Kenya,KEN,BN.GSR.GNFS.CD,0,0,0,0,0,0,0,0,0,0,0,0,0,0,0,-175945251.817231,3226907.1472634,119373254.181895,-563951846.166763,-401856288.940807,-839062355.34332,-575407677.197497,-258003675.971049,-43270801.8519645,-101083157.725384,-60917289.0088309,-4437393.4627997,-426084265.745067,-460525945.083985,-643675851.542676,-476548601.120383,-130246378.005806,-21696732.0396687,-1296327284.10629,-1453451893.3539,-2395870743.78202,-2000541131.73102,-2970948723.01666,-4064850081.25341,-4119475591.48757,-987045307.056151,-1036959028.42705,-651650569.832691,-649327981.086305,-1007314078.38763,-1396557727.51619,-2225255504.46471,-2996249357.82223,-4268637872.35773,-3916539738.28787,-4548264829.46378,-6360159023.3274,-6710123651.45399,-7318068648.68627,-9035535132.25669,-7061068458.4589,-6258681910.57285,-8631668533.27337,-8603298972.28314,-8937167193.20539,-7566472427.12068,-9634804784.26093,-9569380037.10955,-7879556656.00248,-7286351043.3329,0
India,Kyrgyz Republic,KGZ,BN.GSR.GNFS.CD,0,0,0,0,0,0,0,0,0,0,0,0,0,0,0,0,0,0,0,0,0,0,0,0,0,0,0,0,0,0,0,0,0,-149128000,-124588000,-277981000,-469238000,-141433000,-333505457.676387,-178190622.864451,-81431570.3227834,-10874448.1416813,-78193781.96978,-134184764.262288,-183454392.47873,-449548169.479397,-967418638.09730506,-1195504624.43461,-1982519089.12262,-1227974555.58166,-1534283797.18631,-1656613019.86043,-2917630516.89051,-2824203575.16016,-3169531477.13418,-2422081515.14236,-2339826753.14385,-2502182816.81419,-3126812246.84984,-2562487005.2788,-1615431956.90655,-2636032232.41209,-7027242104.26164,0,0,0
India,Cambodia,KHM,BN.GSR.GNFS.CD,0,0,0,0,0,0,0,0,0,0,0,0,0,0,0,0,0,0,0,0,0,0,0,0,0,0,0,0,0,0,0,0,-192800000,-243998000,-339600000,-405500000,-480200000,-355600000,-406960201.620193,-459298865.334548,-437693298.434776,-345516600.775898,-362074311.792298,-467199795.046385,-390066228.005889,-533988077.71410203,-558177789.383339,-652116570.226236,-956406008.966637,-859163588.45271,-1674511916.47717,-1764889739.1141,-1927523603.86087,-1932612476.26817,-2126397118.17364,-2236506647.05702,-2244081820.13337,-2414809586.58477,-3448790454.64354,-4443118496.52217,-2267979722.06165,-12637667294.723,-9261970319.21556,-1668160812.23953,-2610776132.74346,0
India,Kiribati,KIR,BN.GSR.GNFS.CD,0,0,0,0,0,0,0,0,0,0,0,0,0,0,0,0,0,0,0,4061964.90274763,-22084970.3048677,-26963464.5021522,-25554264.9278839,-18089845.6462974,-11548730.7222372,-17294564.2024361,-18536416.351642,-24050889.9438446,-25701840.6266074,-27284588.7621612,-35244342.5609587,-27567547.5671322,-37271003.648764,-29703650.310086,-20796185.4650671,0,0,0,0,0,0,0,0,0,0,0,-82729603.8857814,-90093150.1476165,-98821582.439446,-97231145.0692002,-103518494.461425,-131487736.273245,-146136824.00341,-151874727.242513,-159903554.35598,-156193181.730479,-161482389.696167,-165762053.960004,-151369620.262046,-144633338.514284,-127542338.760614,-191229247.994314,-251424746.809928,-276525125.91456,-319296500.774961,0
India,St. Kitts and Nevis,KNA,BN.GSR.GNFS.CD,0,0,0,0,0,0,0,0,0,0,0,0,0,0,0,0,0,0,0,0,-14418518.5185185,-16351851.8518519,-20422222.2222222,-26140740.7407407,-15937037.037037,-13844444.4444444,-14677777.7777778,-22222222.2222222,-31703703.7037037,-40196296.2962963,-49981481.4814815,-35007407.4074074,-12329629.6296296,-25366666.6666667,-22181481.4814815,-53681481.4814815,-65659259.2592592,-55918518.5185186,-48033333.3333333,-59237037.037037,-67054212.6178402,-56317052.3412745,-54584285.7530442,-29566539.7624767,27167738.1227792,31364513.4600782,3867385.3001916,-32159543.5581858,-56924774.9399616,-98693373.0396489,-56137743.8956716,-22136930.8838519,14701133.6495752,38759567.0805629,77154125.9259259,3412908.1481481,-52313772.962963,-37050120,11971275.925926,-36457072.5925926,-76302082.5925926,-6178408.1481482,-63872830.3703703,-89600127.7777777,-138542833.703704,0
India,"Korea, Rep.",KOR,BN.GSR.GNFS.CD,0,0,0,0,0,0,0,0,0,0,0,0,0,0,0,0,-254000000,282000000,-916000000,-3506000000,-5277100000,-4164300000,-3179100000,-1510900000,629200000,76200000,4437900000,9745300000,12575300000,3724100000,-3188400000,-8166700000,-3272400000,1663700000,-4433100000,-8398700000,-21978300000,-7989200000,42495100000,26488500000,14546800000,7140200000,8587300000,17292900000,34122600000,23508300000,11474300000,19396600000,5435400000,38717900000,33959500000,15957800000,43531800000,73930200000,82854900000,105649200000,99123300000,76858800000,80717400000,52966800000,65934700000,70444200000,8366900000,10833600000,76425300000,0
India,Kuwait,KWT,BN.GSR.GNFS.CD,0,0,0,0,0,0,0,0,0,0,0,0,0,0,0,5847623905.77473,5957848753.60692,4044443527.99859,4755451471.60118,12161405522.7884,12034891239.9948,7773005781.41249,458475016.440753,1832050599.2431,2789956947.83994,1705717228.7985,-856863627.015655,236845009.164287,-1336777416.70452,2212544389.17181,1098958243.05351,-8090939999.99999,-3785519082.19919,-22528596.408807,1568977012.74039,1600615339.48443,3416735943.05681,3164673436.11193,-1876913582.30483,1905295846.45505,9928881106.01983,5499187539.7399,3059415591.40769,8442962174.25909,12874109263.658,26309246575.3425,38018965888.7457,39388987316.627,60186155950.0603,33617908084.9689,40785388310.1042,71341369915.8159,83140620592.6115,75344353477.9065,59888079430.48,10251823889.8115,-764648397.85644,2727186902.31876,16994114744.044,13179758591.1804,3401190923.62184,28167224974.5725,55013741535.6003,32045303686.4846,28188883807.8465,0
India,Latin America & Caribbean (excluding high income),LAC,BN.GSR.GNFS.CD,0,0,0,0,0,0,0,0,0,0,0,0,0,0,0,0,0,0,0,0,0,0,0,0,0,0,0,0,0,0,0,0,0,0,0,0,0,0,0,0,0,0,0,0,0,0,0,0,0,0,0,0,0,0,0,0,0,0,0,0,0,0,0,0,0,0
India,Lao PDR,LAO,BN.GSR.GNFS.CD,0,0,0,0,0,0,0,0,0,0,0,0,0,0,0,0,0,0,0,0,0,0,0,0,-160500000,-161200000,-140100000,-163700000,-100500000,-133800000,-109500000,-111100000,-110100000,-140200000,-278800000,-340700000,-342500000,-287700000,-115200000,-111300000,-72370000,-54781547.6404351,1114497.24086162,-27618794.4223728,-201992257.091491,-163625276.127337,7830650.50192347,92364486.3042762,-17544486.4734168,-146773678.282627,-66147825.3407206,-349954012.215621,-947984437.710273,-1061035240.42977,-2085058723.52544,-2256435633.5029,-1315153029.36057,-1129953098.02734,-1170848452.23378,-532984843.002456,645616024.454668,1292759325.82958,621832575.520967,1101267611.17868,0,0
India,Lebanon,LBN,BN.GSR.GNFS.CD,0,0,0,0,0,0,0,0,0,0,0,0,0,0,0,0,0,0,0,0,0,0,0,0,0,0,0,0,0,0,0,0,0,0,0,0,0,0,0,0,0,0,-3750637038.39986,-2029255852.32613,-5303811527.64921,-3624286958.87424,-3268959080.97316,-5113518255.85431,-6900257996.04925,-8340024499.3839,-9492875256.63481,-7627030601.1031,-11906832865.14,-13342449921.08,-14397923871.79,-11426359325.52,-12107086798.8,-13130161154.6992,-13620787416.305,-12938275542.2226,-6432412326.92661,-7983310844.9934,-12091395112.3418,-11542638381.8417,0,0
India,Liberia,LBR,BN.GSR.GNFS.CD,0,0,0,0,0,0,0,0,0,0,0,0,0,0,0,0,0,0,0,585718.023398312,1352319.55402257,1251110.92497948,600791.649000473,-521116.770817616,1414767.43069196,2605583.85148249,2702485.73025663,893650.659805976,0,0,0,0,0,0,0,0,0,0,0,0,0,0,0,0,-741498032.967272,-816363861.280419,-1224602723.23438,-1204938606.29377,-1381364966.30785,-1250093005.49901,-542982118.276661,-1022636892.84458,-1525627322.62742,-1175575181.52593,-1799126585.07449,-1364407090.27854,-1057421109.4909,-802605177.286216,-718141890.174837,-689782526.894746,-639226709.75038,-698395251.761802,-741456441.740813,0,0,0
India,Libya,LBY,BN.GSR.GNFS.CD,0,0,0,0,0,0,0,0,0,0,0,0,0,0,0,0,0,4311419330.82955,2841064555.90781,5523034901.15909,9412913189.42078,-2426602789.63599,623537003.926722,1215660713.0956,531999338.675134,2887320851.33406,414716996.748862,-878703131.569086,-1617056187.68234,-598461311.375918,2508323501.45322,66612446.438748,1541093344.05543,-1005683148.65632,263227232.971913,1758242034.5012,1338599608.39924,1528643518.39234,-299417565.999846,2044152624.70471,7186000000,4959000000,1300000000,4523000000,7180000000,15860000000,22179000000,26712000000,36155300000,10375000000,18658700000,3513800000,28592400000,3676800000,-18495600000,-9742900000,-4700400000,3857000000,11115300000,3958100000,-4797200000,6973400000,11959200000,4468600000,0,0
India,St. Lucia,LCA,BN.GSR.GNFS.CD,0,0,0,0,0,0,0,0,0,0,0,0,0,0,0,0,-18499460.579359,-21900000,-33600000,-39700000,-48199999.9999999,-60700000,-48800000.0000001,-25400000,-34200000,-30100000,-13077777.7777778,-23077777.7777778,-14681481.4814814,-59737037.0370371,-38437037.037037,-55870370.3703704,-36285185.1851852,-25951851.8518518,-32177777.7777778,-16151851.851852,-36722222.2222222,-55622222.2222223,-37362962.962963,-87577777.7777777,-112369779.294007,-109758195.033092,-110322654.643084,-143730175.969485,-78953610.200812,-88582986.3510992,-303448772.88357,-156445656.544488,-255191554.719733,-45138480.1193818,-109401310.687014,-148963372.185431,-67035159.8253477,-4416431.9106849,63058585.1123645,138248506.278213,-6117846.5401692,78356413.6233852,127777764.217904,191482393.703704,-263399108.518519,-182121763.703704,90090876.2962968,127159246.296296,154233444.074074,0
India,Latin America & Caribbean,LCN,BN.GSR.GNFS.CD,0,0,0,0,0,0,0,0,0,0,0,0,0,0,0,0,0,0,0,0,0,0,0,0,0,0,0,0,0,0,0,0,0,0,0,0,0,0,0,0,0,0,0,0,0,0,0,0,0,0,0,0,0,0,0,0,0,0,0,0,0,0,0,0,0,0
India,Least developed countries: UN classification,LDC,BN.GSR.GNFS.CD,0,0,0,0,0,0,0,0,0,0,0,0,0,0,0,0,0,0,0,0,0,0,0,0,0,0,0,0,0,0,0,0,0,0,0,0,0,0,0,0,0,0,0,0,0,0,0,0,0,0,0,0,0,0,0,0,0,0,0,0,0,0,0,0,0,0
India,Low income,LIC,BN.GSR.GNFS.CD,0,0,0,0,0,0,0,0,0,0,0,0,0,0,0,0,0,0,0,0,0,0,0,0,0,0,0,0,0,0,0,0,0,0,0,0,0,0,0,0,0,0,0,0,0,0,0,0,0,0,0,0,0,0,0,0,0,0,0,0,0,0,0,0,0,0
India,Liechtenstein,LIE,BN.GSR.GNFS.CD,0,0,0,0,0,0,0,0,0,0,0,0,0,0,0,0,0,0,0,0,0,0,0,0,0,0,0,0,0,0,0,0,0,0,0,0,0,0,0,0,0,0,0,0,0,0,0,0,0,0,0,0,0,0,0,0,0,0,0,0,0,0,0,0,0,0
India,Sri Lanka,LKA,BN.GSR.GNFS.CD,0,0,0,0,0,0,0,0,0,0,0,0,0,0,0,-171681373.8559,-50879695.6785,86308173.3728999,-130072244.6591,-403068736.7304,-903830667.2428,-711812306.3826,-880462228.8387,-773726419.7325,-344442208.2904,-734401855.8813,-750171751.8296,-677220149.5346,-748400069.3584,-770314416.1237,-672036980.3035,-1020584082.667,-916867186.3656,-982090623.2259,-1383429808.0017,-1364588928.5271,-1238558366.8694,-1066913536.9816,-950476666.377601,-1218639916.6956,-1726747410.74,-954050000,-1111890000,-1139960000,-1823850000,-2178712930,-3113711000,-3353700000,-5579000000,-2731500000,-4118500000,-8611150000,-8155171568.40896,-6428657223.05667,-6406606457.70637,-6063314670.16749,-5993868514.63866,-6317047992.80595,-6576794257.39769,-5147667481.61963,-5188536224.2702,-6552496707.23294,-3074954688.44853,-1495959130.65672,0,0
India,Lower middle income,LMC,BN.GSR.GNFS.CD,0,0,0,0,0,0,0,0,0,0,0,0,0,0,0,0,0,0,0,0,0,0,0,0,0,0,0,0,0,0,0,0,0,0,0,0,0,0,0,0,0,0,0,0,0,0,0,0,0,0,0,0,0,0,0,0,0,0,0,0,0,0,0,0,0,0
India,Low & middle income,LMY,BN.GSR.GNFS.CD,0,0,0,0,0,0,0,0,0,0,0,0,0,0,0,0,0,0,0,0,0,0,0,0,0,0,0,0,0,0,0,0,0,0,0,0,0,0,0,0,0,0,0,0,0,0,0,0,0,0,0,0,0,0,0,0,0,0,0,0,0,0,0,0,0,0
India,Lesotho,LSO,BN.GSR.GNFS.CD,0,0,0,0,0,0,0,0,0,0,0,0,0,0,0,-144961292.470885,-180434999.8431,-206309999.8206,-223214999.8059,-294291387.702139,-384420943.354542,-424235338.680636,-799963788.201815,-883836587.027686,-788812986.559899,-586879528.673141,-619262958.715232,-853943397.468434,-922647894.846113,-961263164.815667,-1091703366.09348,-1242789922.45174,-1359406133.62537,-1266496961.95688,-1252672482.51415,-1399418762.8757901,-1292882581.76836,-1254916409.51983,-983582227.776525,-876283847.142205,-773329767.141034,-595468801.646939,-505428189.741851,-764157393.938501,-900710792.961812,-985652498.680277,-978651680.978581,-1008497706.24776,-1002374439.46749,-1271688952.21049,-1491813946.79632,-1422445705.10292,-1692009157.3086,-1380548270.49749,-1262676564.23367,-1045635031.22647,-1052678219.5851,-1208782069.95277,-1167403816.11021,-1145057935.10102,-1088419440.04892,-1140926103.1082,-1176882174.66003,-1191087968.05889,-1099698564.69143,0
India,Late-demographic dividend,LTE,BN.GSR.GNFS.CD,0,0,0,0,0,0,0,0,0,0,0,0,0,0,0,0,0,0,0,0,0,0,0,0,0,0,0,0,0,0,0,0,0,0,0,0,0,0,0,0,0,0,0,0,0,0,0,0,0,0,0,0,0,0,0,0,0,0,0,0,0,0,0,0,0,0
India,Lithuania,LTU,BN.GSR.GNFS.CD,0,0,0,0,0,0,0,0,0,0,0,0,0,0,0,0,0,0,0,0,0,0,0,0,0,0,0,0,0,0,0,0,0,-209804274.601984,-259391613.398108,-710845000,-775360000,-1013010000,-1277812500,-1099182500,-723685000,-651350000,-766120811.308571,-1089789247.60832,-1598121430.99819,-1868987718.20348,-3115787811.15728,-5220795621.51119,-5654887514.59838,-650343011.536893,-747170031.548332,-1165213981.29822,252898478.553641,669878259.486972,924100058.982096,-414399785.652911,306454310.766927,1122347166.83575,990008416.881667,2893165052.33979,5227050937.84286,3002108490.63778,-1467958906.1204,3120764717.88409,4404370171.87185,0
India,Luxembourg,LUX,BN.GSR.GNFS.CD,0,0,0,0,0,0,0,0,0,0,0,0,0,0,0,0,0,0,0,0,0,0,0,0,0,0,0,0,0,0,0,0,0,0,0,0,0,0,0,2707728858.73997,4300157936.63012,3839304674.94342,6396647837.18102,7733253423.25683,8995309608.54017,10106312065.8446,14231810557.3008,17047832259.0175,18120548851.8925,18274145605.527,19192833467.6215,21113444604.7632,22463816774.2645,25960453249.3214,28145998212.6824,25548168754.6856,27234134470.6309,25399280110.7678,25873948883.5798,25100376793.0701,27801061612.42,33954499073.5419,29689259081.5976,32217308444.8831,34490567835.9578,0
India,Latvia,LVA,BN.GSR.GNFS.CD,0,0,0,0,0,0,0,0,0,0,0,0,0,0,0,0,0,0,0,0,0,0,0,0,0,0,0,0,0,0,0,0,93807284,331695000,59849000,-105545000,-414448000,-477332000,-827403000,-691300000,-435668393.162799,-641750345.076581,-769682764.40150106,-1304378201.18981,-2116991636.50793,-2437937341.59297,-4448701322.29235,-5712673161.3934,-4265771521.22894,-288813246.923251,-470556347.619047,-1660157661.64095,-1559361830.79714,-1366226218.96361,-881928104.03778,-315230306.834458,142293731.254776,-127606948.777044,-156116779.871778,-70970907.332253,487130155.261102,-1218651820.6349,-1841317409.80791,-1581098659.59594,-699670294.191951,0
India,"Macao SAR, China",MAC,BN.GSR.GNFS.CD,0,0,0,0,0,0,0,0,0,0,0,0,0,0,0,0,0,0,0,0,0,0,0,0,0,0,0,0,0,0,0,0,0,0,0,0,0,0,0,0,0,0,2517060254.16958,2880750414.6615,4325196312.76566,3939937615.24287,4210051772.21794,4996212153.58356,6893080923.88626,9383147903.40092,15506387499.9443,21293068830.6609,24977405438.4769,30864735567.9244,28904863218.7461,17350450010.7472,18523407221.942,23248399457.5754,27305253729.9356,27931990400.4409,363779893.041877,4393443566.42893,174099687.659763,18634201220.2572,0,0
India,St. Martin (French part),MAF,BN.GSR.GNFS.CD,0,0,0,0,0,0,0,0,0,0,0,0,0,0,0,0,0,0,0,0,0,0,0,0,0,0,0,0,0,0,0,0,0,0,0,0,0,0,0,0,0,0,0,0,0,0,0,0,0,0,0,0,0,0,0,0,0,0,0,0,0,0,0,0,0,0
India,Morocco,MAR,BN.GSR.GNFS.CD,0,0,0,0,0,0,0,0,0,0,0,0,0,0,0,-963112162.829154,-1782630217.20746,-2235671070.98755,-1798558201.87345,-2044043539.25003,-1974523574.39855,-2228024145.09251,-2230109550.84928,-1257290602.91038,-1351790654.51716,-1199205664.16558,-1076178019.36627,-828186823.539263,-102324844.837772,-1251153075.39788,-1543978703.46311,-1572953695.78076,-1909140154.89803,-1608287745.31519,-1822070986.65991,-2198534134.93753,-1232693099.97628,-1117023286.5382,-1455059864.39051,-1335316226.02495,-2093220551.79848,-1111415357.4612,-1114913759.85845,-1728414693.05363,-3227630251.10061,-3951168994.58638,-4440744115.62965,-7420593636.5374,-12774727823.0575,-10926909415.6859,-9953278186.70668,-14062623475.6277,-14674780975.466,-14810418460.9486,-13690326430.4099,-7927842023.52505,-10739249607.2905,-10551433764.5562,-12131482383.3643,-10049378708.9168,-8812910271.88886,-13124927044.3011,-15234615256.3966,-12191055206.4029,-13273497505.6441,0
India,Monaco,MCO,BN.GSR.GNFS.CD,0,0,0,0,0,0,0,0,0,0,0,0,0,0,0,0,0,0,0,0,0,0,0,0,0,0,0,0,0,0,0,0,0,0,0,0,0,0,0,0,0,0,0,0,0,0,0,0,0,0,0,0,0,0,0,0,0,0,0,0,0,0,0,0,0,0
India,Moldova,MDA,BN.GSR.GNFS.CD,0,0,0,0,0,0,0,0,0,0,0,0,0,0,0,0,0,0,0,0,0,0,0,0,0,0,0,0,0,0,0,0,0,0,-100040000,-122020000,-320020000,-376410000,-434630000,-179360000,-330530000,-352940000,-418140000,-667300000,-775140000,-1212240000,-1603240000,-2319790000,-3219160000,-1998580000,-2255498750.35667,-2825503937.83667,-2959960000,-2986360000,-2913560000,-1991460000,-1858100000,-2254560000,-2938010000,-2946160000,-2696150000,-3717710000,-4284320000,-3974190000,-4701120000,0
India,Madagascar,MDG,BN.GSR.GNFS.CD,0,0,0,0,0,0,0,0,0,0,0,0,0,0,-65391586.1302535,-98314568.5204649,-63486195.6628568,-62683484.0308762,-133212204.491106,-441282588.742855,-559166504.088218,-341404547.752945,-275064751.262562,-195354077.814066,-124964774.535349,-153076896.951217,-138214337.199316,-119218490.853088,-165850966.048535,-95887741.1810564,-338246579.987686,-195531121.959725,-230197249.593162,-294631181.965558,-218482760.419397,-237896771.052666,-199830019.562935,-291886333.468814,-299147369.900934,-288555844.217847,-331675856.242419,-187176039.131145,-514975119.353513,-554939573.599998,-649266259.800001,-825540136.864562,-699600735.165125,-1148264719.95286,-2093613078.0813,-1943005638.6842,-1256939994.21206,-1147933209.13189,-1073173357.26468,-1009674021.90093,-456652748.469326,-356772598.174224,-175422309.680643,-344018352.124095,-413526829.367095,-603012986.87044,-1128980140.43678,-1407090214.03526,-1351885540.02755,0,0,0
India,Maldives,MDV,BN.GSR.GNFS.CD,0,0,0,0,0,0,0,0,0,0,0,0,0,0,0,0,0,-900000,-3400000,-4900000,-21900000,-19100000,-17100000,-19800000,-10700000,6100000,10347965.3320654,16321085.3966171,12214179.7256335,9919074.5951686,19873000,329673.073431,2061370.754701,-21591676,14956279.8781229,5354152.365927,15509758.055156,647985.4112473,16565685.7329953,-27767024.7343039,5501077.666576,8194762.031571,39477199.070917,49360518.824951,-33598121.037282,-384035397.053719,-269390064.689639,168193991.826188,-107214252.286509,232165795.76164,314232523.777393,146924690.07404,339502569.879086,508336313.143015,545048446.109549,375920282.87938,-50674148.133532,-179960563.237689,-517528628.784776,-336988109.327365,-661897582.476007,502385079.859617,156705428.806191,-104055382.755435,68023385.575855,0
India,"Middle East, North Africa, Afghanistan & Pakistan",MEA,BN.GSR.GNFS.CD,0,0,0,0,0,0,0,0,0,0,0,0,0,0,0,0,0,0,0,0,0,0,0,0,0,0,0,0,0,0,0,0,0,0,0,0,0,0,0,0,0,0,0,0,0,0,0,0,0,0,0,0,0,0,0,0,0,0,0,0,0,0,0,0,0,0
India,Mexico,MEX,BN.GSR.GNFS.CD,0,0,0,0,0,0,0,0,0,0,0,0,0,0,0,0,0,0,0,-1851000000,-4979000000,-7383000000,5117000000,13715000000,12790000000,7683000000,4416000000,8913000000,2414000000,-267000000,-3110000000,-9369000000,-18618000000,-16010000000,-21185140000,7152710000,6435885000,-807196000,-9180703000,-8350321000,-11941767041,-14109446485,-12194289609,-10770586021,-14968141812,-14565785413,-13991006944,-18695821515,-26869546767,-14820317718,-13623591137,-15980581914,-14581102602,-15907547928,-16563464776,-25807764000,-23667255468,-22668791420,-27610814495,-4265651015,21711673476,-23128199854,-43787418381,-31950750370,-27626821962,0
India,Marshall Islands,MHL,BN.GSR.GNFS.CD,0,0,0,0,0,0,0,0,0,0,0,0,0,0,0,0,0,0,0,0,0,0,0,0,0,0,0,0,0,0,0,0,0,0,0,0,0,0,0,0,0,0,0,0,0,-101535553.803533,-101522072.156632,-112966755.32216,-109409778.156412,-127001064.718136,-109599716.733761,-99845558.2829229,-69463864.9847535,-89919355.8707876,-92772881.857085,-111262525.778845,-123815949.981462,-82892728.2954088,-45818482.8955853,-38288145.9663188,-44802779.3120239,-76008272.7711216,0,0,0,0
India,Middle income,MIC,BN.GSR.GNFS.CD,0,0,0,0,0,0,0,0,0,0,0,0,0,0,0,0,0,0,0,0,0,0,0,0,0,0,0,0,0,0,0,0,0,0,0,0,0,0,0,0,0,0,0,0,0,0,0,0,0,0,0,0,0,0,0,0,0,0,0,0,0,0,0,0,0,0
India,North Macedonia,MKD,BN.GSR.GNFS.CD,0,0,0,0,0,0,0,0,0,0,0,0,0,0,0,0,0,0,0,0,0,0,0,0,0,0,0,0,0,0,0,0,0,0,0,0,-471490000,-532200000,-575445204.130813,-457074064.240888,-642125700.122044,-545893559.089251,-827691031.741355,-855217292.772752,-1189733166.89945,-1093903653.03408,-1226509435.67586,-1588287899.21199,-2562426417.59672,-2136525990.36351,-1856959107.68669,-2140371835.76031,-2190294310.87424,-1976433126.46824,-1963060752.57045,-1631227767.70795,-1630959009.0477,-1588372813.00263,-1612255272.9123,-1805080888.77707,-1582531345.17781,-2153845040.75784,-2886224819.33716,-2057510642.54442,-2198664601.60719,0
India,Mali,MLI,BN.GSR.GNFS.CD,0,0,0,0,0,0,0,0,0,0,0,0,0,0,0,-143925073.80979,-77798541.731507,-58083760.1977851,-218695849.284989,-242805569.593536,-257478769.742876,-237550711.903859,-205108696.034886,-199046865.449583,-197960133.744626,-358809902.839639,-371925510.590473,-324087023.627715,-383148170.072506,-287766807.78326,-409784904.020306,-409809176.55706,-513011735.21410203,-406409632.950786,-362298809.022935,-461926729.676971,-410153461.470658,-253103909.503331,-271956127.46087,-296618854.743181,-283457813.078195,-279991324.231463,-55205809.1690432,-319187483.244582,-407835177.49595,-458503870.446239,-286433116.733172,-690611603.905051,-1210560425.65719,-686635160.036214,-1309776708.17854,-1051695374.69504,-607589871.353241,-1978034650.80646,-2230547545.04226,-2038081152.84526,-2367638112.66079,-2200115181.48503,-1894817500.56535,-2116578374.70659,-1143576815.35233,-2215235072.30086,-2086550442.58033,-1935827989.57385,0,0
India,Malta,MLT,BN.GSR.GNFS.CD,0,0,0,0,0,0,0,0,0,0,0,-50600882.2912017,-28565688.053687,-17082583.9453066,-64853927.5059011,-24169446.0713895,-28931929.6670248,-55646436.0959403,-21018034.0466671,-51329260.6112905,-108850890.036045,-109904082.035607,-203813002.065579,-178055610.030594,-172004605.867613,-181389945.817974,-162344065.15915,-173376106.51487,-201295626.504932,-225255923.728631,-333323893.136978,-297244328.948081,-217807832.603448,-260192977.744605,-294524452.084684,-472262388.570914,-479529666.871853,-292151093.931448,-209896166.063833,-206854525.822143,-415727364.544393,-183711521.695356,108599805.505143,-82590862.3363244,-159454247.43054,-257567940.748681,-274909082.797619,124439723.288594,78712937.393764,-104952698.438069,-62835996.022236,253621244.902439,445305459.533272,640894838.58209,1349786401.84795,1038114346.05328,1295971583.69454,3027968111.58805,2873060809.3889,3715013156.94505,3999727297.97558,3809895991.00506,2160147679.81738,4009273676.8975,4739928987.85651,0
India,Myanmar,MMR,BN.GSR.GNFS.CD,0,0,0,0,0,0,0,0,0,0,0,0,0,0,0,0,-35934455.9280098,-97824204.4926299,-227162076.622324,-391614729.022861,-384383726.791395,-351422805.251905,-519227721.130844,-367580184.886276,-211541452.735981,-217104732.17662,-280576531.497687,-210833201.298222,-192031434.329887,-69212917.2483701,-280566188.423716,-51646728.6998404,-34943606.2752036,-513611362.970528,-467579089.278414,-705885851.098594,-805398512.678258,-1053750224.56342,-1124706491.09941,-659656823.881805,-350820664.102185,123380132.039568,510159464.978081,620866059.51058,715449106.341946,1767650338.76312,1908575763.37734,2430566104.37744,2679390435.01003,2320068010.84616,3057456205.86186,-123704013.791304,363652290.566295,444485705.263469,-954412173.646167,-2458409703.81709,-2306518795.81366,-4829984760.65528,-2936193292.93754,167245038.941888,0,0,0,0,0,0
India,"Middle East, North Africa, Afghanistan & Pakistan (excluding high income)",MNA,BN.GSR.GNFS.CD,0,0,0,0,0,0,0,0,0,0,0,0,0,0,0,0,0,0,0,0,0,0,0,0,0,0,0,0,0,0,0,0,0,0,0,0,0,0,0,0,0,0,0,0,0,0,0,0,0,0,0,0,0,0,0,0,0,0,0,0,0,0,0,0,0,0
India,Montenegro,MNE,BN.GSR.GNFS.CD,0,0,0,0,0,0,0,0,0,0,0,0,0,0,0,0,0,0,0,0,0,0,0,0,0,0,0,0,0,0,0,0,0,0,0,0,0,0,0,0,0,0,0,0,0,0,0,-1588601286.68413,-2431833171.02999,-1278506162.944,-1064300255.19853,-977371673.980965,-1005754872.22686,-900221249.521639,-909752754.135427,-746505641.987746,-978848488.295423,-1120803358.5532,-1319279618.29664,-1175546381.6963,-1669085977.64379,-1135117796.0757,-1436403580.10341,-1397932694.01846,-1847312243.23459,0
India,Mongolia,MNG,BN.GSR.GNFS.CD,0,0,0,0,0,0,0,0,0,0,0,0,0,0,0,0,0,0,0,0,0,-796500000,-825000000,-792900000,-700600000,-768400000,-1058700000,-979000000,-998800000,-1145420000,-582840000,-131150000,-56540000,-12250000,-12160000,-12800000,-93400000,28080000,-131700000,-127073387,-157716914.22136,-192100875.933545,-238185462.568913,-248748022.696718,-195393857.119738,-85895239.489534,203385615.528975,57014926.7279956,-738677897.076524,-332006178.476588,-474918588.302732,-3517358044.65908,-4455747639.7511,-3917924200.41533,-1111497489.16149,-152864021.012946,-497135.735171,277604026.623513,-763750656.838668,-833604448.611713,305323153.496862,-305729911.391503,-1122520105.82839,1956376931.01332,-235739517.211251,0
India,Northern Mariana Islands,MNP,BN.GSR.GNFS.CD,0,0,0,0,0,0,0,0,0,0,0,0,0,0,0,0,0,0,0,0,0,0,0,0,0,0,0,0,0,0,0,0,0,0,0,0,0,0,0,0,0,0,0,0,0,0,0,0,0,0,0,0,0,0,0,0,0,0,0,0,0,0,0,0,0,0
India,Mozambique,MOZ,BN.GSR.GNFS.CD,0,0,0,0,0,0,0,0,0,0,0,0,0,0,0,0,0,0,0,0,0,0,0,0,0,0,0,0,0,0,0,0,0,0,0,0,0,0,0,0,0,0,0,0,0,-803674430.271872,-621697303.039305,-796812167.797911,-1400195939.05849,-1707440159.00836,-2148025288.10234,-4133946674.83786,-7753202106.3387,-7615689356.07254,-6967541379.73281,-6449682664.82562,-4079473034.42208,-2637413217.30467,-4597966667.89675,-4069363574.37714,-4210075400.25459,-4007644582.03097,-6522748188.50088,-1775216244.67762,-1129454668.28823,0
India,Mauritania,MRT,BN.GSR.GNFS.CD,0,0,0,0,0,0,0,0,0,0,0,0,0,0,0,-92311083.0159975,-151591712.989724,-183955616.083108,-189894394.800975,-176564798.169636,-196257865.691105,-195524113.536364,-296836920.303269,-209791102.871222,-158079515.178084,-137069468.768984,-169855462.185254,-136765402.576308,-93036439.9366647,-63864372.4940097,-49088811.4230421,-83091473.0258809,-213417138.983129,-160944214.890286,-107683592.959741,-5263225.4915811,-65784072.0002913,-57891386.4254984,-78588324.7631218,0,0,0,0,0,0,0,0,0,0,0,0,0,-1359370920.90608,-1206024814.92775,-1333855477.38899,-954011172.989699,-834838283.113469,-944032323.141255,-1222143150.91208,-1158208368.35699,-890731370.108058,-1131838870.62952,-1637405929.71184,-1315988116.87275,-1315020525.71848,0
India,Mauritius,MUS,BN.GSR.GNFS.CD,0,0,0,0,0,0,0,0,0,0,0,0,0,0,0,0,-48192590.7705491,-88386975.5467828,-124771326.95276,-142356464.51998,-116341237.279473,-119061717.581218,-30351665.4338354,-3929541.6106244,-34854230.5754036,-21045837.8350313,97353714.1630102,38669950.4201538,-105895901.277931,-160002448.124889,-193830959.130216,-105224096.339358,-104541426.494645,-197075876.762414,-310628402.166993,-104162372.900528,-37887089.0458019,-198648842.778282,-65103271.2101422,-211269772.626582,-84514284.3713062,194148569.18108,144726217.41426,70796093.3230717,-147156887.115387,-376492710.10505,-725533821.094567,-781959446.327884,-1378116042.71647,-933687898.79195,-1179044054.8196101,-1561477609.39418,-1491097860.33351,-1704239940.14731,-1479574524.93287,-1170543453.57922,-1258145034.00392,-1777877796.20383,-1172213230.268,-1240869808.50823,-1215707337.57347,-1843204712.37107,-1914338318.39177,-1646171442.65235,-2063200052.48413,0
India,Malawi,MWI,BN.GSR.GNFS.CD,0,0,0,0,0,0,0,0,0,0,0,0,0,0,0,0,0,-87271623.8887667,-173156564.771872,-193541772.849829,-173994279.213402,-74835327.4588244,-69445162.7381301,-69035181.6081668,35163933.2787941,-48513851.2786061,-16119730.1937036,-15257550.3934931,-118962987.882785,-136762708.78826,-105647673.741807,-258265890.798832,-325370632.113536,-252885772.506527,-281730986.601468,-190558618.66286,-227013264.990615,-338797233.670889,-91063089.5602763,-262050154.561476,-191673094.008363,-172065994.403981,-323271092.624839,-292706814.211077,-483666941.098406,-700643180.765819,-534393154.969675,-660716264.463445,-982429884.072515,-890050440.667186,-1419882532.7219,-1278001468.35407,-1172649823.96267,-1562266577.48039,-1372051914.77458,-1242563524.54775,-1225123659.76949,-1736993035.8543,-1839953679.44211,-1818969799.21706,-2064997954.27212,-2180598872.20535,-2347203418.31062,-2469036002.33997,0,0
India,Malaysia,MYS,BN.GSR.GNFS.CD,0,0,0,0,0,0,0,0,0,0,0,0,0,0,-85581343.8476374,-163339762.033833,1046988580.25928,982414323.517085,889016821.436689,1841949942.18022,571918568.8366,-1655292139.69702,-2421435377.51392,-1674959612.87918,609308163.707337,1581125299.95133,1620799746.91145,4461354572.71316,3600145105.55156,2355988568.29949,899856740.14511,-1798865482.04892,803569676.072839,-67596572.776058,-1154993731.55826,-3482664705.67682,1411002039.99097,940213221.63735,15895015129.7977,19828236842.1053,18019763157.8947,16181578947.3684,16565236842.1053,21756552631.5789,25414723684.2106,30775516791.1238,35471715593.5766,38520460699.6926,51312688997.9361,41550972362.834,40434591219.3347,46436559963.5622,33875653963.4719,27540337316.9555,31341554660.1241,22711691906.1136,19990335308.9183,21988277861.2463,24054470762.8388,27500981134.2942,21603446738.6741,26980425521.7432,29122040538.7734,20435053640.9863,22698293285.212,0
India,North America,NAC,BN.GSR.GNFS.CD,0,0,0,0,0,0,0,0,0,0,0,0,0,0,0,0,0,0,0,0,0,0,0,0,0,0,0,0,0,0,0,0,0,0,0,0,0,0,0,0,0,0,0,0,0,0,0,0,0,0,0,0,0,0,0,0,0,0,0,0,0,0,0,0,0,0
India,Namibia,NAM,BN.GSR.GNFS.CD,0,0,0,0,0,0,0,0,0,0,0,0,0,0,0,0,0,0,0,0,0,0,0,0,0,0,0,0,0,0,-364237781.360062,-366817983.460779,-418441119.244089,-299044454.734143,-295144894.645758,-365941244.828836,-370730531.113332,-425220551.241565,-302444655.44689,-362828414.199913,-146740694.377721,-193985796.375888,-177044523.14104,-325859398.239093,-227659979.058086,-214544996.273875,199127116.151426,-92995406.8325934,-990186470.012983,-1373339651.55339,-1323975906.00793,-1551987267.14404,-2174125630.73279,-2492979685.7486,-2816139510.53256,-2943119870.30343,-2565430209.39521,-1686277602.21238,-1397163463.70462,-1225374004.36717,-1002539145.51916,-2113569979.7083,-2069016347.98314,-2719910165.90963,-3279279371.18583,0
India,New Caledonia,NCL,BN.GSR.GNFS.CD,0,0,0,0,0,0,0,0,0,0,0,0,0,0,0,0,0,0,0,0,0,0,0,0,0,0,0,0,0,0,0,0,0,0,0,0,0,0,0,0,0,0,-677244822.36104,-734602834.630329,-576147640.211876,-1012020219.54228,-1264421211.70026,-1263056938.41881,-2562585316.32721,-1932849108.01458,-2392716752.31022,-2484554397.35648,-2560331110.38201,-2536640989.20424,-2122648995.38614,-1962515001.78915,-1501031088.28103,0,0,0,0,0,0,0,0,0
India,Niger,NER,BN.GSR.GNFS.CD,0,0,0,0,0,0,0,0,0,0,0,0,0,0,-122581752.525033,-72543463.2037865,-107030538.180919,-147969091.41346,-254799498.406059,-248747607.153386,-339696852.632646,-261438266.837523,-305143311.109942,-109752630.899115,-59486448.0511453,-175111252.272315,-117017930.055655,-109840212.905282,-200242929.893659,-194540393.148465,-195658793.780279,-220026514.990686,-192593800.999665,-160872245.479728,-163249699.992104,-136041699.174718,-144935290.328897,-142548168.434002,-186952569.268714,-154191891.663513,-135266010.952954,-149373763.744404,-194338229.185695,-266460917.096819,-322425066.254255,-483888010.268586,-478728431.53546,-536798788.054228,-911172561.093229,-1437868289.11089,-1538698117.83903,-1725329169.41582,-1214943901.93646,-1261371683.46252,-1504448147.00287,-1630151760.00179,-1296759953.78187,-1505222286.00695,-1918546646.37358,-2008363102.12478,-2204290497.08743,-2539823428.0113,-2817582856.71978,-2584946479.0671,0,0
India,Nigeria,NGA,BN.GSR.GNFS.CD,0,0,0,0,0,0,0,0,0,0,0,0,0,0,0,0,0,-296261339.116846,-3256872676.07506,2506591914.48386,7057671650.66233,-5238719723.67712,-5663280455.57296,-3061802647.31921,1634644658.12793,4326596700.56444,1090894787.67438,2830650968.92885,2079803686.75106,3355314210.21938,7641622023.26494,2878710925.40323,3853246868.81394,1685012648.37927,311829423.531551,-155213290.103402,1749727567.80478,543132296.086534,-1003652734.85157,1792044670.61808,8947932361.38611,3908840366.35388,2339989712.06712,5582237051.09836,17120483279.0615,24367471605.2644,23321457682.8904,20849760438.7317,23807545674.0701,8910395195.0992,11846267187.1371,11643852019.1221,17649549960.618,22765054981.7888,-1860415123.57376,-22899676713.3264,-8550719263.65173,-86132009.91497,-5598563490.82136,-30893479544.0194,-32241264094.1179,-16622243079.3583,-7958107284.31591,-5161397332.42195,-194385706.43546,0
India,Nicaragua,NIC,BN.GSR.GNFS.CD,0,0,0,0,0,0,0,0,0,0,0,0,0,0,0,0,0,-124100000,60300000,159700000,-411800000,-479300000,-380200000,-372500000,-423500000,-579300000,-549200000,-570300000,-583300000,-325800000,-289800000,-485900000,-609800000,-448800000,-488708000,-488379494,-650472000,-810866000,-832736000,-1191678000,-1050300000,-1050400000,-1068500000,-1090200000,-1211600000,-1441670000,-1672400000,-2006100000,-2366300000,-1570000000,-1693700000,-2124800000,-2128800000,-2215200000,-1955800000,-2285000000,-2105000000,-1842500000,-1193200000,-537400000,-609400000,-1724078858.14,-2343500000,-2271300000,-3302581709.96,0
India,Netherlands,NLD,BN.GSR.GNFS.CD,0,0,0,0,0,0,0,-230662983.25847,-48618784.495199,-118232044.113324,-607458563.09626,-173371323.241253,1224726668.50476,1967203766.10725,1948601494.17141,2753931343.41556,2947061398.3436,1121659412.94848,-300100593.64158,-1179679315.50973,-1242299860.15266,4898959477.02498,5950541291.1439,4955136562.94531,6087711284.58819,5552501779.50105,6196346710.24213,4912179103.28308,7884579351.72366,9156455713.65622,11651837124.0769,11164705703.9736,12131219674.5209,16823204426.8415,18904843755.3179,24959272264.5563,24725662497.1636,24212561640.1341,22905671858.9222,18508860810.1833,15778115213.4384,16726905203.5087,17519826436.9652,35877924001.4589,47230882636.9046,54406673619.545,58269291778.9916,71340502767.4048,77902570954.0235,71167791952.7612,72670631250.5046,78273242781.0602,82662915884.0258,89188773726.0587,99427821554.2622,59691114746.103,86409292405.6203,90757971216.1782,98111339374.9178,92575983545.4805,95751289971.129,102683234428.788,91947436126.4341,112849305829.958,133826883411.654,0
India,Norway,NOR,BN.GSR.GNFS.CD,0,0,0,0,0,0,0,0,0,0,0,0,0,0,0,-1969407761.45296,-3009940455.23133,-3862478422.53432,-366563417.246045,1223078080.41077,3515592933.68056,4503893000.25623,3165258943.22616,4311090644.21091,5003602946.21346,4660314582.47557,-2546163379.94766,-1828461215.05063,-744602222.377422,3917261769.88318,8159139204.84735,9299241347.84691,8735536683.62477,7652947771.95463,7677912720.3846,9210227896.01717,14356162492.365,13122944788.5603,2783429000.89015,11628207141.6671,28634752065.6791,28959148662.0592,25807116182.9403,29256428733.6305,35088038657.459,49346598608.4508,58412736961.2839,54051258701.4966,79770502729.3897,47009824745.4402,50460931970.1619,66947329884.0391,65999681828.9438,55985337267.571,44434579076.5971,21863652370.9184,6036031881.34822,13910083578.2814,25065483853.8871,6069346162.033,-3348209857.09074,74135526179.1734,163226325544.777,74771139439.89,64794386295.8472,0
India,Nepal,NPL,BN.GSR.GNFS.CD,0,0,0,0,0,0,0,0,0,0,0,0,0,0,0,0,-33456000,-58336000,-89109770.6692387,-103833333.333333,-158575000,-156623104.859143,-243663042.87117,-283755031.312079,-213188648.208936,-241093448.539729,-230980405.395206,-263732941.162979,-398104727.459467,-351579349.430291,-411698818.246163,-426448125.816414,-327003208.162608,-380155657.874432,-507621826.853099,-595206851.451087,-591287366.952731,-636952088.500796,-388087351.057886,-439226109.195531,-507977830.283915,-566643510.632456,-724926798.692707,-856816709.247448,-1059082837.07082,-1427964920.10683,-1699390031.90572,-2218897887.12394,-2660852936.14279,-3559207097.92041,-4307317702.01938,-4584800479.47336,-4916709707.98264,-5334668304.9901,-6366746592.60822,-5467903518.93931,-7898498022.05001,-9393295182.66726,-11960657626.2818,-11110082471.6713,-8923098091.38993,-14473555927.7051,-33800053853.2946,-27594994245.8472,-26877558987.321,0
India,Nauru,NRU,BN.GSR.GNFS.CD,0,0,0,0,0,0,0,0,0,0,0,0,0,0,0,0,0,0,0,0,0,0,0,0,0,0,0,0,0,0,0,0,0,0,0,0,0,0,0,0,0,0,0,0,0,0,0,0,6071681.50474951,9862327.25360275,2382349.37031685,-3675692.94740245,16365843.9788892,13438018.4746422,-14186698.5734077,-57537263.6760321,-43515670.7933291,-51687574.7331049,-39417260.3241404,-42720793.1196538,-61202169.5295265,-86782203.0805965,-86987952.2680417,-85262284.9759343,0,0
India,New Zealand,NZL,BN.GSR.GNFS.CD,0,0,0,0,0,0,0,0,0,0,0,0,0,0,0,0,0,0,0,0,0,0,0,0,0,0,0,0,0,0,0,0,0,0,0,0,0,0,0,0,1247429412.58553,2251953917.35523,1662375166.81921,1644416393.45153,615723703.548273,-1283142380.03224,-757517796.21408,-260339711.146262,-803586697.80375,2442286807.39943,3322195064.16293,3303885888.31451,786409618.31334,1907413775.84306,2279985712.47154,1805047692.10097,1689001769.07406,2199834440.66167,-162775879.54162,193269978.24221,2054344452.0752,-8061234300.48208,-13865087159.0383,-9382621039.97628,-6199833773.46254,0
India,OECD members,OED,BN.GSR.GNFS.CD,0,0,0,0,0,0,0,0,0,0,0,0,0,0,0,0,0,0,0,0,0,0,0,0,0,0,0,0,0,0,0,0,0,0,0,0,0,0,0,0,0,0,0,0,0,0,0,0,0,0,0,0,0,0,0,0,0,0,0,0,0,0,0,0,0,0
India,Oman,OMN,BN.GSR.GNFS.CD,0,0,0,0,0,0,0,0,0,0,0,0,0,0,557035322.979257,353503185.736836,418934569.828994,389693110.566569,255645628.997237,767226406.39035,1459177769.13485,1787782286.58883,1151129128.98416,1222061381.65044,1123343395.56036,1244951432.41796,-123042473.869291,1568270481.14434,725617685.305592,1330559167.75033,2234590377.11313,859817945.383614,1009102730.81925,442132639.791937,962028608.582574,1042912873.86216,2051099973.3277,1725199977.56567,-1195999992.22367,1637799989.35111,5418301300.39012,4472821846.55396,4262938881.6645,3666059817.94538,3092171651.49545,8456592977.89337,9117869960.98829,6936023407.0221,12957287386.2159,7737001300.39012,14168834850.4551,20182214357.8526,20411014954.2264,17577238634.2946,18830076957.0447,2336060644.52968,-124401464.605507,1889138089.19786,10720954665.9213,10978041345.5461,1864257543.52053,9356575509.46448,22800954135.8586,17337287552.7732,0,0
India,Other small states,OSS,BN.GSR.GNFS.CD,0,0,0,0,0,0,0,0,0,0,0,0,0,0,0,0,0,0,0,0,0,0,0,0,0,0,0,0,0,0,0,0,0,0,0,0,0,0,0,0,0,0,0,0,0,0,0,0,0,0,0,0,0,0,0,0,0,0,0,0,0,0,0,0,0,0
India,Pakistan,PAK,BN.GSR.GNFS.CD,0,0,0,0,0,0,0,0,0,0,0,0,0,0,0,0,-1194108122.90638,-1555202522.13272,-2050058140.6339,-2596977116.86762,-3114972005.46645,-3212400511.16292,-3567110226.09934,-2945073495.2231,-4069213618.91024,-3581025369.277,-3164346564.13773,-2642944410.6176,-3341475595.97599,-3107290399.88654,-3370640500.03573,-3055722371.75394,-3927387399.8867,-3652292822.60562,-3015303684.81132,-3971692894.9253,-5099044353.86069,-3432555601.27032,-2841000000,-2620000000,-2029000000,-1481000000,-408000000,-435000000,-5979990000,-10170200000,-14558000000,-15640000000,-22456500000,-12838430000,-11960000000,-15718000000,-17528000000,-19124000000,-20547000000,-20018000000,-25036898000,-35006621000,-37647987000,-27305928000,-24764874000,-40902106000,-37627107000,-21854115536.9101,-26630946149.6423,0
India,Panama,PAN,BN.GSR.GNFS.CD,0,0,0,0,0,0,0,0,0,0,0,0,0,0,0,0,0,-193200000,-272700000,-360700000,27800000,-79300000,59400000,203500000,-19500000,85600000,183500000,250500000,701000000,282200000,245200000,-31100000,-67200000,-13200000,89300000,-157300000,-86100000,-257700000,-657300000,-638800000,-289300000,192700000,-64600000,32900000,-203000000,-138900000,558100000,-300100000,-984200000,1483500000,-572100000,-2287200000,-1080600000,-1232300000,-2445300000,-1291500000,-266461140,191735791.32,-870810452.96,1047578890.98,2216711208.97,3148511012.48,3071544271.4,1978307280.36,6489366213.68,0
India,Peru,PER,BN.GSR.GNFS.CD,0,0,0,0,0,0,0,0,0,0,0,0,0,0,0,0,0,-555900000,329600000,1573400000,660900000,-870000000,-742000000,39000000,786100000,980000000,-404830000,-871030000,-466460000,938950000,33000000,-601000000,-914000000,-1325680013.26817,-1545353969.61764,-2974720139.62358,-2657415719.84149,-2497351338.65113,-3119051660.32489,-1210622572.45865,-1137511352.28879,-1141491426.63123,-672677239.071213,-14064416.879275,2272560658.88202,4451808955.29331,8248862336.18374,7311512853.91072,513685474.971384,4774834390.18401,4634780343.50514,6980047573.27673,3303945466.31035,-2080242089.17739,-4186740773.98219,-5669749926.50903,-760065695.65512,3815942534.70701,3611856738.53757,2730522912.66449,2903017975.51663,7134456346.93104,1454093550.78378,9194315489.24106,16164915867.033,0
India,Philippines,PHL,BN.GSR.GNFS.CD,0,0,0,0,0,0,0,0,0,0,0,0,0,0,0,0,0,-887000000,-1294000000,-1645000000,-1931000000,-2065000000,-2665000000,-2407000000,-231000000,886000000,1814000000,173000000,20000000,-937000000,-2537000000,-1361000000,-2261000000,-4639000000,-5736000000,-6522000000,-7824000000,-10112000000,-2658000000,-7597000000,-7841000000,-8553000000,-7532000000,-7814000000,-7461000000,-9998077081.79396,-6982402744.99672,-8008136327.32213,-16675078813.8032,-8962220914.47501,-11094114051.3837,-13866049881.2956,-12747420148.0934,-10647205110.6591,-12753927160.9377,-17854385029.8626,-28505668860.9328,-31521653139.6326,-39364380325.4317,-36272180841.4456,-19908904994.2508,-38767003795.2077,-53805933988.2645,-47852888411.1433,-54164616659.4433,0
India,Palau,PLW,BN.GSR.GNFS.CD,0,0,0,0,0,0,0,0,0,0,0,0,0,0,0,0,0,0,0,0,0,0,0,0,0,0,0,0,0,0,0,0,0,0,0,0,0,0,0,0,0,0,0,0,0,-56296785.480069,-68414548.764981,-56762301.3689432,-60952810.6471236,-37925189.7302746,-50050735.519971,-49343341.8775238,-52426105.1373779,-50262020.9120827,-63443837.8860376,-30432669.6714896,-65649000,-90320000,-92617000,-107266000,-154328000,-159372000,-192201000,0,0,0
India,Papua New Guinea,PNG,BN.GSR.GNFS.CD,0,0,0,0,0,0,0,0,0,0,0,0,0,0,0,0,9466543.8894242,-22418896.2933077,-156410363.790611,30960911.3466329,-293298790.43034,-513652852.592393,-501177348.876,-412155821.783127,-339187540.771255,-172983675.59996,-128339899.342112,-165996205.992727,-221950065.723728,-263687343.608108,-127987174.144469,-198316898.694015,268208101.41439,971814529.198952,953509099.052989,1087208622.74415,670180009.709997,150134577.805139,219209971.569912,375628987.957947,565702630.752358,503651484.059286,-11017807.4238152,381955516.551933,366340106.398335,929785686.679439,1049112028.86442,654880726.001556,1277965905.06428,-134065288.059524,-231967769.480945,108900835.70852,-1687437236.77985,-2955691346.78848,3104340926.67802,3778083415.76405,3552283353.68727,4508676329.01396,4117341903.2149,4907180496.45515,3892732292.67262,4601985920.12411,6293492871.36419,4991658001.16057,6389245855.66389,0
India,Poland,POL,BN.GSR.GNFS.CD,0,0,0,0,0,0,0,0,0,0,0,0,0,0,0,0,-2721000000,-2142000000,-2227000000,-2373000000,-1781000000,-1995000000,291000000,510000000,823000000,605000000,470000000,978000000,1157000000,195000000,3942000000,-18000000,597000000,-2935000000,1945000000,1891000000,-3883000000,-6650000000,-8620000000,-13691000000,-10904000000,-6876000000,-6474000000,-5482000000,-7235000000,-3851000000,-8293000000,-16514000000,-28330000000,-4376000000,-11696000000,-12031000000,-3933000000,5764000000,2268000000,9913000000,13979000000,14869000000,12103000000,21967000000,34088000000,22450000000,14623000000,47774000000,36634000000,0
India,Pre-demographic dividend,PRE,BN.GSR.GNFS.CD,0,0,0,0,0,0,0,0,0,0,0,0,0,0,0,0,0,0,0,0,0,0,0,0,0,0,0,0,0,0,0,0,0,0,0,0,0,0,0,0,0,0,0,0,0,0,0,0,0,0,0,0,0,0,0,0,0,0,0,0,0,0,0,0,0,0
India,Puerto Rico (US),PRI,BN.GSR.GNFS.CD,0,0,0,0,0,0,0,0,0,0,0,0,0,0,0,0,0,0,0,0,0,0,0,0,0,0,0,0,0,0,0,0,0,0,0,0,0,0,0,0,0,0,0,0,0,0,0,0,0,0,0,0,0,0,0,0,0,0,0,0,0,0,0,0,0,0
India,"Korea, Dem. People's Rep.",PRK,BN.GSR.GNFS.CD,0,0,0,0,0,0,0,0,0,0,0,0,0,0,0,0,0,0,0,0,0,0,0,0,0,0,0,0,0,0,0,0,0,0,0,0,0,0,0,0,0,0,0,0,0,0,0,0,0,0,0,0,0,0,0,0,0,0,0,0,0,0,0,0,0,0
India,Portugal,PRT,BN.GSR.GNFS.CD,0,0,0,0,0,0,0,0,0,0,0,0,0,0,0,-1771623837.10726,-2109871549.90519,-1908920552.88364,-1774303284.56876,-2110483765.91201,-3462042989.62338,-6640011642.99154,-4685292442.48496,-2760808809.61996,-1638179053.69963,-767700202.013705,-772075433.134908,-2504656873.56146,-4627180929.80448,-3783979145.83752,-5592470617.10722,-6876795890.63701,-8621319718.63795,-6685360720.96859,-7051932839.15299,-7284981153.19117,-8440792538.29237,-9070226622.80486,-10959524789.1332,-13027965112.4544,-12926315214.6081,-12215479060.6935,-10822178498.0147,-10541686031.7932,-14709125856.7821,-16835801748.9223,-16191219865.8931,-17631717450.462,-24352320741.766,-16490046323.6815,-17496926693.2178,-9048627917.70832,-39278617.30774,3935280554.75615,2044843806.29789,2949567882.10563,3623606723.20494,3513475514.58704,2512780595.81492,2169253273.80949,-4104752400.44966,-6385656039.97112,-5239970419.67,4320114942.39843,7258325860.33575,0
India,Paraguay,PRY,BN.GSR.GNFS.CD,0,0,0,0,0,0,0,0,0,0,0,0,0,0,0,-60300000,-52200000,-42100000,-93300000,-217700000,-276100000,-421600000,-445000000,-244800000,-288900000,-221300000,-329500000,-405500000,-164000000,255500000,345400000,49600000,-90800000,-74800000,-410600000,483346770.43358,226649381.10821,95646547.49801,702936121.87912,698722161.21112,689681489.208881,724870232.386674,1101974891.38509,1000447807.09974,1078092288.51981,1082887002.06224,1061864271.21879,1400096382.22206,948251463.521081,1140173966.29711,663861952.547294,605134164.800474,337304339.956615,1369881521.72287,794363136.404376,929008638.408186,2375901318.7079,2073510714.27829,669627132.53312,371640068.388584,1366428110.44605,517865975.642461,-2117280081.97193,733327274.671298,-1057311930.82511,0
India,West Bank and Gaza,PSE,BN.GSR.GNFS.CD,0,0,0,0,0,0,0,0,0,0,0,0,0,0,0,0,0,0,0,0,0,0,0,0,0,0,0,0,0,0,0,0,0,0,0,-2025800000,-2510600000,-2668500000,-2349907152.94835,-2527553573.60014,-2010401024.81338,-2080272409.04739,-1755843760,-2001286649.51509,-2540614300,-2850620140,-2947075076.296,-3217783451.1006,-3480294855.3172,-3809895605.3735,-3897017279.56321,-3923736908.37532,-4429099697.36899,-4734829804.75961,-5049354978.71861,-5401124719.51205,-5664562237.11023,-5967410890.28882,-6425749413.264,-6501965710.78652,-5680064638.17278,-6953873199.19627,-8724189309.0826,-8223955681.45981,-5379455681.4598,0
India,Pacific island small states,PSS,BN.GSR.GNFS.CD,0,0,0,0,0,0,0,0,0,0,0,0,0,0,0,0,0,0,0,0,0,0,0,0,0,0,0,0,0,0,0,0,0,0,0,0,0,0,0,0,0,0,0,0,0,0,0,0,0,0,0,0,0,0,0,0,0,0,0,0,0,0,0,0,0,0
India,Post-demographic dividend,PST,BN.GSR.GNFS.CD,0,0,0,0,0,0,0,0,0,0,0,0,0,0,0,0,0,0,0,0,0,0,0,0,0,0,0,0,0,0,0,0,0,0,0,0,0,0,0,0,0,0,0,0,0,0,0,0,0,0,0,0,0,0,0,0,0,0,0,0,0,0,0,0,0,0
India,French Polynesia,PYF,BN.GSR.GNFS.CD,0,0,0,0,0,0,0,0,0,0,0,0,0,0,0,0,0,0,0,0,0,0,0,0,0,0,0,0,0,0,0,0,0,0,0,0,0,0,0,0,0,0,-728468796.662733,-1025328543.5011,-898574306.286994,-1036888105.48882,-929143517.743824,-1052138615.25208,-1338878030.85697,-1089353210.74774,-1206470991.11899,-1058678595.26012,-1069742498.92608,-1110279261.43334,-982248876.717437,-801945995.325929,-670140013.847809,0,0,0,0,0,0,0,0,0
India,Qatar,QAT,BN.GSR.GNFS.CD,0,0,0,0,0,0,0,0,0,0,0,0,0,0,0,0,0,0,0,0,0,0,0,0,0,0,0,0,0,0,0,0,0,0,0,0,0,0,0,0,0,0,0,0,0,0,0,0,0,0,0,78045274725.2747,88182600732.6007,85557142857.1428,76224450549.4505,33019780219.7802,9009065934.06594,23011813186.813202,36750000000,25276373626.3736,11868681318.6813,44345054945.055,87172802197.8022,56534775538.4423,55524450549.4505,0
India,Romania,ROU,BN.GSR.GNFS.CD,0,0,0,0,0,0,0,0,0,0,0,-23000000,-47000000,207000000,-290000000,-46000000,102000000,-172000000,-591000000,-1295000000,-1643000000,184000000,1891000000,1870000000,2378000000,1994000000,1937000000,2433000000,4120000000,2434000000,-3521000000,-1245000000,-1481000000,-1243000000,-582000000,-1902000000,-2855000000,-2361000000,-3228000000,-1512000000,-1930000000,-3090000000,-2602000000,-4467000000,-6930000000,-10073167533.3343,-15033618153.4505,-24811183192.7468,-28102429497.6214,-11289682062.4502,-10755417173.1483,-10786737151.1344,-8705665053.90748,-1724618730.36358,-783649806.38243,-1444882298.75598,-1946138881.78602,-5303643904.64924,-8432409685.38668,-10577395727.2938,-11115807168.0371,-16167465240.3269,-19923067834.1444,-16939827223.2564,-23322218787.5721,0
India,Russian Federation,RUS,BN.GSR.GNFS.CD,0,0,0,0,0,0,0,0,0,0,0,0,0,0,0,0,0,0,0,0,0,0,0,0,0,0,0,0,0,0,0,0,0,0,11014080000,10652980000,15464730000,8212410000,12197530000,29970120000,52049520000,37160460000,34807650000,46684100000,72332370000,104559590000,123739550000,106729110000,157205870000,95630270000,120874760000,163398060000,145076240000,122306910000,133652970000,111245900000,66256050000,83234750000,164976050000,129328030000,76653160000,172794030000,293494039235.801,85522270000,94899260000,0
India,Rwanda,RWA,BN.GSR.GNFS.CD,0,0,0,0,0,0,0,0,0,0,0,0,0,0,0,0,0,0,0,0,0,0,0,0,0,0,0,0,0,0,0,0,0,0,0,0,0,0,0,0,0,0,0,0,0,0,0,0,0,0,-941103243.065745,-1224722857.99541,-1253815282.9102001,-1154648241.74298,-1325242910.72971,-1489712841.67107,-1539599265.47421,-1166689291.37218,-1298121022.54492,-1482482929.20155,-1648602394.27268,-1745970645.09709,-1984989565.16376,-2273994598.05972,0,0
India,South Asia,SAS,BN.GSR.GNFS.CD,0,0,0,0,0,0,0,0,0,0,0,0,0,0,0,0,0,0,0,0,0,0,0,0,0,0,0,0,0,0,0,0,0,0,0,0,0,0,0,0,0,0,0,0,0,0,0,0,0,0,0,0,0,0,0,0,0,0,0,0,0,0,0,0,0,0
India,Saudi Arabia,SAU,BN.GSR.GNFS.CD,0,0,0,0,0,0,0,0,0,0,0,1680473961.90321,2569513664.87101,5250109949.99855,25783098598.8121,18350514736.4443,19067988673.957,17489039214.1674,4744729346.40438,14621359169.8757,50971796743.3514,49318429874.375,9471523324.6152,-20461628903.3432,-19757019686.7602,-15145759995.433,-14599662731.8718,-11384000000,-8058666666.66667,-8199999999.99999,3501333333.33334,-14058666666.6667,-8764800000,-4653066666.66666,6234533333.33333,8575866666.66666,13828933333.3333,12638533333.3333,-862800000.00001,11548560000,29327466666.6667,25092746133.3333,28037200000,44231760000,65103253333.3333,104325120000,111862286596.9,103968941035.677,146169041653.333,39987598266.6667,87627967474.9333,178246906733.333,184213302925.49,157750352290.196,95966244483.2501,-29296857411.0667,2512457612.48266,38494342202.4893,105847721876.695,66885222484.4043,664277187.03624,72986051067.8821,187510587878.025,78820567472.8384,43885705968.6075,0
India,Sudan,SDN,BN.GSR.GNFS.CD,0,0,0,0,0,0,0,0,0,0,0,0,0,0,0,0,0,-64324802.5563305,-128468108.951479,-288250000.665065,-498600000.9972,-881428828.159035,-206359699.660157,-263384615.384616,-106999999.999999,-106995105.188896,-274440000,-473653333.333334,-604444444.444444,-612166666.666666,-377800000,-956000000,-645400000,-266910000,-669000000,-557300000,-869270000,-969000000,-1324700000,-669200000,-179800000,-342100000,-1030730000,-787740000,-828830000,-2477690566.75834,-3699976520.17054,-1014022945.49312,1326815089.47756,-2047805936.56511,274460811.337636,-1379977.09696817,-5106165772.15506,-4709950986.25009,-4158965533.77839,-5250554114.3805,-4279483944.24953,-3935200023.62123,-3241606275.68062,-4685625502.3079,-5454158297.72246,-3606680948.16271,-5666885769.57708,0,0,0
India,Senegal,SEN,BN.GSR.GNFS.CD,0,0,0,0,0,0,0,0,0,0,0,0,0,0,-79184172.8166181,-93741440.5199764,-138229469.251838,-119993640.548753,-279895234.870109,-285067371.54215,-408084917.779977,-531922229.25769,-345428606.630859,-361039785.742302,-288014830.424985,-338153848.87964,-339006637.758708,-388535088.93208,-364044480.204713,-316637530.002038,-387233328.232149,-439514227.15431,-503944586.200818,-517299991.611323,-283589100.077858,-315296997.512953,-293039366.307266,-291476661.374298,-330650416.541355,-360117948.640963,-435907522.883719,-441219303.356247,-558099493.007179,-832712597.372973,-1013554811.65916,-1340652040.96105,-1635850079.46629,-2529784161.16289,-3534640927.24209,-2165924398.35281,-1990564715.87823,-2636048196.64959,-2984671612.56592,-3091588323.33272,-2932438127.78563,-2271452517.90923,-2086534060.04009,-2906141229.2163,-3673057356.20929,-3334165781.93887,-4563895368.22042,-5498030716.07462,-7279647889.99421,-7915370883.2456,0,0
India,Singapore,SGP,BN.GSR.GNFS.CD,0,0,0,0,0,0,0,0,0,0,0,0,-481422222.393395,-414264592.319104,-827702240.865219,-579850715.021943,-478379499.708446,-167254242.898024,-387858532.919914,-657144937.729555,-1026990212.27278,-764901015.139421,-665412787.492915,-305719221.175888,-513341407.276367,-384519237.382984,58325997.937797,39506485.489753,1793507832.59004,2496592331.78511,2536670589.96617,4589273827.09617,4842026642.65688,4552260013.02768,10500285607.8209,14737243143.1342,15768053998.4363,14747584841.3401,18428040921.7246,14673236483.9219,11853210335.1,14812617467.2696,17051322982.2973,27295921783.9685,30345485866.3081,38200249639.8848,45646156750.8603,56581053479.0285,40002944930.3908,45619614148.231,63099137641.2564,76981679928.6127,71489958547.0402,71092623671.3818,73803243755.1793,84076882512.3197,83944486448.3213,91722432427.5395,112382575172.524,110545012492.441,110068430684.488,158308997754.594,202991344294.003,189183129359.779,192576845361.34,0
India,Solomon Islands,SLB,BN.GSR.GNFS.CD,0,0,0,0,0,0,0,0,0,0,0,0,0,0,0,-20422412.2883575,-7454630.62916268,-3104843.92614907,-12476273.1426282,-4965562.54284639,-17111995.5648329,-34361248.4268862,-24096276.8213259,-18457922.2322844,-3611482.55268578,-34644215.8380393,-36807349.9891672,-35032342.6027995,-66938239.7899976,-68331219.6345056,-60582493.557508,-65199373.7913252,-27697141.4910693,-46051530.8683286,-56055883.7156899,-21345312.5458762,-21366333.0708496,-64918963.3950851,-17526193.6820909,23335405.984047,-43407939.1594535,-74889186.5943221,-68303352.5168226,-63969997.255796,-46271902.4020469,-96892280.7852918,-100823937.114205,-139124873.171266,-133370318.415166,-119940173.265209,-232212467.050796,-72947873.0522185,-18617806.182274,-139031352.110157,-115938592.077101,-94369031.3038173,-71764593.3286207,-85208106.6607744,-67555003.5548166,-161616187.432648,-127426602.631852,-205803240.830267,-353282085.881172,-337585981.691658,-214251464.107121,0
India,Sierra Leone,SLE,BN.GSR.GNFS.CD,0,0,0,0,0,0,0,0,0,0,0,0,0,0,0,0,0,-54688340.466288,-97894706.7599038,-166040263.693526,-195752010.083129,-138555958.789845,-185120833.981571,-33256774.4439207,-23586127.217605,-24243435.5009287,7158777.37366065,26032146.5578714,-16325233.4244905,-27313570.6414923,-5179409.5798828,14747540.2990297,-4471591.7869648,-71878373.5024422,-80118490.9293609,-131667393.096234,-224546543.105625,-72091759.1500613,-77352588.6757507,-159075820.518292,-194720200.752823,-194909844.61176,-237528363.601762,-227632445.374358,-151113705.413781,-191252008.017663,-132663532.014149,-159237861.006032,-261707767.412325,-381296414.948659,-715515814.415919,-1945470441.27068,-1264694608.15793,-502824867.553557,-1369209960.48259,-1447951542.09889,-634813013.317395,-750444518.404801,-751894212.517926,-901373527.805763,-791991821.106383,-980945786.930212,-871989273.411257,-881989541.670782,0,0
India,El Salvador,SLV,BN.GSR.GNFS.CD,0,0,0,0,0,0,0,0,0,0,0,0,0,0,0,0,8360000,16840000,-285320000,9960000,43720000,-239040000,-235880000,-184720000,-265120000,-282840000,-164360129.014972,-311100000,-369280000,-703860000,-651063519.104402,-716557172.557167,-949905312.468857,-1013385987.37337,-1211742803.95245,-1583513397.74404,-1332495716.73329,-1295417558.88651,-1454483152.48428,-1538600000,-1974500000,-2182900000,-2104650000,-2393417959.63069,-2738945012.72861,-3166090000,-3800060000,-4505900000,-4889740000,-3198057250.07384,-3623906167.97331,-4323108759.90917,-4385543013.49576,-4618410153.40857,-4418568836.38847,-4011020503.82282,-3846089576.40031,-4111467489.96742,-4758306213.15005,-4411887021.63997,-4330543594.40157,-7132043364.63756,-8017128233.95125,-6405325811.7365,-6768233249.50113,0
India,San Marino,SMR,BN.GSR.GNFS.CD,0,0,0,0,0,0,0,0,0,0,0,0,0,0,0,0,0,0,0,0,0,0,0,0,0,0,0,0,0,0,0,0,0,0,0,0,0,0,0,0,0,0,0,0,0,0,0,0,0,0,0,0,0,0,0,0,0,118472967.034551,129620775.756554,181978126.82682,206942037.914639,289974277.242042,446726807.690789,0,0,0
India,"Somalia, Fed. Rep.",SOM,BN.GSR.GNFS.CD,0,0,0,0,0,0,0,0,0,0,0,0,0,0,0,0,0,0,0,0,0,0,0,0,0,0,0,0,0,0,0,0,0,0,0,0,0,0,0,0,0,0,0,0,0,0,0,0,0,0,0,0,0,0,0,0,0,0,0,0,0,0,0,0,0,0
India,Serbia,SRB,BN.GSR.GNFS.CD,0,0,0,0,0,0,0,0,0,0,0,0,0,0,0,0,0,0,0,0,0,0,0,0,0,0,0,0,0,0,0,0,0,0,0,0,0,0,0,0,0,0,0,0,0,0,0,-10129243437.7465,-12795049317.3298,-7029431941.05099,-6267922590.51802,-7418732547.45396,-7106391499.32045,-5109389345.02999,-4838400878.01193,-3234473621.42864,-2447273760.13199,-3435173093.51777,-4813258317.57493,-5159167604.62286,-4677231022.30626,-5441115647.71434,-7490310169.67688,-3806168977.50843,-4443392002.36061,0
India,Sub-Saharan Africa (excluding high income),SSA,BN.GSR.GNFS.CD,0,0,0,0,0,0,0,0,0,0,0,0,0,0,0,0,0,0,0,0,0,0,0,0,0,0,0,0,0,0,0,0,0,0,0,0,0,0,0,0,0,0,0,0,0,0,0,0,0,0,0,0,0,0,0,0,0,0,0,0,0,0,0,0,0,0
India,South Sudan,SSD,BN.GSR.GNFS.CD,0,0,0,0,0,0,0,0,0,0,0,0,0,0,0,0,0,0,0,0,0,0,0,0,0,0,0,0,0,0,0,0,0,0,0,0,0,0,0,0,0,0,0,0,0,0,0,0,0,0,0,0,0,0,-1467336534.43501,-776950000,-424540000,458392000,-477150000,-251930000,-1900870000,615260000,-590878300,55845000,0,0
India,Sub-Saharan Africa,SSF,BN.GSR.GNFS.CD,0,0,0,0,0,0,0,0,0,0,0,0,0,0,0,0,0,0,0,0,0,0,0,0,0,0,0,0,0,0,0,0,0,0,0,0,0,0,0,0,0,0,0,0,0,0,0,0,0,0,0,0,0,0,0,0,0,0,0,0,0,0,0,0,0,0
India,Small states,SST,BN.GSR.GNFS.CD,0,0,0,0,0,0,0,0,0,0,0,0,0,0,0,0,0,0,0,0,0,0,0,0,0,0,0,0,0,0,0,0,0,0,0,0,0,0,0,0,0,0,0,0,0,0,0,0,0,0,0,0,0,0,0,0,0,0,0,0,0,0,0,0,0,0
India,Sao Tome and Principe,STP,BN.GSR.GNFS.CD,0,0,0,0,0,0,0,0,0,0,0,0,0,0,6554497.11053071,-4693018.6057127,-1356082.38754621,7414533.64477457,1590380.58208568,6035760.56083619,-1872228.39281544,-20466431.2866185,-26132598.3718058,-14878872.0320669,-19491077.3183452,-19325452.5498725,-20578396.6509583,-13952832.3924041,-11467011.5430645,-12425379.3446416,-14160000,0,0,0,0,0,0,-19997690,-15333835.7,-17430988.6460192,-21322686.6797854,-28024614.828207,-25627521.9269449,-31371449.7350222,-38808640.2389741,-36719925.1044865,-60888226.5759207,-70024544.8182279,-96082709.0586429,-83137191.6380758,-96204011.9233591,-117739303.300515,-110750661.660894,-127757245.696384,-142099353.237381,-96054956.6176606,-88273069.5197772,-101032980.34917,-98899407.9265492,-117035999.922654,-110759703.813484,-125888217.837844,-122344817.152206,0,0,0
India,Suriname,SUR,BN.GSR.GNFS.CD,0,0,0,0,0,0,0,0,0,0,0,0,0,0,0,0,0,0,0,0,0,0,0,0,0,0,0,0,0,0,0,0,0,0,0,0,0,0,0,0,0,0,0,0,0,-128400000,239200000,249700000,213800000,12500000,668597840.323741,606113686.43078,282088349.510941,-131317402.507628,-417197854.42966,-838499615.988408,-95935803.986605,363505213.240581,166040948.596657,-125964881.921815,601336025.320573,423044484.249477,258026533.192935,329681738.253521,222216301.200583,0
India,Slovak Republic,SVK,BN.GSR.GNFS.CD,0,0,0,0,0,0,0,0,0,0,0,0,0,0,0,0,0,0,0,0,0,0,0,0,0,0,0,0,0,0,0,0,0,-639815652.393513,722386347.639689,311229344.844864,-2244614404.65639,-2011356105.36559,-2334234279.21477,-1053706300.94115,-459032794.221362,-1644062764.94015,-1704770079.23607,-407799314.645385,-1738016962.01881,-2652504894.73131,-2333414266.65632,-615579829.133818,-2236270617.46469,-863793098.356764,-970887815.969302,-462990160.615319,3766024391.23009,4522032674.18701,3624313601.41268,819420590.617768,1751456536.91394,1253622301.52814,1136117411.16827,-128060717.36208,1105649657.50483,-653299649.87964,-6953404615.75649,2301230321.02915,64857363.50592,0
India,Slovenia,SVN,BN.GSR.GNFS.CD,0,0,0,0,0,0,0,0,0,0,0,0,0,0,0,0,0,0,0,0,0,0,0,0,0,0,0,0,0,0,0,0,970600000,220500000,306300000,-371600000,-185700000,-138700000,-291900000,-880300000,-689300000,-117100000,336000000,-14100000,-406000000,-197600000,84666077.480794,-597748578.794682,-1012134993.52668,709098523.063428,425138233.44891,297614450.986128,1456372349.37835,2826609320.54319,3507065430.84135,3464104222.58263,3843577806.58722,4386490149.4219,4601509909.12579,4708952405.24018,4855194078.30839,3665876181.43792,1352093114.6865,4351480551.448,4576156270.43958,0
India,Sweden,SWE,BN.GSR.GNFS.CD,0,0,0,0,0,0,0,0,0,0,-119848217.93429,552097602.931454,850408581.2561,1737935772.33681,-121637374.236899,364899742.577691,-729921798.335493,-852399387.143225,1618675440.33144,-546068411.817852,-1726908779.11143,335503812.966794,-609620322.828419,1967829177.55755,3381002757.56185,1824376961.45368,3235809030.43378,2797814947.09949,2637482547.64594,983144068.6197,70153192.96504,3729753113.90065,3825511647.04393,6781942061.59243,8542057141.79031,14383610467.7643,16811305567.5979,16244548744.5836,15728309638.7104,16091289013.0473,16061659825.4707,18591350342.2175,16610629030.0304,18511561810.2044,26940503054.34,24798839623.2915,29860287392.2434,31342881728.5442,31027233567.0197,21695731950.5645,23672379778.913,28825149689.05,28324831033.4835,23331945631.9762,18246315684.568,18118110226.2481,15274041856.9726,11547184497.3353,11014490874.811,23125394624.9601,23842043077.7926,26112422040.125702,9372533937.2523,17896382654.7774,20385735527.1843,0
India,Eswatini,SWZ,BN.GSR.GNFS.CD,0,0,0,0,0,0,0,0,0,0,0,0,0,0,61076386.3706085,42866352.3444689,21159999.9816,-4139999.99640001,-92574999.9195,-173510781.85344,-213781185.933639,-174913039.182051,-189534904.289986,-212727762.367096,-184168741.166352,-130243306.034292,-49369118.8870506,-1620798.61167957,-23444364.1705896,-19407647.3375015,-109843354.692837,-131531534.794111,-251085709.310116,-267463316.088923,-139128993.996186,-254223984.273873,-343866697.653269,-257126704.974759,-282215232.242795,-238018278.586258,-197789147.349226,-175922348.841358,-65115011.4413145,-17642094.2574106,-37102514.0297558,-378398011.593855,-342081098.15366,-323292385.163182,-435932848.532854,-483527662.826687,-562010006.230172,-376089570.839394,-201417708.225607,-77247436.2099292,-42690154.6252217,53319673.5564336,44939550.6046326,-32813553.1425917,-167569232.945301,123898878.526821,121627075.137628,-40789539.9773818,-193678628.939948,-176193859.438031,0,0
India,Sint Maarten (Dutch part),SXM,BN.GSR.GNFS.CD,0,0,0,0,0,0,0,0,0,0,0,0,0,0,0,0,0,0,0,0,0,0,0,0,0,0,0,0,0,0,0,0,0,0,0,0,0,0,0,0,0,0,0,0,0,0,0,0,0,0,0,55581005.5865921,139027932.960894,40061452.5139665,-55871508.3798884,82435754.1899442,33245810.0558659,-64961918.8491621,-419354168.793296,-146843456.776536,-233784224.083799,-211569874.798883,54478509.865922,15331593.0670392,0,0
India,Seychelles,SYC,BN.GSR.GNFS.CD,0,0,0,0,0,0,0,0,0,0,0,0,0,0,0,0,-7049578.44147194,-7287348.75357825,-9262899.49983166,-17466766.9875822,-26894045.7803844,-26353536.2201844,-43232310.3383952,-32784114.0249285,-20258503.2354056,-26785643.5075033,-36187063.9704093,-28371025.6071096,-34888499.1904686,-41124522.6733981,-17938319.3364348,-13818848.2478361,-14942978.3624344,9051374.7539335,35084052.6583843,14456186.7712448,-47333156.7174943,-61696164.042435,-96488313.646246,-102776122.662257,-20126669.454261,-133602581.344208,-46842042.470637,21033577.964903,-44403708.043168,-165223804.137843,-134144137.167478,-94914599.5505615,-182304974.57306,-141747147.957938,-206971922.661112,-238469933.205093,-182295460.976503,-90983596.082136,-211326650.927116,-123798049.191919,-21049602.036119,-180771283.05251,83509890.037974,59755616.8019321,-92441576.3957477,-69833657.514694,-50785647.203826,-61816229.34,0,0
India,Syrian Arab Republic,SYR,BN.GSR.GNFS.CD,0,0,0,0,0,0,0,0,0,0,0,0,0,0,0,0,0,-1420800000,-1462500000,-1621200000,-2053900000,-2575100000,-1907400000,-2400300000,-2246500000,-2408700000,-1458900000,-958400000,-608100000,1292900000,2074900000,1146200000,337500000,-106000000,-1023000000,216000000,-101000000,547000000,-3000000,255000000,1455000000,1511000000,1886000000,857000000,641500000,411000000,1289800000,327711651.95259,470912341.028691,-984870275.650419,196994859.35505,0,0,0,0,0,0,0,0,0,0,0,0,0,0,0
India,Turks and Caicos Islands,TCA,BN.GSR.GNFS.CD,0,0,0,0,0,0,0,0,0,0,0,0,0,0,0,0,0,0,0,0,0,0,0,0,0,0,0,0,0,0,0,0,0,0,0,0,0,0,0,0,0,0,0,0,0,0,0,0,0,0,0,0,0,0,156567928.14625,200004561.594179,303132102.355792,117739308.703048,282605275.224874,0,0,0,0,0,0,0
India,Chad,TCD,BN.GSR.GNFS.CD,0,0,0,0,0,0,0,0,0,0,0,0,0,0,0,0,0,-114885363.110195,-147973112.532423,-25634438.9350155,-8112474.4731487,-19007737.0562887,-43693629.9357402,-74294209.7263433,-71878981.2792049,-225705229.267011,-234659586.122859,-244040190.697408,-221693452.664368,-252595309.054195,-216480435.98599,-233407966.781214,-258115286.556909,-251445654.032811,-221376009.536166,0,0,0,0,0,0,0,0,0,0,0,0,0,0,0,0,0,0,0,0,0,0,0,0,0,0,0,0,0,0,0
India,East Asia & Pacific (IDA & IBRD countries),TEA,BN.GSR.GNFS.CD,0,0,0,0,0,0,0,0,0,0,0,0,0,0,0,0,0,0,0,0,0,0,0,0,0,0,0,0,0,0,0,0,0,0,0,0,0,0,0,0,0,0,0,0,0,0,0,0,0,0,0,0,0,0,0,0,0,0,0,0,0,0,0,0,0,0
India,Europe & Central Asia (IDA & IBRD countries),TEC,BN.GSR.GNFS.CD,0,0,0,0,0,0,0,0,0,0,0,0,0,0,0,0,0,0,0,0,0,0,0,0,0,0,0,0,0,0,0,0,0,0,0,0,0,0,0,0,0,0,0,0,0,0,0,0,0,0,0,0,0,0,0,0,0,0,0,0,0,0,0,0,0,0
India,Togo,TGO,BN.GSR.GNFS.CD,0,0,0,0,0,0,0,0,0,0,0,0,0,0,93280285.00795,-111738490.598899,-58007831.4653264,-116073902.562035,-247097504.767613,-273916649.159267,-141244144.2402,-85117124.9515781,-111069097.743045,-65369247.440331,-8076315.74548881,-66604644.6815789,-124820280.440868,-117390043.055295,-164147364.029223,-126206747.801327,-183916548.211104,-222394411.625407,-201766733.418104,-154879221.955941,-91582438.6894813,-205994839.739973,-212324277.185309,-187431455.515474,-206398226.514874,-160172654.28154,-178963070.129507,-217189378.75393,-210481283.200476,-266848667.887903,-342188480.538468,-357266979.016466,-382481491.823096,-465136579.887721,-532880602.979262,-495292846.015695,-532495307.103221,-806844878.15732,-542267971.51948,-856074516.964032,-824955001.350343,-918413325.893346,-821754289.343428,-501993343.801538,-626014179.841444,-595605803.867304,-667629634.161391,0,0,0,0,0
India,Thailand,THA,BN.GSR.GNFS.CD,0,0,0,0,0,0,0,0,0,0,0,0,0,0,0,-697964174.330011,-432938992.181746,-1098817985.59172,-1044632960.13518,-1867719322.40413,-2057156302.07204,-2236239088.15892,-671648785.238832,-2924159159.76323,-1843311425.47606,-1105431815.59855,839013638.695515,239422524.483925,-996268679.427438,-1963665351.97445,-6641008932.52669,-6756957091.15558,-5241280543.59085,-5698289716.85053,-7455697267.45511,-11954621688.6987,-12065858026.4771,-19674845.75763,17395214641.7141,15065652623.4086,10108591963.0594,6957320198.09323,7714145387.5403,8804114241.14767,6748293168.81163,-3470930000.00001,5667760000.00002,18682949999.9998,4451510000.00003,26976846652.0191,19684244161.8938,7632805084.44881,880051501.6122,7440895244.2498,23908777047.5981,41680325907.354,56051035537.6349,56877036176.0104,44922177603.4098,51047439795.3604,25932627082.8893,-597171025.96537,-10328988609.3451,10442602106.3156,17772045138.9845,0
India,Tajikistan,TJK,BN.GSR.GNFS.CD,0,0,0,0,0,0,0,0,0,0,0,0,0,0,0,0,0,0,0,0,0,0,0,0,0,0,0,0,0,0,0,0,0,0,0,0,0,0,0,0,0,0,-159641700,-152540100,-225118100,-893925948.256,-1338461736.506,-2618814302.89,-3311322296.855,-2234459025.862,-2501824054.50309,-2995301573.00434,-3674402732.32093,-4413283923.32512,-3362252177.59182,-2500212936.98429,-2027438335.39895,-1638943806.42397,-2105150990.26857,-2165340275.03577,-1716308299.75911,-2096987468.13405,-3508137350.39879,-3826437504.86308,-5289347985.14263,0
India,Turkmenistan,TKM,BN.GSR.GNFS.CD,0,0,0,0,0,0,0,0,0,0,0,0,0,0,0,0,0,0,0,0,0,0,0,0,0,0,0,0,0,0,0,0,0,0,0,0,0,0,0,0,0,0,0,0,0,0,0,0,0,0,0,0,0,0,0,0,0,0,0,0,0,0,0,0,0,0
India,Latin America & the Caribbean (IDA & IBRD countries),TLA,BN.GSR.GNFS.CD,0,0,0,0,0,0,0,0,0,0,0,0,0,0,0,0,0,0,0,0,0,0,0,0,0,0,0,0,0,0,0,0,0,0,0,0,0,0,0,0,0,0,0,0,0,0,0,0,0,0,0,0,0,0,0,0,0,0,0,0,0,0,0,0,0,0
India,Timor-Leste,TLS,BN.GSR.GNFS.CD,0,0,0,0,0,0,0,0,0,0,0,0,0,0,0,0,0,0,0,0,0,0,0,0,0,0,0,0,0,0,0,0,0,0,0,0,0,0,0,0,0,0,0,0,0,0,-289383048.549047,-431764892.531948,-742716807.922695,-1096271466.10999,-1247864440.07642,-1764232468.0139,-1558194741.06832,-1116519110.61768,-1126455582.68145,-1228659498.09942,-1068796400,-1012875558.12092,-937852221.140324,-262648204.822991,271065047.532674,1726588698.45493,572234095.491284,-467398227.00392,-965560482.252982,0
India,"Middle East, North Africa, Afghanistan & Pakistan (IDA & IBRD)",TMN,BN.GSR.GNFS.CD,0,0,0,0,0,0,0,0,0,0,0,0,0,0,0,0,0,0,0,0,0,0,0,0,0,0,0,0,0,0,0,0,0,0,0,0,0,0,0,0,0,0,0,0,0,0,0,0,0,0,0,0,0,0,0,0,0,0,0,0,0,0,0,0,0,0
India,Tonga,TON,BN.GSR.GNFS.CD,0,0,0,0,0,0,0,0,0,0,0,-2394560.38341701,-3702542.20610496,-3862527.04151622,-4515439.08127057,-7508591.05300092,-9881851.85616187,-9324520.38983442,-9984310.47664437,-14525245.3778404,-17661781.5916069,-26340768.3088066,-25169974.0577364,-33433968.8182231,-25103824.7103855,-23485242.7782488,-27965643.076279,-26538304.1258801,-43157832.1866468,-39081207.2600698,-32644819.8381734,-42825781.6319811,-41807587.6041562,-40484080.3784424,-55250523.5713453,0,0,0,0,0,0,-65048436.6642166,-67228553.8268586,-71016038.0094609,-80670861.6579645,-103789129.037299,-113732237.077624,-147529214.357089,-171969380.907535,-198289288.337164,-180663488.369665,-192276730.005313,-204929211.590683,-189023883.739549,-178654027.905329,-186642104.301609,-163189975.201124,-201023301.473995,-215473433.766685,-220521502.903227,-214982924.716985,-240769752.300846,-270380773.124863,-288130003.150856,-273376514.281362,0
India,South Asia (IDA & IBRD),TSA,BN.GSR.GNFS.CD,0,0,0,0,0,0,0,0,0,0,0,0,0,0,0,0,0,0,0,0,0,0,0,0,0,0,0,0,0,0,0,0,0,0,0,0,0,0,0,0,0,0,0,0,0,0,0,0,0,0,0,0,0,0,0,0,0,0,0,0,0,0,0,0,0,0
India,Sub-Saharan Africa (IDA & IBRD countries),TSS,BN.GSR.GNFS.CD,0,0,0,0,0,0,0,0,0,0,0,0,0,0,0,0,0,0,0,0,0,0,0,0,0,0,0,0,0,0,0,0,0,0,0,0,0,0,0,0,0,0,0,0,0,0,0,0,0,0,0,0,0,0,0,0,0,0,0,0,0,0,0,0,0,0
India,Trinidad and Tobago,TTO,BN.GSR.GNFS.CD,0,0,0,0,0,0,0,0,0,0,0,0,0,0,0,434464487.418289,388909301.600329,391458333.496439,151916666.729971,259375000.108075,704500000.29354,665291666.943875,-579958333.574976,-785083333.660453,-114541666.666664,325714285.71429,-172944444.444449,72500000.000005,222595121.951224,346588235.294116,861929411.764698,435058823.529414,586611764.705884,434228746.879922,629543391.165713,688355840.503939,626221277.896071,-236240561.534538,-324468120.999178,392800000,1134900060.01781,921900049.252249,501700000,1607000000,2133958664.5938,4624246809.66517,8025822193.7939,6075060780.6821,9680128922.6859,2622876047.27209,5223027322.1487,7557512519.12247,6187027547.1859,7192195003.68176,5964004073.44222,2407442366.62006,-361238438.597955,1080826556.66377,2426307521.80506,1605385243.95971,-344819601.954503,2906273134.53272,6616106894.29565,2326044037.5886,1022686056.82139,0
India,Tunisia,TUN,BN.GSR.GNFS.CD,0,0,0,0,0,0,0,0,0,0,0,0,0,0,0,0,-426797272.291522,-601468704.048184,-499794756.960291,-376418489.716564,-503760714.905006,-546775460.339592,-777060629.820439,-696852134.713129,-862475864.011196,-533256107.782969,-644812585.599815,-150845488.965652,6994603.4691288,-477183249.42832,-835673624.288424,-630528730.245281,-1223382203.29401,-1379837109.48202,-661358553.051614,-832143801.215966,-372916470.477446,-523551530.039411,-650727787.657248,-455225610.655652,-704757967.437167,-882038628.287445,-892572446.778582,-944539663.033988,-677497055.989727,-132877732.959939,-672789767.28461206,-769417870.358922,-1366482479.6932,-1174131195.49722,-2114643006.84645,-3306190583.30473,-4149839670.91186,-4309090629.31182,-5350552962.13939,-4800815650.28994,-4575068667.46327,-5144900131.22953,-4976206258.68746,-3915823821.02449,-3368429350.47927,-4123466217.67132,-5198966231.99805,-2220904968.59434,-2474537236.01198,0
India,Turkiye,TUR,BN.GSR.GNFS.CD,0,0,0,0,0,0,0,0,0,0,0,0,0,0,-1874000000,-2921000000,-2849000000,-3906000000,-1924000000,-2247000000,-4461000000,-3068000000,-1741000000,-2217000000,-1924000000,-1376000000,-1428000000,-1044000000,2020000000,-162000000,-4482000000,-2126000000,-2269000000,-7340000000,2885000000,-3532000000,-3607000000,-4136000000,-520000000,-2269000000,-10682000000,5773000000,1495000000,-3017000000,-9706000000,-17064000000,-26990000000,-32739000000,-34009000000,-6036000000,-39580000000,-68872000000,-36659000000,-41986000000,-25425000000,-13068000000,-14545000000,-26948000000,-4310000000,25986000000,-22573000000,3517000000,-37098000000,-29014000000,5610000000,0
India,Tuvalu,TUV,BN.GSR.GNFS.CD,0,0,0,0,0,0,0,0,0,0,0,0,0,0,0,0,0,0,0,0,0,0,0,0,0,0,0,0,0,0,0,0,0,0,0,0,0,0,0,0,0,-24766822.7199242,-16697895.4883712,-18394631.3658252,-22032363.2685932,-17585713.0289338,-18457188.2078866,-28357255.7707604,-35437146.7188962,-45172615.6154532,-38186368.7152104,-50283574.6471034,-24618807.9022671,-37364725.4502139,-40102214.9760931,-59835184.2181839,-47120301.4064091,-49723193.4592885,-47705825.7364484,-64233849.7164621,-53857480.2451788,-61216533.6123124,-55155781.6030925,0,0,0
India,Tanzania,TZA,BN.GSR.GNFS.CD,0,0,0,0,0,0,0,0,0,0,0,0,0,0,0,0,-70910344.3799,-165395770.6219,-631608975.6462,-512619232.4115,-636362065.1913,-515482067.327,-617607690.4365,-380425596.8703,-430741061.663,-643817845.3645,-695699688.2128,-831663693.0859,-792540326.9293,-810235027.3725,-935639395.7117,-1024720054.7248,-1100232134.5546,-1256221665.0045,-874960725.2506,-874214415.4253,-794314713.8102,-715155575.4769,-1162345584.8438,-1008601956.5421,-689002427.5332,-442983959.593058,-244160607.074363,-490549900.855539,-842287442.092876,-1233237686.55781,-1667765483.88713,-2172024930.08374,-3096600480.99103,-2403363302.95343,-2684369999.1861,-4637338455.47745,-4002388940.85882,-5057876566.20485,-4934358522.59888,-2374224902.06515,-643404373.610813,-951865241.000374,-2138110389.24611,-745051645.543504,-595245885.422409,-1736406971.61126,-4688288595.63165,-2078437441.89751,0,0
India,Uganda,UGA,BN.GSR.GNFS.CD,0,0,0,0,0,0,0,0,0,0,0,0,0,0,0,0,0,0,0,0,-111700000,-111600000,-150900000,-124800000,55000000,2700000,-72800000,-360200000,-492400000,-547800000,-508500000,-424900000,-483900000,-477790000,-623400000,-825220000,-877470000,-954180000,-1207960000,-728800000,-745400000,-770600374.089807,-845961839.509004,-744677722.270111,-787003913.924608,-812386909.344833,-1262231494.60584,-1507574899.66939,-2260444729.95139,-1874448910.65659,-2710270039.52991,-3161103293.92494,-2810466919.29134,-2469982029.41979,-2869237266.56409,-2583228571.28329,-1670742137.57072,-2135895466.18326,-2795233354.00585,-3623437760.9305,-4587017967.97401,-4388622732.66703,-4963175739.12547,-4349573912.66696,-4916985827.87417,0
India,Ukraine,UKR,BN.GSR.GNFS.CD,0,0,0,0,0,0,0,0,0,0,0,0,0,0,0,0,0,0,0,0,0,0,0,0,0,0,0,0,0,0,0,0,0,0,-1366000000,-1190000000,-1122000000,-1536000000,-1207000000,1821000000,1436000000,535000000,1864000000,1298000000,4980000000,674000000,-3070000000,-8131000000,-14368000000,-1957000000,-3982000000,-10145000000,-14346000000,-15634000000,-4606000000,-2362000000,-6453000000,-8744000000,-11378000000,-12511000000,-2378000000,-2671000000,-25737000000,-37879000000,-39403000000,0
India,Upper middle income,UMC,BN.GSR.GNFS.CD,0,0,0,0,0,0,0,0,0,0,0,0,0,0,0,0,0,0,0,0,0,0,0,0,0,0,0,0,0,0,0,0,0,0,0,0,0,0,0,0,0,0,0,0,0,0,0,0,0,0,0,0,0,0,0,0,0,0,0,0,0,0,0,0,0,0
India,Uruguay,URY,BN.GSR.GNFS.CD,0,0,0,0,0,0,0,0,0,0,0,0,0,0,0,0,0,0,-57300000,-309300000,-617700000,-397300000,-48200000,222400000,222500000,242100000,308260000,153070000,325140000,474370000,499090000,234730000,149720000,-104790000,-236900000,-61500000,-127200000,-168900000,-336600000,-437300000,-533085861.015571,-459485291.013659,201535963.635053,318474094.564127,478265127.68267,392623980.58477,-89902847.809965,157956462.694981,-960800911.803937,520918149.434065,630230268.100273,161119684.099074,1691777409.05075,1003505791.87648,1828336998.16352,2232850552.98894,3064989235.45963,3477944620.1946,3277431074.20025,3778995356.27918,2477123579.38679,4543290260.83859,3915693038.9659,2658958168.67718,4115909038.57029,0
India,United States,USA,BN.GSR.GNFS.CD,0,0,0,0,0,0,0,0,0,0,-610000000,-5040000000,-10120000000,-1140000000,-6400000000,9970000000,-6820000000,-27640000000,-30167000000,-24966700000,-18953000000,-15680000000,-23537000000,-57135000000,-108277000000,-121102000000,-138527000000,-151675000000,-114660000000,-93126000000,-80852000000,-31180000000,-39207100000,-70311000000,-98511000000,-96387000000,-104035000000,-108288000000,-166130000000,-255813000000,-369689000000,-360373000000,-420666000000,-496251000000,-610833000000,-716537000000,-763533000000,-711000000000,-712352000000,-394779000000,-503078000000,-554517000000,-525907000000,-446857000000,-483951000000,-490773000000,-479461000000,-516935000000,-577496000000,-559272000000,-646043000000,-837273000000,-923733000000,-774217000000,-903539000000,0
India,Uzbekistan,UZB,BN.GSR.GNFS.CD,0,0,0,0,0,0,0,0,0,0,0,0,0,0,0,0,0,0,0,0,0,0,0,0,0,0,0,0,0,0,0,0,0,0,0,0,0,0,0,0,0,0,0,0,0,595205560.146499,837251852.549651,894508478.440347,379828829.786654,374334956.985063,-576395001.772031,-1340120395.82829,-3823513481.57155,-3747242960.65554,-3472705968.88593,-2822431854.84856,-3931093288.86307,-4057926979.49276,-9308409952.72889,-9561992395.75121,-8101617547.61802,-11493850298.6675,-14677444945.6623,-17596813629.8676,-17450851224.3599,0
India,St. Vincent and the Grenadines,VCT,BN.GSR.GNFS.CD,0,0,0,0,0,0,0,0,0,0,0,0,0,0,0,0,0,0,-9300000,-19100000,-24500000,-17500000,-25709629.6296296,-19700000,-13500000,-6800000,-9485185.18518519,-22711111.1111111,-11781481.4814815,-31096296.2962963,-22100000,-41507407.4074075,-23722222.2222222,-43440740.7407407,-57814814.8148148,-38200000,-37051851.8518519,-80603703.7037036,-91600000.0000001,-62785185.1851852,-38394526.8069837,-36172026.7591681,-24058810.9886715,-45004853.7048797,-71602020.7723527,-78746865.3164633,-105177947.745311,-155646062.628572,-226198903.262345,-184409499.988412,-190770765.316868,-163357013.412679,-192587256.787243,-199002223.388782,-192848135.192929,-132713776.89863,-136031121.70791,-136166296.303064,-130658082.20300101,-97597349.2592592,-190409127.407407,-289660748.888889,-262540490,-243766482.592593,-215996803.333333,0
India,"Venezuela, RB",VEN,BN.GSR.GNFS.CD,0,0,0,0,0,0,0,0,0,0,541000000,810000000,474000000,1676000000,6596000000,2244000000,278000000,-2984000000,-5366000000,760000000,4838000000,3835000000,-2077000000,6751000000,6885000000,5731000000,-522000000,320000000,-3891000000,4712000000,9355000000,2698000000,-1629000000,90000000,4529000000,3848000000,10501000000,6346000000,-1697000000,3632000000,13411000000,4151000000,10512000000,14113000000,19264000000,27711000000,27585000000,13688000000,33797000000,5726000000,12693000000,26222000000,14688000000,14529000000,12551000000,-8235000000,2874000000,0,0,0,0,0,0,0,0,0
India,British Virgin Islands,VGB,BN.GSR.GNFS.CD,0,0,0,0,0,0,0,0,0,0,0,0,0,0,0,0,0,0,0,0,0,0,0,0,0,0,0,0,0,0,0,0,0,0,0,0,0,0,0,0,0,0,0,0,0,0,0,0,0,0,0,0,0,0,0,0,0,0,0,0,0,0,0,0,0,0
India,Virgin Islands (U.S.),VIR,BN.GSR.GNFS.CD,0,0,0,0,0,0,0,0,0,0,0,0,0,0,0,0,0,0,0,0,0,0,0,0,0,0,0,0,0,0,0,0,0,0,0,0,0,0,0,0,0,0,0,0,0,0,0,0,0,0,0,0,0,0,0,0,0,0,0,0,0,0,0,0,0,0
India,Viet Nam,VNM,BN.GSR.GNFS.CD,0,0,0,0,0,0,0,0,0,0,0,0,0,0,0,0,0,0,0,0,0,0,0,0,0,0,0,0,0,0,0,0,0,0,0,0,-2836000000,-1870000000,-1519000000,425000000,-175000000,-91000000,-1804000000,-3359000000,-3159000000,-2735189000.00001,-2783741800,-11193100000,-13733000000,-10028000000,-7597000000,-3430000000,7446000000,5604000000,8596000000,2609000000,6784000000,6816000000,12860129000,19143247000,20421000000,1799000000,15495000000,35201000000,30711000000,0
India,Vanuatu,VUT,BN.GSR.GNFS.CD,0,0,0,0,0,0,0,0,0,0,0,0,0,0,0,0,0,0,0,0,0,0,-9957643.63491213,-6601745.34487499,3418075.63704551,-15826525.7673025,-23209810.5915705,-22800942.6778373,-20321763.8417647,-23006923.5297882,-29295654.5156621,-20009555.2443791,-5851458.41943811,-8363487.29044152,-4875973.17039097,-4781741.21520321,5336768.92077341,8164449.6839605505,14546712.5967294,-16090216.8066353,9909552.37963154,-11803076.513748,-16192887.3368011,-14952160.1716816,-18154167.4391715,-27947217.5775426,-35285540.6726279,-32673280.3115125,-176882388.727737,7582969.9191203,-42953938.1856355,-54481480.2062565,-42682379.9349224,-25585566.0130448,-37924755.029971,-188079947.52364,-138613520.547657,-137691374.119386,-132854046.768454,-165673595.211765,-305430168.36326,-438311378.111222,-427259838.677444,0,0,0
India,World,WLD,BN.GSR.GNFS.CD,0,0,0,0,0,0,0,0,0,0,0,0,0,0,0,0,0,0,0,0,0,0,0,0,0,0,0,0,0,0,0,0,0,0,0,0,0,0,0,0,0,0,0,0,0,0,0,0,0,0,0,0,0,0,0,0,0,0,0,0,0,0,0,0,0,0
India,Samoa,WSM,BN.GSR.GNFS.CD,0,0,0,0,0,0,0,0,0,0,0,0,0,0,0,0,0,-25277405.8859049,-40769606.7345944,-55279960.5264689,-46067326.1509405,-44706189.5695043,-36220345.2927856,-29732801.7855819,-30859592.9770378,-31230050.6877296,-31376355.2450239,-42526249.9715251,-42832354.1051477,-42022883.530392,-50405834.1408647,-74999301.9734912,-90852387.3400529,-83422765.3088135,-50460798.6352336,-51022797.5276988,-49854337.6742934,-60319492.4795994,-43043921.2758977,-60740380.8370769,0,0,0,0,-90595651.9403411,-114340309.547509,-140365882.622238,-116408869.979354,-142435763.613704,-113917786.440404,-185098263.70905,-217692574.46158,-175518291.675394,-184195478.053126,-190219297.255032,-140183984.453907,-151808671.148169,-131790049.234278,-119464622.757452,-119925332.495852,-260271388.740084,-332236640.082348,-336643753.058206,-214589200.00539,-206077460.085428,0
India,Kosovo,XKX,BN.GSR.GNFS.CD,0,0,0,0,0,0,0,0,0,0,0,0,0,0,0,0,0,0,0,0,0,0,0,0,0,0,0,0,0,0,0,0,0,0,0,0,0,0,0,0,0,0,0,0,-1245676355.21507,-1352154274.85571,-1436521228.20795,-1794549825.15421,-2334268089.79619,-1991888229.9653,-2069194853.74307,-2292999083.86576,-1995451460.27641,-1964452983.3008,-2113818726.68873,-1828854778.5638,-1824923277.65927,-1842030133.35535,-2219858288.70392,-2142138007.1665,-2499807658.92248,-2989299472.76924,-3082019863.88968,-3206829833.26303,0,0
India,"Yemen, Rep.",YEM,BN.GSR.GNFS.CD,0,0,0,0,0,0,0,0,0,0,0,0,0,0,0,0,0,0,0,0,0,0,0,0,0,0,0,0,0,0,0,0,0,0,0,0,0,0,0,0,0,0,0,0,0,830926947.03033,84060000,-1584040000,-1499190000,-2870223439.80882,-1358512505.34227,-323762813.745822,-4310359854.05557,-3460906147.52647,-5813165343.09012,-5830133440.70453,-7317640701.7886,0,0,0,0,0,0,0,0,0
India,South Africa,ZAF,BN.GSR.GNFS.CD,377999848.95126,639799744.336022,743399702.937478,510999795.804481,198799920.559551,-121799951.328739,264599894.265882,47599980.9790469,449399820.419832,89599964.1958549,-632799747.133221,-829604304.769884,518444007.958402,723921400.116414,-190487694.624742,-894814876.328009,-433549999.623,1974549998.283,3045199997.352,5279006137.69559,6358428580.16809,-1503669488.11725,-414507442.485873,3232197150.15388,1297536472.08378,5034126841.97369,5763512365.57824,8502840178.83518,5977051773.05472,5082554542.73237,6143184713.5913,5123806430.0296,5286458564.15008,6102068027.55894,3060676857.04778,1027227364.63049,2192238677.62611,1710207030.30467,1729665352.52922,3459740002.11658,3920384073.99069,4867804949.98357,4362352875.09928,4046566618.60655,-410368408.65194,-633341903.4516,-4634129812.53611,-3999046294.35807,-4930518851.96361,1520940147.43798,4979510585.48025,3577039872.35294,-5624548538.35774,-8513750950.04514,-5763323054.59322,-4456305640.43504,1533892059.15329,4349083220.0379,1986405030.54344,1938862949.73873,15079234261.2037,26351816045.8632,9009915063.9182,3122509192.58848,7811501898.59058,0
India,Zambia,ZMB,BN.GSR.GNFS.CD,0,0,0,0,0,0,0,0,0,0,0,0,0,0,0,0,0,0,-82200000,311300000,-156500000,-500800000,-348400000,-23400000,65500000,39200000,22900000,91500000,271300000,207800000,-536800000,140100000,0,0,0,0,0,-115400000,-332200000,-297200000,-440346600,-564731600,-474321000,-544413000,-97934000,254704736.506342,1397247573.82847,781610499.437952,242684693.993283,815291850.985746,2456328690.62676,1871775832.89178,1251408783.64499,589795131.520804,831835103.423319,-645149166.648263,-511897651.362031,350869419.130876,-210418903.757477,222169787.657448,2692282687.97675,4036755514.81567,2421779088.79185,599476624.762461,0,0
India,Zimbabwe,ZWE,BN.GSR.GNFS.CD,0,0,0,0,0,0,0,0,0,0,0,0,0,0,0,0,0,68037617.7114352,108917284.712096,16458555.9559713,-119171131.044877,-483750165.97115,-415326544.080626,-201487892.095082,-33826575.3746349,33737234.4487859,164004879.021809,195525602.453514,280350906.78403,159798573.049641,11314892.3396039,-305484076.768716,-609645413.816023,-69506441.1774695,-170672367.246172,0,0,0,0,0,0,0,0,0,0,0,0,0,0,-1788395612.17584,-2906785439.76514,-4402366967.13923,-4081524864.29304,-4226654734.40717,-3872564257.26463,-3250612626.77115,-2129620999.58694,-1581086032.20988,-2464035915.605,-131430452.855318,-226006542.947893,-1529047176.81581,-2115076198.18564,-2690324727.51443,0,0
Ireland,Aruba,ABW,BN.GSR.GNFS.CD,0,0,0,0,0,0,0,0,0,0,0,0,0,0,0,0,0,0,0,0,0,0,0,0,0,0,-14581005.5865922,-7430167.59776518,-26312849.1620111,-38770949.7206703,-149273743.01676,-199217877.094972,33854748.603352,42849162.011173,85027932.9608939,-25586592.178771,-53631284.916201,-167541899.44134,-14357541.899441,-339905027.932961,309776536.312849,430458100.558658,-137737430.167598,-24379888.2681564,453525139.664804,716110922.86535,546729298.500314,766368715.083801,247765363.128491,344357541.899441,-248938547.486035,101005586.592178,281620111.731844,-102680590.451313,39400255.790602,308640824.100133,333530343.29187,267547883.876194,287147825.572271,321664233.500011,-200488449.87514701,253587682.830592,423839378.911453,587859510.230008,0,0
Ireland,Africa Eastern and Southern,AFE,BN.GSR.GNFS.CD,0,0,0,0,0,0,0,0,0,0,0,0,0,0,0,0,0,0,0,0,0,0,0,0,0,0,0,0,0,0,0,0,0,0,0,0,0,0,0,0,0,0,0,0,0,0,0,0,0,0,0,0,0,0,0,0,0,0,0,0,0,0,0,0,0,0
Ireland,Afghanistan,AFG,BN.GSR.GNFS.CD,0,0,0,0,0,0,0,0,0,0,0,0,0,0,0,0,0,0,0,-205100000,-176800000,-337700000,-212700000,-263000000,-579800000,-407500000,-793800000,-486500000,-328400000,-466400000,0,0,0,0,0,0,0,0,0,0,0,0,0,0,0,0,0,0,-1877652994.15051,-1956521857.76781,-3205300950.54898,-4149500356.09605,-7442378553.20737,-8671425447.58479,-6261263543.711,-7044964161.23314,-6191463867.40496,-6803560118.47488,-6378166942.37589,-5855061056.02892,-5506547001.36988,0,0,0,0,0
Ireland,Africa Western and Central,AFW,BN.GSR.GNFS.CD,0,0,0,0,0,0,0,0,0,0,0,0,0,0,0,0,0,0,0,0,0,0,0,0,0,0,0,0,0,0,0,0,0,0,0,0,0,0,0,0,0,0,0,0,0,0,0,0,0,0,0,0,0,0,0,0,0,0,0,0,0,0,0,0,0,0
Ireland,Angola,AGO,BN.GSR.GNFS.CD,0,0,0,0,0,0,0,0,0,0,0,0,0,0,0,0,0,0,0,0,0,0,0,0,0,388000000,-211000000,689000000,114000000,651000000,606900000,434300000,-54757000,-18200000,149800000,316690000,898908000,-57120000,-1049830000,-394130000,2449010000,39510000,1452563748.26,908005425.5,3163257044.7,9142016030.83224,17057651830.29,18402195771.95,21121860427.389,-378203335.81,16030508137.59,24144210612.8378,26025090817.047,20169149501.7639,7313313527.45261,-3531471369.03048,2642737292.90861,7341498049.76021,15501535712.0518,12880814227.1861,5858757656.16661,14829788600.5572,21556000869.8593,13272713526.9466,14241387649.6525,0
Ireland,Albania,ALB,BN.GSR.GNFS.CD,0,0,0,0,0,0,0,0,0,0,0,0,0,0,0,0,0,0,0,0,6700000,27400000,-86700000,-50900000,-37800000,-43500000,-9000000,-2100000,-34300000,-49800000,-131400000,-232200000,-539300000,-574200000,-513100000,-532500000,-738500000,-586432500,-646330000,-556700000,-795800000,-936900000,-1160330000,-1419161205.65833,-1642928988.60121,-2039576837.24939,-2203548908.04487,-2879743004.28052,-3446126996.47815,-2967394172.50194,-2456390642.37229,-2932716632.8208,-2296761241.42573,-2308765606.46251,-2506992157.87102,-1966180769.23214,-2001510213.2648,-1978658722.18737,-2069586882.26658,-2103429046.38418,-2210461795.58811,-2392168078.17823,-1959879935.13069,-1275078200.87066,-1848064175.32253,0
Ireland,Andorra,AND,BN.GSR.GNFS.CD,0,0,0,0,0,0,0,0,0,0,0,0,0,0,0,0,0,0,0,0,0,0,0,0,0,0,0,0,0,0,0,0,0,0,0,0,0,0,0,0,0,0,0,0,0,0,0,0,0,0,0,0,0,0,0,0,0,0,0,302799704.869729,114551911.225631,302952018.272698,296200061.152847,452742525.188009,645187655.156501,0
Ireland,Arab World,ARB,BN.GSR.GNFS.CD,0,0,0,0,0,0,0,0,0,0,0,0,0,0,0,0,0,0,0,0,0,0,0,0,0,0,0,0,0,0,0,0,0,0,0,0,0,0,0,0,0,0,0,0,0,0,0,0,0,0,0,0,0,0,0,0,0,0,0,0,0,0,0,0,0,0
Ireland,United Arab Emirates,ARE,BN.GSR.GNFS.CD,0,0,0,0,0,0,0,0,0,0,0,0,0,0,0,0,0,0,0,0,0,0,0,0,0,0,0,0,0,0,0,0,0,0,0,0,0,0,0,0,0,0,0,0,0,0,0,0,0,0,0,0,0,0,0,0,0,0,0,0,0,0,0,0,0,0
Ireland,Argentina,ARG,BN.GSR.GNFS.CD,0,0,0,0,0,0,0,0,0,0,0,0,0,0,0,0,1125000000,1836000000,2456000000,337000000,-3285000000,-1006000000,2320000000,2947000000,3204000000,4342000000,1543000000,245000000,3555000000,5109000000,7954000000,2820000000,-3953300000,-5689240000,-7917900000,-1078685000,-1787449423.72519,-6507815237.43071,-7541547974.1887,-4905758055.83513,-1831883471.95655,3521810643.66417,15717280000,15611500000,11933610000,12095220000,13266642573.1593,12570579976.2887,13340936973.2968,16652818510.3957,12343520648.5783,9198443049.71353,10943688062.5681,-693680874.42887,900177659.49876,-6600221085.86428,-4035498243.93579,-15142501699.7645,-9678495464.2347,13390550040.8824,12094415410.6255,14995374116.8722,5641696321.91141,-8863234392.09042,16653910437.86,0
Ireland,Armenia,ARM,BN.GSR.GNFS.CD,0,0,0,0,0,0,0,0,0,0,0,0,0,0,0,0,0,0,0,0,0,0,0,0,0,0,0,0,0,0,0,0,0,-129559250,-214245682.638889,-445631021.254785,-536868690.108658,-641500248.798067,-641619876.597845,-517560894.321732,-531776959.196634,-521259827.233028,-459464455.002652,-547927151.231746,-645186306.791906,-782593642.472682,-1035254569.32817,-1906845403.33537,-3127485895.91526,-2366282262.46614,-2326489846.17148,-2175629987.68525,-2214007063.77409,-2321776645.52881,-2168908139.47845,-1281494851.04737,-905845561.903669,-1243550763.88083,-1752742382.16506,-1817137352.77571,-1257660276.69423,-1115247228.47482,-99882952.469307,-343467608.646185,-731711963.45304,0
Ireland,American Samoa,ASM,BN.GSR.GNFS.CD,0,0,0,0,0,0,0,0,0,0,0,0,0,0,0,0,0,0,0,0,0,0,0,0,0,0,0,0,0,0,0,0,0,0,0,0,0,0,0,0,0,0,0,0,0,0,0,0,0,0,0,0,0,0,0,0,0,0,0,0,0,0,0,0,0,0
Ireland,Antigua and Barbuda,ATG,BN.GSR.GNFS.CD,0,0,0,0,0,0,0,0,0,0,0,0,0,0,0,0,0,-12200000,-7000000,-27800000,-27700000,-41100000,-47300000,-18700000,-13500000,-34600000,-87644444.4444444,-76159259.2592592,-18274074.0740741,-47974074.0740741,4740740.7407408,-25925.9259259,20914814.8148148,40666666.6666667,14533333.3333333,-37318518.5185185,-64844444.4444444,-35000000,-24022222.2222222,-56490324.8148148,-6012592.9637029,-13552876.9937656,-3034962.3926737,1525354.2217845,20885677.5701807,-29047582.4859741,-152230004.995011,-298009513.252515,-208280062.838722,-62613571.441963,-23228841.8088001,51553067.5686629,21514922.5921703,1808195.2032334,102251479.635163,162974827.103107,119501331.857293,17926577.9791885,-96960107.3873333,12635215.1851851,-158703865.185185,-162149453.333333,-116129320.740741,-87957672.2222221,31318768.5185182,0
Ireland,Australia,AUS,BN.GSR.GNFS.CD,0,0,0,0,0,0,0,0,0,0,0,0,0,0,0,0,0,0,0,0,0,0,0,0,0,0,0,0,0,-7654223703.63626,-3259469531.92839,956062277.31035,-595971586.92051,-1312259379.40025,-4713416475.31885,-5240428241.26407,-533267382.68758,1646368836.22285,-6467569673.68318,-10082425326.5389,-4278715479.84175,2098010276.45843,-4719220380.96603,-14416671532.8361,-19188702454.739,-14812982446.7779,-12739769551.3515,-22880495663.2295,-12412041447.686,-8745692016.93027,6038557388.26251,13124139505.3401,-24017679329.5257,-9513266324.06121,-8959866226.01984,-28773630265.3472,-12915729462.2999,3124230284.15272,11002049820.2101,41304937027.1212,43039657134.7927,81929277275.5779,86008712990.8508,59296317893.4892,18922906572.3118,0
Ireland,Austria,AUT,BN.GSR.GNFS.CD,0,0,0,0,0,0,0,0,0,0,0,0,0,0,0,0,0,0,0,0,0,0,0,0,0,0,0,0,0,0,0,0,0,0,0,0,0,0,0,0,0,0,0,0,0,10094027381.9188,13594759429.9566,18758629627.5828,20361565740.6298,14219475612.9926,12134112745.743,9636411469.57515,9742491014.22152,11561229856.2545,14193852265.852,13558003183.9385,14270103560.1123,12156728045.6645,13361198807.8664,15502338073.3493,14078374655.3192,3788251302.88608,-2519474101.89408,10221561709.0208,14898841398.1242,0
Ireland,Azerbaijan,AZE,BN.GSR.GNFS.CD,0,0,0,0,0,0,0,0,0,0,0,0,0,0,0,0,0,0,0,0,0,0,0,0,0,0,0,0,0,0,0,0,0,0,0,-505362000,-985550000,-951065000,-1415241000,-636487000,94589000,238833000,-454039000,-1712980000,-2077108000,1329081000,5821918000,13093253000,20668404000,12972340000,17998383000,21331439000,19292808000,16419226000,12838097000,1583558000,1051820000,2735430000,7703178030.41765,5745749526.72636,-417799456.700004,9062113327.4647,25999657000,10470915000,6774099000,0
Ireland,Burundi,BDI,BN.GSR.GNFS.CD,0,0,0,0,0,0,0,0,0,0,0,0,0,0,0,0,0,0,0,0,0,0,0,0,0,-112212410.645103,-127308943.522808,-180999564.32775,-144656148.723245,-135460084.033613,-228796850.707885,-218623410.40635,-224685553.713506,-199172089.957987,-170939494.384802,-129557670.940813,-87449352.5940279,-38087890.6203808,-96351255.0272744,-62747787.5124764,-97459551.7155253,-102096055.494448,-108960828.150083,-130484103.37884,-167796711.78127,-227398384.118993,-353763311.310568,-346620952.658039,-441272619.548802,-401314957.509576,-426014308.367945,-529656985.319385,-701167872.395645,-692692720.521686,-716976390.368953,-667274263.667495,-546564205.042517,-610565662.043586,-604282176.760059,-716523718.865391,-754497655.865512,-863533501.280828,-1086244584.16618,-1054714258.17668,0,0
Ireland,Belgium,BEL,BN.GSR.GNFS.CD,0,0,0,0,0,0,0,0,0,0,0,0,0,0,0,0,0,0,0,0,0,0,0,0,0,0,0,0,0,0,0,0,0,0,0,0,0,0,0,0,0,0,11486152063.3972,10699409811.9195,12289290919.4444,8640514958.88791,9137273954.1724,6389429629.91387,-6650395742.44394,5467491069.59099,5149628648.6292,-5407721282.72453,-5232743023.66307,-272882804.5013,795668538.63,6502990902.5913,5685017502.0098,5262605954.4028,-1650684747.967,2506542714.6913,7602144462.6946,11377868174.4586,-7959654595.2787,-3916912629.7933,-5568857934.6864,0
Ireland,Benin,BEN,BN.GSR.GNFS.CD,0,0,0,0,0,0,0,0,0,0,0,0,0,0,-73899688.6706193,-119288199.447148,-152855929.894744,-165170350.740429,-206021682.538179,-207604638.226326,-194590526.846303,-214619984.004976,-464769001.641305,-196320303.9044,-102579966.183068,-102167335.858185,-141204638.725731,-145406600.950012,-153359318.98824,-81247729.4214812,-90092810.6946714,-343430086.16516,-245575041.673662,-196400598.194143,-92834949.7100857,-280430214.213829,-94660482.747005,-209202342.599654,-207407122.539361,-252271524.301984,-179800852.890673,-224504079.56376,-289044784.417194,-360314549.72843,-345598627.142502,-372865589.105196,-445824226.265186,-755034562.024593,-772629973.066784,-791331499.717446,-632495208.400364,-643106427.180873,-710646157.284974,-858674454.319657,-1118728506.04463,-756800485.387488,-526019054.88671,-703516906.141111,-821046408.892628,-721667297.10396,-435724020.28352,-771728221.053792,-1024472573.58803,-1678118172.23451,0,0
Ireland,Burkina Faso,BFA,BN.GSR.GNFS.CD,0,0,0,0,0,0,0,0,0,0,0,0,0,0,0,0,0,0,0,0,0,0,0,0,0,0,0,0,0,0,0,0,0,0,0,0,0,0,0,0,0,0,0,0,0,-848815365.869128,-783537369.711016,-962174168.309755,-1374291352.15085,-892372674.527804,-668275736.493909,-697939435.893794,-585796272.56317,-1595943794.91939,-1117573282.68797,-1017344551.96401,-796037006.753357,-898228429.050722,-655586698.761391,-555481963.435646,576815704.724121,398785467.835309,-947074533.776167,-922317582.491916,0,0
Ireland,Bangladesh,BGD,BN.GSR.GNFS.CD,0,0,0,0,0,0,0,0,0,0,0,0,0,0,0,0,-480606264.950485,-663369889.01433,-942478540.688586,-1309762900.9952,-1829305681.98229,-1896655282.54027,-1674191270.82786,-1395938726.16493,-1678795062.44922,-1527027397.33888,-1708694420.02741,-1615000802.4229,-1778862048.53991,-2387325689.49489,-1895840930.87395,-1650022838.99286,-1561350613.08649,-1515339352.99061,-1851345900.48272,-3157115126.18329,-2836515602.01405,-2307212151.30024,-2087438608.91848,-2696292969.48389,-2458878888.10143,-2817985657.31352,-2234843547.53366,-3141653816.41339,-3854880482.14049,-4156759716.05123,-3896303860.1296,-5462928581.36726,-7672641808.74828,-6025299151.95922,-7816344792.83922,-10888026891.2585,-10157899098.9677,-9933198074.62348,-12119389611.999,-10606498175.2763,-10505302542.1777,-17594487835.4604,-21457169885.0705,-19272605860.5841,-18300384906.6327,-36008206263.1851,-33568494214.0902,-14287605601.138,-21150872014.0134,0
Ireland,Bulgaria,BGR,BN.GSR.GNFS.CD,0,0,0,0,0,0,0,0,0,0,0,0,0,0,0,0,0,0,0,0,1308000000,293000000,287000000,55000000,514000000,-112000000,-856000000,-514000000,-76000000,-254000000,-1077000000,-117900000,-307200000,-943400000,-6000000,274500000,307700000,546700000,-8020423.355652,-766710358.940426,-669989777.212585,-1327927121.52239,-1209902300.43731,-2061604764.8916,-2896945990.97014,-4449983421.99429,-5844352050.21159,-8945175667.26605,-10620241928.2913,-3922786473.94819,-1627160000,170110000,-1886240000,-385580000,146260000,473170000,2699850000,2647390000,1710320000,2280790000,1747790000,2125980000,984280000,4257410000,2631660000,0
Ireland,Bahrain,BHR,BN.GSR.GNFS.CD,0,0,0,0,0,0,0,0,0,0,0,0,0,0,0,90012642.4526233,-33872670.022997,-28560596.5589803,40004817.8877582,348254470.146654,304774346.064674,368617022.25696,364920213.73649,51063829.9230428,331117021.643526,523670212.765958,472074468.085106,325797872.340426,449734042.553192,264095744.680851,120478723.404255,-490425531.914894,-588031914.893617,177127664.67788,316489391.162576,675266009.827816,718617083.391104,607180907.583329,44414898.0466977,1052961957.63309,2044070281.64894,1811550028.19149,1332161989.80497,1775601799.20213,2166297712.58864,3109957700.70922,4103227902.39362,4688031914.89362,4955053191.48936,4350797872.34043,4784840425.53192,9061702127.65957,5659840425.53192,5771542553.1915,5520212765.95745,3351063829.78723,2694148936.17021,2855585106.38298,2910372340.42554,4356382978.7234,1952393617.02128,7657180851.06383,11513031914.8936,7970212765.95744,8259042553.19148,0
Ireland,"Bahamas, The",BHS,BN.GSR.GNFS.CD,0,0,0,0,0,0,0,0,0,0,0,0,0,0,0,0,140700000,122900000,142700000,92500000,58600000,12300000,10400000,28100000,61300000,175400000,205400000,130400000,111900000,41500000,130600000,-12000000,106400000,153260000,68100000,-28100000,-151700000,-358800000,-832100000,-403400000,-570760000,-556100000,-281323042.557,-369790000,-416580000,-603804537.741,-1237750000,-1135298058.99422,-1112196412.431,-670319000,-576589000,-930926000,-1247731400,-1168058000,-1513316594.86294,-815857514.44974,-585952462.183125,-1158779778.81241,-364418785.555463,324221272.858005,-1722379433.88589,-1617321175.32263,-417261475.674218,-262192794.037693,-297869650.248138,0
Ireland,Bosnia and Herzegovina,BIH,BN.GSR.GNFS.CD,0,0,0,0,0,0,0,0,0,0,0,0,0,0,0,0,0,0,0,0,0,0,0,0,0,0,0,0,0,0,0,0,0,0,0,0,0,0,-2925389370.83722,-3117889819.77411,-2577518132.81806,-2730065298.51948,-3120639139.59946,-3821941979.2465,-4138362133.57751,-4345529639.45764,-3624941968.5814,-4662020359.93845,-6229877854.77118,-4194259998.58544,-3699616132.55731,-4434962079.82806,-4035721592.83707,-3724521863.46057,-4198572495.40221,-2961519174.21344,-2810928851.09672,-2940154629.0582,-2963549337.95131,-2957316131.70518,-2706264703.82631,-2622901991.03197,-3328380284.60602,-3248180035.83962,-3970065947.91047,0
Ireland,Belarus,BLR,BN.GSR.GNFS.CD,0,0,0,0,0,0,0,0,0,0,0,0,0,0,0,0,0,0,0,0,0,0,0,0,0,0,0,0,0,0,0,0,0,-479800000,-437700000,-483300000,-576400000,-853000000,-1019200000,-255500000,-567100000,-633700000,-473400000,-692400000,-1493900000,341600000,-1492100000,-2810400000,-4646800000,-5597200000,-7481800000,-1188200000,2863199999.99999,-2300600000,-444100000,132400000,-8800000,100100000,929100000,-403000000,1947600000,3950314056.96,4686035287.81,338775604.64,-1444692071.7,0
Ireland,Belize,BLZ,BN.GSR.GNFS.CD,0,0,0,0,0,0,0,0,0,0,0,0,0,0,0,0,0,0,0,0,0,0,0,0,-17100000,-13100000,-13050000,-14100000,-20750000,-40750000,-3850000,-43000000,-42900000,-60500000,-42201500,-28143500,-11710000,-43315000,-63297500,-70653468.46,-166561465.90375,-162844254.468061,-141161220.765321,-135689422.722701,-84088082.0113377,-88005496.071037,25931934.0018133,13477104.0825889,-91248702.9103413,-53959075.1280521,19961433.0748313,-5491301.2052109,9363001.6298624,-27570992.447436,-67121775.1502315,-148978201.23580801,-163283832.513023,-56978145.601239,-83794802.70071,-100716723.794308,-187195108.458476,-206457407.047168,-204514136.129337,-37145635.6283785,-83824398.137295,0
Ireland,Bermuda,BMU,BN.GSR.GNFS.CD,0,0,0,0,0,0,0,0,0,0,0,0,0,0,0,0,0,0,0,0,0,0,0,0,0,0,0,0,0,0,0,0,0,0,0,0,0,0,0,0,0,0,0,0,0,0,-338490000,-650029970.091134,-712497097.004796,-693118178.729979,-585289486.165294,-326799752.461443,-399084688.584863,-515927552.12556,-605016880.405959,-568413579.362972,-610483019.836141,-649147240.362098,-611553069.983311,-618767800.17432,-696022076.187566,-789315041.099342,-809905535.635797,-701163187.467629,0,0
Ireland,Bolivia,BOL,BN.GSR.GNFS.CD,0,0,0,0,0,0,0,0,0,0,0,0,0,0,0,0,-36000000,-65800000,-244600000,-265900000,197200000,-142100000,192300000,117500000,152200000,11000000,-175700000,-266300000,-174900000,-160900000,-109500000,-198100000,-578800000,-536500000,-171700000,-340100000,-418490000,-648500000,-844800000,-678100000,-607815903.97,-458745530.02828,-516682880.93811,-86907789.367575,231061237.172873,414848470.908809,892459631.560589,814530371.934917,1244957796.03459,274170000,681407338.7748,345773475.203279,2339083705.3513,1691971936.9631,1082959462.10384,-1979737198.24535,-2514014188.13787,-2173220117.97295,-1992410887.07075,-1686182613.50533,-624744932.577178,1418181475.78692,1217953798.72786,-1085476480.35164,-1427136381.29981,0
Ireland,Brazil,BRA,BN.GSR.GNFS.CD,0,0,0,0,0,0,0,0,0,0,0,0,0,0,0,-4994000000,-3971000000,-1686000000,-2882000000,-5041000000,-5957000000,-1688000000,-2810000000,4062000000,11337000000,10762000000,5731000000,8794000000,16145000000,13327000000,6986000000,6687000000,11897000000,8739000000,5515000000,-10652000000,-13512000000,-19380594698.5763,-18610746032.7427,-9991935231.31036,-10570608610.0643,-7220433515.30619,5921177448.69253,17461618605.616,25829510957.0654,33674229216.4115,33452513822.936,22217254175.7016,1980084511.86791,2316649166.28788,-19368906955.83,-16829708574.575,-31639635804.95,-54583362068.38,-63791507501.575,-28224926938.445,7888268360.8,15770565742.07,5020740727.415,-8913681707.435,11006501378.435,15355119391.01,10631648818.77,48997429682.235,10860692005.12,0
Ireland,Barbados,BRB,BN.GSR.GNFS.CD,0,0,0,0,0,0,0,-23363546.4473362,-29815381.1020923,-45133583.3528332,-51712124.6759439,-47572138.2663624,-51421819.5630711,-56939753.5519686,-64909100.7508751,-52869417.4777504,-73740087.325,-62946316.7,-43413348.3,-68091566.635,-85454457.5,-156907055,-92430845,-90116417.5,-20411335,20984117.5,45968981.9294945,26750785.047862,81865712.6807956,59103428.0598285,20105969.402965,11731183.079585,158203259.196937,138420342.432369,189562661.109446,70400073.5489945,199454491.638673,-37846500.2093395,-58703765.3219385,-89379642.1910565,-54043855.6815411,-53106203.21171,-70241385.9001929,-111609970.789287,-286541342.316748,-258976337.096995,-63175419.2618752,-82551497.7587099,-194010698.48884,-79742008.0045355,-99336415.1264348,-101831734.53244,-122685030.092565,-63011759.6557801,32195367.75406,115142644.281685,171899877.501825,15071255.5452452,0,0,0,0,0,0,0,0
Ireland,Brunei Darussalam,BRN,BN.GSR.GNFS.CD,0,0,0,0,0,0,0,0,0,0,0,0,0,0,0,0,0,0,0,0,0,0,0,0,0,0,0,0,0,0,0,0,0,0,0,0,0,0,0,0,0,1989059787.25675,1779007179.21169,2568584409.5717,3199787455.8062,4335140927.97401,5569590895.58787,5196313757.02077,7304766748.18525,4370174427.09202,5424417631.9042,7303248266.46829,6609154195.79177,4557118830.5744,5813453718.26044,1903397568.72309,1039098776.80807,1705234270.82597,1359241663.74238,1021907895.20701,503987342.563082,1971217783.42695,4305796750.51132,2495993793.47065,2372398524.64068,0
Ireland,Bhutan,BTN,BN.GSR.GNFS.CD,0,0,0,0,0,0,0,0,0,0,0,0,0,0,0,0,0,0,0,0,0,0,0,0,0,0,0,0,0,0,0,0,0,0,0,0,0,0,0,0,0,0,0,0,0,0,-135666508.275048,50402524.6251132,-112000942.938711,-107898255.761345,-344757300.899123,-558990156.79171,-478829661.216349,-433041928.515847,-459214963.248015,-496734660.340354,-594968891.454513,-518571545.318266,-462859072.853854,-452196090.39644,-401795399.42642,-287001900.563872,-789981472.512696,-902301816.68712,-568591172.254581,0
Ireland,Botswana,BWA,BN.GSR.GNFS.CD,0,0,0,0,0,0,0,0,0,0,0,0,0,0,0,-84380460.0777117,-42090010.5709061,-73281420.1392245,-123044302.134794,-93864262.9841853,-173051561.868251,-400483624.391318,-198317730.999057,-71381307.359265,11244839.70046,179652049.010063,189128650.337643,704432208.996844,353551580.113065,517101258.425312,18006243.0600944,94531112.1627386,16447641.2802616,132476295.616108,384222050.918828,370895868.754373,569169393.307054,664882047.498742,-190025982.753887,597855038.450704,679374829.037563,604634492.20366,756116707.382116,955465957.303522,826929861.875511,1825358096.44794,1932753983.84303,1279865881.8668,-292092928.697593,-1262773518.87742,-1300748908.36186,-1019051881.27161,-2393567414.34267,-431507246.341567,474712194.042951,-909033269.203554,1308031982.08468,623187923.396331,169943118.054827,-1467064804.5948,-2796625701.36763,-1405435073.4656,198996111.478663,-709996600.792439,-2558995698.98222,0
Ireland,Central African Republic,CAF,BN.GSR.GNFS.CD,0,0,0,0,0,0,0,0,0,0,0,0,0,0,0,0,0,-46267561.469392,-62639631.8063489,-88989534.0252786,-126405983.520643,-67231819.6091651,-90147402.1163416,-82119625.0562135,-77225049.1685395,-97955993.8223748,-157155853.947018,-155355473.646591,-134132076.258033,-116783795.468032,-190527759.354211,-139202546.175899,-180730947.707285,-108312334.398684,-65381291.4120434,0,0,0,0,0,0,0,0,0,0,0,0,0,0,0,0,0,0,0,0,0,0,0,0,0,0,0,0,0,0,0
Ireland,Canada,CAN,BN.GSR.GNFS.CD,-506965097.119612,-212120980.730522,-95384130.624448,309278759.858606,563628154.482249,-72914365.29116,14746027.033359,659237891.668527,863477545.351366,91577097.885006,2225305803.45783,1599649051.68283,998715623.641446,1798485347.07658,188806815.456828,-3075889125.97873,-1515997270.58041,-510403180.723825,666682553.677133,1184242918.34056,4717395080.82998,2361388870.09483,12130845692.3911,11082294016.2113,12377075316.1164,8477603565.87651,3697836184.17817,5199682303.13484,4077707643.07544,363564038.84548,1115963784.24021,-3204750443.16358,-2261089319.66952,63206950.53321,6647801661.67287,18904083589.1696,24629288042.4509,12429974698.0679,12048309635.2646,24096639864.5943,41604373750.7723,41819090368.6475,32839901425.9662,34073822805.147,44846759262.6836,45678110612.9024,35204360382.2795,30611671625.0844,28144247478.8098,-20294599835.7533,-30874997989.8313,-21682664821.6812,-34518334882.5215,-28982082930.2643,-16320998998.6071,-38583775871.449,-36241676908.6053,-36237673595.1705,-33732774271.5123,-25538102775.714,-36499244170.9958,2027310252.3313,12724832765.5058,1355284940.1316,-5947032089.6962,0
Ireland,Central Europe and the Baltics,CEB,BN.GSR.GNFS.CD,0,0,0,0,0,0,0,0,0,0,0,0,0,0,0,0,0,0,0,0,0,0,0,0,0,0,0,0,0,0,0,0,0,0,0,0,0,0,0,0,0,0,0,0,0,0,0,0,0,0,0,0,0,0,0,0,0,0,0,0,0,0,0,0,0,0
Ireland,Switzerland,CHE,BN.GSR.GNFS.CD,0,0,0,0,0,0,0,0,0,0,0,0,0,0,0,0,0,47430340.003061,-256707815.686031,-3180321456.38463,-3247581863.0006,-264224100.776275,-972774618.862203,-2215667515.86451,2012186039.6817,1891641654.37249,-12229582.6203,1018648396.41673,1692749265.35913,1758821461.86409,644418982.71735,4234403965.62043,9072204292.60039,11646322343.4134,13329165729.8699,14403419962.3246,12583959676.7016,14061341027.5182,12697634856.9753,15727670908.0436,12886665395.9725,11072088900.1949,16655365716.5224,18415553584.6914,28841850853.9883,21573539773.2025,29059214083.0142,44083170196.1085,52986310349.9128,32328344852.1281,54667613649.7312,46724214461.4352,55586080042.0105,65660095247.1844,68818322759.5168,66082559477.8815,62479254234.7253,57803788876.0292,70986209886.5496,65101059420.3423,44167555302.1223,97331329893.6191,110735663685.71,97823988600.2379,92504654755.0903,0
Ireland,Channel Islands,CHI,BN.GSR.GNFS.CD,0,0,0,0,0,0,0,0,0,0,0,0,0,0,0,0,0,0,0,0,0,0,0,0,0,0,0,0,0,0,0,0,0,0,0,0,0,0,0,0,0,0,0,0,0,0,0,0,0,0,0,0,0,0,0,0,0,0,0,0,0,0,0,0,0,0
Ireland,Chile,CHL,BN.GSR.GNFS.CD,0,0,0,0,0,0,0,0,0,0,0,0,0,0,0,-217000000,425000000,-282000000,-696000000,-618000000,-1084000000,-3285000000,-411000000,547000000,-181000000,495720000,627760000,854900000,1519300000,1022540000,1055290000,1518700000,546000000,-1215700000,581000000,1056900000,-1072625133.10716,-1563380808.39716,-2492077323.14361,1689973427.38374,1400054677.54859,999286551.135342,1684100883.03244,3476680180.01817,9459076625.42752,10240622954.4733,21620045741.3327,22855567968.2503,4338523547.95303,13216148168.533,13346978494.573,7340657002.24282,-1247185765.84247,-2565312820.76856,1074236550.73082,-1995119986.58649,-527947370.65117,1879849955.36792,-2932905994.96045,-5068925698.04108,11444340118.7684,-2188473339.12558,-11889803020.7973,3173652281.8482,11883616133.4495,0
Ireland,China,CHN,BN.GSR.GNFS.CD,0,0,0,0,0,0,0,0,0,0,0,0,0,0,0,0,0,0,0,0,0,0,4737000000,2475000000,-32000000,-12592000000,-7589000000,291000000,-4060000000,-4927000000,10668000000,11601000000,4998000000,-11497000000,7611000000,11957590000,17551000000,42824000000,43837000000,30641000000,28873534000,28084000000,37383087664.0194,35821129066.2935,51174382539.95,124626797517.211,208918924500.594,308036028783.355,348832533153.935,220130401366.78,223023871712.8,181903738912.673,231844876748.002,235379561604.116,221299246947.272,357870764281.273,255737088242.15,217009899933.948,87905148451.8738,131844297312.037,358572608160.02,461494292759.35,577608939732.6,385575471624.67,538958018243.69,0
Ireland,Cote d'Ivoire,CIV,BN.GSR.GNFS.CD,0,0,0,0,0,0,0,0,0,0,0,0,0,0,0,0,0,0,0,0,0,0,0,0,0,0,0,0,0,0,0,0,0,0,0,0,0,0,0,0,0,0,0,0,0,1155710678.41921,1722065222.54821,1015050790.41156,1692905339.96574,2664128022.97647,1819629955.65215,4189664129.02339,1120544664.93026,707897344.175182,1715287927.95265,1150470393.15493,1077209216.00129,1006914481.60206,-98663780.321817,910074933.641272,571594163.037732,39662854.479859,-2737601348.32923,-5526680153.57348,0,0
Ireland,Cameroon,CMR,BN.GSR.GNFS.CD,0,0,0,0,0,0,0,0,0,0,0,0,0,0,0,0,0,-83441982.064092,-113269825.89107,-29898226.9625343,-278635573.065498,-291979449.766881,-184415237.087746,-135015968.719591,183061631.193441,52953396.9513335,-34391559.2479233,-387174189.623418,178010129.488646,160340655.970738,32358205.650433,133920860.568513,392796451.212978,152244693.052732,239569299.468758,432616810.541029,213784342.578024,102706262.893823,84013816.2756614,129641681.6232,166680893.243151,-101773122.288516,-113275626.005973,-309280386.332771,-147949693.028894,-111463381.452432,211905761.747833,340882795.552685,-721538049.562034,-923875560.310761,-764428832.098244,-704021151.242304,-774502185.590695,-817386648.821177,-1077752101.69413,-1053768053.17936,-828668887.093496,-722600965.382012,-1121429117.89738,-1354599058.98692,-1088012800.04402,-1578554437.52904,-1117636380.02892,-1941018172.74006,0,0
Ireland,"Congo, Dem. Rep.",COD,BN.GSR.GNFS.CD,0,0,0,0,0,0,0,0,0,0,0,0,0,0,0,0,0,0,0,0,0,0,0,0,0,0,0,0,0,0,0,0,0,0,0,0,0,0,0,0,0,0,0,0,0,-1113600000,-659800000,-334500000,-1127400000,-1745200000,-1838700000,-1593602281.098,-1977754098.94109,-1494674269.45556,-3152502304.65964,-2308129161.18307,-2224819933.85017,-1406377021.27447,-1692788394.90944,-1718517789.29973,-624339925.79474,160710271.919867,-2945395688.07329,-4030194363.49794,-1893913072.0914,0
Ireland,"Congo, Rep.",COG,BN.GSR.GNFS.CD,0,0,0,0,0,0,0,0,0,0,0,0,0,0,0,0,0,0,-164303288.917736,-17388921.6249079,-4027838.84285271,-360168096.410826,-175063619.537075,-222942986.171849,339788843.207698,63802277.0161005,-393452720.850194,21887519.9324754,-147370362.575908,229774586.171165,206049413.960197,-74085388.721067,69137011.2262912,-170220232.08401,-582667982.694106,28159960.5861105,223546978.242445,363866959.720153,69566703.193832,314981956.918933,1438258979.10872,666192704.44184506,839522698.653698,1126578547.36831,1647520085.40818,2244061135.52012,1904003082.16042,-694785985.948925,2299450459.02995,-641012578.611289,1708164513.07022,3542209799.4522,3312047804.79191,2310516033.80327,370868418.391364,-4427610294.13358,-2691494915.77189,0,0,2910197899.75358,1391319444.39899,3264867177.80206,0,0,0,0
Ireland,Colombia,COL,BN.GSR.GNFS.CD,0,0,0,0,0,0,0,0,-95000000.000484,-81000000.000275,-156000000.000572,-312724139.996097,-28342990,121474590.003674,-217224400.000452,102178950,468332519.999669,647016799.997133,525955999.999809,627264000,-125595840.00049,-1719060600,-2254764420.00083,-1952000000,-125000000,-595000000,1346000000,1325000000,565000000,1200000000,1821000000,2740000000,1188700000,-1458000000,-3277472545.01562,-3718523193.47664,-3284689500.90324,-4138083502.73631,-3911324471.8698,571576111.758649,1328666913.85215,-970538371.249469,-1313628527.62109,-1032731230.721,-483133685.817825,-690614447.091225,-1951544471.10276,-3441472017.01128,-2302397544.39763,-805727726.48975,-2246150213.7866,527573370.1402,-1464992369.15213,-3250497857.58699,-12332276476.0953,-19004381508.9598,-13451129309.4103,-8761508927.41588,-10556191985.8922,-14148162444.3344,-13104751154.4776,-20000679159.3241,-16093825874.8579,-7785710968.55083,-9472573283.8306,0
Ireland,Comoros,COM,BN.GSR.GNFS.CD,0,0,0,0,0,0,0,0,0,0,0,0,0,0,0,0,0,0,0,0,-20863530.0505058,-32672239.996395,-28377667.6298346,-28543851.0482829,-60608354.3079585,-44206110.768717,-43684291.9499874,-59913351.1051348,-48256530.9739674,-39663880.9774123,-54355634.8880749,-50259386.4426194,-63221232.2281689,-46765050.0863163,-50912728.2145999,-57525289.0574482,0,0,0,0,0,0,0,-41278564.5408522,-62674536.3368591,-81311180.69812,-95627902.3960404,-120023783.344643,-181929578.438453,-176595973.001474,-184071755.578527,-207608723.958395,-232098068.885715,0,-210143739.659477,-170288038.950902,-159896893.292169,-177103897.174893,-206259705.539406,-211183752.433797,-274670347.811316,-287634089.124128,-314236050.866876,-355581804.765654,0,0
Ireland,Cabo Verde,CPV,BN.GSR.GNFS.CD,0,0,0,0,0,0,0,0,0,0,0,0,0,0,0,0,0,-46536366.0829109,-55612909.5879837,-64408409.6937036,-68241585.2362666,-79421428.7686417,-77900846.295827,-80007439.8716624,-62258832.5392584,-64398042.8893374,-66453372.4846347,-66317321.9563242,-78070975.1274846,-88449596.4143772,-92109341.5328378,-101217878.39888,-143144015.456788,-132201290.97439,-168612522.769134,-210650459.750173,-176152459.656849,-152460916.538475,-190267155.927265,-225514827.123698,-185971949.690271,-183700150.407371,-225337898.499604,-294289161.487196,-346009421.351242,-288058799.883277,-331430079.269323,-467154712.441621,-472199598.608701,-510976329.132783,-483882198.337561,-591799700.548746,-426947602.747579,-317313920.34435,-341047694.012877,-245640996.003994,-285060858.95884,-384091287.115746,-366361653.965044,-281307277.947429,-584396205.207971,-652112060.942094,-457870066.687996,-458836239.690879,-313317068.179675,0
Ireland,Costa Rica,CRI,BN.GSR.GNFS.CD,0,0,0,0,0,0,0,0,0,0,0,0,0,0,0,0,0,-166400000,-272300000,-427100000,-466300000,-134200000,66000000,-20000000,15800000,-68900000,39000000,-192500000,-91300000,-236700000,-383200000,-42900000,-341100000,-537900000,-270900000,-266542000,-228910000,-357416000,-165450000,1051211410.40579,-45669711.165888,78881229.510418,-267865429.090368,-283537864.928698,-77105144.675418,-360655999.12738,-611014762.399059,-1271487792.72421,-2407550798.86128,95700175.166145,-415750007.241521,-1194544783.87744,-1363669066.71151,-995209335.8409,-789427970.823826,1558623.964266,683777504.543906,393328336.587061,919006891.77924,2482334381.55331,2456419583.72748,1670105882.35388,2297074272.44343,5270418624.655,6310784269.84959,0
Ireland,Caribbean small states,CSS,BN.GSR.GNFS.CD,0,0,0,0,0,0,0,0,0,0,0,0,0,0,0,0,0,0,0,0,0,0,0,0,0,0,0,0,0,0,0,0,0,0,0,0,0,0,0,0,0,0,0,0,0,0,0,0,0,0,0,0,0,0,0,0,0,0,0,0,0,0,0,0,0,0
Ireland,Cuba,CUB,BN.GSR.GNFS.CD,0,0,0,0,0,0,0,0,0,0,0,0,0,0,0,0,0,0,0,0,0,0,0,0,0,0,0,0,0,0,0,0,0,0,0,0,0,0,0,0,0,0,0,0,0,0,0,0,0,0,0,0,0,0,0,0,0,0,0,0,0,0,0,0,0,0
Ireland,Curacao,CUW,BN.GSR.GNFS.CD,0,0,0,0,0,0,0,0,0,0,0,0,0,0,0,0,0,0,0,0,0,0,0,0,0,0,0,0,0,0,0,0,0,0,0,0,0,0,0,0,0,0,0,0,0,0,0,0,0,0,0,-820709497.206704,-784460335.195531,-629603351.955307,-417692737.430168,-475363128.49162,-525916201.117318,-666661827.608939,-810450712.134078,-556204745.77095,-694482615.592179,-546455887.877095,-844747427.217877,-657754762.162011,0,0
Ireland,Cayman Islands,CYM,BN.GSR.GNFS.CD,0,0,0,0,0,0,0,0,0,0,0,0,0,0,0,0,0,0,0,0,0,0,0,0,0,0,0,0,0,0,0,0,0,0,0,0,0,0,0,0,0,0,0,0,0,0,0,0,0,0,0,0,0,0,0,0,1694398758.33589,1581276302.5228,1441225889.46953,1462423660.19491,920948227.081575,734757817.489476,928369252.358063,1156671623.43775,0,0
Ireland,Cyprus,CYP,BN.GSR.GNFS.CD,0,0,0,0,0,0,0,0,0,0,0,0,0,0,0,0,-79416180.5780396,-183523744.325985,-255413081.846285,-310627467.982061,-337344373.327293,-238236051.471281,-253478281.710675,-258430428.202683,-250685833.913028,-210267754.44527,-61566005.6577037,-52172476.1088338,-158369982.137837,-310538338.89956,-223105175.061338,-473700472.731539,-677791035.93364,63328654.6078635,49167904.3298228,-20556112.846429,-280713793.630328,-167835079.899228,-328585542.07522,78092228.948366,-122909510.72455,148135202.964247,-94931199.033443,-47748320.970464,-457770881.206205,-451175390.095703,-720537522.136134,-1434698978.78027,-3572063944.85506,-1370399090.75795,-2138373933.26342,-1013028138.69684,-469894693.354322,391693145.111428,236255474.23656,552355158.817322,423067241.26405,-59063323.541025,392658469.836377,257607558.84802,-338519558.07114,1389131949.80382,1076505753.7147,365890739.54293,1317833476.30598,0
Ireland,Czechia,CZE,BN.GSR.GNFS.CD,0,0,0,0,0,0,0,0,0,0,0,0,0,0,0,0,0,0,0,0,0,0,0,0,0,0,0,0,0,0,0,0,0,495633190.350032,-925738683.973259,-1841750039.90937,-3789213044.96522,-3195715989.12638,-731364635.750389,-703620723.154516,-1691999204.904,-1553701214.44501,-1596691455.74105,-2049320859.65495,528273873.404079,2898065160.6166,3790265561.32894,4052160271.13885,5219998906.55756,7700186522.30561,6192291073.38082,8894622490.64581,10309254507.9341,12123723407.1038,13436484695.2163,11152289235.3342,14970590108.5915,16696692080.8777,15459075074.1354,15661853403.4847,16922789209.9036,10760274185.8701,3377084364.71671,17012875794.2742,22518192686.432,0
Ireland,Germany,DEU,BN.GSR.GNFS.CD,0,0,0,0,0,0,0,0,0,0,0,3129299820.17464,4172810494.7489,9331485330.3669,15082233732.9296,9359034255.29827,11062760596.3335,13174230767.3247,17352509883.5215,5748981127.87806,-4881469153.69685,5179368707.52928,15445842102.251,11341396741.2059,14987906583.3004,22907977431.986,46143914622.1262,55189849333.2105,60093039856.0267,59544876562.6478,45835582096.6926,-8618524297.54355,-10419668458.7466,606625477.0981,2705397325.1996,9748115039.731,16944869691.1299,22955765079.6326,26638796381.3972,12325288588.8645,4104845646.7311,30938098139.694,85409917265.0463,92318194626.05,141659579646.248,143997634083.368,158280176925.073,223249988267.441,222424166595.653,168088620679.111,178340566180.23,186109725052.129,217953582338.746,220200384547.59,259384172818.113,253864583308.219,257052182218.316,265989346757.769,242877564842.629,222712633094.613,211436040446.136,227415846453.101,108359910395.103,176807952653.581,175418088256.785,0
Ireland,Djibouti,DJI,BN.GSR.GNFS.CD,0,0,0,0,0,0,0,0,0,0,0,0,0,0,0,0,0,0,0,0,0,0,0,0,0,0,0,0,0,0,0,-105519325.234497,-124875507.115085,-94254477.5237592,-69333393.352502,-60088565.7856978,-58625598.550537,-57837846.9623736,-66891363.4291953,-59182651.4593099,-84480731.0334738,-48519871.0338114,-30609775.9972091,-52239183.8893547,-87862436.0655184,-73238390.5109694,-118359676.121561,-274435772.924978,-337939804.52507,-178892758.874866,-72158045.4757739,-254719476.032658,-267002774.01095,-713348705.461296,444525061.908669,544986898.578778,-144419978.820093,-159431265.153819,374115601.227334,386005311.696423,270104485.554297,-323102109.486216,577744640.879616,607408270.386853,484898405.992768,0
Ireland,Dominica,DMA,BN.GSR.GNFS.CD,0,0,0,0,0,0,0,0,0,0,0,0,0,0,0,0,-5499736.26485802,-7200000,-10300000,-21000000,-39000000,-28700000,-18400000,-13700000,-22800000,-25200000,-7155555.55555555,-11207407.4074074,-20959259.2592593,-49007407.4074074,-44499999.9999999,-33855555.5555556,-27329629.6296296,-20522222.2222222,-22203703.7037037,-34807407.4074074,-42525925.9259259,-35696296.2962963,-20577777.7777778,-23788888.8888889,-47593973.0606244,-37695068.7032585,-21441284.0944218,-12495848.3194867,-26382710.8722601,-57797069.4964171,-38756989.9430189,-80378177.2375448,-122313009.632419,-105909580.703771,-93467008.1005515,-80419432.9222692,-98223564.3825134,-95614018.2732324,-66102855.9565207,-66194194.7127119,-68034258.7085718,-115047725.609502,-280820613.878302,-231777177.407407,-201406422.592593,-199472922.962963,-180340134.074074,-228346416.296296,-174779840.37037,0
Ireland,Denmark,DNK,BN.GSR.GNFS.CD,0,0,0,0,0,0,0,0,0,0,0,0,0,0,0,-240130247.059136,-1771039460.33194,-1559010104.54574,-1166519466.23918,-2018692313.16829,-734270148.675322,262063933.842199,78092703.9548,881699066.927045,552821842.623671,-71194452.663442,-743292495.608312,1341713162.57412,3078062108.64257,3356304753.70471,7486783173.7079,8591998596.69512,10404886684.9608,9815989882.35233,9035441696.77825,7794535103.80856,9263490304.50529,5685483097.60229,3318961697.94207,8238249083.8698,9299701472.77133,10431353547.0124,10023718626.993,13115565022.094101,12429897919.8375,14563595605.5605,11599960268.8373,9400458991.67581,12524865839.4842,14981861358.3544,21864529645.0916,21187880089.9659,18900122461.3089,21479964404.7038,22723676469.1254,19627489413.426,18830573676.9587,21511744736.7158,18190345911.6278,20729495551.1775,19989613947.3259,25059464447.7913,38306598514.2022,36773554593.4777,43868444203.5568,0
Ireland,Dominican Republic,DOM,BN.GSR.GNFS.CD,0,0,0,0,0,0,0,0,-66200000,-69700000,-107200000,-118000000,-30700000,-50300000,-186200000,1000000,-145800000,-169800000,-326000000,-349400000,-647400000,-305800000,-392800000,-335800000,-187000000,-237600000,-219800000,-388600000,-101900000,-463000000,-401500000,-351100000,-818300000,-729900000,-583900000,-406000000,-655600000,-719700000,-1434800000,-1302100000,-1887500000,-1676600000,-1915400000,93400000,338600000,-1267900000,-2578510000,-3384300000,-6283600000,-3821000000,-5526900000,-6016300000,-5536300000,-3743200000,-3290300000,-3096900000,-2619400000,-2049900000,-4062700000,-4016800000,-5412500000,-8089100000,-11668900000,-8659700000,-7581300000,0
Ireland,Algeria,DZA,BN.GSR.GNFS.CD,0,0,0,0,0,0,0,0,0,0,0,0,0,0,0,0,0,-1435820349.97679,-2589071838.06679,-246803577.980623,1816831490.13455,1781126363.37677,1477290255.70084,1468635148.98694,1572829658.7464,2180476550.37989,-1300848163.49388,1522761521.66181,68472692.639326,424784809.211557,3355174104.4059,4698239987.00797,0,0,0,0,0,0,0,0,0,0,0,0,0,24200999999.9989,31947000000.0015,30125606755.2431,32476308401.8163,-909806577.24988,9943077524.8936,17000013500.8074,12805677994.9307,2923291764.88608,-7677836862.53171,-25384908362.1845,-27449490180.5443,-22402635934.4411,-15701394555.1328,-15707643325.1665,-17445134687.8103,-2441125782.8098,22630482847.023,8327725513.58381,-1413907949.57206,0
Ireland,East Asia & Pacific (excluding high income),EAP,BN.GSR.GNFS.CD,0,0,0,0,0,0,0,0,0,0,0,0,0,0,0,0,0,0,0,0,0,0,0,0,0,0,0,0,0,0,0,0,0,0,0,0,0,0,0,0,0,0,0,0,0,0,0,0,0,0,0,0,0,0,0,0,0,0,0,0,0,0,0,0,0,0
Ireland,Early-demographic dividend,EAR,BN.GSR.GNFS.CD,0,0,0,0,0,0,0,0,0,0,0,0,0,0,0,0,0,0,0,0,0,0,0,0,0,0,0,0,0,0,0,0,0,0,0,0,0,0,0,0,0,0,0,0,0,0,0,0,0,0,0,0,0,0,0,0,0,0,0,0,0,0,0,0,0,0
Ireland,East Asia & Pacific,EAS,BN.GSR.GNFS.CD,0,0,0,0,0,0,0,0,0,0,0,0,0,0,0,0,0,0,0,0,0,0,0,0,0,0,0,0,0,0,0,0,0,0,0,0,0,0,0,0,0,0,0,0,0,0,0,0,0,0,0,0,0,0,0,0,0,0,0,0,0,0,0,0,0,0
Ireland,Europe & Central Asia (excluding high income),ECA,BN.GSR.GNFS.CD,0,0,0,0,0,0,0,0,0,0,0,0,0,0,0,0,0,0,0,0,0,0,0,0,0,0,0,0,0,0,0,0,0,0,0,0,0,0,0,0,0,0,0,0,0,0,0,0,0,0,0,0,0,0,0,0,0,0,0,0,0,0,0,0,0,0
Ireland,Europe & Central Asia,ECS,BN.GSR.GNFS.CD,0,0,0,0,0,0,0,0,0,0,0,0,0,0,0,0,0,0,0,0,0,0,0,0,0,0,0,0,0,0,0,0,0,0,0,0,0,0,0,0,0,0,0,0,0,0,0,0,0,0,0,0,0,0,0,0,0,0,0,0,0,0,0,0,0,0
Ireland,Ecuador,ECU,BN.GSR.GNFS.CD,0,0,0,0,0,0,0,0,0,0,0,0,0,0,0,0,102500000,-183300000,-475400000,-255500000,-58700000,-261700000,-202000000,751000000,810000000,1055000000,415000000,-260000000,456000000,552000000,743000000,299000000,702000000,-240150000,-282690000,-511730000,493900000,-52070000,-1694900000,1136430000,979312539.140001,-928173118.1172,-1617937928.18765,-663826215.734583,-669610264.431713,-371492821.663804,463666781.816421,451552040.976116,-22738574.844665,-1138206484.2441,-3026431427.88118,-1865315381.93032,-1344390024.3915,-1948121490.64921,-1234170107.13079,-2455040236.51185,442109248.232445,-663906292.316703,-1188301780.91643,-224252087.492411,2340037187.20662,915945850.996271,56544613.140314,400308786.62895,4499417656.66717,0
Ireland,"Egypt, Arab Rep.",EGY,BN.GSR.GNFS.CD,0,0,0,0,0,0,0,0,0,0,0,0,0,0,0,0,0,-1911552374.52,-2718851031.08535,-3563142862.23305,-2910857147.0155,-3869428576.95633,-3642000005.20287,-4192285720.27469,-6322571432.33483,-5381285714.28571,-4191999999.99999,-4094714285.71428,-5282857142.85709,-4801818181.81817,-4195500000,-2248000000,-2382000000,-3850000000,-3528000000,-3880000000,-4203000000,-6021400000,-8565000000,-6886100000,-6031000000,-4928900000,-3070500000,397900000,-399100000,-3610500000,-3872600000,-9298700000,-12461900000,-9233000000,-11031000000,-14328100000,-20199500000,-20530600000,-26829700000,-30369400000,-34677100000,-27349400000,-24708593000,-25428193000,-32380693000,-35699565000,-20848306000,-14047300000,-36004100000,0
Ireland,Euro area,EMU,BN.GSR.GNFS.CD,0,0,0,0,0,0,0,0,0,0,0,0,0,0,0,0,0,0,0,0,0,0,0,0,0,0,0,0,0,0,0,0,0,0,0,0,0,0,0,60002433630.5222,7216606539.3707,57838226680.0946,132119725760.678,138124835877.5,159718826097.642,106399015771.786,75348809179.0389,133661208992.71,27292202767.1877,121378590108.652,99337189995.814,112558825172.449,259558017896.615,340400130681.922,425752803060.681,462773150787.796,478906299233.258,525227577931.849,495417839697.647,413588217605.947,392547516574.415,479852805157.241,130078414465.116,415187177446.385,573106278422.739,0
Ireland,Eritrea,ERI,BN.GSR.GNFS.CD,0,0,0,0,0,0,0,0,0,0,0,0,0,0,0,0,0,0,0,0,0,0,0,0,0,0,0,0,0,0,0,0,-261469468.870773,-200123556.036743,-328410448.673378,-363260042.003952,-403265102.431968,-406580686.37395,-585472074.313481,-546526908.455518,-402025655.068729,0,0,0,0,0,0,0,0,0,0,0,0,0,0,0,0,0,0,0,0,0,0,0,0,0
Ireland,Spain,ESP,BN.GSR.GNFS.CD,0,0,0,0,0,0,0,0,0,0,0,0,0,0,0,-4490645954.62417,-4985991660.25523,-2878926354.02756,947431718.525009,317356389.363345,-5864272516.22569,-4496190326.26647,-3665235293.61116,-1577197352.67821,3179640063.87614,3412308494.07611,4655266431.51143,-291431443.7795,-4978925185.51358,-12771848313.7526,-17275201785.2476,-18426164798.9376,-17812850098.6919,-3454379110.95403,102136496.90562,-1090056713.7881,2884818093.28934,3828678156.63871,-1809459296.24757,-12145945295.458,-17647904513.2091,-14264830251.4435,-13965485132.9806,-20112962479.114,-39895434084.3072,-55618655786.2008,-72048676706.0731,-85667568352.245,-77685476626.7053,-13068614149.0513,-15210974656.7099,4404336584.53709,26847681559.5312,52139543021.8624,41989882719.6357,36343075303.3604,49525604695.837,48378026206.7495,39103466965.6774,41814797115.2323,19649900025.8494,14534303917.5323,12149032171.8074,63702074653.2855,74530227666.9209,0
Ireland,Estonia,EST,BN.GSR.GNFS.CD,0,0,0,0,0,0,0,0,0,0,0,0,0,0,0,0,0,0,0,0,0,0,0,0,0,0,0,0,0,0,0,0,-47663786.2781215,-69651739.8148342,-251338707.79534,-286902959.1932,-500553151.05008,-532703884.949501,-545748692.080777,-305426438.129406,-181799741.351092,-129877512.464851,-518537516.905182,-836603350.000957,-949700084.039493,-704594343.022983,-1728295835.70902,-1964475152.05379,-960636223.447727,989300275.811456,1245764979.1407,1350581522.01102,385668930.319678,587031990.853499,869128638.279324,830131194.372668,791515521.748717,925082311.247716,730118035.757671,1176418475.06335,-416310163.40625,-529296352.622591,-476277970.696319,350690236.524602,134741115.52874,0
Ireland,Ethiopia,ETH,BN.GSR.GNFS.CD,0,0,0,0,0,0,0,0,0,0,0,0,0,0,0,0,0,-139227053.207356,-201932367.24731,-181449275.449975,-313140096.769633,-329855072.623118,-349661835.917711,-423236715.180308,-447681159.509526,-489613526.570048,-483236714.975845,-588260869.565217,-614396135.265701,-408260869.565217,-674299516.908213,-319275362.318841,-923521062.801932,-528920000,-569489613.667524,-678068226.753693,-557902907.360203,-416859713.624458,-863459802.11281,-912500603.004009,-628714042.589757,-1171640698.83904,-969768539.527303,-1345579460.09095,-2043010904.09603,-2965204869.90006,-3077631352.34684,-4254883059.53455,-6102643089.70036,-5612921591.28204,-5270419046.40243,-5923027740.74004,-8135008994.69496,-8134766074.83561,-11818125908.6127,-13853596898.1746,-14091223544.3954,-12672570623.198,-12304551192.7013,-11639029638.8924,-9455071323.93282,-11363400666.232,-13216642105.2216,-12086017008.9182,0,0
Ireland,European Union,EUU,BN.GSR.GNFS.CD,0,0,0,0,0,0,0,0,0,0,0,0,0,0,0,0,0,0,0,0,0,0,0,0,0,0,0,0,0,0,0,0,0,0,0,0,0,0,0,0,0,0,0,0,0,0,0,0,0,0,0,0,0,0,0,0,0,0,0,0,0,0,0,0,0,0
Ireland,Fragile and conflict affected situations,FCS,BN.GSR.GNFS.CD,0,0,0,0,0,0,0,0,0,0,0,0,0,0,0,0,0,0,0,0,0,0,0,0,0,0,0,0,0,0,0,0,0,0,0,0,0,0,0,0,0,0,0,0,0,0,0,0,0,0,0,0,0,0,0,0,0,0,0,0,0,0,0,0,0,0
Ireland,Finland,FIN,BN.GSR.GNFS.CD,0,0,0,0,0,0,0,0,0,0,0,0,0,0,0,-1736165619.94702,-638897356.29418,506467704.015518,1324236403.37151,584485986.233526,-505003967.962733,665619171.794317,401022677.936607,164003189.455494,1245209510.38128,379048210.110759,976683996.210305,324345689.369862,-473916346.702975,-2370745702.51608,-2275912527.64529,-1145210129.37269,1088481865.41415,4224687220.80975,5877879139.73526,10267857857.3228,9626845550.5749,9948921881.08699,11421491117.1127,11074053262.7108,12972883672.4604,13763770099.4632,13426695709.6185,12281727582.4146,13386670377.7013,9696388683.17434,9064644965.01792,12350966281.6864,10382835457.0152,5354045954.93265,3384996534.34346,-2134164029.81601,-4055943974.95969,-2663826149.84197,-2806235858.40577,-933949094.19716,-2501201519.53423,1014994073.29316,-2291417637.93039,1792953973.24134,828465000.5328,108592733.40555,-5730842915.76031,55554193.51451,1245832772.34858,0
Ireland,Fiji,FJI,BN.GSR.GNFS.CD,0,0,0,0,0,0,0,0,0,0,0,0,0,0,0,0,0,0,0,-57900557.4473986,-42300115.7046312,-178405403.192258,-72486564.1280913,-60087294.2823046,-12035876.7103362,-4421118.79026812,2118520.94887072,32158002.9880145,45236583.1347485,26831460.6741574,-66513232.3067488,-48320719.4568832,-39454665.1149459,-121807656.759255,-60787159.5662939,-76297700.8769852,31924748.8063849,-20918835.6105078,-34376599.082284,19749952.4021071,-132989114.669313,-146677819.234425,-96107311.2502589,-159395341.831287,-347585387.304242,-284313205.91358,-549801675.099983,-446106772.1987,-589625236.505948,-290466410.886458,-199830957.181568,-221798950.69109,-121338442.958719,-529201389.565479,-297649060.425902,-165165713.090445,-191708790.325859,-265087976.148991,-432664838.940049,-569697168.20932,-747101832.430846,-1172500874.33141,-1057603378.32582,0,0,0
Ireland,France,FRA,BN.GSR.GNFS.CD,0,0,0,0,0,0,0,0,0,0,0,0,0,0,0,5224640222.46061,-1149036556.98026,1786599128.5837,9076970923.28324,6940828701.82359,-2718368612.81992,-2185369882.0678,-7643987880.97424,170696031.83757,4408261850.63534,4852844476.0093,8703260368.15091,2606972922.9412,3031316965.36855,3292588064.60403,2151443711.41902,6695752274.7736,21489459170.5193,24357080634.6992,25095487280.4917,28971201036.2201,31189392321.5964,43524973976.1098,42170696536.8382,37920062793.022,12920448306.6648,17867386311.9337,27607351106.5108,24042402513.7393,17355875954.8148,-283241312.9564,-8152873482.8608,-18508898565.2429,-41912581724.0709,-32833160279.7455,-43515092096.2023,-56663277933.5586,-37820646682.3386,-23354364363.2819,-28200678499.737,-9463888994.342,-12213190138.5204,-19613749658.1627,-28418466030.8179,-15554985769.9185,-45868544727.8588,-30254890619.4442,-70150448895.4289,-41937166656.0054,-3821737994.0982,0
Ireland,Faroe Islands,FRO,BN.GSR.GNFS.CD,0,0,0,0,0,0,0,0,0,0,0,0,0,0,0,0,0,0,0,0,0,0,0,0,0,0,0,0,0,0,0,0,0,0,0,0,0,0,29560000,-21900000,-81010000,-11090000.0000001,4990000,-159170000,-64615977.3244727,-172903385.676909,-200462975.244664,-370321691.324904,-219599538.245316,-159618567.795385,-85019084.659307,-130430094.804958,0,0,0,0,0,0,0,0,0,0,0,0,0,0
Ireland,"Micronesia, Fed. Sts.",FSM,BN.GSR.GNFS.CD,0,0,0,0,0,0,0,0,0,0,0,0,0,0,0,0,0,0,0,0,0,0,0,0,0,0,0,0,0,0,0,0,0,0,0,0,0,0,0,0,0,0,0,0,0,0,0,0,0,-163046000,-147969000,-162195900,-146114700,-132701600,-105076900,0,0,0,0,0,0,0,0,0,0,0
Ireland,Gabon,GAB,BN.GSR.GNFS.CD,0,0,0,0,0,0,0,0,0,0,0,0,0,0,0,0,0,0,342955861.72574,727100434.637603,933549862.942736,798398558.443723,681940766.980082,443991287.612589,403907329.532822,176845203.353656,-664037192.666034,-82984911.3888626,-193689256.322142,262532354.595294,918664517.285642,809267667.225817,795642325.915679,769522584.462776,981439826.182437,1222368541.44456,1688585468.23799,1282256762.90387,-26995426.8917661,1002242764.28938,1842798766.08088,1224852434.54511,947929960.042929,1468493701.12259,2073131728.77491,3209590992.32943,0,4131205893.95014,5460105498.17715,2390236893.99289,4416815244.23446,4261865317.20349,3999940172.41057,2879762553.9664,2204528794.45527,340696876.815891,0,0,0,0,0,0,0,0,0,0
Ireland,United Kingdom,GBR,BN.GSR.GNFS.CD,0,0,0,0,0,0,0,0,0,0,976799219.928133,1855091507.83698,-285446497.453849,-4575450167.24174,-9991158711.28969,-4370521412.33688,-2740705893.42899,1652748168.21366,4062834504.03801,1330707128.9274,11871974873.7223,14663476801.7272,8474568900.9333,3423207216.60918,-1513312661.84175,4394278996.3691,-4959748573.50266,-8092381167.58446,-30349025915.158,-34627367841.3538,-24863350099.978,-10890061878.6002,-13628007847.2967,-9577637335.35282,-6980831142.06133,-4886522252.2228,-3662771031.52327,2898078057.98985,-11830609610.175,-17190105957.2593,-19772180734.9836,-28424683613.5515,-42325996544.2745,-43637844626.19,-55764002611.4394,-54361679069.3336,-50957936991.045,-59999761250.0614,-52184375242.9011,-30179304571.7578,-38934535218.985,-21211673603.3352,-26805596415.6063,-39792666336.3403,-59357376064.4184,-44424260097.0148,-50798842587.0321,-35924431558.9294,-39577861194.8046,-39829637744.0492,13846959465.6454,-6976068153.1843,-58861789738.0603,-36248439029.8636,-41224292469.818,0
Ireland,Georgia,GEO,BN.GSR.GNFS.CD,0,0,0,0,0,0,0,0,0,0,0,0,0,0,0,0,0,0,0,0,0,0,0,0,0,0,0,0,0,0,0,0,0,0,0,0,0,-838100000,-674500000,-541000000,-463092788.25,-445748145.38,-443707082.69,-573281400.06,-846057003.48,-1115393322.21,-1876372880.54,-2716420112.73,-3812210232.44,-2065071548.1,-2079760021.4,-2745905483.83,-3117974693.26,-2089933391.945,-2979689101.23,-2547799840,-2310734036.03,-1784877513.46,-1871976601.56,-1615848784.48,-3040800416.16,-3064983354.62,-2425614320.72,-2642956941.05,-2691078877.2,0
Ireland,Ghana,GHA,BN.GSR.GNFS.CD,0,0,0,0,0,0,0,0,0,0,0,0,0,0,0,9391356.0001329,-59043803.000175,-103391778.220753,-76832751.728887,98663332.0000005,32100000,-419800000,-106008912.000092,-157100000,-86300000,-166000000,-171720000,-295300000,-303700000,-398400000,-522300000,-554552000,-741100000,-965000000,-615500000,-537700000,-648650000,-957664000,-1119330000,-1452600000,-909624210.592011,-1175757882.44416,-757841454.6132,-962242396.544134,-1972288288.77,-2711715520.85246,-3176972981.76184,-4060700855.37747,-5495934199.0544,-3379970000,-4487950000,-4908642718.75231,-5187075383.07456,-6292080667.5828,-3985638963.27983,-4310463630.59344,-3066606286.82657,-1685930000,-705801830.22405,-1315920187.07099,-2468297849.29805,-1215544536.6765,-141740240.8012,-697637190.45861,1548721384.64429,0
Ireland,Gibraltar,GIB,BN.GSR.GNFS.CD,0,0,0,0,0,0,0,0,0,0,0,0,0,0,0,0,0,0,0,0,0,0,0,0,0,0,0,0,0,0,0,0,0,0,0,0,0,0,0,0,0,0,0,0,0,0,0,0,0,0,0,0,0,0,0,0,0,0,0,0,0,0,0,0,0,0
Ireland,Guinea,GIN,BN.GSR.GNFS.CD,0,0,0,0,0,0,0,0,0,0,0,0,0,0,0,0,0,0,0,0,0,0,0,0,0,0,2150000,63970000,-176960000,-92090000,-124340000,-210910000,-254030000,-169560000,-382850000,-310842000,-186842000,-93327000,-150916350,-197240780,-137665627.463024,-46985382.8452567,-200091000,-208600673.164596,-152720000,-101860000,-159920000,-260850000,-365490000,-268840000,-266830000,-1167460000,-1049090000,-872480000,-787280807.136714,-835638792.245089,-2670967516.5617,407430000,-104590000,-279370000,2682530000,4912760000,3149560000,3374240000,1487510000,0
Ireland,"Gambia, The",GMB,BN.GSR.GNFS.CD,0,0,0,0,0,0,0,0,0,0,0,0,0,0,0,0,0,0,-56536145.706842,-59007131.8098903,-117746670.855687,-92529774.1562197,-45402724.4198731,-35632875.1587497,-5616538.55189189,-7296076.202468,-8993539.35290424,-15881205.2366646,-8881371.6558788,-9305627.76961126,-25008274.5962176,-30758693.2267803,-17343181.6900519,-50888594.8739644,-32916670.7608577,-54730250.0390775,-73205808.0049411,-51441316.3183606,0,0,0,0,0,-26001227.5748095,-69139882.7287083,-82954918.3856064,-115346815.377119,-108271606.444823,-40798052.8456295,-67247198.3597225,-52049381.4452786,-118898397.44442,-124718334.169732,-102691485.299838,-178863910.267865,-184412757.830034,-185187985.79074,-282514938.533408,-329207868.72397,-280340312.08944,-515297713.074472,-583577630.14394,-562139048.56999,-635696873.740401,-710819730.024634,0
Ireland,Guinea-Bissau,GNB,BN.GSR.GNFS.CD,0,0,0,0,0,0,0,0,0,0,0,0,0,0,0,0,0,0,0,0,0,0,-57700000,-56300000,-55900000,-66500000,-55900000,-44600000,-60100000,-75651000,-62072000,-61377000,-93043000,-49239000,-42090000,-59660000,-57480000,-31780000,0,0,0,-24634449.3854477,-25100855.2359194,-30504112.9144047,-43727738.5098216,-52876937.457928,-89058865.608796,-95710599.1023796,-112071251.325912,-134441138.87324,-128540778.594605,-57273428.1884633,-101225726.050187,-79124579.0563975,-117763772.439757,-49268060.3000329,-56490909.2136088,-71545590.4533737,-78704651.6167679,-210399578.138755,-206849939.134919,-183258031.657011,-297833123.442601,-307595623.2759,0,0
Ireland,Equatorial Guinea,GNQ,BN.GSR.GNFS.CD,0,0,0,0,0,0,0,0,0,0,0,0,0,0,0,0,0,0,0,0,0,0,0,0,0,0,0,-43958045.8844532,-54675499.0328668,-36290591.8704444,-46612711.4539904,-65496446.2870408,-33488003.6890626,-19508227.4280513,4592900.63638322,-102001724.05245,-296425138.512624,0,0,0,0,0,0,0,0,0,0,0,0,0,0,0,0,0,0,0,0,0,0,0,0,0,0,0,0,0
Ireland,Greece,GRC,BN.GSR.GNFS.CD,0,0,0,0,0,0,0,0,0,0,0,0,0,0,0,0,-1608000000,-1841000000,-1774000000,-2878000000,-3023000000,-3104000000,-2901000000,-2824000000,-2807000000,-3814000000,-2736000000,-2829000000,-3097000000,-4914000000,-6546000000,-5992700000,-6565000000,-5806000000,-5834000000,-9188000000,-10395000000,-10738000000,0,-10694251751.7882,-12284230677.9712,-11223539207.7796,-11147091802.6451,-12580761258.1434,-12569191035.8461,-15079881453.3181,-24897011117.9851,-34234036426.2002,-39459031377.9514,-25077520775.813,-20250975319.8242,-17349218680.8901,-5996099810.51031,-6744497465.67563,-5246311025.79856,-1220057196.83558,-1713491791.60504,-1656289642.80928,-3935248275.21289,-2008001793.22068,-12736823985.0859,-16011319345.703,-21630962871.0373,-12016810527.7156,-13984812964.841,0
Ireland,Grenada,GRD,BN.GSR.GNFS.CD,0,0,0,0,0,0,0,0,0,0,0,0,0,0,0,0,0,-4033333.33333333,-6651851.85185185,-14511111.1111111,-21859259.2592593,-31759259.2592593,-39600000,-35800000,-29700000,-33737037.037037,-30659259.2592593,-35314814.8148148,-33703703.7037037,-43296296.2962963,-45707407.4074074,-52481481.4814815,-39059259.2592593,-48892592.5925926,-35148148.1481481,-45444444.4444444,-62477777.7777778,-73662962.962963,-87451851.8518519,-48270370.3703704,-85947834.3994454,-88040259.1836619,-91575117.8688982,-123987117.171396,-147598158.578154,-228164326.759475,-208432962.204906,-154440227.719041,-155695469.71661,-69954486.4394536,-84816776.6013315,-72375901.6706558,-38902159.9094096,-53043645.1949796,7997856.3268774,21948446.6162862,18122335.3735044,-5165241.445454,-25475414.5156899,-15451546.6666667,-116105777.407407,-83998147.7777778,-78826956.2962964,-96159220.3703703,-131638555.555556,0
Ireland,Greenland,GRL,BN.GSR.GNFS.CD,0,0,0,0,0,0,0,0,0,0,0,0,0,0,0,0,0,0,0,0,0,0,0,0,0,0,0,0,0,0,0,0,0,0,0,0,0,0,0,0,0,0,0,0,0,0,0,0,0,0,0,0,0,0,0,0,0,0,0,0,0,0,0,0,0,0
Ireland,Guatemala,GTM,BN.GSR.GNFS.CD,0,0,0,0,0,0,0,0,0,0,0,0,0,0,0,0,0,-104800000,-368600000,-334900000,-229000000,-577900000,-348200000,-141800000,-199500000,-95900000,121700000,-456500000,-462000000,-437500000,-244200000,-340600000,-955400000,-946500000,-943900000,-904200000,-743600000,-1001500000,-1560700000,-1536300000,-1705300000,-2165258471.05178,-2892758264.46018,-3183177951.4661,-3875800000,-4332400000,-5111800000,-5797000000,-5983765870,-3816491970,-4746617860,-5432776290,-6504976940,-6714855160,-6707931330,-6358444100,-5854835050,-6499967660,-7819058970,-7928956720,-6553973700,-12097075400,-15802859900,-15714315680,-17579310780,0
Ireland,Guam,GUM,BN.GSR.GNFS.CD,0,0,0,0,0,0,0,0,0,0,0,0,0,0,0,0,0,0,0,0,0,0,0,0,0,0,0,0,0,0,0,0,0,0,0,0,0,0,0,0,0,0,0,0,0,0,0,0,0,0,0,0,0,0,0,0,0,0,0,0,0,0,0,0,0,0
Ireland,Guyana,GUY,BN.GSR.GNFS.CD,0,0,0,0,0,0,0,0,0,0,0,0,0,0,0,0,0,-71960784.3419452,196078.4314503,-48901960.8034908,-85137254.9353482,-129137777.823693,-84600000.0282003,-99000000.0330001,-54572905.9022518,-51083585.8711673,0,0,0,0,0,0,-94968000,-101075000,-80755000,-79155000,8800000,-17000000,-39900000,-27500000,-71100000,-76000000,-47300000,-32600000,-54488600,-224474000,-327928000,-407615000,-635404841.447147,-513328342.049143,-629887423.13202,-777599521.10006,-809852522.182617,-837792301.576263,-869454097.71007,-480027711.028642,-174021504.037131,-357561696.519054,-1708802949.92156,-3468856512.82169,-1173459763.74817,-1994360918.35355,4484833050.70956,2782729270.79035,0,0
Ireland,High income,HIC,BN.GSR.GNFS.CD,0,0,0,0,0,0,0,0,0,0,0,0,0,0,0,0,0,0,0,0,0,0,0,0,0,0,0,0,0,0,0,0,0,0,0,0,0,0,0,0,0,0,0,0,0,0,0,0,0,0,0,0,0,0,0,0,0,0,0,0,0,0,0,0,0,0
Ireland,"Hong Kong SAR, China",HKG,BN.GSR.GNFS.CD,0,0,0,0,0,0,0,0,0,0,0,0,0,0,0,0,0,0,0,0,0,0,0,0,0,0,0,0,0,0,0,0,0,0,0,0,0,0,905448442.07262,8557595861.11339,7566240165.08163,7945531725.00263,13569139873.7702,14685857314.1062,14729997088.653,22194383629.1008,21593613023.4157,22595345937.274,22326049073.8159,16850331869.7342,13434834429.6477,9562795338.19198,2973360215.27029,1658732094.6468,598619137.95912,7393299599.96328,7327348873.28332,3429559927.81999,-765449570.41404,5667629956.78216,6664182475.8456,20534613690.601,14701762132.2624,2245577902.29242,16590089248.5485,0
Ireland,Honduras,HND,BN.GSR.GNFS.CD,0,0,0,0,0,0,0,0,0,0,0,0,0,0,-123949999.974313,-101750000,-60900000,-74850000,-90200000,-93650000,-186400000,-178700000,-58000000,-113600000,-220600000,-177600000,-66400000,-123680000,-115050000,-125300000,-94300000,-123600000,-192100000,-274300000,-318200000,-217500000,-331900000,-319900000,-392300000,-781600000,-830947357.1642,-935871539.462411,-826672079.117501,-1182153838.4937,-1497531392.96595,-1725846067.60987,-2317433627.02835,-3392193628.73165,-4582491848.57541,-2563180428.01604,-2835884508.34842,-3572318710.69419,-3602944164.49666,-3814791368.69086,-3404150015.63264,-3394077720.60967,-3177734390.81037,-3528273160.7665,-4880010081.50178,-4581924949.78827,-3671066028.01901,-6817182339.93962,-8590897456.68367,-8121542677.21306,-8882868705.35846,0
Ireland,Heavily indebted poor countries (HIPC),HPC,BN.GSR.GNFS.CD,0,0,0,0,0,0,0,0,0,0,0,0,0,0,0,0,0,0,0,0,0,0,0,0,0,0,0,0,0,0,0,0,0,0,0,0,0,0,0,0,0,0,0,0,0,0,0,0,0,0,0,0,0,0,0,0,0,0,0,0,0,0,0,0,0,0
Ireland,Croatia,HRV,BN.GSR.GNFS.CD,0,0,0,0,0,0,0,0,0,0,0,0,0,0,0,0,0,0,0,0,0,0,0,0,0,0,0,0,0,0,0,0,0,428949821.600208,349535864.933269,-2180537358.18667,-1908337957.91164,-3359038637.24735,-1994802426.68471,-1634724463.27361,-981083212.222777,-1193518726.62775,-2488612765.41251,-3645351298.41863,-3598621897.40381,-4026839892.96346,-4228998809.10358,-5055607239.7718,-7067849448.62634,-3409457894.69465,-1141232642.89112,-974761970.060882,143883797.617261,-1168320592.90782,-235608383.279655,135058723.994966,670027610.234444,597359197.6782,-635942869.084438,-285756867.424282,-3949842622.79086,-1890863158.29718,-4862008577.20515,-1746312309.77123,-3259264201.42483,0
Ireland,Haiti,HTI,BN.GSR.GNFS.CD,0,0,0,0,0,0,0,0,0,0,0,-10840000.002168,-15939941.2619234,-17979999.987934,-38859967.7781539,-53500000.0107,-70760000.014152,-88960000.017792,-97860000.019572,-115020000.023004,-175280000.035056,-275080000.055016,-196200000.03924,-207380000.041476,-207920000.017326,-219900000,-181420000,-181300000,-206120000,-211360000,-196600000,-307720000,-135840000,-174630000,-168390000,-609300000,-590310000,-512000000,-566740000,-720860000,-865020000,-871670000,-828940000,-947150000,-1048950000,-1247800000,-1452450000,-1605260000,-1936578267.73285,-1770211782.01867,-3270936821.80475,-3121749423.14127,-2867509299.48497,-2875659169.68821,-3091189340.75035,-2743160952.81264,-2623479470.87922,-3161714014.24954,-3637910897.67124,-3099262379.12064,-3159219178.16332,-3776202635.23933,-4095458391.29357,-4208501041.89886,0,0
Ireland,Hungary,HUN,BN.GSR.GNFS.CD,0,0,0,0,0,0,0,0,0,0,0,0,0,0,0,0,0,0,0,0,0,0,519047625.561697,537998155.675158,822963834.760085,347031289.281197,-449007956.205414,246026543.232327,402989626.561161,675901010.177678,1018695669.14555,892199274.278595,753482565.482351,-3804941625.94471,-3557049002.99648,-53166840.743951,337291500.397754,627305660.595675,-761066372.881452,-1453683693.08902,-1757835489.2671,-611266659.179652,-1036386465.22009,-3299924957.38735,-3324647506.35355,-1161064741.79929,-1071137191.19014,682363947.07277,-31815533.00822,4537607199.28512,6151603581.22578,8063829114.76406,7681243577.10264,8545166611.17727,8056428130.80146,9498937690.29104,10668691941.1166,9266399894.73423,6672967934.7129,3687951612.76699,3028798451.44646,331813859.95446,-8282168971.72719,9841655357.29583,12425921823.25,0
Ireland,IBRD only,IBD,BN.GSR.GNFS.CD,0,0,0,0,0,0,0,0,0,0,0,0,0,0,0,0,0,0,0,0,0,0,0,0,0,0,0,0,0,0,0,0,0,0,0,0,0,0,0,0,0,0,0,0,0,0,0,0,0,0,0,0,0,0,0,0,0,0,0,0,0,0,0,0,0,0
Ireland,IDA & IBRD total,IBT,BN.GSR.GNFS.CD,0,0,0,0,0,0,0,0,0,0,0,0,0,0,0,0,0,0,0,0,0,0,0,0,0,0,0,0,0,0,0,0,0,0,0,0,0,0,0,0,0,0,0,0,0,0,0,0,0,0,0,0,0,0,0,0,0,0,0,0,0,0,0,0,0,0
Ireland,IDA total,IDA,BN.GSR.GNFS.CD,0,0,0,0,0,0,0,0,0,0,0,0,0,0,0,0,0,0,0,0,0,0,0,0,0,0,0,0,0,0,0,0,0,0,0,0,0,0,0,0,0,0,0,0,0,0,0,0,0,0,0,0,0,0,0,0,0,0,0,0,0,0,0,0,0,0
Ireland,IDA blend,IDB,BN.GSR.GNFS.CD,0,0,0,0,0,0,0,0,0,0,0,0,0,0,0,0,0,0,0,0,0,0,0,0,0,0,0,0,0,0,0,0,0,0,0,0,0,0,0,0,0,0,0,0,0,0,0,0,0,0,0,0,0,0,0,0,0,0,0,0,0,0,0,0,0,0
Ireland,Indonesia,IDN,BN.GSR.GNFS.CD,0,0,0,0,0,0,0,0,0,0,0,0,0,0,0,0,0,0,0,0,0,2257000000,-2465000000,-2802000000,2038000000,1531000000,-954000000,1299000000,2441000000,3100000000,1784000000,1059000000,2313000000,2344000000,1282000000,-1538000000,-2592000000,409000000,10819614426.8351,12865957536.7369,14619057986.5737,12316401091.3043,13131270332.3864,12455540664.1548,11341399488.3913,8411220328.28875,19786001791.3359,20911715981.289,9917758527.08661,21191036277.8746,21212148895.5807,24021724758.5102,-1884415529.3462,-6237109751.68575,-3027125054.37998,5351899012.23087,8234324959.97201,11434768728.767,-6713373307.24594,-4133324477.52497,18545794316.1108,29207502575.0115,42715082770.478,28593267733.9316,21215765587.5967,0
Ireland,IDA only,IDX,BN.GSR.GNFS.CD,0,0,0,0,0,0,0,0,0,0,0,0,0,0,0,0,0,0,0,0,0,0,0,0,0,0,0,0,0,0,0,0,0,0,0,0,0,0,0,0,0,0,0,0,0,0,0,0,0,0,0,0,0,0,0,0,0,0,0,0,0,0,0,0,0,0
Ireland,Isle of Man,IMN,BN.GSR.GNFS.CD,0,0,0,0,0,0,0,0,0,0,0,0,0,0,0,0,0,0,0,0,0,0,0,0,0,0,0,0,0,0,0,0,0,0,0,0,0,0,0,0,0,0,0,0,0,0,0,0,0,0,0,0,0,0,0,0,0,0,0,0,0,0,0,0,0,0
Ireland,India,IND,BN.GSR.GNFS.CD,0,0,0,0,0,0,0,0,0,0,0,0,0,0,0,-500017600.21568,702501190.097606,962429102.009108,-832488641.162021,-2258339165.54286,-5653548460.78432,-6162724658.73907,-5358708521.53588,-4512606726.85855,-4434193036.7907305,-6134931259.68047,-6155516301.44596,-7042634826.62408,-8111530902.40676,-7844247653.11582,-6615557120.09499,-4011561595.14453,-4712170094.93306,-3482052608.17944,-6311718422.51494,-10211864221.3869,-13984314681.2341,-13360131754.4659,-13601016314.3159,-11441228840.35,-13143494265.9043,-9180938408.72283,-5122207191.98702,-8164091361.14741,-14960253367.7106,-27276336270.9111,-31769964257.3651,-38703712438.7177,-74360043516.2859,-67410018791.4033,-91023662478.7202,-106686782608.974,-136063399026.174,-92135051692.141,-67969807623.7704,-63249171394.8494,-41579206265.0142,-72211612625.3397,-105917684940.611,-73451671322.5905,-8342168263.9965,-74039374427.9022,-134660965222.853,-86336940338.2707,-101554029010.859,0
Ireland,Not classified,INX,BN.GSR.GNFS.CD,0,0,0,0,0,0,0,0,0,0,0,0,0,0,0,0,0,0,0,0,0,0,0,0,0,0,0,0,0,0,0,0,0,0,0,0,0,0,0,0,0,0,0,0,0,0,0,0,0,0,0,0,0,0,0,0,0,0,0,0,0,0,0,0,0,0
Ireland,Ireland,IRL,BN.GSR.GNFS.CD,0,0,0,0,0,0,0,0,0,0,0,0,0,0,0,0,0,0,0,0,0,0,0,0,0,0,0,0,0,0,0,0,0,0,0,0,0,0,0,0,0,0,0,0,0,23568794531.6351,22888761351.9058,25499501757.0593,23713273170.1522,35648697991.4302,38453010693.2177,48813620873.011,39254072935.0494,47915777018.5939,50785853502.58,89757642558.2461,57046573634.8298,84190507317.3619,117584828243.654,20224413087.4171,92440995946.6744,222321232299.783,226351448198.918,181476445584.564,0,0
Ireland,"Iran.",IRN,BN.GSR.GNFS.CD,0,0,0,0,0,0,0,0,0,0,0,0,0,0,0,0,7737000000,2856000000,-201000000,11540000000,-3042000000,-4066000000,5348000000,-253000000,-865000000,-769000000,-5454000000,-2230000000,-2010000000,-2939000000,-2551000000,-11576000000,-8630000000,-5723000000,4029000000,3840000000,5179000000,2079000000,-2135000000,6356000000,12224000000,0,0,0,0,0,0,0,0,0,0,0,0,0,0,0,0,0,0,0,0,0,0,0,0,0
Ireland,Iraq,IRQ,BN.GSR.GNFS.CD,0,0,0,0,0,0,0,0,0,0,0,0,0,0,0,0,0,0,0,0,0,0,0,0,0,0,0,0,0,0,0,0,0,0,0,0,0,0,0,0,0,0,0,0,0,-2044100000,6689000000,18966800000,27891200000,-2225200000,7402400000,30749000000,33594000000,22018282324.13,20322000000,-1789014222.13,2713640000,15149856000,35054700000,16620400000,-4198700000,27553600000,57917300000,26672686393.31,0,0
Ireland,Iceland,ISL,BN.GSR.GNFS.CD,0,0,0,0,0,0,0,0,0,0,0,0,0,0,0,0,29400000,10200000,91800000,64800000,36900000,-8300000,-120000000,82200000,22800000,31100000,176400000,-20100000,-18000000,156300000,83430446.1063821,-79333014.50282,2192193.872704,190173218.513954,313742795.481445,245049970.045878,37655630.5934246,36002539.9511738,-368288735.524052,-403170878.658511,-617467986.580397,-89616403.505695,146668727.986714,-343251512.663181,-777489314.860014,-1976306948.76101,-2924139980.16283,-1961305703.27408,-637429123.582439,1055741552.91162,1367149084.53207,1202277150.73522,892978425.516664,1293931187.81253,1176509122.01478,1374645174.695,1555184857.48078,1258670942.57889,1077966037.36487,1404577729.56517,-75589769.346321,-394905604.593363,107289837.780682,301487007.799373,-352775323.772743,0
Ireland,Israel,ISR,BN.GSR.GNFS.CD,-305000000,-396000000,0,0,0,-456000000,-389000000,-465000000,-525000000,-738000000,-1087000000,-1142000000,-987000000,-2448000000,-2983000000,-3480000000,-2684000000,-1994000000,-2607000000,-3062000000,-2843000000,-3538300000,-3180200000,-3298100000,-2567000000,-1628500000,-1460000000,-3298700000,-2593100000,-1832900000,-2916000000,-5367800000,-4501900000,-6037300000,-6496800000,-7808400000,-7915600000,-5387100000,-2999200000,-3056600000,-203100000,-3165900000,-3513500000,-1027000000,135600000,-150100000,336000000,-1438600000,-1134900000,5360500000,4601500000,-393500000,-261800000,5543900000,4919500000,9472000000,6004200000,6855000000,3124800000,7278400000,12740700000,13407500000,11019200000,14206300000,12810200000,0
Ireland,Italy,ITA,BN.GSR.GNFS.CD,0,0,0,0,0,0,0,0,0,0,107680159.89232,811921589.513574,967058287.774415,-3328110291.39531,-7884887332.49248,-483144173.437663,-2741198142.21769,2216658010.91719,6178264390.36804,3805769085.2366,-12956080101.18,-9344323403.02935,-5696862256.04271,1877822085.63663,-1849362427.58583,-1954095748.03319,8469745735.80438,3607682228.02249,223324254.28476,-1994927194.35404,1461264916.58427,105589450.92382,174993071.02265,32207609508.2743,36945252882.4425,45325897739.875,62155136415.2245,47619296427.0847,39886976511.7094,21283617653.3336,9333284879.73141,13835427119.0986,9203889112.40754,6874316557.88138,9690602868.18181,-3242154509.71725,-17269793364.7159,-8130159638.9672,-18314564627.7725,-11245703356.1903,-38733375693.0732,-29571251353.2195,23450864653.0484,50079699804.1508,60112847272.8695,52526869354.6475,59977581596.7032,53893821749.4434,50617035662.4632,67357784672.6455,69265580610.0111,44797022837.1567,-38435469002.8408,34664668377.2501,61620081677.9415,0
Ireland,Jamaica,JAM,BN.GSR.GNFS.CD,0,0,0,0,0,0,0,0,0,0,0,0,0,0,0,0,-235300000,31300000,66700000,-52000000,-44700000,-298900000,-378500000,-301700000,-186400000,-241000000,94200000,30400000,-139200000,-434500000,-173000000,-69800000,-35000000,-377910000,-26300000,-335200000,-541500000,-665100000,-653700000,-531100000,-838300000,-1235100000,-1555635000,-1391056367.27278,-1365268208.68813,-1973546537.94346,-2315799601.46387,-3416441707.94729,-4374789039.06333,-2318012641.57243,-2449403098.03721,-3541151131.14738,-3327364252.56853,-3181127085.86494,-3051487394.97015,-2296499439.40425,-1837864661.5875,-2357736829.66205,-2090909129.16261,-2277619516.71902,-2663823121.73062,-3004608495.85861,-3302861296.59063,-2590755238.82016,-2400772586.96648,0
Ireland,Jordan,JOR,BN.GSR.GNFS.CD,0,0,0,0,0,0,0,0,0,0,0,0,-214759762.98906,-244087372.991584,-350210862.384551,-562241044.103424,-744013255.918511,-959770210.688483,-1119891306.36454,-1611339531.74241,-1652370330.54965,-2308152626.88924,-2391820851.04052,-2155056602.36291,-1919955270.24324,-1757678736.83417,-1518076283.99433,-1473602454.3704,-1331132245.52556,-597098146.496417,-1057576465.54587,-943964083.090545,-1655213821.88733,-1672340504.99393,-1410120691.61033,-1424008291.76841,-1752609308.88576,-1613399153.73766,-1560225669.95769,-1456417489.42172,-2256768734.10437,-2245311306.57059,-1831623568.03474,-2137408095.90973,-3408385738.18054,-5145482725.34556,-5029732778.56136,-6313059604.6278,-6529453560.05693,-5397612676.05634,-5489577464.78873,-7557323943.66198,-8668169014.08451,-9944366197.18309,-9460140845.07041,-8655633802.8169,-8292112676.05634,-8735492957.74648,-7823098591.5493,-5793422535.21127,-7979752112.67605,-9451830985.91549,-9275352112.67606,-6801971830.98592,-7712253521.12677,0
Ireland,Japan,JPN,BN.GSR.GNFS.CD,0,0,0,0,0,0,0,0,0,0,0,0,0,0,0,0,0,0,0,0,0,0,0,0,0,0,0,0,0,0,0,0,0,0,0,0,21309371596.649,47450014246.5316,72968602319.8624,69164578262.6968,69091201723.8881,26480675041.2365,51601038995.8407,72487452621.7708,94230374346.5512,69911671152.1861,63045444315.0606,83502740418.5949,17341178492.6405,23251948662.5674,78197081417.2456,-39544359231.2282,-101198487543.672,-125128284733.983,-128605076447.102,-23275907631.1959,40443851155.2429,37636176718.9342,1405006849.0526,-8615189108.462,-7597675867.0135,-21810914913.444,-157922697027.439,-72876655744.3752,-42600298380.2384,0
Ireland,Kazakhstan,KAZ,BN.GSR.GNFS.CD,0,0,0,0,0,0,0,0,0,0,0,0,0,0,0,0,0,0,0,0,0,0,0,0,0,0,0,0,0,0,0,0,0,0,0,-126600000,-589000000,-558900000,-1051000000,172000000,1256354847.95967,-533514773.947675,-153214258.791614,1496098062.27504,3544189463.7045,6322004051.71502,9734725344.18396,10388580329.965,21722847597.8088,13012350650.8921,22543014687.3273,42077753327.7535,31304963815.1314,30420332103.2403,20809092206.124,2938881197.60969,6657846380.33749,14815137351.4283,19276723811.6837,14634103953.348,2771607555.29577,22128581996.022,33382483021.9538,18203244982.1471,16382793233.8426,0
Ireland,Kenya,KEN,BN.GSR.GNFS.CD,0,0,0,0,0,0,0,0,0,0,0,0,0,0,0,-175945251.817231,3226907.1472634,119373254.181895,-563951846.166763,-401856288.940807,-839062355.34332,-575407677.197497,-258003675.971049,-43270801.8519645,-101083157.725384,-60917289.0088309,-4437393.4627997,-426084265.745067,-460525945.083985,-643675851.542676,-476548601.120383,-130246378.005806,-21696732.0396687,-1296327284.10629,-1453451893.3539,-2395870743.78202,-2000541131.73102,-2970948723.01666,-4064850081.25341,-4119475591.48757,-987045307.056151,-1036959028.42705,-651650569.832691,-649327981.086305,-1007314078.38763,-1396557727.51619,-2225255504.46471,-2996249357.82223,-4268637872.35773,-3916539738.28787,-4548264829.46378,-6360159023.3274,-6710123651.45399,-7318068648.68627,-9035535132.25669,-7061068458.4589,-6258681910.57285,-8631668533.27337,-8603298972.28314,-8937167193.20539,-7566472427.12068,-9634804784.26093,-9569380037.10955,-7879556656.00248,-7286351043.3329,0
Ireland,Kyrgyz Republic,KGZ,BN.GSR.GNFS.CD,0,0,0,0,0,0,0,0,0,0,0,0,0,0,0,0,0,0,0,0,0,0,0,0,0,0,0,0,0,0,0,0,0,-149128000,-124588000,-277981000,-469238000,-141433000,-333505457.676387,-178190622.864451,-81431570.3227834,-10874448.1416813,-78193781.96978,-134184764.262288,-183454392.47873,-449548169.479397,-967418638.09730506,-1195504624.43461,-1982519089.12262,-1227974555.58166,-1534283797.18631,-1656613019.86043,-2917630516.89051,-2824203575.16016,-3169531477.13418,-2422081515.14236,-2339826753.14385,-2502182816.81419,-3126812246.84984,-2562487005.2788,-1615431956.90655,-2636032232.41209,-7027242104.26164,0,0,0
Ireland,Cambodia,KHM,BN.GSR.GNFS.CD,0,0,0,0,0,0,0,0,0,0,0,0,0,0,0,0,0,0,0,0,0,0,0,0,0,0,0,0,0,0,0,0,-192800000,-243998000,-339600000,-405500000,-480200000,-355600000,-406960201.620193,-459298865.334548,-437693298.434776,-345516600.775898,-362074311.792298,-467199795.046385,-390066228.005889,-533988077.71410203,-558177789.383339,-652116570.226236,-956406008.966637,-859163588.45271,-1674511916.47717,-1764889739.1141,-1927523603.86087,-1932612476.26817,-2126397118.17364,-2236506647.05702,-2244081820.13337,-2414809586.58477,-3448790454.64354,-4443118496.52217,-2267979722.06165,-12637667294.723,-9261970319.21556,-1668160812.23953,-2610776132.74346,0
Ireland,Kiribati,KIR,BN.GSR.GNFS.CD,0,0,0,0,0,0,0,0,0,0,0,0,0,0,0,0,0,0,0,4061964.90274763,-22084970.3048677,-26963464.5021522,-25554264.9278839,-18089845.6462974,-11548730.7222372,-17294564.2024361,-18536416.351642,-24050889.9438446,-25701840.6266074,-27284588.7621612,-35244342.5609587,-27567547.5671322,-37271003.648764,-29703650.310086,-20796185.4650671,0,0,0,0,0,0,0,0,0,0,0,-82729603.8857814,-90093150.1476165,-98821582.439446,-97231145.0692002,-103518494.461425,-131487736.273245,-146136824.00341,-151874727.242513,-159903554.35598,-156193181.730479,-161482389.696167,-165762053.960004,-151369620.262046,-144633338.514284,-127542338.760614,-191229247.994314,-251424746.809928,-276525125.91456,-319296500.774961,0
Ireland,St. Kitts and Nevis,KNA,BN.GSR.GNFS.CD,0,0,0,0,0,0,0,0,0,0,0,0,0,0,0,0,0,0,0,0,-14418518.5185185,-16351851.8518519,-20422222.2222222,-26140740.7407407,-15937037.037037,-13844444.4444444,-14677777.7777778,-22222222.2222222,-31703703.7037037,-40196296.2962963,-49981481.4814815,-35007407.4074074,-12329629.6296296,-25366666.6666667,-22181481.4814815,-53681481.4814815,-65659259.2592592,-55918518.5185186,-48033333.3333333,-59237037.037037,-67054212.6178402,-56317052.3412745,-54584285.7530442,-29566539.7624767,27167738.1227792,31364513.4600782,3867385.3001916,-32159543.5581858,-56924774.9399616,-98693373.0396489,-56137743.8956716,-22136930.8838519,14701133.6495752,38759567.0805629,77154125.9259259,3412908.1481481,-52313772.962963,-37050120,11971275.925926,-36457072.5925926,-76302082.5925926,-6178408.1481482,-63872830.3703703,-89600127.7777777,-138542833.703704,0
Ireland,"Korea, Rep.",KOR,BN.GSR.GNFS.CD,0,0,0,0,0,0,0,0,0,0,0,0,0,0,0,0,-254000000,282000000,-916000000,-3506000000,-5277100000,-4164300000,-3179100000,-1510900000,629200000,76200000,4437900000,9745300000,12575300000,3724100000,-3188400000,-8166700000,-3272400000,1663700000,-4433100000,-8398700000,-21978300000,-7989200000,42495100000,26488500000,14546800000,7140200000,8587300000,17292900000,34122600000,23508300000,11474300000,19396600000,5435400000,38717900000,33959500000,15957800000,43531800000,73930200000,82854900000,105649200000,99123300000,76858800000,80717400000,52966800000,65934700000,70444200000,8366900000,10833600000,76425300000,0
Ireland,Kuwait,KWT,BN.GSR.GNFS.CD,0,0,0,0,0,0,0,0,0,0,0,0,0,0,0,5847623905.77473,5957848753.60692,4044443527.99859,4755451471.60118,12161405522.7884,12034891239.9948,7773005781.41249,458475016.440753,1832050599.2431,2789956947.83994,1705717228.7985,-856863627.015655,236845009.164287,-1336777416.70452,2212544389.17181,1098958243.05351,-8090939999.99999,-3785519082.19919,-22528596.408807,1568977012.74039,1600615339.48443,3416735943.05681,3164673436.11193,-1876913582.30483,1905295846.45505,9928881106.01983,5499187539.7399,3059415591.40769,8442962174.25909,12874109263.658,26309246575.3425,38018965888.7457,39388987316.627,60186155950.0603,33617908084.9689,40785388310.1042,71341369915.8159,83140620592.6115,75344353477.9065,59888079430.48,10251823889.8115,-764648397.85644,2727186902.31876,16994114744.044,13179758591.1804,3401190923.62184,28167224974.5725,55013741535.6003,32045303686.4846,28188883807.8465,0
Ireland,Latin America & Caribbean (excluding high income),LAC,BN.GSR.GNFS.CD,0,0,0,0,0,0,0,0,0,0,0,0,0,0,0,0,0,0,0,0,0,0,0,0,0,0,0,0,0,0,0,0,0,0,0,0,0,0,0,0,0,0,0,0,0,0,0,0,0,0,0,0,0,0,0,0,0,0,0,0,0,0,0,0,0,0
Ireland,Lao PDR,LAO,BN.GSR.GNFS.CD,0,0,0,0,0,0,0,0,0,0,0,0,0,0,0,0,0,0,0,0,0,0,0,0,-160500000,-161200000,-140100000,-163700000,-100500000,-133800000,-109500000,-111100000,-110100000,-140200000,-278800000,-340700000,-342500000,-287700000,-115200000,-111300000,-72370000,-54781547.6404351,1114497.24086162,-27618794.4223728,-201992257.091491,-163625276.127337,7830650.50192347,92364486.3042762,-17544486.4734168,-146773678.282627,-66147825.3407206,-349954012.215621,-947984437.710273,-1061035240.42977,-2085058723.52544,-2256435633.5029,-1315153029.36057,-1129953098.02734,-1170848452.23378,-532984843.002456,645616024.454668,1292759325.82958,621832575.520967,1101267611.17868,0,0
Ireland,Lebanon,LBN,BN.GSR.GNFS.CD,0,0,0,0,0,0,0,0,0,0,0,0,0,0,0,0,0,0,0,0,0,0,0,0,0,0,0,0,0,0,0,0,0,0,0,0,0,0,0,0,0,0,-3750637038.39986,-2029255852.32613,-5303811527.64921,-3624286958.87424,-3268959080.97316,-5113518255.85431,-6900257996.04925,-8340024499.3839,-9492875256.63481,-7627030601.1031,-11906832865.14,-13342449921.08,-14397923871.79,-11426359325.52,-12107086798.8,-13130161154.6992,-13620787416.305,-12938275542.2226,-6432412326.92661,-7983310844.9934,-12091395112.3418,-11542638381.8417,0,0
Ireland,Liberia,LBR,BN.GSR.GNFS.CD,0,0,0,0,0,0,0,0,0,0,0,0,0,0,0,0,0,0,0,585718.023398312,1352319.55402257,1251110.92497948,600791.649000473,-521116.770817616,1414767.43069196,2605583.85148249,2702485.73025663,893650.659805976,0,0,0,0,0,0,0,0,0,0,0,0,0,0,0,0,-741498032.967272,-816363861.280419,-1224602723.23438,-1204938606.29377,-1381364966.30785,-1250093005.49901,-542982118.276661,-1022636892.84458,-1525627322.62742,-1175575181.52593,-1799126585.07449,-1364407090.27854,-1057421109.4909,-802605177.286216,-718141890.174837,-689782526.894746,-639226709.75038,-698395251.761802,-741456441.740813,0,0,0
Ireland,Libya,LBY,BN.GSR.GNFS.CD,0,0,0,0,0,0,0,0,0,0,0,0,0,0,0,0,0,4311419330.82955,2841064555.90781,5523034901.15909,9412913189.42078,-2426602789.63599,623537003.926722,1215660713.0956,531999338.675134,2887320851.33406,414716996.748862,-878703131.569086,-1617056187.68234,-598461311.375918,2508323501.45322,66612446.438748,1541093344.05543,-1005683148.65632,263227232.971913,1758242034.5012,1338599608.39924,1528643518.39234,-299417565.999846,2044152624.70471,7186000000,4959000000,1300000000,4523000000,7180000000,15860000000,22179000000,26712000000,36155300000,10375000000,18658700000,3513800000,28592400000,3676800000,-18495600000,-9742900000,-4700400000,3857000000,11115300000,3958100000,-4797200000,6973400000,11959200000,4468600000,0,0
Ireland,St. Lucia,LCA,BN.GSR.GNFS.CD,0,0,0,0,0,0,0,0,0,0,0,0,0,0,0,0,-18499460.579359,-21900000,-33600000,-39700000,-48199999.9999999,-60700000,-48800000.0000001,-25400000,-34200000,-30100000,-13077777.7777778,-23077777.7777778,-14681481.4814814,-59737037.0370371,-38437037.037037,-55870370.3703704,-36285185.1851852,-25951851.8518518,-32177777.7777778,-16151851.851852,-36722222.2222222,-55622222.2222223,-37362962.962963,-87577777.7777777,-112369779.294007,-109758195.033092,-110322654.643084,-143730175.969485,-78953610.200812,-88582986.3510992,-303448772.88357,-156445656.544488,-255191554.719733,-45138480.1193818,-109401310.687014,-148963372.185431,-67035159.8253477,-4416431.9106849,63058585.1123645,138248506.278213,-6117846.5401692,78356413.6233852,127777764.217904,191482393.703704,-263399108.518519,-182121763.703704,90090876.2962968,127159246.296296,154233444.074074,0
Ireland,Latin America & Caribbean,LCN,BN.GSR.GNFS.CD,0,0,0,0,0,0,0,0,0,0,0,0,0,0,0,0,0,0,0,0,0,0,0,0,0,0,0,0,0,0,0,0,0,0,0,0,0,0,0,0,0,0,0,0,0,0,0,0,0,0,0,0,0,0,0,0,0,0,0,0,0,0,0,0,0,0
Ireland,Least developed countries: UN classification,LDC,BN.GSR.GNFS.CD,0,0,0,0,0,0,0,0,0,0,0,0,0,0,0,0,0,0,0,0,0,0,0,0,0,0,0,0,0,0,0,0,0,0,0,0,0,0,0,0,0,0,0,0,0,0,0,0,0,0,0,0,0,0,0,0,0,0,0,0,0,0,0,0,0,0
Ireland,Low income,LIC,BN.GSR.GNFS.CD,0,0,0,0,0,0,0,0,0,0,0,0,0,0,0,0,0,0,0,0,0,0,0,0,0,0,0,0,0,0,0,0,0,0,0,0,0,0,0,0,0,0,0,0,0,0,0,0,0,0,0,0,0,0,0,0,0,0,0,0,0,0,0,0,0,0
Ireland,Liechtenstein,LIE,BN.GSR.GNFS.CD,0,0,0,0,0,0,0,0,0,0,0,0,0,0,0,0,0,0,0,0,0,0,0,0,0,0,0,0,0,0,0,0,0,0,0,0,0,0,0,0,0,0,0,0,0,0,0,0,0,0,0,0,0,0,0,0,0,0,0,0,0,0,0,0,0,0
Ireland,Sri Lanka,LKA,BN.GSR.GNFS.CD,0,0,0,0,0,0,0,0,0,0,0,0,0,0,0,-171681373.8559,-50879695.6785,86308173.3728999,-130072244.6591,-403068736.7304,-903830667.2428,-711812306.3826,-880462228.8387,-773726419.7325,-344442208.2904,-734401855.8813,-750171751.8296,-677220149.5346,-748400069.3584,-770314416.1237,-672036980.3035,-1020584082.667,-916867186.3656,-982090623.2259,-1383429808.0017,-1364588928.5271,-1238558366.8694,-1066913536.9816,-950476666.377601,-1218639916.6956,-1726747410.74,-954050000,-1111890000,-1139960000,-1823850000,-2178712930,-3113711000,-3353700000,-5579000000,-2731500000,-4118500000,-8611150000,-8155171568.40896,-6428657223.05667,-6406606457.70637,-6063314670.16749,-5993868514.63866,-6317047992.80595,-6576794257.39769,-5147667481.61963,-5188536224.2702,-6552496707.23294,-3074954688.44853,-1495959130.65672,0,0
Ireland,Lower middle income,LMC,BN.GSR.GNFS.CD,0,0,0,0,0,0,0,0,0,0,0,0,0,0,0,0,0,0,0,0,0,0,0,0,0,0,0,0,0,0,0,0,0,0,0,0,0,0,0,0,0,0,0,0,0,0,0,0,0,0,0,0,0,0,0,0,0,0,0,0,0,0,0,0,0,0
Ireland,Low & middle income,LMY,BN.GSR.GNFS.CD,0,0,0,0,0,0,0,0,0,0,0,0,0,0,0,0,0,0,0,0,0,0,0,0,0,0,0,0,0,0,0,0,0,0,0,0,0,0,0,0,0,0,0,0,0,0,0,0,0,0,0,0,0,0,0,0,0,0,0,0,0,0,0,0,0,0
Ireland,Lesotho,LSO,BN.GSR.GNFS.CD,0,0,0,0,0,0,0,0,0,0,0,0,0,0,0,-144961292.470885,-180434999.8431,-206309999.8206,-223214999.8059,-294291387.702139,-384420943.354542,-424235338.680636,-799963788.201815,-883836587.027686,-788812986.559899,-586879528.673141,-619262958.715232,-853943397.468434,-922647894.846113,-961263164.815667,-1091703366.09348,-1242789922.45174,-1359406133.62537,-1266496961.95688,-1252672482.51415,-1399418762.8757901,-1292882581.76836,-1254916409.51983,-983582227.776525,-876283847.142205,-773329767.141034,-595468801.646939,-505428189.741851,-764157393.938501,-900710792.961812,-985652498.680277,-978651680.978581,-1008497706.24776,-1002374439.46749,-1271688952.21049,-1491813946.79632,-1422445705.10292,-1692009157.3086,-1380548270.49749,-1262676564.23367,-1045635031.22647,-1052678219.5851,-1208782069.95277,-1167403816.11021,-1145057935.10102,-1088419440.04892,-1140926103.1082,-1176882174.66003,-1191087968.05889,-1099698564.69143,0
Ireland,Late-demographic dividend,LTE,BN.GSR.GNFS.CD,0,0,0,0,0,0,0,0,0,0,0,0,0,0,0,0,0,0,0,0,0,0,0,0,0,0,0,0,0,0,0,0,0,0,0,0,0,0,0,0,0,0,0,0,0,0,0,0,0,0,0,0,0,0,0,0,0,0,0,0,0,0,0,0,0,0
Ireland,Lithuania,LTU,BN.GSR.GNFS.CD,0,0,0,0,0,0,0,0,0,0,0,0,0,0,0,0,0,0,0,0,0,0,0,0,0,0,0,0,0,0,0,0,0,-209804274.601984,-259391613.398108,-710845000,-775360000,-1013010000,-1277812500,-1099182500,-723685000,-651350000,-766120811.308571,-1089789247.60832,-1598121430.99819,-1868987718.20348,-3115787811.15728,-5220795621.51119,-5654887514.59838,-650343011.536893,-747170031.548332,-1165213981.29822,252898478.553641,669878259.486972,924100058.982096,-414399785.652911,306454310.766927,1122347166.83575,990008416.881667,2893165052.33979,5227050937.84286,3002108490.63778,-1467958906.1204,3120764717.88409,4404370171.87185,0
Ireland,Luxembourg,LUX,BN.GSR.GNFS.CD,0,0,0,0,0,0,0,0,0,0,0,0,0,0,0,0,0,0,0,0,0,0,0,0,0,0,0,0,0,0,0,0,0,0,0,0,0,0,0,2707728858.73997,4300157936.63012,3839304674.94342,6396647837.18102,7733253423.25683,8995309608.54017,10106312065.8446,14231810557.3008,17047832259.0175,18120548851.8925,18274145605.527,19192833467.6215,21113444604.7632,22463816774.2645,25960453249.3214,28145998212.6824,25548168754.6856,27234134470.6309,25399280110.7678,25873948883.5798,25100376793.0701,27801061612.42,33954499073.5419,29689259081.5976,32217308444.8831,34490567835.9578,0
Ireland,Latvia,LVA,BN.GSR.GNFS.CD,0,0,0,0,0,0,0,0,0,0,0,0,0,0,0,0,0,0,0,0,0,0,0,0,0,0,0,0,0,0,0,0,93807284,331695000,59849000,-105545000,-414448000,-477332000,-827403000,-691300000,-435668393.162799,-641750345.076581,-769682764.40150106,-1304378201.18981,-2116991636.50793,-2437937341.59297,-4448701322.29235,-5712673161.3934,-4265771521.22894,-288813246.923251,-470556347.619047,-1660157661.64095,-1559361830.79714,-1366226218.96361,-881928104.03778,-315230306.834458,142293731.254776,-127606948.777044,-156116779.871778,-70970907.332253,487130155.261102,-1218651820.6349,-1841317409.80791,-1581098659.59594,-699670294.191951,0
Ireland,"Macao SAR, China",MAC,BN.GSR.GNFS.CD,0,0,0,0,0,0,0,0,0,0,0,0,0,0,0,0,0,0,0,0,0,0,0,0,0,0,0,0,0,0,0,0,0,0,0,0,0,0,0,0,0,0,2517060254.16958,2880750414.6615,4325196312.76566,3939937615.24287,4210051772.21794,4996212153.58356,6893080923.88626,9383147903.40092,15506387499.9443,21293068830.6609,24977405438.4769,30864735567.9244,28904863218.7461,17350450010.7472,18523407221.942,23248399457.5754,27305253729.9356,27931990400.4409,363779893.041877,4393443566.42893,174099687.659763,18634201220.2572,0,0
Ireland,St. Martin (French part),MAF,BN.GSR.GNFS.CD,0,0,0,0,0,0,0,0,0,0,0,0,0,0,0,0,0,0,0,0,0,0,0,0,0,0,0,0,0,0,0,0,0,0,0,0,0,0,0,0,0,0,0,0,0,0,0,0,0,0,0,0,0,0,0,0,0,0,0,0,0,0,0,0,0,0
Ireland,Morocco,MAR,BN.GSR.GNFS.CD,0,0,0,0,0,0,0,0,0,0,0,0,0,0,0,-963112162.829154,-1782630217.20746,-2235671070.98755,-1798558201.87345,-2044043539.25003,-1974523574.39855,-2228024145.09251,-2230109550.84928,-1257290602.91038,-1351790654.51716,-1199205664.16558,-1076178019.36627,-828186823.539263,-102324844.837772,-1251153075.39788,-1543978703.46311,-1572953695.78076,-1909140154.89803,-1608287745.31519,-1822070986.65991,-2198534134.93753,-1232693099.97628,-1117023286.5382,-1455059864.39051,-1335316226.02495,-2093220551.79848,-1111415357.4612,-1114913759.85845,-1728414693.05363,-3227630251.10061,-3951168994.58638,-4440744115.62965,-7420593636.5374,-12774727823.0575,-10926909415.6859,-9953278186.70668,-14062623475.6277,-14674780975.466,-14810418460.9486,-13690326430.4099,-7927842023.52505,-10739249607.2905,-10551433764.5562,-12131482383.3643,-10049378708.9168,-8812910271.88886,-13124927044.3011,-15234615256.3966,-12191055206.4029,-13273497505.6441,0
Ireland,Monaco,MCO,BN.GSR.GNFS.CD,0,0,0,0,0,0,0,0,0,0,0,0,0,0,0,0,0,0,0,0,0,0,0,0,0,0,0,0,0,0,0,0,0,0,0,0,0,0,0,0,0,0,0,0,0,0,0,0,0,0,0,0,0,0,0,0,0,0,0,0,0,0,0,0,0,0
Ireland,Moldova,MDA,BN.GSR.GNFS.CD,0,0,0,0,0,0,0,0,0,0,0,0,0,0,0,0,0,0,0,0,0,0,0,0,0,0,0,0,0,0,0,0,0,0,-100040000,-122020000,-320020000,-376410000,-434630000,-179360000,-330530000,-352940000,-418140000,-667300000,-775140000,-1212240000,-1603240000,-2319790000,-3219160000,-1998580000,-2255498750.35667,-2825503937.83667,-2959960000,-2986360000,-2913560000,-1991460000,-1858100000,-2254560000,-2938010000,-2946160000,-2696150000,-3717710000,-4284320000,-3974190000,-4701120000,0
Ireland,Madagascar,MDG,BN.GSR.GNFS.CD,0,0,0,0,0,0,0,0,0,0,0,0,0,0,-65391586.1302535,-98314568.5204649,-63486195.6628568,-62683484.0308762,-133212204.491106,-441282588.742855,-559166504.088218,-341404547.752945,-275064751.262562,-195354077.814066,-124964774.535349,-153076896.951217,-138214337.199316,-119218490.853088,-165850966.048535,-95887741.1810564,-338246579.987686,-195531121.959725,-230197249.593162,-294631181.965558,-218482760.419397,-237896771.052666,-199830019.562935,-291886333.468814,-299147369.900934,-288555844.217847,-331675856.242419,-187176039.131145,-514975119.353513,-554939573.599998,-649266259.800001,-825540136.864562,-699600735.165125,-1148264719.95286,-2093613078.0813,-1943005638.6842,-1256939994.21206,-1147933209.13189,-1073173357.26468,-1009674021.90093,-456652748.469326,-356772598.174224,-175422309.680643,-344018352.124095,-413526829.367095,-603012986.87044,-1128980140.43678,-1407090214.03526,-1351885540.02755,0,0,0
Ireland,Maldives,MDV,BN.GSR.GNFS.CD,0,0,0,0,0,0,0,0,0,0,0,0,0,0,0,0,0,-900000,-3400000,-4900000,-21900000,-19100000,-17100000,-19800000,-10700000,6100000,10347965.3320654,16321085.3966171,12214179.7256335,9919074.5951686,19873000,329673.073431,2061370.754701,-21591676,14956279.8781229,5354152.365927,15509758.055156,647985.4112473,16565685.7329953,-27767024.7343039,5501077.666576,8194762.031571,39477199.070917,49360518.824951,-33598121.037282,-384035397.053719,-269390064.689639,168193991.826188,-107214252.286509,232165795.76164,314232523.777393,146924690.07404,339502569.879086,508336313.143015,545048446.109549,375920282.87938,-50674148.133532,-179960563.237689,-517528628.784776,-336988109.327365,-661897582.476007,502385079.859617,156705428.806191,-104055382.755435,68023385.575855,0
Ireland,"Middle East, North Africa, Afghanistan & Pakistan",MEA,BN.GSR.GNFS.CD,0,0,0,0,0,0,0,0,0,0,0,0,0,0,0,0,0,0,0,0,0,0,0,0,0,0,0,0,0,0,0,0,0,0,0,0,0,0,0,0,0,0,0,0,0,0,0,0,0,0,0,0,0,0,0,0,0,0,0,0,0,0,0,0,0,0
Ireland,Mexico,MEX,BN.GSR.GNFS.CD,0,0,0,0,0,0,0,0,0,0,0,0,0,0,0,0,0,0,0,-1851000000,-4979000000,-7383000000,5117000000,13715000000,12790000000,7683000000,4416000000,8913000000,2414000000,-267000000,-3110000000,-9369000000,-18618000000,-16010000000,-21185140000,7152710000,6435885000,-807196000,-9180703000,-8350321000,-11941767041,-14109446485,-12194289609,-10770586021,-14968141812,-14565785413,-13991006944,-18695821515,-26869546767,-14820317718,-13623591137,-15980581914,-14581102602,-15907547928,-16563464776,-25807764000,-23667255468,-22668791420,-27610814495,-4265651015,21711673476,-23128199854,-43787418381,-31950750370,-27626821962,0
Ireland,Marshall Islands,MHL,BN.GSR.GNFS.CD,0,0,0,0,0,0,0,0,0,0,0,0,0,0,0,0,0,0,0,0,0,0,0,0,0,0,0,0,0,0,0,0,0,0,0,0,0,0,0,0,0,0,0,0,0,-101535553.803533,-101522072.156632,-112966755.32216,-109409778.156412,-127001064.718136,-109599716.733761,-99845558.2829229,-69463864.9847535,-89919355.8707876,-92772881.857085,-111262525.778845,-123815949.981462,-82892728.2954088,-45818482.8955853,-38288145.9663188,-44802779.3120239,-76008272.7711216,0,0,0,0
Ireland,Middle income,MIC,BN.GSR.GNFS.CD,0,0,0,0,0,0,0,0,0,0,0,0,0,0,0,0,0,0,0,0,0,0,0,0,0,0,0,0,0,0,0,0,0,0,0,0,0,0,0,0,0,0,0,0,0,0,0,0,0,0,0,0,0,0,0,0,0,0,0,0,0,0,0,0,0,0
Ireland,North Macedonia,MKD,BN.GSR.GNFS.CD,0,0,0,0,0,0,0,0,0,0,0,0,0,0,0,0,0,0,0,0,0,0,0,0,0,0,0,0,0,0,0,0,0,0,0,0,-471490000,-532200000,-575445204.130813,-457074064.240888,-642125700.122044,-545893559.089251,-827691031.741355,-855217292.772752,-1189733166.89945,-1093903653.03408,-1226509435.67586,-1588287899.21199,-2562426417.59672,-2136525990.36351,-1856959107.68669,-2140371835.76031,-2190294310.87424,-1976433126.46824,-1963060752.57045,-1631227767.70795,-1630959009.0477,-1588372813.00263,-1612255272.9123,-1805080888.77707,-1582531345.17781,-2153845040.75784,-2886224819.33716,-2057510642.54442,-2198664601.60719,0
Ireland,Mali,MLI,BN.GSR.GNFS.CD,0,0,0,0,0,0,0,0,0,0,0,0,0,0,0,-143925073.80979,-77798541.731507,-58083760.1977851,-218695849.284989,-242805569.593536,-257478769.742876,-237550711.903859,-205108696.034886,-199046865.449583,-197960133.744626,-358809902.839639,-371925510.590473,-324087023.627715,-383148170.072506,-287766807.78326,-409784904.020306,-409809176.55706,-513011735.21410203,-406409632.950786,-362298809.022935,-461926729.676971,-410153461.470658,-253103909.503331,-271956127.46087,-296618854.743181,-283457813.078195,-279991324.231463,-55205809.1690432,-319187483.244582,-407835177.49595,-458503870.446239,-286433116.733172,-690611603.905051,-1210560425.65719,-686635160.036214,-1309776708.17854,-1051695374.69504,-607589871.353241,-1978034650.80646,-2230547545.04226,-2038081152.84526,-2367638112.66079,-2200115181.48503,-1894817500.56535,-2116578374.70659,-1143576815.35233,-2215235072.30086,-2086550442.58033,-1935827989.57385,0,0
Ireland,Malta,MLT,BN.GSR.GNFS.CD,0,0,0,0,0,0,0,0,0,0,0,-50600882.2912017,-28565688.053687,-17082583.9453066,-64853927.5059011,-24169446.0713895,-28931929.6670248,-55646436.0959403,-21018034.0466671,-51329260.6112905,-108850890.036045,-109904082.035607,-203813002.065579,-178055610.030594,-172004605.867613,-181389945.817974,-162344065.15915,-173376106.51487,-201295626.504932,-225255923.728631,-333323893.136978,-297244328.948081,-217807832.603448,-260192977.744605,-294524452.084684,-472262388.570914,-479529666.871853,-292151093.931448,-209896166.063833,-206854525.822143,-415727364.544393,-183711521.695356,108599805.505143,-82590862.3363244,-159454247.43054,-257567940.748681,-274909082.797619,124439723.288594,78712937.393764,-104952698.438069,-62835996.022236,253621244.902439,445305459.533272,640894838.58209,1349786401.84795,1038114346.05328,1295971583.69454,3027968111.58805,2873060809.3889,3715013156.94505,3999727297.97558,3809895991.00506,2160147679.81738,4009273676.8975,4739928987.85651,0
Ireland,Myanmar,MMR,BN.GSR.GNFS.CD,0,0,0,0,0,0,0,0,0,0,0,0,0,0,0,0,-35934455.9280098,-97824204.4926299,-227162076.622324,-391614729.022861,-384383726.791395,-351422805.251905,-519227721.130844,-367580184.886276,-211541452.735981,-217104732.17662,-280576531.497687,-210833201.298222,-192031434.329887,-69212917.2483701,-280566188.423716,-51646728.6998404,-34943606.2752036,-513611362.970528,-467579089.278414,-705885851.098594,-805398512.678258,-1053750224.56342,-1124706491.09941,-659656823.881805,-350820664.102185,123380132.039568,510159464.978081,620866059.51058,715449106.341946,1767650338.76312,1908575763.37734,2430566104.37744,2679390435.01003,2320068010.84616,3057456205.86186,-123704013.791304,363652290.566295,444485705.263469,-954412173.646167,-2458409703.81709,-2306518795.81366,-4829984760.65528,-2936193292.93754,167245038.941888,0,0,0,0,0,0
Ireland,"Middle East, North Africa, Afghanistan & Pakistan (excluding high income)",MNA,BN.GSR.GNFS.CD,0,0,0,0,0,0,0,0,0,0,0,0,0,0,0,0,0,0,0,0,0,0,0,0,0,0,0,0,0,0,0,0,0,0,0,0,0,0,0,0,0,0,0,0,0,0,0,0,0,0,0,0,0,0,0,0,0,0,0,0,0,0,0,0,0,0
Ireland,Montenegro,MNE,BN.GSR.GNFS.CD,0,0,0,0,0,0,0,0,0,0,0,0,0,0,0,0,0,0,0,0,0,0,0,0,0,0,0,0,0,0,0,0,0,0,0,0,0,0,0,0,0,0,0,0,0,0,0,-1588601286.68413,-2431833171.02999,-1278506162.944,-1064300255.19853,-977371673.980965,-1005754872.22686,-900221249.521639,-909752754.135427,-746505641.987746,-978848488.295423,-1120803358.5532,-1319279618.29664,-1175546381.6963,-1669085977.64379,-1135117796.0757,-1436403580.10341,-1397932694.01846,-1847312243.23459,0
Ireland,Mongolia,MNG,BN.GSR.GNFS.CD,0,0,0,0,0,0,0,0,0,0,0,0,0,0,0,0,0,0,0,0,0,-796500000,-825000000,-792900000,-700600000,-768400000,-1058700000,-979000000,-998800000,-1145420000,-582840000,-131150000,-56540000,-12250000,-12160000,-12800000,-93400000,28080000,-131700000,-127073387,-157716914.22136,-192100875.933545,-238185462.568913,-248748022.696718,-195393857.119738,-85895239.489534,203385615.528975,57014926.7279956,-738677897.076524,-332006178.476588,-474918588.302732,-3517358044.65908,-4455747639.7511,-3917924200.41533,-1111497489.16149,-152864021.012946,-497135.735171,277604026.623513,-763750656.838668,-833604448.611713,305323153.496862,-305729911.391503,-1122520105.82839,1956376931.01332,-235739517.211251,0
Ireland,Northern Mariana Islands,MNP,BN.GSR.GNFS.CD,0,0,0,0,0,0,0,0,0,0,0,0,0,0,0,0,0,0,0,0,0,0,0,0,0,0,0,0,0,0,0,0,0,0,0,0,0,0,0,0,0,0,0,0,0,0,0,0,0,0,0,0,0,0,0,0,0,0,0,0,0,0,0,0,0,0
Ireland,Mozambique,MOZ,BN.GSR.GNFS.CD,0,0,0,0,0,0,0,0,0,0,0,0,0,0,0,0,0,0,0,0,0,0,0,0,0,0,0,0,0,0,0,0,0,0,0,0,0,0,0,0,0,0,0,0,0,-803674430.271872,-621697303.039305,-796812167.797911,-1400195939.05849,-1707440159.00836,-2148025288.10234,-4133946674.83786,-7753202106.3387,-7615689356.07254,-6967541379.73281,-6449682664.82562,-4079473034.42208,-2637413217.30467,-4597966667.89675,-4069363574.37714,-4210075400.25459,-4007644582.03097,-6522748188.50088,-1775216244.67762,-1129454668.28823,0
Ireland,Mauritania,MRT,BN.GSR.GNFS.CD,0,0,0,0,0,0,0,0,0,0,0,0,0,0,0,-92311083.0159975,-151591712.989724,-183955616.083108,-189894394.800975,-176564798.169636,-196257865.691105,-195524113.536364,-296836920.303269,-209791102.871222,-158079515.178084,-137069468.768984,-169855462.185254,-136765402.576308,-93036439.9366647,-63864372.4940097,-49088811.4230421,-83091473.0258809,-213417138.983129,-160944214.890286,-107683592.959741,-5263225.4915811,-65784072.0002913,-57891386.4254984,-78588324.7631218,0,0,0,0,0,0,0,0,0,0,0,0,0,-1359370920.90608,-1206024814.92775,-1333855477.38899,-954011172.989699,-834838283.113469,-944032323.141255,-1222143150.91208,-1158208368.35699,-890731370.108058,-1131838870.62952,-1637405929.71184,-1315988116.87275,-1315020525.71848,0
Ireland,Mauritius,MUS,BN.GSR.GNFS.CD,0,0,0,0,0,0,0,0,0,0,0,0,0,0,0,0,-48192590.7705491,-88386975.5467828,-124771326.95276,-142356464.51998,-116341237.279473,-119061717.581218,-30351665.4338354,-3929541.6106244,-34854230.5754036,-21045837.8350313,97353714.1630102,38669950.4201538,-105895901.277931,-160002448.124889,-193830959.130216,-105224096.339358,-104541426.494645,-197075876.762414,-310628402.166993,-104162372.900528,-37887089.0458019,-198648842.778282,-65103271.2101422,-211269772.626582,-84514284.3713062,194148569.18108,144726217.41426,70796093.3230717,-147156887.115387,-376492710.10505,-725533821.094567,-781959446.327884,-1378116042.71647,-933687898.79195,-1179044054.8196101,-1561477609.39418,-1491097860.33351,-1704239940.14731,-1479574524.93287,-1170543453.57922,-1258145034.00392,-1777877796.20383,-1172213230.268,-1240869808.50823,-1215707337.57347,-1843204712.37107,-1914338318.39177,-1646171442.65235,-2063200052.48413,0
Ireland,Malawi,MWI,BN.GSR.GNFS.CD,0,0,0,0,0,0,0,0,0,0,0,0,0,0,0,0,0,-87271623.8887667,-173156564.771872,-193541772.849829,-173994279.213402,-74835327.4588244,-69445162.7381301,-69035181.6081668,35163933.2787941,-48513851.2786061,-16119730.1937036,-15257550.3934931,-118962987.882785,-136762708.78826,-105647673.741807,-258265890.798832,-325370632.113536,-252885772.506527,-281730986.601468,-190558618.66286,-227013264.990615,-338797233.670889,-91063089.5602763,-262050154.561476,-191673094.008363,-172065994.403981,-323271092.624839,-292706814.211077,-483666941.098406,-700643180.765819,-534393154.969675,-660716264.463445,-982429884.072515,-890050440.667186,-1419882532.7219,-1278001468.35407,-1172649823.96267,-1562266577.48039,-1372051914.77458,-1242563524.54775,-1225123659.76949,-1736993035.8543,-1839953679.44211,-1818969799.21706,-2064997954.27212,-2180598872.20535,-2347203418.31062,-2469036002.33997,0,0
Ireland,Malaysia,MYS,BN.GSR.GNFS.CD,0,0,0,0,0,0,0,0,0,0,0,0,0,0,-85581343.8476374,-163339762.033833,1046988580.25928,982414323.517085,889016821.436689,1841949942.18022,571918568.8366,-1655292139.69702,-2421435377.51392,-1674959612.87918,609308163.707337,1581125299.95133,1620799746.91145,4461354572.71316,3600145105.55156,2355988568.29949,899856740.14511,-1798865482.04892,803569676.072839,-67596572.776058,-1154993731.55826,-3482664705.67682,1411002039.99097,940213221.63735,15895015129.7977,19828236842.1053,18019763157.8947,16181578947.3684,16565236842.1053,21756552631.5789,25414723684.2106,30775516791.1238,35471715593.5766,38520460699.6926,51312688997.9361,41550972362.834,40434591219.3347,46436559963.5622,33875653963.4719,27540337316.9555,31341554660.1241,22711691906.1136,19990335308.9183,21988277861.2463,24054470762.8388,27500981134.2942,21603446738.6741,26980425521.7432,29122040538.7734,20435053640.9863,22698293285.212,0
Ireland,North America,NAC,BN.GSR.GNFS.CD,0,0,0,0,0,0,0,0,0,0,0,0,0,0,0,0,0,0,0,0,0,0,0,0,0,0,0,0,0,0,0,0,0,0,0,0,0,0,0,0,0,0,0,0,0,0,0,0,0,0,0,0,0,0,0,0,0,0,0,0,0,0,0,0,0,0
Ireland,Namibia,NAM,BN.GSR.GNFS.CD,0,0,0,0,0,0,0,0,0,0,0,0,0,0,0,0,0,0,0,0,0,0,0,0,0,0,0,0,0,0,-364237781.360062,-366817983.460779,-418441119.244089,-299044454.734143,-295144894.645758,-365941244.828836,-370730531.113332,-425220551.241565,-302444655.44689,-362828414.199913,-146740694.377721,-193985796.375888,-177044523.14104,-325859398.239093,-227659979.058086,-214544996.273875,199127116.151426,-92995406.8325934,-990186470.012983,-1373339651.55339,-1323975906.00793,-1551987267.14404,-2174125630.73279,-2492979685.7486,-2816139510.53256,-2943119870.30343,-2565430209.39521,-1686277602.21238,-1397163463.70462,-1225374004.36717,-1002539145.51916,-2113569979.7083,-2069016347.98314,-2719910165.90963,-3279279371.18583,0
Ireland,New Caledonia,NCL,BN.GSR.GNFS.CD,0,0,0,0,0,0,0,0,0,0,0,0,0,0,0,0,0,0,0,0,0,0,0,0,0,0,0,0,0,0,0,0,0,0,0,0,0,0,0,0,0,0,-677244822.36104,-734602834.630329,-576147640.211876,-1012020219.54228,-1264421211.70026,-1263056938.41881,-2562585316.32721,-1932849108.01458,-2392716752.31022,-2484554397.35648,-2560331110.38201,-2536640989.20424,-2122648995.38614,-1962515001.78915,-1501031088.28103,0,0,0,0,0,0,0,0,0
Ireland,Niger,NER,BN.GSR.GNFS.CD,0,0,0,0,0,0,0,0,0,0,0,0,0,0,-122581752.525033,-72543463.2037865,-107030538.180919,-147969091.41346,-254799498.406059,-248747607.153386,-339696852.632646,-261438266.837523,-305143311.109942,-109752630.899115,-59486448.0511453,-175111252.272315,-117017930.055655,-109840212.905282,-200242929.893659,-194540393.148465,-195658793.780279,-220026514.990686,-192593800.999665,-160872245.479728,-163249699.992104,-136041699.174718,-144935290.328897,-142548168.434002,-186952569.268714,-154191891.663513,-135266010.952954,-149373763.744404,-194338229.185695,-266460917.096819,-322425066.254255,-483888010.268586,-478728431.53546,-536798788.054228,-911172561.093229,-1437868289.11089,-1538698117.83903,-1725329169.41582,-1214943901.93646,-1261371683.46252,-1504448147.00287,-1630151760.00179,-1296759953.78187,-1505222286.00695,-1918546646.37358,-2008363102.12478,-2204290497.08743,-2539823428.0113,-2817582856.71978,-2584946479.0671,0,0
Ireland,Nigeria,NGA,BN.GSR.GNFS.CD,0,0,0,0,0,0,0,0,0,0,0,0,0,0,0,0,0,-296261339.116846,-3256872676.07506,2506591914.48386,7057671650.66233,-5238719723.67712,-5663280455.57296,-3061802647.31921,1634644658.12793,4326596700.56444,1090894787.67438,2830650968.92885,2079803686.75106,3355314210.21938,7641622023.26494,2878710925.40323,3853246868.81394,1685012648.37927,311829423.531551,-155213290.103402,1749727567.80478,543132296.086534,-1003652734.85157,1792044670.61808,8947932361.38611,3908840366.35388,2339989712.06712,5582237051.09836,17120483279.0615,24367471605.2644,23321457682.8904,20849760438.7317,23807545674.0701,8910395195.0992,11846267187.1371,11643852019.1221,17649549960.618,22765054981.7888,-1860415123.57376,-22899676713.3264,-8550719263.65173,-86132009.91497,-5598563490.82136,-30893479544.0194,-32241264094.1179,-16622243079.3583,-7958107284.31591,-5161397332.42195,-194385706.43546,0
Ireland,Nicaragua,NIC,BN.GSR.GNFS.CD,0,0,0,0,0,0,0,0,0,0,0,0,0,0,0,0,0,-124100000,60300000,159700000,-411800000,-479300000,-380200000,-372500000,-423500000,-579300000,-549200000,-570300000,-583300000,-325800000,-289800000,-485900000,-609800000,-448800000,-488708000,-488379494,-650472000,-810866000,-832736000,-1191678000,-1050300000,-1050400000,-1068500000,-1090200000,-1211600000,-1441670000,-1672400000,-2006100000,-2366300000,-1570000000,-1693700000,-2124800000,-2128800000,-2215200000,-1955800000,-2285000000,-2105000000,-1842500000,-1193200000,-537400000,-609400000,-1724078858.14,-2343500000,-2271300000,-3302581709.96,0
Ireland,Netherlands,NLD,BN.GSR.GNFS.CD,0,0,0,0,0,0,0,-230662983.25847,-48618784.495199,-118232044.113324,-607458563.09626,-173371323.241253,1224726668.50476,1967203766.10725,1948601494.17141,2753931343.41556,2947061398.3436,1121659412.94848,-300100593.64158,-1179679315.50973,-1242299860.15266,4898959477.02498,5950541291.1439,4955136562.94531,6087711284.58819,5552501779.50105,6196346710.24213,4912179103.28308,7884579351.72366,9156455713.65622,11651837124.0769,11164705703.9736,12131219674.5209,16823204426.8415,18904843755.3179,24959272264.5563,24725662497.1636,24212561640.1341,22905671858.9222,18508860810.1833,15778115213.4384,16726905203.5087,17519826436.9652,35877924001.4589,47230882636.9046,54406673619.545,58269291778.9916,71340502767.4048,77902570954.0235,71167791952.7612,72670631250.5046,78273242781.0602,82662915884.0258,89188773726.0587,99427821554.2622,59691114746.103,86409292405.6203,90757971216.1782,98111339374.9178,92575983545.4805,95751289971.129,102683234428.788,91947436126.4341,112849305829.958,133826883411.654,0
Ireland,Norway,NOR,BN.GSR.GNFS.CD,0,0,0,0,0,0,0,0,0,0,0,0,0,0,0,-1969407761.45296,-3009940455.23133,-3862478422.53432,-366563417.246045,1223078080.41077,3515592933.68056,4503893000.25623,3165258943.22616,4311090644.21091,5003602946.21346,4660314582.47557,-2546163379.94766,-1828461215.05063,-744602222.377422,3917261769.88318,8159139204.84735,9299241347.84691,8735536683.62477,7652947771.95463,7677912720.3846,9210227896.01717,14356162492.365,13122944788.5603,2783429000.89015,11628207141.6671,28634752065.6791,28959148662.0592,25807116182.9403,29256428733.6305,35088038657.459,49346598608.4508,58412736961.2839,54051258701.4966,79770502729.3897,47009824745.4402,50460931970.1619,66947329884.0391,65999681828.9438,55985337267.571,44434579076.5971,21863652370.9184,6036031881.34822,13910083578.2814,25065483853.8871,6069346162.033,-3348209857.09074,74135526179.1734,163226325544.777,74771139439.89,64794386295.8472,0
Ireland,Nepal,NPL,BN.GSR.GNFS.CD,0,0,0,0,0,0,0,0,0,0,0,0,0,0,0,0,-33456000,-58336000,-89109770.6692387,-103833333.333333,-158575000,-156623104.859143,-243663042.87117,-283755031.312079,-213188648.208936,-241093448.539729,-230980405.395206,-263732941.162979,-398104727.459467,-351579349.430291,-411698818.246163,-426448125.816414,-327003208.162608,-380155657.874432,-507621826.853099,-595206851.451087,-591287366.952731,-636952088.500796,-388087351.057886,-439226109.195531,-507977830.283915,-566643510.632456,-724926798.692707,-856816709.247448,-1059082837.07082,-1427964920.10683,-1699390031.90572,-2218897887.12394,-2660852936.14279,-3559207097.92041,-4307317702.01938,-4584800479.47336,-4916709707.98264,-5334668304.9901,-6366746592.60822,-5467903518.93931,-7898498022.05001,-9393295182.66726,-11960657626.2818,-11110082471.6713,-8923098091.38993,-14473555927.7051,-33800053853.2946,-27594994245.8472,-26877558987.321,0
Ireland,Nauru,NRU,BN.GSR.GNFS.CD,0,0,0,0,0,0,0,0,0,0,0,0,0,0,0,0,0,0,0,0,0,0,0,0,0,0,0,0,0,0,0,0,0,0,0,0,0,0,0,0,0,0,0,0,0,0,0,0,6071681.50474951,9862327.25360275,2382349.37031685,-3675692.94740245,16365843.9788892,13438018.4746422,-14186698.5734077,-57537263.6760321,-43515670.7933291,-51687574.7331049,-39417260.3241404,-42720793.1196538,-61202169.5295265,-86782203.0805965,-86987952.2680417,-85262284.9759343,0,0
Ireland,New Zealand,NZL,BN.GSR.GNFS.CD,0,0,0,0,0,0,0,0,0,0,0,0,0,0,0,0,0,0,0,0,0,0,0,0,0,0,0,0,0,0,0,0,0,0,0,0,0,0,0,0,1247429412.58553,2251953917.35523,1662375166.81921,1644416393.45153,615723703.548273,-1283142380.03224,-757517796.21408,-260339711.146262,-803586697.80375,2442286807.39943,3322195064.16293,3303885888.31451,786409618.31334,1907413775.84306,2279985712.47154,1805047692.10097,1689001769.07406,2199834440.66167,-162775879.54162,193269978.24221,2054344452.0752,-8061234300.48208,-13865087159.0383,-9382621039.97628,-6199833773.46254,0
Ireland,OECD members,OED,BN.GSR.GNFS.CD,0,0,0,0,0,0,0,0,0,0,0,0,0,0,0,0,0,0,0,0,0,0,0,0,0,0,0,0,0,0,0,0,0,0,0,0,0,0,0,0,0,0,0,0,0,0,0,0,0,0,0,0,0,0,0,0,0,0,0,0,0,0,0,0,0,0
Ireland,Oman,OMN,BN.GSR.GNFS.CD,0,0,0,0,0,0,0,0,0,0,0,0,0,0,557035322.979257,353503185.736836,418934569.828994,389693110.566569,255645628.997237,767226406.39035,1459177769.13485,1787782286.58883,1151129128.98416,1222061381.65044,1123343395.56036,1244951432.41796,-123042473.869291,1568270481.14434,725617685.305592,1330559167.75033,2234590377.11313,859817945.383614,1009102730.81925,442132639.791937,962028608.582574,1042912873.86216,2051099973.3277,1725199977.56567,-1195999992.22367,1637799989.35111,5418301300.39012,4472821846.55396,4262938881.6645,3666059817.94538,3092171651.49545,8456592977.89337,9117869960.98829,6936023407.0221,12957287386.2159,7737001300.39012,14168834850.4551,20182214357.8526,20411014954.2264,17577238634.2946,18830076957.0447,2336060644.52968,-124401464.605507,1889138089.19786,10720954665.9213,10978041345.5461,1864257543.52053,9356575509.46448,22800954135.8586,17337287552.7732,0,0
Ireland,Other small states,OSS,BN.GSR.GNFS.CD,0,0,0,0,0,0,0,0,0,0,0,0,0,0,0,0,0,0,0,0,0,0,0,0,0,0,0,0,0,0,0,0,0,0,0,0,0,0,0,0,0,0,0,0,0,0,0,0,0,0,0,0,0,0,0,0,0,0,0,0,0,0,0,0,0,0
Ireland,Pakistan,PAK,BN.GSR.GNFS.CD,0,0,0,0,0,0,0,0,0,0,0,0,0,0,0,0,-1194108122.90638,-1555202522.13272,-2050058140.6339,-2596977116.86762,-3114972005.46645,-3212400511.16292,-3567110226.09934,-2945073495.2231,-4069213618.91024,-3581025369.277,-3164346564.13773,-2642944410.6176,-3341475595.97599,-3107290399.88654,-3370640500.03573,-3055722371.75394,-3927387399.8867,-3652292822.60562,-3015303684.81132,-3971692894.9253,-5099044353.86069,-3432555601.27032,-2841000000,-2620000000,-2029000000,-1481000000,-408000000,-435000000,-5979990000,-10170200000,-14558000000,-15640000000,-22456500000,-12838430000,-11960000000,-15718000000,-17528000000,-19124000000,-20547000000,-20018000000,-25036898000,-35006621000,-37647987000,-27305928000,-24764874000,-40902106000,-37627107000,-21854115536.9101,-26630946149.6423,0
Ireland,Panama,PAN,BN.GSR.GNFS.CD,0,0,0,0,0,0,0,0,0,0,0,0,0,0,0,0,0,-193200000,-272700000,-360700000,27800000,-79300000,59400000,203500000,-19500000,85600000,183500000,250500000,701000000,282200000,245200000,-31100000,-67200000,-13200000,89300000,-157300000,-86100000,-257700000,-657300000,-638800000,-289300000,192700000,-64600000,32900000,-203000000,-138900000,558100000,-300100000,-984200000,1483500000,-572100000,-2287200000,-1080600000,-1232300000,-2445300000,-1291500000,-266461140,191735791.32,-870810452.96,1047578890.98,2216711208.97,3148511012.48,3071544271.4,1978307280.36,6489366213.68,0
Ireland,Peru,PER,BN.GSR.GNFS.CD,0,0,0,0,0,0,0,0,0,0,0,0,0,0,0,0,0,-555900000,329600000,1573400000,660900000,-870000000,-742000000,39000000,786100000,980000000,-404830000,-871030000,-466460000,938950000,33000000,-601000000,-914000000,-1325680013.26817,-1545353969.61764,-2974720139.62358,-2657415719.84149,-2497351338.65113,-3119051660.32489,-1210622572.45865,-1137511352.28879,-1141491426.63123,-672677239.071213,-14064416.879275,2272560658.88202,4451808955.29331,8248862336.18374,7311512853.91072,513685474.971384,4774834390.18401,4634780343.50514,6980047573.27673,3303945466.31035,-2080242089.17739,-4186740773.98219,-5669749926.50903,-760065695.65512,3815942534.70701,3611856738.53757,2730522912.66449,2903017975.51663,7134456346.93104,1454093550.78378,9194315489.24106,16164915867.033,0
Ireland,Philippines,PHL,BN.GSR.GNFS.CD,0,0,0,0,0,0,0,0,0,0,0,0,0,0,0,0,0,-887000000,-1294000000,-1645000000,-1931000000,-2065000000,-2665000000,-2407000000,-231000000,886000000,1814000000,173000000,20000000,-937000000,-2537000000,-1361000000,-2261000000,-4639000000,-5736000000,-6522000000,-7824000000,-10112000000,-2658000000,-7597000000,-7841000000,-8553000000,-7532000000,-7814000000,-7461000000,-9998077081.79396,-6982402744.99672,-8008136327.32213,-16675078813.8032,-8962220914.47501,-11094114051.3837,-13866049881.2956,-12747420148.0934,-10647205110.6591,-12753927160.9377,-17854385029.8626,-28505668860.9328,-31521653139.6326,-39364380325.4317,-36272180841.4456,-19908904994.2508,-38767003795.2077,-53805933988.2645,-47852888411.1433,-54164616659.4433,0
Ireland,Palau,PLW,BN.GSR.GNFS.CD,0,0,0,0,0,0,0,0,0,0,0,0,0,0,0,0,0,0,0,0,0,0,0,0,0,0,0,0,0,0,0,0,0,0,0,0,0,0,0,0,0,0,0,0,0,-56296785.480069,-68414548.764981,-56762301.3689432,-60952810.6471236,-37925189.7302746,-50050735.519971,-49343341.8775238,-52426105.1373779,-50262020.9120827,-63443837.8860376,-30432669.6714896,-65649000,-90320000,-92617000,-107266000,-154328000,-159372000,-192201000,0,0,0
Ireland,Papua New Guinea,PNG,BN.GSR.GNFS.CD,0,0,0,0,0,0,0,0,0,0,0,0,0,0,0,0,9466543.8894242,-22418896.2933077,-156410363.790611,30960911.3466329,-293298790.43034,-513652852.592393,-501177348.876,-412155821.783127,-339187540.771255,-172983675.59996,-128339899.342112,-165996205.992727,-221950065.723728,-263687343.608108,-127987174.144469,-198316898.694015,268208101.41439,971814529.198952,953509099.052989,1087208622.74415,670180009.709997,150134577.805139,219209971.569912,375628987.957947,565702630.752358,503651484.059286,-11017807.4238152,381955516.551933,366340106.398335,929785686.679439,1049112028.86442,654880726.001556,1277965905.06428,-134065288.059524,-231967769.480945,108900835.70852,-1687437236.77985,-2955691346.78848,3104340926.67802,3778083415.76405,3552283353.68727,4508676329.01396,4117341903.2149,4907180496.45515,3892732292.67262,4601985920.12411,6293492871.36419,4991658001.16057,6389245855.66389,0
Ireland,Poland,POL,BN.GSR.GNFS.CD,0,0,0,0,0,0,0,0,0,0,0,0,0,0,0,0,-2721000000,-2142000000,-2227000000,-2373000000,-1781000000,-1995000000,291000000,510000000,823000000,605000000,470000000,978000000,1157000000,195000000,3942000000,-18000000,597000000,-2935000000,1945000000,1891000000,-3883000000,-6650000000,-8620000000,-13691000000,-10904000000,-6876000000,-6474000000,-5482000000,-7235000000,-3851000000,-8293000000,-16514000000,-28330000000,-4376000000,-11696000000,-12031000000,-3933000000,5764000000,2268000000,9913000000,13979000000,14869000000,12103000000,21967000000,34088000000,22450000000,14623000000,47774000000,36634000000,0
Ireland,Pre-demographic dividend,PRE,BN.GSR.GNFS.CD,0,0,0,0,0,0,0,0,0,0,0,0,0,0,0,0,0,0,0,0,0,0,0,0,0,0,0,0,0,0,0,0,0,0,0,0,0,0,0,0,0,0,0,0,0,0,0,0,0,0,0,0,0,0,0,0,0,0,0,0,0,0,0,0,0,0
Ireland,Puerto Rico (US),PRI,BN.GSR.GNFS.CD,0,0,0,0,0,0,0,0,0,0,0,0,0,0,0,0,0,0,0,0,0,0,0,0,0,0,0,0,0,0,0,0,0,0,0,0,0,0,0,0,0,0,0,0,0,0,0,0,0,0,0,0,0,0,0,0,0,0,0,0,0,0,0,0,0,0
Ireland,"Korea, Dem. People's Rep.",PRK,BN.GSR.GNFS.CD,0,0,0,0,0,0,0,0,0,0,0,0,0,0,0,0,0,0,0,0,0,0,0,0,0,0,0,0,0,0,0,0,0,0,0,0,0,0,0,0,0,0,0,0,0,0,0,0,0,0,0,0,0,0,0,0,0,0,0,0,0,0,0,0,0,0
Ireland,Portugal,PRT,BN.GSR.GNFS.CD,0,0,0,0,0,0,0,0,0,0,0,0,0,0,0,-1771623837.10726,-2109871549.90519,-1908920552.88364,-1774303284.56876,-2110483765.91201,-3462042989.62338,-6640011642.99154,-4685292442.48496,-2760808809.61996,-1638179053.69963,-767700202.013705,-772075433.134908,-2504656873.56146,-4627180929.80448,-3783979145.83752,-5592470617.10722,-6876795890.63701,-8621319718.63795,-6685360720.96859,-7051932839.15299,-7284981153.19117,-8440792538.29237,-9070226622.80486,-10959524789.1332,-13027965112.4544,-12926315214.6081,-12215479060.6935,-10822178498.0147,-10541686031.7932,-14709125856.7821,-16835801748.9223,-16191219865.8931,-17631717450.462,-24352320741.766,-16490046323.6815,-17496926693.2178,-9048627917.70832,-39278617.30774,3935280554.75615,2044843806.29789,2949567882.10563,3623606723.20494,3513475514.58704,2512780595.81492,2169253273.80949,-4104752400.44966,-6385656039.97112,-5239970419.67,4320114942.39843,7258325860.33575,0
Ireland,Paraguay,PRY,BN.GSR.GNFS.CD,0,0,0,0,0,0,0,0,0,0,0,0,0,0,0,-60300000,-52200000,-42100000,-93300000,-217700000,-276100000,-421600000,-445000000,-244800000,-288900000,-221300000,-329500000,-405500000,-164000000,255500000,345400000,49600000,-90800000,-74800000,-410600000,483346770.43358,226649381.10821,95646547.49801,702936121.87912,698722161.21112,689681489.208881,724870232.386674,1101974891.38509,1000447807.09974,1078092288.51981,1082887002.06224,1061864271.21879,1400096382.22206,948251463.521081,1140173966.29711,663861952.547294,605134164.800474,337304339.956615,1369881521.72287,794363136.404376,929008638.408186,2375901318.7079,2073510714.27829,669627132.53312,371640068.388584,1366428110.44605,517865975.642461,-2117280081.97193,733327274.671298,-1057311930.82511,0
Ireland,West Bank and Gaza,PSE,BN.GSR.GNFS.CD,0,0,0,0,0,0,0,0,0,0,0,0,0,0,0,0,0,0,0,0,0,0,0,0,0,0,0,0,0,0,0,0,0,0,0,-2025800000,-2510600000,-2668500000,-2349907152.94835,-2527553573.60014,-2010401024.81338,-2080272409.04739,-1755843760,-2001286649.51509,-2540614300,-2850620140,-2947075076.296,-3217783451.1006,-3480294855.3172,-3809895605.3735,-3897017279.56321,-3923736908.37532,-4429099697.36899,-4734829804.75961,-5049354978.71861,-5401124719.51205,-5664562237.11023,-5967410890.28882,-6425749413.264,-6501965710.78652,-5680064638.17278,-6953873199.19627,-8724189309.0826,-8223955681.45981,-5379455681.4598,0
Ireland,Pacific island small states,PSS,BN.GSR.GNFS.CD,0,0,0,0,0,0,0,0,0,0,0,0,0,0,0,0,0,0,0,0,0,0,0,0,0,0,0,0,0,0,0,0,0,0,0,0,0,0,0,0,0,0,0,0,0,0,0,0,0,0,0,0,0,0,0,0,0,0,0,0,0,0,0,0,0,0
Ireland,Post-demographic dividend,PST,BN.GSR.GNFS.CD,0,0,0,0,0,0,0,0,0,0,0,0,0,0,0,0,0,0,0,0,0,0,0,0,0,0,0,0,0,0,0,0,0,0,0,0,0,0,0,0,0,0,0,0,0,0,0,0,0,0,0,0,0,0,0,0,0,0,0,0,0,0,0,0,0,0
Ireland,French Polynesia,PYF,BN.GSR.GNFS.CD,0,0,0,0,0,0,0,0,0,0,0,0,0,0,0,0,0,0,0,0,0,0,0,0,0,0,0,0,0,0,0,0,0,0,0,0,0,0,0,0,0,0,-728468796.662733,-1025328543.5011,-898574306.286994,-1036888105.48882,-929143517.743824,-1052138615.25208,-1338878030.85697,-1089353210.74774,-1206470991.11899,-1058678595.26012,-1069742498.92608,-1110279261.43334,-982248876.717437,-801945995.325929,-670140013.847809,0,0,0,0,0,0,0,0,0
Ireland,Qatar,QAT,BN.GSR.GNFS.CD,0,0,0,0,0,0,0,0,0,0,0,0,0,0,0,0,0,0,0,0,0,0,0,0,0,0,0,0,0,0,0,0,0,0,0,0,0,0,0,0,0,0,0,0,0,0,0,0,0,0,0,78045274725.2747,88182600732.6007,85557142857.1428,76224450549.4505,33019780219.7802,9009065934.06594,23011813186.813202,36750000000,25276373626.3736,11868681318.6813,44345054945.055,87172802197.8022,56534775538.4423,55524450549.4505,0
Ireland,Romania,ROU,BN.GSR.GNFS.CD,0,0,0,0,0,0,0,0,0,0,0,-23000000,-47000000,207000000,-290000000,-46000000,102000000,-172000000,-591000000,-1295000000,-1643000000,184000000,1891000000,1870000000,2378000000,1994000000,1937000000,2433000000,4120000000,2434000000,-3521000000,-1245000000,-1481000000,-1243000000,-582000000,-1902000000,-2855000000,-2361000000,-3228000000,-1512000000,-1930000000,-3090000000,-2602000000,-4467000000,-6930000000,-10073167533.3343,-15033618153.4505,-24811183192.7468,-28102429497.6214,-11289682062.4502,-10755417173.1483,-10786737151.1344,-8705665053.90748,-1724618730.36358,-783649806.38243,-1444882298.75598,-1946138881.78602,-5303643904.64924,-8432409685.38668,-10577395727.2938,-11115807168.0371,-16167465240.3269,-19923067834.1444,-16939827223.2564,-23322218787.5721,0
Ireland,Russian Federation,RUS,BN.GSR.GNFS.CD,0,0,0,0,0,0,0,0,0,0,0,0,0,0,0,0,0,0,0,0,0,0,0,0,0,0,0,0,0,0,0,0,0,0,11014080000,10652980000,15464730000,8212410000,12197530000,29970120000,52049520000,37160460000,34807650000,46684100000,72332370000,104559590000,123739550000,106729110000,157205870000,95630270000,120874760000,163398060000,145076240000,122306910000,133652970000,111245900000,66256050000,83234750000,164976050000,129328030000,76653160000,172794030000,293494039235.801,85522270000,94899260000,0
Ireland,Rwanda,RWA,BN.GSR.GNFS.CD,0,0,0,0,0,0,0,0,0,0,0,0,0,0,0,0,0,0,0,0,0,0,0,0,0,0,0,0,0,0,0,0,0,0,0,0,0,0,0,0,0,0,0,0,0,0,0,0,0,0,-941103243.065745,-1224722857.99541,-1253815282.9102001,-1154648241.74298,-1325242910.72971,-1489712841.67107,-1539599265.47421,-1166689291.37218,-1298121022.54492,-1482482929.20155,-1648602394.27268,-1745970645.09709,-1984989565.16376,-2273994598.05972,0,0
Ireland,South Asia,SAS,BN.GSR.GNFS.CD,0,0,0,0,0,0,0,0,0,0,0,0,0,0,0,0,0,0,0,0,0,0,0,0,0,0,0,0,0,0,0,0,0,0,0,0,0,0,0,0,0,0,0,0,0,0,0,0,0,0,0,0,0,0,0,0,0,0,0,0,0,0,0,0,0,0
Ireland,Saudi Arabia,SAU,BN.GSR.GNFS.CD,0,0,0,0,0,0,0,0,0,0,0,1680473961.90321,2569513664.87101,5250109949.99855,25783098598.8121,18350514736.4443,19067988673.957,17489039214.1674,4744729346.40438,14621359169.8757,50971796743.3514,49318429874.375,9471523324.6152,-20461628903.3432,-19757019686.7602,-15145759995.433,-14599662731.8718,-11384000000,-8058666666.66667,-8199999999.99999,3501333333.33334,-14058666666.6667,-8764800000,-4653066666.66666,6234533333.33333,8575866666.66666,13828933333.3333,12638533333.3333,-862800000.00001,11548560000,29327466666.6667,25092746133.3333,28037200000,44231760000,65103253333.3333,104325120000,111862286596.9,103968941035.677,146169041653.333,39987598266.6667,87627967474.9333,178246906733.333,184213302925.49,157750352290.196,95966244483.2501,-29296857411.0667,2512457612.48266,38494342202.4893,105847721876.695,66885222484.4043,664277187.03624,72986051067.8821,187510587878.025,78820567472.8384,43885705968.6075,0
Ireland,Sudan,SDN,BN.GSR.GNFS.CD,0,0,0,0,0,0,0,0,0,0,0,0,0,0,0,0,0,-64324802.5563305,-128468108.951479,-288250000.665065,-498600000.9972,-881428828.159035,-206359699.660157,-263384615.384616,-106999999.999999,-106995105.188896,-274440000,-473653333.333334,-604444444.444444,-612166666.666666,-377800000,-956000000,-645400000,-266910000,-669000000,-557300000,-869270000,-969000000,-1324700000,-669200000,-179800000,-342100000,-1030730000,-787740000,-828830000,-2477690566.75834,-3699976520.17054,-1014022945.49312,1326815089.47756,-2047805936.56511,274460811.337636,-1379977.09696817,-5106165772.15506,-4709950986.25009,-4158965533.77839,-5250554114.3805,-4279483944.24953,-3935200023.62123,-3241606275.68062,-4685625502.3079,-5454158297.72246,-3606680948.16271,-5666885769.57708,0,0,0
Ireland,Senegal,SEN,BN.GSR.GNFS.CD,0,0,0,0,0,0,0,0,0,0,0,0,0,0,-79184172.8166181,-93741440.5199764,-138229469.251838,-119993640.548753,-279895234.870109,-285067371.54215,-408084917.779977,-531922229.25769,-345428606.630859,-361039785.742302,-288014830.424985,-338153848.87964,-339006637.758708,-388535088.93208,-364044480.204713,-316637530.002038,-387233328.232149,-439514227.15431,-503944586.200818,-517299991.611323,-283589100.077858,-315296997.512953,-293039366.307266,-291476661.374298,-330650416.541355,-360117948.640963,-435907522.883719,-441219303.356247,-558099493.007179,-832712597.372973,-1013554811.65916,-1340652040.96105,-1635850079.46629,-2529784161.16289,-3534640927.24209,-2165924398.35281,-1990564715.87823,-2636048196.64959,-2984671612.56592,-3091588323.33272,-2932438127.78563,-2271452517.90923,-2086534060.04009,-2906141229.2163,-3673057356.20929,-3334165781.93887,-4563895368.22042,-5498030716.07462,-7279647889.99421,-7915370883.2456,0,0
Ireland,Singapore,SGP,BN.GSR.GNFS.CD,0,0,0,0,0,0,0,0,0,0,0,0,-481422222.393395,-414264592.319104,-827702240.865219,-579850715.021943,-478379499.708446,-167254242.898024,-387858532.919914,-657144937.729555,-1026990212.27278,-764901015.139421,-665412787.492915,-305719221.175888,-513341407.276367,-384519237.382984,58325997.937797,39506485.489753,1793507832.59004,2496592331.78511,2536670589.96617,4589273827.09617,4842026642.65688,4552260013.02768,10500285607.8209,14737243143.1342,15768053998.4363,14747584841.3401,18428040921.7246,14673236483.9219,11853210335.1,14812617467.2696,17051322982.2973,27295921783.9685,30345485866.3081,38200249639.8848,45646156750.8603,56581053479.0285,40002944930.3908,45619614148.231,63099137641.2564,76981679928.6127,71489958547.0402,71092623671.3818,73803243755.1793,84076882512.3197,83944486448.3213,91722432427.5395,112382575172.524,110545012492.441,110068430684.488,158308997754.594,202991344294.003,189183129359.779,192576845361.34,0
Ireland,Solomon Islands,SLB,BN.GSR.GNFS.CD,0,0,0,0,0,0,0,0,0,0,0,0,0,0,0,-20422412.2883575,-7454630.62916268,-3104843.92614907,-12476273.1426282,-4965562.54284639,-17111995.5648329,-34361248.4268862,-24096276.8213259,-18457922.2322844,-3611482.55268578,-34644215.8380393,-36807349.9891672,-35032342.6027995,-66938239.7899976,-68331219.6345056,-60582493.557508,-65199373.7913252,-27697141.4910693,-46051530.8683286,-56055883.7156899,-21345312.5458762,-21366333.0708496,-64918963.3950851,-17526193.6820909,23335405.984047,-43407939.1594535,-74889186.5943221,-68303352.5168226,-63969997.255796,-46271902.4020469,-96892280.7852918,-100823937.114205,-139124873.171266,-133370318.415166,-119940173.265209,-232212467.050796,-72947873.0522185,-18617806.182274,-139031352.110157,-115938592.077101,-94369031.3038173,-71764593.3286207,-85208106.6607744,-67555003.5548166,-161616187.432648,-127426602.631852,-205803240.830267,-353282085.881172,-337585981.691658,-214251464.107121,0
Ireland,Sierra Leone,SLE,BN.GSR.GNFS.CD,0,0,0,0,0,0,0,0,0,0,0,0,0,0,0,0,0,-54688340.466288,-97894706.7599038,-166040263.693526,-195752010.083129,-138555958.789845,-185120833.981571,-33256774.4439207,-23586127.217605,-24243435.5009287,7158777.37366065,26032146.5578714,-16325233.4244905,-27313570.6414923,-5179409.5798828,14747540.2990297,-4471591.7869648,-71878373.5024422,-80118490.9293609,-131667393.096234,-224546543.105625,-72091759.1500613,-77352588.6757507,-159075820.518292,-194720200.752823,-194909844.61176,-237528363.601762,-227632445.374358,-151113705.413781,-191252008.017663,-132663532.014149,-159237861.006032,-261707767.412325,-381296414.948659,-715515814.415919,-1945470441.27068,-1264694608.15793,-502824867.553557,-1369209960.48259,-1447951542.09889,-634813013.317395,-750444518.404801,-751894212.517926,-901373527.805763,-791991821.106383,-980945786.930212,-871989273.411257,-881989541.670782,0,0
Ireland,El Salvador,SLV,BN.GSR.GNFS.CD,0,0,0,0,0,0,0,0,0,0,0,0,0,0,0,0,8360000,16840000,-285320000,9960000,43720000,-239040000,-235880000,-184720000,-265120000,-282840000,-164360129.014972,-311100000,-369280000,-703860000,-651063519.104402,-716557172.557167,-949905312.468857,-1013385987.37337,-1211742803.95245,-1583513397.74404,-1332495716.73329,-1295417558.88651,-1454483152.48428,-1538600000,-1974500000,-2182900000,-2104650000,-2393417959.63069,-2738945012.72861,-3166090000,-3800060000,-4505900000,-4889740000,-3198057250.07384,-3623906167.97331,-4323108759.90917,-4385543013.49576,-4618410153.40857,-4418568836.38847,-4011020503.82282,-3846089576.40031,-4111467489.96742,-4758306213.15005,-4411887021.63997,-4330543594.40157,-7132043364.63756,-8017128233.95125,-6405325811.7365,-6768233249.50113,0
Ireland,San Marino,SMR,BN.GSR.GNFS.CD,0,0,0,0,0,0,0,0,0,0,0,0,0,0,0,0,0,0,0,0,0,0,0,0,0,0,0,0,0,0,0,0,0,0,0,0,0,0,0,0,0,0,0,0,0,0,0,0,0,0,0,0,0,0,0,0,0,118472967.034551,129620775.756554,181978126.82682,206942037.914639,289974277.242042,446726807.690789,0,0,0
Ireland,"Somalia, Fed. Rep.",SOM,BN.GSR.GNFS.CD,0,0,0,0,0,0,0,0,0,0,0,0,0,0,0,0,0,0,0,0,0,0,0,0,0,0,0,0,0,0,0,0,0,0,0,0,0,0,0,0,0,0,0,0,0,0,0,0,0,0,0,0,0,0,0,0,0,0,0,0,0,0,0,0,0,0
Ireland,Serbia,SRB,BN.GSR.GNFS.CD,0,0,0,0,0,0,0,0,0,0,0,0,0,0,0,0,0,0,0,0,0,0,0,0,0,0,0,0,0,0,0,0,0,0,0,0,0,0,0,0,0,0,0,0,0,0,0,-10129243437.7465,-12795049317.3298,-7029431941.05099,-6267922590.51802,-7418732547.45396,-7106391499.32045,-5109389345.02999,-4838400878.01193,-3234473621.42864,-2447273760.13199,-3435173093.51777,-4813258317.57493,-5159167604.62286,-4677231022.30626,-5441115647.71434,-7490310169.67688,-3806168977.50843,-4443392002.36061,0
Ireland,Sub-Saharan Africa (excluding high income),SSA,BN.GSR.GNFS.CD,0,0,0,0,0,0,0,0,0,0,0,0,0,0,0,0,0,0,0,0,0,0,0,0,0,0,0,0,0,0,0,0,0,0,0,0,0,0,0,0,0,0,0,0,0,0,0,0,0,0,0,0,0,0,0,0,0,0,0,0,0,0,0,0,0,0
Ireland,South Sudan,SSD,BN.GSR.GNFS.CD,0,0,0,0,0,0,0,0,0,0,0,0,0,0,0,0,0,0,0,0,0,0,0,0,0,0,0,0,0,0,0,0,0,0,0,0,0,0,0,0,0,0,0,0,0,0,0,0,0,0,0,0,0,0,-1467336534.43501,-776950000,-424540000,458392000,-477150000,-251930000,-1900870000,615260000,-590878300,55845000,0,0
Ireland,Sub-Saharan Africa,SSF,BN.GSR.GNFS.CD,0,0,0,0,0,0,0,0,0,0,0,0,0,0,0,0,0,0,0,0,0,0,0,0,0,0,0,0,0,0,0,0,0,0,0,0,0,0,0,0,0,0,0,0,0,0,0,0,0,0,0,0,0,0,0,0,0,0,0,0,0,0,0,0,0,0
Ireland,Small states,SST,BN.GSR.GNFS.CD,0,0,0,0,0,0,0,0,0,0,0,0,0,0,0,0,0,0,0,0,0,0,0,0,0,0,0,0,0,0,0,0,0,0,0,0,0,0,0,0,0,0,0,0,0,0,0,0,0,0,0,0,0,0,0,0,0,0,0,0,0,0,0,0,0,0
Ireland,Sao Tome and Principe,STP,BN.GSR.GNFS.CD,0,0,0,0,0,0,0,0,0,0,0,0,0,0,6554497.11053071,-4693018.6057127,-1356082.38754621,7414533.64477457,1590380.58208568,6035760.56083619,-1872228.39281544,-20466431.2866185,-26132598.3718058,-14878872.0320669,-19491077.3183452,-19325452.5498725,-20578396.6509583,-13952832.3924041,-11467011.5430645,-12425379.3446416,-14160000,0,0,0,0,0,0,-19997690,-15333835.7,-17430988.6460192,-21322686.6797854,-28024614.828207,-25627521.9269449,-31371449.7350222,-38808640.2389741,-36719925.1044865,-60888226.5759207,-70024544.8182279,-96082709.0586429,-83137191.6380758,-96204011.9233591,-117739303.300515,-110750661.660894,-127757245.696384,-142099353.237381,-96054956.6176606,-88273069.5197772,-101032980.34917,-98899407.9265492,-117035999.922654,-110759703.813484,-125888217.837844,-122344817.152206,0,0,0
Ireland,Suriname,SUR,BN.GSR.GNFS.CD,0,0,0,0,0,0,0,0,0,0,0,0,0,0,0,0,0,0,0,0,0,0,0,0,0,0,0,0,0,0,0,0,0,0,0,0,0,0,0,0,0,0,0,0,0,-128400000,239200000,249700000,213800000,12500000,668597840.323741,606113686.43078,282088349.510941,-131317402.507628,-417197854.42966,-838499615.988408,-95935803.986605,363505213.240581,166040948.596657,-125964881.921815,601336025.320573,423044484.249477,258026533.192935,329681738.253521,222216301.200583,0
Ireland,Slovak Republic,SVK,BN.GSR.GNFS.CD,0,0,0,0,0,0,0,0,0,0,0,0,0,0,0,0,0,0,0,0,0,0,0,0,0,0,0,0,0,0,0,0,0,-639815652.393513,722386347.639689,311229344.844864,-2244614404.65639,-2011356105.36559,-2334234279.21477,-1053706300.94115,-459032794.221362,-1644062764.94015,-1704770079.23607,-407799314.645385,-1738016962.01881,-2652504894.73131,-2333414266.65632,-615579829.133818,-2236270617.46469,-863793098.356764,-970887815.969302,-462990160.615319,3766024391.23009,4522032674.18701,3624313601.41268,819420590.617768,1751456536.91394,1253622301.52814,1136117411.16827,-128060717.36208,1105649657.50483,-653299649.87964,-6953404615.75649,2301230321.02915,64857363.50592,0
Ireland,Slovenia,SVN,BN.GSR.GNFS.CD,0,0,0,0,0,0,0,0,0,0,0,0,0,0,0,0,0,0,0,0,0,0,0,0,0,0,0,0,0,0,0,0,970600000,220500000,306300000,-371600000,-185700000,-138700000,-291900000,-880300000,-689300000,-117100000,336000000,-14100000,-406000000,-197600000,84666077.480794,-597748578.794682,-1012134993.52668,709098523.063428,425138233.44891,297614450.986128,1456372349.37835,2826609320.54319,3507065430.84135,3464104222.58263,3843577806.58722,4386490149.4219,4601509909.12579,4708952405.24018,4855194078.30839,3665876181.43792,1352093114.6865,4351480551.448,4576156270.43958,0
Ireland,Sweden,SWE,BN.GSR.GNFS.CD,0,0,0,0,0,0,0,0,0,0,-119848217.93429,552097602.931454,850408581.2561,1737935772.33681,-121637374.236899,364899742.577691,-729921798.335493,-852399387.143225,1618675440.33144,-546068411.817852,-1726908779.11143,335503812.966794,-609620322.828419,1967829177.55755,3381002757.56185,1824376961.45368,3235809030.43378,2797814947.09949,2637482547.64594,983144068.6197,70153192.96504,3729753113.90065,3825511647.04393,6781942061.59243,8542057141.79031,14383610467.7643,16811305567.5979,16244548744.5836,15728309638.7104,16091289013.0473,16061659825.4707,18591350342.2175,16610629030.0304,18511561810.2044,26940503054.34,24798839623.2915,29860287392.2434,31342881728.5442,31027233567.0197,21695731950.5645,23672379778.913,28825149689.05,28324831033.4835,23331945631.9762,18246315684.568,18118110226.2481,15274041856.9726,11547184497.3353,11014490874.811,23125394624.9601,23842043077.7926,26112422040.125702,9372533937.2523,17896382654.7774,20385735527.1843,0
Ireland,Eswatini,SWZ,BN.GSR.GNFS.CD,0,0,0,0,0,0,0,0,0,0,0,0,0,0,61076386.3706085,42866352.3444689,21159999.9816,-4139999.99640001,-92574999.9195,-173510781.85344,-213781185.933639,-174913039.182051,-189534904.289986,-212727762.367096,-184168741.166352,-130243306.034292,-49369118.8870506,-1620798.61167957,-23444364.1705896,-19407647.3375015,-109843354.692837,-131531534.794111,-251085709.310116,-267463316.088923,-139128993.996186,-254223984.273873,-343866697.653269,-257126704.974759,-282215232.242795,-238018278.586258,-197789147.349226,-175922348.841358,-65115011.4413145,-17642094.2574106,-37102514.0297558,-378398011.593855,-342081098.15366,-323292385.163182,-435932848.532854,-483527662.826687,-562010006.230172,-376089570.839394,-201417708.225607,-77247436.2099292,-42690154.6252217,53319673.5564336,44939550.6046326,-32813553.1425917,-167569232.945301,123898878.526821,121627075.137628,-40789539.9773818,-193678628.939948,-176193859.438031,0,0
Ireland,Sint Maarten (Dutch part),SXM,BN.GSR.GNFS.CD,0,0,0,0,0,0,0,0,0,0,0,0,0,0,0,0,0,0,0,0,0,0,0,0,0,0,0,0,0,0,0,0,0,0,0,0,0,0,0,0,0,0,0,0,0,0,0,0,0,0,0,55581005.5865921,139027932.960894,40061452.5139665,-55871508.3798884,82435754.1899442,33245810.0558659,-64961918.8491621,-419354168.793296,-146843456.776536,-233784224.083799,-211569874.798883,54478509.865922,15331593.0670392,0,0
Ireland,Seychelles,SYC,BN.GSR.GNFS.CD,0,0,0,0,0,0,0,0,0,0,0,0,0,0,0,0,-7049578.44147194,-7287348.75357825,-9262899.49983166,-17466766.9875822,-26894045.7803844,-26353536.2201844,-43232310.3383952,-32784114.0249285,-20258503.2354056,-26785643.5075033,-36187063.9704093,-28371025.6071096,-34888499.1904686,-41124522.6733981,-17938319.3364348,-13818848.2478361,-14942978.3624344,9051374.7539335,35084052.6583843,14456186.7712448,-47333156.7174943,-61696164.042435,-96488313.646246,-102776122.662257,-20126669.454261,-133602581.344208,-46842042.470637,21033577.964903,-44403708.043168,-165223804.137843,-134144137.167478,-94914599.5505615,-182304974.57306,-141747147.957938,-206971922.661112,-238469933.205093,-182295460.976503,-90983596.082136,-211326650.927116,-123798049.191919,-21049602.036119,-180771283.05251,83509890.037974,59755616.8019321,-92441576.3957477,-69833657.514694,-50785647.203826,-61816229.34,0,0
Ireland,Syrian Arab Republic,SYR,BN.GSR.GNFS.CD,0,0,0,0,0,0,0,0,0,0,0,0,0,0,0,0,0,-1420800000,-1462500000,-1621200000,-2053900000,-2575100000,-1907400000,-2400300000,-2246500000,-2408700000,-1458900000,-958400000,-608100000,1292900000,2074900000,1146200000,337500000,-106000000,-1023000000,216000000,-101000000,547000000,-3000000,255000000,1455000000,1511000000,1886000000,857000000,641500000,411000000,1289800000,327711651.95259,470912341.028691,-984870275.650419,196994859.35505,0,0,0,0,0,0,0,0,0,0,0,0,0,0,0
Ireland,Turks and Caicos Islands,TCA,BN.GSR.GNFS.CD,0,0,0,0,0,0,0,0,0,0,0,0,0,0,0,0,0,0,0,0,0,0,0,0,0,0,0,0,0,0,0,0,0,0,0,0,0,0,0,0,0,0,0,0,0,0,0,0,0,0,0,0,0,0,156567928.14625,200004561.594179,303132102.355792,117739308.703048,282605275.224874,0,0,0,0,0,0,0
Ireland,Chad,TCD,BN.GSR.GNFS.CD,0,0,0,0,0,0,0,0,0,0,0,0,0,0,0,0,0,-114885363.110195,-147973112.532423,-25634438.9350155,-8112474.4731487,-19007737.0562887,-43693629.9357402,-74294209.7263433,-71878981.2792049,-225705229.267011,-234659586.122859,-244040190.697408,-221693452.664368,-252595309.054195,-216480435.98599,-233407966.781214,-258115286.556909,-251445654.032811,-221376009.536166,0,0,0,0,0,0,0,0,0,0,0,0,0,0,0,0,0,0,0,0,0,0,0,0,0,0,0,0,0,0,0
Ireland,East Asia & Pacific (IDA & IBRD countries),TEA,BN.GSR.GNFS.CD,0,0,0,0,0,0,0,0,0,0,0,0,0,0,0,0,0,0,0,0,0,0,0,0,0,0,0,0,0,0,0,0,0,0,0,0,0,0,0,0,0,0,0,0,0,0,0,0,0,0,0,0,0,0,0,0,0,0,0,0,0,0,0,0,0,0
Ireland,Europe & Central Asia (IDA & IBRD countries),TEC,BN.GSR.GNFS.CD,0,0,0,0,0,0,0,0,0,0,0,0,0,0,0,0,0,0,0,0,0,0,0,0,0,0,0,0,0,0,0,0,0,0,0,0,0,0,0,0,0,0,0,0,0,0,0,0,0,0,0,0,0,0,0,0,0,0,0,0,0,0,0,0,0,0
Ireland,Togo,TGO,BN.GSR.GNFS.CD,0,0,0,0,0,0,0,0,0,0,0,0,0,0,93280285.00795,-111738490.598899,-58007831.4653264,-116073902.562035,-247097504.767613,-273916649.159267,-141244144.2402,-85117124.9515781,-111069097.743045,-65369247.440331,-8076315.74548881,-66604644.6815789,-124820280.440868,-117390043.055295,-164147364.029223,-126206747.801327,-183916548.211104,-222394411.625407,-201766733.418104,-154879221.955941,-91582438.6894813,-205994839.739973,-212324277.185309,-187431455.515474,-206398226.514874,-160172654.28154,-178963070.129507,-217189378.75393,-210481283.200476,-266848667.887903,-342188480.538468,-357266979.016466,-382481491.823096,-465136579.887721,-532880602.979262,-495292846.015695,-532495307.103221,-806844878.15732,-542267971.51948,-856074516.964032,-824955001.350343,-918413325.893346,-821754289.343428,-501993343.801538,-626014179.841444,-595605803.867304,-667629634.161391,0,0,0,0,0
Ireland,Thailand,THA,BN.GSR.GNFS.CD,0,0,0,0,0,0,0,0,0,0,0,0,0,0,0,-697964174.330011,-432938992.181746,-1098817985.59172,-1044632960.13518,-1867719322.40413,-2057156302.07204,-2236239088.15892,-671648785.238832,-2924159159.76323,-1843311425.47606,-1105431815.59855,839013638.695515,239422524.483925,-996268679.427438,-1963665351.97445,-6641008932.52669,-6756957091.15558,-5241280543.59085,-5698289716.85053,-7455697267.45511,-11954621688.6987,-12065858026.4771,-19674845.75763,17395214641.7141,15065652623.4086,10108591963.0594,6957320198.09323,7714145387.5403,8804114241.14767,6748293168.81163,-3470930000.00001,5667760000.00002,18682949999.9998,4451510000.00003,26976846652.0191,19684244161.8938,7632805084.44881,880051501.6122,7440895244.2498,23908777047.5981,41680325907.354,56051035537.6349,56877036176.0104,44922177603.4098,51047439795.3604,25932627082.8893,-597171025.96537,-10328988609.3451,10442602106.3156,17772045138.9845,0
Ireland,Tajikistan,TJK,BN.GSR.GNFS.CD,0,0,0,0,0,0,0,0,0,0,0,0,0,0,0,0,0,0,0,0,0,0,0,0,0,0,0,0,0,0,0,0,0,0,0,0,0,0,0,0,0,0,-159641700,-152540100,-225118100,-893925948.256,-1338461736.506,-2618814302.89,-3311322296.855,-2234459025.862,-2501824054.50309,-2995301573.00434,-3674402732.32093,-4413283923.32512,-3362252177.59182,-2500212936.98429,-2027438335.39895,-1638943806.42397,-2105150990.26857,-2165340275.03577,-1716308299.75911,-2096987468.13405,-3508137350.39879,-3826437504.86308,-5289347985.14263,0
Ireland,Turkmenistan,TKM,BN.GSR.GNFS.CD,0,0,0,0,0,0,0,0,0,0,0,0,0,0,0,0,0,0,0,0,0,0,0,0,0,0,0,0,0,0,0,0,0,0,0,0,0,0,0,0,0,0,0,0,0,0,0,0,0,0,0,0,0,0,0,0,0,0,0,0,0,0,0,0,0,0
Ireland,Latin America & the Caribbean (IDA & IBRD countries),TLA,BN.GSR.GNFS.CD,0,0,0,0,0,0,0,0,0,0,0,0,0,0,0,0,0,0,0,0,0,0,0,0,0,0,0,0,0,0,0,0,0,0,0,0,0,0,0,0,0,0,0,0,0,0,0,0,0,0,0,0,0,0,0,0,0,0,0,0,0,0,0,0,0,0
Ireland,Timor-Leste,TLS,BN.GSR.GNFS.CD,0,0,0,0,0,0,0,0,0,0,0,0,0,0,0,0,0,0,0,0,0,0,0,0,0,0,0,0,0,0,0,0,0,0,0,0,0,0,0,0,0,0,0,0,0,0,-289383048.549047,-431764892.531948,-742716807.922695,-1096271466.10999,-1247864440.07642,-1764232468.0139,-1558194741.06832,-1116519110.61768,-1126455582.68145,-1228659498.09942,-1068796400,-1012875558.12092,-937852221.140324,-262648204.822991,271065047.532674,1726588698.45493,572234095.491284,-467398227.00392,-965560482.252982,0
Ireland,"Middle East, North Africa, Afghanistan & Pakistan (IDA & IBRD)",TMN,BN.GSR.GNFS.CD,0,0,0,0,0,0,0,0,0,0,0,0,0,0,0,0,0,0,0,0,0,0,0,0,0,0,0,0,0,0,0,0,0,0,0,0,0,0,0,0,0,0,0,0,0,0,0,0,0,0,0,0,0,0,0,0,0,0,0,0,0,0,0,0,0,0
Ireland,Tonga,TON,BN.GSR.GNFS.CD,0,0,0,0,0,0,0,0,0,0,0,-2394560.38341701,-3702542.20610496,-3862527.04151622,-4515439.08127057,-7508591.05300092,-9881851.85616187,-9324520.38983442,-9984310.47664437,-14525245.3778404,-17661781.5916069,-26340768.3088066,-25169974.0577364,-33433968.8182231,-25103824.7103855,-23485242.7782488,-27965643.076279,-26538304.1258801,-43157832.1866468,-39081207.2600698,-32644819.8381734,-42825781.6319811,-41807587.6041562,-40484080.3784424,-55250523.5713453,0,0,0,0,0,0,-65048436.6642166,-67228553.8268586,-71016038.0094609,-80670861.6579645,-103789129.037299,-113732237.077624,-147529214.357089,-171969380.907535,-198289288.337164,-180663488.369665,-192276730.005313,-204929211.590683,-189023883.739549,-178654027.905329,-186642104.301609,-163189975.201124,-201023301.473995,-215473433.766685,-220521502.903227,-214982924.716985,-240769752.300846,-270380773.124863,-288130003.150856,-273376514.281362,0
Ireland,South Asia (IDA & IBRD),TSA,BN.GSR.GNFS.CD,0,0,0,0,0,0,0,0,0,0,0,0,0,0,0,0,0,0,0,0,0,0,0,0,0,0,0,0,0,0,0,0,0,0,0,0,0,0,0,0,0,0,0,0,0,0,0,0,0,0,0,0,0,0,0,0,0,0,0,0,0,0,0,0,0,0
Ireland,Sub-Saharan Africa (IDA & IBRD countries),TSS,BN.GSR.GNFS.CD,0,0,0,0,0,0,0,0,0,0,0,0,0,0,0,0,0,0,0,0,0,0,0,0,0,0,0,0,0,0,0,0,0,0,0,0,0,0,0,0,0,0,0,0,0,0,0,0,0,0,0,0,0,0,0,0,0,0,0,0,0,0,0,0,0,0
Ireland,Trinidad and Tobago,TTO,BN.GSR.GNFS.CD,0,0,0,0,0,0,0,0,0,0,0,0,0,0,0,434464487.418289,388909301.600329,391458333.496439,151916666.729971,259375000.108075,704500000.29354,665291666.943875,-579958333.574976,-785083333.660453,-114541666.666664,325714285.71429,-172944444.444449,72500000.000005,222595121.951224,346588235.294116,861929411.764698,435058823.529414,586611764.705884,434228746.879922,629543391.165713,688355840.503939,626221277.896071,-236240561.534538,-324468120.999178,392800000,1134900060.01781,921900049.252249,501700000,1607000000,2133958664.5938,4624246809.66517,8025822193.7939,6075060780.6821,9680128922.6859,2622876047.27209,5223027322.1487,7557512519.12247,6187027547.1859,7192195003.68176,5964004073.44222,2407442366.62006,-361238438.597955,1080826556.66377,2426307521.80506,1605385243.95971,-344819601.954503,2906273134.53272,6616106894.29565,2326044037.5886,1022686056.82139,0
Ireland,Tunisia,TUN,BN.GSR.GNFS.CD,0,0,0,0,0,0,0,0,0,0,0,0,0,0,0,0,-426797272.291522,-601468704.048184,-499794756.960291,-376418489.716564,-503760714.905006,-546775460.339592,-777060629.820439,-696852134.713129,-862475864.011196,-533256107.782969,-644812585.599815,-150845488.965652,6994603.4691288,-477183249.42832,-835673624.288424,-630528730.245281,-1223382203.29401,-1379837109.48202,-661358553.051614,-832143801.215966,-372916470.477446,-523551530.039411,-650727787.657248,-455225610.655652,-704757967.437167,-882038628.287445,-892572446.778582,-944539663.033988,-677497055.989727,-132877732.959939,-672789767.28461206,-769417870.358922,-1366482479.6932,-1174131195.49722,-2114643006.84645,-3306190583.30473,-4149839670.91186,-4309090629.31182,-5350552962.13939,-4800815650.28994,-4575068667.46327,-5144900131.22953,-4976206258.68746,-3915823821.02449,-3368429350.47927,-4123466217.67132,-5198966231.99805,-2220904968.59434,-2474537236.01198,0
Ireland,Turkiye,TUR,BN.GSR.GNFS.CD,0,0,0,0,0,0,0,0,0,0,0,0,0,0,-1874000000,-2921000000,-2849000000,-3906000000,-1924000000,-2247000000,-4461000000,-3068000000,-1741000000,-2217000000,-1924000000,-1376000000,-1428000000,-1044000000,2020000000,-162000000,-4482000000,-2126000000,-2269000000,-7340000000,2885000000,-3532000000,-3607000000,-4136000000,-520000000,-2269000000,-10682000000,5773000000,1495000000,-3017000000,-9706000000,-17064000000,-26990000000,-32739000000,-34009000000,-6036000000,-39580000000,-68872000000,-36659000000,-41986000000,-25425000000,-13068000000,-14545000000,-26948000000,-4310000000,25986000000,-22573000000,3517000000,-37098000000,-29014000000,5610000000,0
Ireland,Tuvalu,TUV,BN.GSR.GNFS.CD,0,0,0,0,0,0,0,0,0,0,0,0,0,0,0,0,0,0,0,0,0,0,0,0,0,0,0,0,0,0,0,0,0,0,0,0,0,0,0,0,0,-24766822.7199242,-16697895.4883712,-18394631.3658252,-22032363.2685932,-17585713.0289338,-18457188.2078866,-28357255.7707604,-35437146.7188962,-45172615.6154532,-38186368.7152104,-50283574.6471034,-24618807.9022671,-37364725.4502139,-40102214.9760931,-59835184.2181839,-47120301.4064091,-49723193.4592885,-47705825.7364484,-64233849.7164621,-53857480.2451788,-61216533.6123124,-55155781.6030925,0,0,0
Ireland,Tanzania,TZA,BN.GSR.GNFS.CD,0,0,0,0,0,0,0,0,0,0,0,0,0,0,0,0,-70910344.3799,-165395770.6219,-631608975.6462,-512619232.4115,-636362065.1913,-515482067.327,-617607690.4365,-380425596.8703,-430741061.663,-643817845.3645,-695699688.2128,-831663693.0859,-792540326.9293,-810235027.3725,-935639395.7117,-1024720054.7248,-1100232134.5546,-1256221665.0045,-874960725.2506,-874214415.4253,-794314713.8102,-715155575.4769,-1162345584.8438,-1008601956.5421,-689002427.5332,-442983959.593058,-244160607.074363,-490549900.855539,-842287442.092876,-1233237686.55781,-1667765483.88713,-2172024930.08374,-3096600480.99103,-2403363302.95343,-2684369999.1861,-4637338455.47745,-4002388940.85882,-5057876566.20485,-4934358522.59888,-2374224902.06515,-643404373.610813,-951865241.000374,-2138110389.24611,-745051645.543504,-595245885.422409,-1736406971.61126,-4688288595.63165,-2078437441.89751,0,0
Ireland,Uganda,UGA,BN.GSR.GNFS.CD,0,0,0,0,0,0,0,0,0,0,0,0,0,0,0,0,0,0,0,0,-111700000,-111600000,-150900000,-124800000,55000000,2700000,-72800000,-360200000,-492400000,-547800000,-508500000,-424900000,-483900000,-477790000,-623400000,-825220000,-877470000,-954180000,-1207960000,-728800000,-745400000,-770600374.089807,-845961839.509004,-744677722.270111,-787003913.924608,-812386909.344833,-1262231494.60584,-1507574899.66939,-2260444729.95139,-1874448910.65659,-2710270039.52991,-3161103293.92494,-2810466919.29134,-2469982029.41979,-2869237266.56409,-2583228571.28329,-1670742137.57072,-2135895466.18326,-2795233354.00585,-3623437760.9305,-4587017967.97401,-4388622732.66703,-4963175739.12547,-4349573912.66696,-4916985827.87417,0
Ireland,Ukraine,UKR,BN.GSR.GNFS.CD,0,0,0,0,0,0,0,0,0,0,0,0,0,0,0,0,0,0,0,0,0,0,0,0,0,0,0,0,0,0,0,0,0,0,-1366000000,-1190000000,-1122000000,-1536000000,-1207000000,1821000000,1436000000,535000000,1864000000,1298000000,4980000000,674000000,-3070000000,-8131000000,-14368000000,-1957000000,-3982000000,-10145000000,-14346000000,-15634000000,-4606000000,-2362000000,-6453000000,-8744000000,-11378000000,-12511000000,-2378000000,-2671000000,-25737000000,-37879000000,-39403000000,0
Ireland,Upper middle income,UMC,BN.GSR.GNFS.CD,0,0,0,0,0,0,0,0,0,0,0,0,0,0,0,0,0,0,0,0,0,0,0,0,0,0,0,0,0,0,0,0,0,0,0,0,0,0,0,0,0,0,0,0,0,0,0,0,0,0,0,0,0,0,0,0,0,0,0,0,0,0,0,0,0,0
Ireland,Uruguay,URY,BN.GSR.GNFS.CD,0,0,0,0,0,0,0,0,0,0,0,0,0,0,0,0,0,0,-57300000,-309300000,-617700000,-397300000,-48200000,222400000,222500000,242100000,308260000,153070000,325140000,474370000,499090000,234730000,149720000,-104790000,-236900000,-61500000,-127200000,-168900000,-336600000,-437300000,-533085861.015571,-459485291.013659,201535963.635053,318474094.564127,478265127.68267,392623980.58477,-89902847.809965,157956462.694981,-960800911.803937,520918149.434065,630230268.100273,161119684.099074,1691777409.05075,1003505791.87648,1828336998.16352,2232850552.98894,3064989235.45963,3477944620.1946,3277431074.20025,3778995356.27918,2477123579.38679,4543290260.83859,3915693038.9659,2658958168.67718,4115909038.57029,0
Ireland,United States,USA,BN.GSR.GNFS.CD,0,0,0,0,0,0,0,0,0,0,-610000000,-5040000000,-10120000000,-1140000000,-6400000000,9970000000,-6820000000,-27640000000,-30167000000,-24966700000,-18953000000,-15680000000,-23537000000,-57135000000,-108277000000,-121102000000,-138527000000,-151675000000,-114660000000,-93126000000,-80852000000,-31180000000,-39207100000,-70311000000,-98511000000,-96387000000,-104035000000,-108288000000,-166130000000,-255813000000,-369689000000,-360373000000,-420666000000,-496251000000,-610833000000,-716537000000,-763533000000,-711000000000,-712352000000,-394779000000,-503078000000,-554517000000,-525907000000,-446857000000,-483951000000,-490773000000,-479461000000,-516935000000,-577496000000,-559272000000,-646043000000,-837273000000,-923733000000,-774217000000,-903539000000,0
Ireland,Uzbekistan,UZB,BN.GSR.GNFS.CD,0,0,0,0,0,0,0,0,0,0,0,0,0,0,0,0,0,0,0,0,0,0,0,0,0,0,0,0,0,0,0,0,0,0,0,0,0,0,0,0,0,0,0,0,0,595205560.146499,837251852.549651,894508478.440347,379828829.786654,374334956.985063,-576395001.772031,-1340120395.82829,-3823513481.57155,-3747242960.65554,-3472705968.88593,-2822431854.84856,-3931093288.86307,-4057926979.49276,-9308409952.72889,-9561992395.75121,-8101617547.61802,-11493850298.6675,-14677444945.6623,-17596813629.8676,-17450851224.3599,0
Ireland,St. Vincent and the Grenadines,VCT,BN.GSR.GNFS.CD,0,0,0,0,0,0,0,0,0,0,0,0,0,0,0,0,0,0,-9300000,-19100000,-24500000,-17500000,-25709629.6296296,-19700000,-13500000,-6800000,-9485185.18518519,-22711111.1111111,-11781481.4814815,-31096296.2962963,-22100000,-41507407.4074075,-23722222.2222222,-43440740.7407407,-57814814.8148148,-38200000,-37051851.8518519,-80603703.7037036,-91600000.0000001,-62785185.1851852,-38394526.8069837,-36172026.7591681,-24058810.9886715,-45004853.7048797,-71602020.7723527,-78746865.3164633,-105177947.745311,-155646062.628572,-226198903.262345,-184409499.988412,-190770765.316868,-163357013.412679,-192587256.787243,-199002223.388782,-192848135.192929,-132713776.89863,-136031121.70791,-136166296.303064,-130658082.20300101,-97597349.2592592,-190409127.407407,-289660748.888889,-262540490,-243766482.592593,-215996803.333333,0
Ireland,"Venezuela, RB",VEN,BN.GSR.GNFS.CD,0,0,0,0,0,0,0,0,0,0,541000000,810000000,474000000,1676000000,6596000000,2244000000,278000000,-2984000000,-5366000000,760000000,4838000000,3835000000,-2077000000,6751000000,6885000000,5731000000,-522000000,320000000,-3891000000,4712000000,9355000000,2698000000,-1629000000,90000000,4529000000,3848000000,10501000000,6346000000,-1697000000,3632000000,13411000000,4151000000,10512000000,14113000000,19264000000,27711000000,27585000000,13688000000,33797000000,5726000000,12693000000,26222000000,14688000000,14529000000,12551000000,-8235000000,2874000000,0,0,0,0,0,0,0,0,0
Ireland,British Virgin Islands,VGB,BN.GSR.GNFS.CD,0,0,0,0,0,0,0,0,0,0,0,0,0,0,0,0,0,0,0,0,0,0,0,0,0,0,0,0,0,0,0,0,0,0,0,0,0,0,0,0,0,0,0,0,0,0,0,0,0,0,0,0,0,0,0,0,0,0,0,0,0,0,0,0,0,0
Ireland,Virgin Islands (U.S.),VIR,BN.GSR.GNFS.CD,0,0,0,0,0,0,0,0,0,0,0,0,0,0,0,0,0,0,0,0,0,0,0,0,0,0,0,0,0,0,0,0,0,0,0,0,0,0,0,0,0,0,0,0,0,0,0,0,0,0,0,0,0,0,0,0,0,0,0,0,0,0,0,0,0,0
Ireland,Viet Nam,VNM,BN.GSR.GNFS.CD,0,0,0,0,0,0,0,0,0,0,0,0,0,0,0,0,0,0,0,0,0,0,0,0,0,0,0,0,0,0,0,0,0,0,0,0,-2836000000,-1870000000,-1519000000,425000000,-175000000,-91000000,-1804000000,-3359000000,-3159000000,-2735189000.00001,-2783741800,-11193100000,-13733000000,-10028000000,-7597000000,-3430000000,7446000000,5604000000,8596000000,2609000000,6784000000,6816000000,12860129000,19143247000,20421000000,1799000000,15495000000,35201000000,30711000000,0
Ireland,Vanuatu,VUT,BN.GSR.GNFS.CD,0,0,0,0,0,0,0,0,0,0,0,0,0,0,0,0,0,0,0,0,0,0,-9957643.63491213,-6601745.34487499,3418075.63704551,-15826525.7673025,-23209810.5915705,-22800942.6778373,-20321763.8417647,-23006923.5297882,-29295654.5156621,-20009555.2443791,-5851458.41943811,-8363487.29044152,-4875973.17039097,-4781741.21520321,5336768.92077341,8164449.6839605505,14546712.5967294,-16090216.8066353,9909552.37963154,-11803076.513748,-16192887.3368011,-14952160.1716816,-18154167.4391715,-27947217.5775426,-35285540.6726279,-32673280.3115125,-176882388.727737,7582969.9191203,-42953938.1856355,-54481480.2062565,-42682379.9349224,-25585566.0130448,-37924755.029971,-188079947.52364,-138613520.547657,-137691374.119386,-132854046.768454,-165673595.211765,-305430168.36326,-438311378.111222,-427259838.677444,0,0,0
Ireland,World,WLD,BN.GSR.GNFS.CD,0,0,0,0,0,0,0,0,0,0,0,0,0,0,0,0,0,0,0,0,0,0,0,0,0,0,0,0,0,0,0,0,0,0,0,0,0,0,0,0,0,0,0,0,0,0,0,0,0,0,0,0,0,0,0,0,0,0,0,0,0,0,0,0,0,0
Ireland,Samoa,WSM,BN.GSR.GNFS.CD,0,0,0,0,0,0,0,0,0,0,0,0,0,0,0,0,0,-25277405.8859049,-40769606.7345944,-55279960.5264689,-46067326.1509405,-44706189.5695043,-36220345.2927856,-29732801.7855819,-30859592.9770378,-31230050.6877296,-31376355.2450239,-42526249.9715251,-42832354.1051477,-42022883.530392,-50405834.1408647,-74999301.9734912,-90852387.3400529,-83422765.3088135,-50460798.6352336,-51022797.5276988,-49854337.6742934,-60319492.4795994,-43043921.2758977,-60740380.8370769,0,0,0,0,-90595651.9403411,-114340309.547509,-140365882.622238,-116408869.979354,-142435763.613704,-113917786.440404,-185098263.70905,-217692574.46158,-175518291.675394,-184195478.053126,-190219297.255032,-140183984.453907,-151808671.148169,-131790049.234278,-119464622.757452,-119925332.495852,-260271388.740084,-332236640.082348,-336643753.058206,-214589200.00539,-206077460.085428,0
Ireland,Kosovo,XKX,BN.GSR.GNFS.CD,0,0,0,0,0,0,0,0,0,0,0,0,0,0,0,0,0,0,0,0,0,0,0,0,0,0,0,0,0,0,0,0,0,0,0,0,0,0,0,0,0,0,0,0,-1245676355.21507,-1352154274.85571,-1436521228.20795,-1794549825.15421,-2334268089.79619,-1991888229.9653,-2069194853.74307,-2292999083.86576,-1995451460.27641,-1964452983.3008,-2113818726.68873,-1828854778.5638,-1824923277.65927,-1842030133.35535,-2219858288.70392,-2142138007.1665,-2499807658.92248,-2989299472.76924,-3082019863.88968,-3206829833.26303,0,0
Ireland,"Yemen, Rep.",YEM,BN.GSR.GNFS.CD,0,0,0,0,0,0,0,0,0,0,0,0,0,0,0,0,0,0,0,0,0,0,0,0,0,0,0,0,0,0,0,0,0,0,0,0,0,0,0,0,0,0,0,0,0,830926947.03033,84060000,-1584040000,-1499190000,-2870223439.80882,-1358512505.34227,-323762813.745822,-4310359854.05557,-3460906147.52647,-5813165343.09012,-5830133440.70453,-7317640701.7886,0,0,0,0,0,0,0,0,0
Ireland,South Africa,ZAF,BN.GSR.GNFS.CD,377999848.95126,639799744.336022,743399702.937478,510999795.804481,198799920.559551,-121799951.328739,264599894.265882,47599980.9790469,449399820.419832,89599964.1958549,-632799747.133221,-829604304.769884,518444007.958402,723921400.116414,-190487694.624742,-894814876.328009,-433549999.623,1974549998.283,3045199997.352,5279006137.69559,6358428580.16809,-1503669488.11725,-414507442.485873,3232197150.15388,1297536472.08378,5034126841.97369,5763512365.57824,8502840178.83518,5977051773.05472,5082554542.73237,6143184713.5913,5123806430.0296,5286458564.15008,6102068027.55894,3060676857.04778,1027227364.63049,2192238677.62611,1710207030.30467,1729665352.52922,3459740002.11658,3920384073.99069,4867804949.98357,4362352875.09928,4046566618.60655,-410368408.65194,-633341903.4516,-4634129812.53611,-3999046294.35807,-4930518851.96361,1520940147.43798,4979510585.48025,3577039872.35294,-5624548538.35774,-8513750950.04514,-5763323054.59322,-4456305640.43504,1533892059.15329,4349083220.0379,1986405030.54344,1938862949.73873,15079234261.2037,26351816045.8632,9009915063.9182,3122509192.58848,7811501898.59058,0
Ireland,Zambia,ZMB,BN.GSR.GNFS.CD,0,0,0,0,0,0,0,0,0,0,0,0,0,0,0,0,0,0,-82200000,311300000,-156500000,-500800000,-348400000,-23400000,65500000,39200000,22900000,91500000,271300000,207800000,-536800000,140100000,0,0,0,0,0,-115400000,-332200000,-297200000,-440346600,-564731600,-474321000,-544413000,-97934000,254704736.506342,1397247573.82847,781610499.437952,242684693.993283,815291850.985746,2456328690.62676,1871775832.89178,1251408783.64499,589795131.520804,831835103.423319,-645149166.648263,-511897651.362031,350869419.130876,-210418903.757477,222169787.657448,2692282687.97675,4036755514.81567,2421779088.79185,599476624.762461,0,0
Ireland,Zimbabwe,ZWE,BN.GSR.GNFS.CD,0,0,0,0,0,0,0,0,0,0,0,0,0,0,0,0,0,68037617.7114352,108917284.712096,16458555.9559713,-119171131.044877,-483750165.97115,-415326544.080626,-201487892.095082,-33826575.3746349,33737234.4487859,164004879.021809,195525602.453514,280350906.78403,159798573.049641,11314892.3396039,-305484076.768716,-609645413.816023,-69506441.1774695,-170672367.246172,0,0,0,0,0,0,0,0,0,0,0,0,0,0,-1788395612.17584,-2906785439.76514,-4402366967.13923,-4081524864.29304,-4226654734.40717,-3872564257.26463,-3250612626.77115,-2129620999.58694,-1581086032.20988,-2464035915.605,-131430452.855318,-226006542.947893,-1529047176.81581,-2115076198.18564,-2690324727.51443,0,0
Korea,Aruba,ABW,BN.GSR.GNFS.CD,0,0,0,0,0,0,0,0,0,0,0,0,0,0,0,0,0,0,0,0,0,0,0,0,0,0,-14581005.5865922,-7430167.59776518,-26312849.1620111,-38770949.7206703,-149273743.01676,-199217877.094972,33854748.603352,42849162.011173,85027932.9608939,-25586592.178771,-53631284.916201,-167541899.44134,-14357541.899441,-339905027.932961,309776536.312849,430458100.558658,-137737430.167598,-24379888.2681564,453525139.664804,716110922.86535,546729298.500314,766368715.083801,247765363.128491,344357541.899441,-248938547.486035,101005586.592178,281620111.731844,-102680590.451313,39400255.790602,308640824.100133,333530343.29187,267547883.876194,287147825.572271,321664233.500011,-200488449.87514701,253587682.830592,423839378.911453,587859510.230008,0,0
Korea,Africa Eastern and Southern,AFE,BN.GSR.GNFS.CD,0,0,0,0,0,0,0,0,0,0,0,0,0,0,0,0,0,0,0,0,0,0,0,0,0,0,0,0,0,0,0,0,0,0,0,0,0,0,0,0,0,0,0,0,0,0,0,0,0,0,0,0,0,0,0,0,0,0,0,0,0,0,0,0,0,0
Korea,Afghanistan,AFG,BN.GSR.GNFS.CD,0,0,0,0,0,0,0,0,0,0,0,0,0,0,0,0,0,0,0,-205100000,-176800000,-337700000,-212700000,-263000000,-579800000,-407500000,-793800000,-486500000,-328400000,-466400000,0,0,0,0,0,0,0,0,0,0,0,0,0,0,0,0,0,0,-1877652994.15051,-1956521857.76781,-3205300950.54898,-4149500356.09605,-7442378553.20737,-8671425447.58479,-6261263543.711,-7044964161.23314,-6191463867.40496,-6803560118.47488,-6378166942.37589,-5855061056.02892,-5506547001.36988,0,0,0,0,0
Korea,Africa Western and Central,AFW,BN.GSR.GNFS.CD,0,0,0,0,0,0,0,0,0,0,0,0,0,0,0,0,0,0,0,0,0,0,0,0,0,0,0,0,0,0,0,0,0,0,0,0,0,0,0,0,0,0,0,0,0,0,0,0,0,0,0,0,0,0,0,0,0,0,0,0,0,0,0,0,0,0
Korea,Angola,AGO,BN.GSR.GNFS.CD,0,0,0,0,0,0,0,0,0,0,0,0,0,0,0,0,0,0,0,0,0,0,0,0,0,388000000,-211000000,689000000,114000000,651000000,606900000,434300000,-54757000,-18200000,149800000,316690000,898908000,-57120000,-1049830000,-394130000,2449010000,39510000,1452563748.26,908005425.5,3163257044.7,9142016030.83224,17057651830.29,18402195771.95,21121860427.389,-378203335.81,16030508137.59,24144210612.8378,26025090817.047,20169149501.7639,7313313527.45261,-3531471369.03048,2642737292.90861,7341498049.76021,15501535712.0518,12880814227.1861,5858757656.16661,14829788600.5572,21556000869.8593,13272713526.9466,14241387649.6525,0
Korea,Albania,ALB,BN.GSR.GNFS.CD,0,0,0,0,0,0,0,0,0,0,0,0,0,0,0,0,0,0,0,0,6700000,27400000,-86700000,-50900000,-37800000,-43500000,-9000000,-2100000,-34300000,-49800000,-131400000,-232200000,-539300000,-574200000,-513100000,-532500000,-738500000,-586432500,-646330000,-556700000,-795800000,-936900000,-1160330000,-1419161205.65833,-1642928988.60121,-2039576837.24939,-2203548908.04487,-2879743004.28052,-3446126996.47815,-2967394172.50194,-2456390642.37229,-2932716632.8208,-2296761241.42573,-2308765606.46251,-2506992157.87102,-1966180769.23214,-2001510213.2648,-1978658722.18737,-2069586882.26658,-2103429046.38418,-2210461795.58811,-2392168078.17823,-1959879935.13069,-1275078200.87066,-1848064175.32253,0
Korea,Andorra,AND,BN.GSR.GNFS.CD,0,0,0,0,0,0,0,0,0,0,0,0,0,0,0,0,0,0,0,0,0,0,0,0,0,0,0,0,0,0,0,0,0,0,0,0,0,0,0,0,0,0,0,0,0,0,0,0,0,0,0,0,0,0,0,0,0,0,0,302799704.869729,114551911.225631,302952018.272698,296200061.152847,452742525.188009,645187655.156501,0
Korea,Arab World,ARB,BN.GSR.GNFS.CD,0,0,0,0,0,0,0,0,0,0,0,0,0,0,0,0,0,0,0,0,0,0,0,0,0,0,0,0,0,0,0,0,0,0,0,0,0,0,0,0,0,0,0,0,0,0,0,0,0,0,0,0,0,0,0,0,0,0,0,0,0,0,0,0,0,0
Korea,United Arab Emirates,ARE,BN.GSR.GNFS.CD,0,0,0,0,0,0,0,0,0,0,0,0,0,0,0,0,0,0,0,0,0,0,0,0,0,0,0,0,0,0,0,0,0,0,0,0,0,0,0,0,0,0,0,0,0,0,0,0,0,0,0,0,0,0,0,0,0,0,0,0,0,0,0,0,0,0
Korea,Argentina,ARG,BN.GSR.GNFS.CD,0,0,0,0,0,0,0,0,0,0,0,0,0,0,0,0,1125000000,1836000000,2456000000,337000000,-3285000000,-1006000000,2320000000,2947000000,3204000000,4342000000,1543000000,245000000,3555000000,5109000000,7954000000,2820000000,-3953300000,-5689240000,-7917900000,-1078685000,-1787449423.72519,-6507815237.43071,-7541547974.1887,-4905758055.83513,-1831883471.95655,3521810643.66417,15717280000,15611500000,11933610000,12095220000,13266642573.1593,12570579976.2887,13340936973.2968,16652818510.3957,12343520648.5783,9198443049.71353,10943688062.5681,-693680874.42887,900177659.49876,-6600221085.86428,-4035498243.93579,-15142501699.7645,-9678495464.2347,13390550040.8824,12094415410.6255,14995374116.8722,5641696321.91141,-8863234392.09042,16653910437.86,0
Korea,Armenia,ARM,BN.GSR.GNFS.CD,0,0,0,0,0,0,0,0,0,0,0,0,0,0,0,0,0,0,0,0,0,0,0,0,0,0,0,0,0,0,0,0,0,-129559250,-214245682.638889,-445631021.254785,-536868690.108658,-641500248.798067,-641619876.597845,-517560894.321732,-531776959.196634,-521259827.233028,-459464455.002652,-547927151.231746,-645186306.791906,-782593642.472682,-1035254569.32817,-1906845403.33537,-3127485895.91526,-2366282262.46614,-2326489846.17148,-2175629987.68525,-2214007063.77409,-2321776645.52881,-2168908139.47845,-1281494851.04737,-905845561.903669,-1243550763.88083,-1752742382.16506,-1817137352.77571,-1257660276.69423,-1115247228.47482,-99882952.469307,-343467608.646185,-731711963.45304,0
Korea,American Samoa,ASM,BN.GSR.GNFS.CD,0,0,0,0,0,0,0,0,0,0,0,0,0,0,0,0,0,0,0,0,0,0,0,0,0,0,0,0,0,0,0,0,0,0,0,0,0,0,0,0,0,0,0,0,0,0,0,0,0,0,0,0,0,0,0,0,0,0,0,0,0,0,0,0,0,0
Korea,Antigua and Barbuda,ATG,BN.GSR.GNFS.CD,0,0,0,0,0,0,0,0,0,0,0,0,0,0,0,0,0,-12200000,-7000000,-27800000,-27700000,-41100000,-47300000,-18700000,-13500000,-34600000,-87644444.4444444,-76159259.2592592,-18274074.0740741,-47974074.0740741,4740740.7407408,-25925.9259259,20914814.8148148,40666666.6666667,14533333.3333333,-37318518.5185185,-64844444.4444444,-35000000,-24022222.2222222,-56490324.8148148,-6012592.9637029,-13552876.9937656,-3034962.3926737,1525354.2217845,20885677.5701807,-29047582.4859741,-152230004.995011,-298009513.252515,-208280062.838722,-62613571.441963,-23228841.8088001,51553067.5686629,21514922.5921703,1808195.2032334,102251479.635163,162974827.103107,119501331.857293,17926577.9791885,-96960107.3873333,12635215.1851851,-158703865.185185,-162149453.333333,-116129320.740741,-87957672.2222221,31318768.5185182,0
Korea,Australia,AUS,BN.GSR.GNFS.CD,0,0,0,0,0,0,0,0,0,0,0,0,0,0,0,0,0,0,0,0,0,0,0,0,0,0,0,0,0,-7654223703.63626,-3259469531.92839,956062277.31035,-595971586.92051,-1312259379.40025,-4713416475.31885,-5240428241.26407,-533267382.68758,1646368836.22285,-6467569673.68318,-10082425326.5389,-4278715479.84175,2098010276.45843,-4719220380.96603,-14416671532.8361,-19188702454.739,-14812982446.7779,-12739769551.3515,-22880495663.2295,-12412041447.686,-8745692016.93027,6038557388.26251,13124139505.3401,-24017679329.5257,-9513266324.06121,-8959866226.01984,-28773630265.3472,-12915729462.2999,3124230284.15272,11002049820.2101,41304937027.1212,43039657134.7927,81929277275.5779,86008712990.8508,59296317893.4892,18922906572.3118,0
Korea,Austria,AUT,BN.GSR.GNFS.CD,0,0,0,0,0,0,0,0,0,0,0,0,0,0,0,0,0,0,0,0,0,0,0,0,0,0,0,0,0,0,0,0,0,0,0,0,0,0,0,0,0,0,0,0,0,10094027381.9188,13594759429.9566,18758629627.5828,20361565740.6298,14219475612.9926,12134112745.743,9636411469.57515,9742491014.22152,11561229856.2545,14193852265.852,13558003183.9385,14270103560.1123,12156728045.6645,13361198807.8664,15502338073.3493,14078374655.3192,3788251302.88608,-2519474101.89408,10221561709.0208,14898841398.1242,0
Korea,Azerbaijan,AZE,BN.GSR.GNFS.CD,0,0,0,0,0,0,0,0,0,0,0,0,0,0,0,0,0,0,0,0,0,0,0,0,0,0,0,0,0,0,0,0,0,0,0,-505362000,-985550000,-951065000,-1415241000,-636487000,94589000,238833000,-454039000,-1712980000,-2077108000,1329081000,5821918000,13093253000,20668404000,12972340000,17998383000,21331439000,19292808000,16419226000,12838097000,1583558000,1051820000,2735430000,7703178030.41765,5745749526.72636,-417799456.700004,9062113327.4647,25999657000,10470915000,6774099000,0
Korea,Burundi,BDI,BN.GSR.GNFS.CD,0,0,0,0,0,0,0,0,0,0,0,0,0,0,0,0,0,0,0,0,0,0,0,0,0,-112212410.645103,-127308943.522808,-180999564.32775,-144656148.723245,-135460084.033613,-228796850.707885,-218623410.40635,-224685553.713506,-199172089.957987,-170939494.384802,-129557670.940813,-87449352.5940279,-38087890.6203808,-96351255.0272744,-62747787.5124764,-97459551.7155253,-102096055.494448,-108960828.150083,-130484103.37884,-167796711.78127,-227398384.118993,-353763311.310568,-346620952.658039,-441272619.548802,-401314957.509576,-426014308.367945,-529656985.319385,-701167872.395645,-692692720.521686,-716976390.368953,-667274263.667495,-546564205.042517,-610565662.043586,-604282176.760059,-716523718.865391,-754497655.865512,-863533501.280828,-1086244584.16618,-1054714258.17668,0,0
Korea,Belgium,BEL,BN.GSR.GNFS.CD,0,0,0,0,0,0,0,0,0,0,0,0,0,0,0,0,0,0,0,0,0,0,0,0,0,0,0,0,0,0,0,0,0,0,0,0,0,0,0,0,0,0,11486152063.3972,10699409811.9195,12289290919.4444,8640514958.88791,9137273954.1724,6389429629.91387,-6650395742.44394,5467491069.59099,5149628648.6292,-5407721282.72453,-5232743023.66307,-272882804.5013,795668538.63,6502990902.5913,5685017502.0098,5262605954.4028,-1650684747.967,2506542714.6913,7602144462.6946,11377868174.4586,-7959654595.2787,-3916912629.7933,-5568857934.6864,0
Korea,Benin,BEN,BN.GSR.GNFS.CD,0,0,0,0,0,0,0,0,0,0,0,0,0,0,-73899688.6706193,-119288199.447148,-152855929.894744,-165170350.740429,-206021682.538179,-207604638.226326,-194590526.846303,-214619984.004976,-464769001.641305,-196320303.9044,-102579966.183068,-102167335.858185,-141204638.725731,-145406600.950012,-153359318.98824,-81247729.4214812,-90092810.6946714,-343430086.16516,-245575041.673662,-196400598.194143,-92834949.7100857,-280430214.213829,-94660482.747005,-209202342.599654,-207407122.539361,-252271524.301984,-179800852.890673,-224504079.56376,-289044784.417194,-360314549.72843,-345598627.142502,-372865589.105196,-445824226.265186,-755034562.024593,-772629973.066784,-791331499.717446,-632495208.400364,-643106427.180873,-710646157.284974,-858674454.319657,-1118728506.04463,-756800485.387488,-526019054.88671,-703516906.141111,-821046408.892628,-721667297.10396,-435724020.28352,-771728221.053792,-1024472573.58803,-1678118172.23451,0,0
Korea,Burkina Faso,BFA,BN.GSR.GNFS.CD,0,0,0,0,0,0,0,0,0,0,0,0,0,0,0,0,0,0,0,0,0,0,0,0,0,0,0,0,0,0,0,0,0,0,0,0,0,0,0,0,0,0,0,0,0,-848815365.869128,-783537369.711016,-962174168.309755,-1374291352.15085,-892372674.527804,-668275736.493909,-697939435.893794,-585796272.56317,-1595943794.91939,-1117573282.68797,-1017344551.96401,-796037006.753357,-898228429.050722,-655586698.761391,-555481963.435646,576815704.724121,398785467.835309,-947074533.776167,-922317582.491916,0,0
Korea,Bangladesh,BGD,BN.GSR.GNFS.CD,0,0,0,0,0,0,0,0,0,0,0,0,0,0,0,0,-480606264.950485,-663369889.01433,-942478540.688586,-1309762900.9952,-1829305681.98229,-1896655282.54027,-1674191270.82786,-1395938726.16493,-1678795062.44922,-1527027397.33888,-1708694420.02741,-1615000802.4229,-1778862048.53991,-2387325689.49489,-1895840930.87395,-1650022838.99286,-1561350613.08649,-1515339352.99061,-1851345900.48272,-3157115126.18329,-2836515602.01405,-2307212151.30024,-2087438608.91848,-2696292969.48389,-2458878888.10143,-2817985657.31352,-2234843547.53366,-3141653816.41339,-3854880482.14049,-4156759716.05123,-3896303860.1296,-5462928581.36726,-7672641808.74828,-6025299151.95922,-7816344792.83922,-10888026891.2585,-10157899098.9677,-9933198074.62348,-12119389611.999,-10606498175.2763,-10505302542.1777,-17594487835.4604,-21457169885.0705,-19272605860.5841,-18300384906.6327,-36008206263.1851,-33568494214.0902,-14287605601.138,-21150872014.0134,0
Korea,Bulgaria,BGR,BN.GSR.GNFS.CD,0,0,0,0,0,0,0,0,0,0,0,0,0,0,0,0,0,0,0,0,1308000000,293000000,287000000,55000000,514000000,-112000000,-856000000,-514000000,-76000000,-254000000,-1077000000,-117900000,-307200000,-943400000,-6000000,274500000,307700000,546700000,-8020423.355652,-766710358.940426,-669989777.212585,-1327927121.52239,-1209902300.43731,-2061604764.8916,-2896945990.97014,-4449983421.99429,-5844352050.21159,-8945175667.26605,-10620241928.2913,-3922786473.94819,-1627160000,170110000,-1886240000,-385580000,146260000,473170000,2699850000,2647390000,1710320000,2280790000,1747790000,2125980000,984280000,4257410000,2631660000,0
Korea,Bahrain,BHR,BN.GSR.GNFS.CD,0,0,0,0,0,0,0,0,0,0,0,0,0,0,0,90012642.4526233,-33872670.022997,-28560596.5589803,40004817.8877582,348254470.146654,304774346.064674,368617022.25696,364920213.73649,51063829.9230428,331117021.643526,523670212.765958,472074468.085106,325797872.340426,449734042.553192,264095744.680851,120478723.404255,-490425531.914894,-588031914.893617,177127664.67788,316489391.162576,675266009.827816,718617083.391104,607180907.583329,44414898.0466977,1052961957.63309,2044070281.64894,1811550028.19149,1332161989.80497,1775601799.20213,2166297712.58864,3109957700.70922,4103227902.39362,4688031914.89362,4955053191.48936,4350797872.34043,4784840425.53192,9061702127.65957,5659840425.53192,5771542553.1915,5520212765.95745,3351063829.78723,2694148936.17021,2855585106.38298,2910372340.42554,4356382978.7234,1952393617.02128,7657180851.06383,11513031914.8936,7970212765.95744,8259042553.19148,0
Korea,"Bahamas, The",BHS,BN.GSR.GNFS.CD,0,0,0,0,0,0,0,0,0,0,0,0,0,0,0,0,140700000,122900000,142700000,92500000,58600000,12300000,10400000,28100000,61300000,175400000,205400000,130400000,111900000,41500000,130600000,-12000000,106400000,153260000,68100000,-28100000,-151700000,-358800000,-832100000,-403400000,-570760000,-556100000,-281323042.557,-369790000,-416580000,-603804537.741,-1237750000,-1135298058.99422,-1112196412.431,-670319000,-576589000,-930926000,-1247731400,-1168058000,-1513316594.86294,-815857514.44974,-585952462.183125,-1158779778.81241,-364418785.555463,324221272.858005,-1722379433.88589,-1617321175.32263,-417261475.674218,-262192794.037693,-297869650.248138,0
Korea,Bosnia and Herzegovina,BIH,BN.GSR.GNFS.CD,0,0,0,0,0,0,0,0,0,0,0,0,0,0,0,0,0,0,0,0,0,0,0,0,0,0,0,0,0,0,0,0,0,0,0,0,0,0,-2925389370.83722,-3117889819.77411,-2577518132.81806,-2730065298.51948,-3120639139.59946,-3821941979.2465,-4138362133.57751,-4345529639.45764,-3624941968.5814,-4662020359.93845,-6229877854.77118,-4194259998.58544,-3699616132.55731,-4434962079.82806,-4035721592.83707,-3724521863.46057,-4198572495.40221,-2961519174.21344,-2810928851.09672,-2940154629.0582,-2963549337.95131,-2957316131.70518,-2706264703.82631,-2622901991.03197,-3328380284.60602,-3248180035.83962,-3970065947.91047,0
Korea,Belarus,BLR,BN.GSR.GNFS.CD,0,0,0,0,0,0,0,0,0,0,0,0,0,0,0,0,0,0,0,0,0,0,0,0,0,0,0,0,0,0,0,0,0,-479800000,-437700000,-483300000,-576400000,-853000000,-1019200000,-255500000,-567100000,-633700000,-473400000,-692400000,-1493900000,341600000,-1492100000,-2810400000,-4646800000,-5597200000,-7481800000,-1188200000,2863199999.99999,-2300600000,-444100000,132400000,-8800000,100100000,929100000,-403000000,1947600000,3950314056.96,4686035287.81,338775604.64,-1444692071.7,0
Korea,Belize,BLZ,BN.GSR.GNFS.CD,0,0,0,0,0,0,0,0,0,0,0,0,0,0,0,0,0,0,0,0,0,0,0,0,-17100000,-13100000,-13050000,-14100000,-20750000,-40750000,-3850000,-43000000,-42900000,-60500000,-42201500,-28143500,-11710000,-43315000,-63297500,-70653468.46,-166561465.90375,-162844254.468061,-141161220.765321,-135689422.722701,-84088082.0113377,-88005496.071037,25931934.0018133,13477104.0825889,-91248702.9103413,-53959075.1280521,19961433.0748313,-5491301.2052109,9363001.6298624,-27570992.447436,-67121775.1502315,-148978201.23580801,-163283832.513023,-56978145.601239,-83794802.70071,-100716723.794308,-187195108.458476,-206457407.047168,-204514136.129337,-37145635.6283785,-83824398.137295,0
Korea,Bermuda,BMU,BN.GSR.GNFS.CD,0,0,0,0,0,0,0,0,0,0,0,0,0,0,0,0,0,0,0,0,0,0,0,0,0,0,0,0,0,0,0,0,0,0,0,0,0,0,0,0,0,0,0,0,0,0,-338490000,-650029970.091134,-712497097.004796,-693118178.729979,-585289486.165294,-326799752.461443,-399084688.584863,-515927552.12556,-605016880.405959,-568413579.362972,-610483019.836141,-649147240.362098,-611553069.983311,-618767800.17432,-696022076.187566,-789315041.099342,-809905535.635797,-701163187.467629,0,0
Korea,Bolivia,BOL,BN.GSR.GNFS.CD,0,0,0,0,0,0,0,0,0,0,0,0,0,0,0,0,-36000000,-65800000,-244600000,-265900000,197200000,-142100000,192300000,117500000,152200000,11000000,-175700000,-266300000,-174900000,-160900000,-109500000,-198100000,-578800000,-536500000,-171700000,-340100000,-418490000,-648500000,-844800000,-678100000,-607815903.97,-458745530.02828,-516682880.93811,-86907789.367575,231061237.172873,414848470.908809,892459631.560589,814530371.934917,1244957796.03459,274170000,681407338.7748,345773475.203279,2339083705.3513,1691971936.9631,1082959462.10384,-1979737198.24535,-2514014188.13787,-2173220117.97295,-1992410887.07075,-1686182613.50533,-624744932.577178,1418181475.78692,1217953798.72786,-1085476480.35164,-1427136381.29981,0
Korea,Brazil,BRA,BN.GSR.GNFS.CD,0,0,0,0,0,0,0,0,0,0,0,0,0,0,0,-4994000000,-3971000000,-1686000000,-2882000000,-5041000000,-5957000000,-1688000000,-2810000000,4062000000,11337000000,10762000000,5731000000,8794000000,16145000000,13327000000,6986000000,6687000000,11897000000,8739000000,5515000000,-10652000000,-13512000000,-19380594698.5763,-18610746032.7427,-9991935231.31036,-10570608610.0643,-7220433515.30619,5921177448.69253,17461618605.616,25829510957.0654,33674229216.4115,33452513822.936,22217254175.7016,1980084511.86791,2316649166.28788,-19368906955.83,-16829708574.575,-31639635804.95,-54583362068.38,-63791507501.575,-28224926938.445,7888268360.8,15770565742.07,5020740727.415,-8913681707.435,11006501378.435,15355119391.01,10631648818.77,48997429682.235,10860692005.12,0
Korea,Barbados,BRB,BN.GSR.GNFS.CD,0,0,0,0,0,0,0,-23363546.4473362,-29815381.1020923,-45133583.3528332,-51712124.6759439,-47572138.2663624,-51421819.5630711,-56939753.5519686,-64909100.7508751,-52869417.4777504,-73740087.325,-62946316.7,-43413348.3,-68091566.635,-85454457.5,-156907055,-92430845,-90116417.5,-20411335,20984117.5,45968981.9294945,26750785.047862,81865712.6807956,59103428.0598285,20105969.402965,11731183.079585,158203259.196937,138420342.432369,189562661.109446,70400073.5489945,199454491.638673,-37846500.2093395,-58703765.3219385,-89379642.1910565,-54043855.6815411,-53106203.21171,-70241385.9001929,-111609970.789287,-286541342.316748,-258976337.096995,-63175419.2618752,-82551497.7587099,-194010698.48884,-79742008.0045355,-99336415.1264348,-101831734.53244,-122685030.092565,-63011759.6557801,32195367.75406,115142644.281685,171899877.501825,15071255.5452452,0,0,0,0,0,0,0,0
Korea,Brunei Darussalam,BRN,BN.GSR.GNFS.CD,0,0,0,0,0,0,0,0,0,0,0,0,0,0,0,0,0,0,0,0,0,0,0,0,0,0,0,0,0,0,0,0,0,0,0,0,0,0,0,0,0,1989059787.25675,1779007179.21169,2568584409.5717,3199787455.8062,4335140927.97401,5569590895.58787,5196313757.02077,7304766748.18525,4370174427.09202,5424417631.9042,7303248266.46829,6609154195.79177,4557118830.5744,5813453718.26044,1903397568.72309,1039098776.80807,1705234270.82597,1359241663.74238,1021907895.20701,503987342.563082,1971217783.42695,4305796750.51132,2495993793.47065,2372398524.64068,0
Korea,Bhutan,BTN,BN.GSR.GNFS.CD,0,0,0,0,0,0,0,0,0,0,0,0,0,0,0,0,0,0,0,0,0,0,0,0,0,0,0,0,0,0,0,0,0,0,0,0,0,0,0,0,0,0,0,0,0,0,-135666508.275048,50402524.6251132,-112000942.938711,-107898255.761345,-344757300.899123,-558990156.79171,-478829661.216349,-433041928.515847,-459214963.248015,-496734660.340354,-594968891.454513,-518571545.318266,-462859072.853854,-452196090.39644,-401795399.42642,-287001900.563872,-789981472.512696,-902301816.68712,-568591172.254581,0
Korea,Botswana,BWA,BN.GSR.GNFS.CD,0,0,0,0,0,0,0,0,0,0,0,0,0,0,0,-84380460.0777117,-42090010.5709061,-73281420.1392245,-123044302.134794,-93864262.9841853,-173051561.868251,-400483624.391318,-198317730.999057,-71381307.359265,11244839.70046,179652049.010063,189128650.337643,704432208.996844,353551580.113065,517101258.425312,18006243.0600944,94531112.1627386,16447641.2802616,132476295.616108,384222050.918828,370895868.754373,569169393.307054,664882047.498742,-190025982.753887,597855038.450704,679374829.037563,604634492.20366,756116707.382116,955465957.303522,826929861.875511,1825358096.44794,1932753983.84303,1279865881.8668,-292092928.697593,-1262773518.87742,-1300748908.36186,-1019051881.27161,-2393567414.34267,-431507246.341567,474712194.042951,-909033269.203554,1308031982.08468,623187923.396331,169943118.054827,-1467064804.5948,-2796625701.36763,-1405435073.4656,198996111.478663,-709996600.792439,-2558995698.98222,0
Korea,Central African Republic,CAF,BN.GSR.GNFS.CD,0,0,0,0,0,0,0,0,0,0,0,0,0,0,0,0,0,-46267561.469392,-62639631.8063489,-88989534.0252786,-126405983.520643,-67231819.6091651,-90147402.1163416,-82119625.0562135,-77225049.1685395,-97955993.8223748,-157155853.947018,-155355473.646591,-134132076.258033,-116783795.468032,-190527759.354211,-139202546.175899,-180730947.707285,-108312334.398684,-65381291.4120434,0,0,0,0,0,0,0,0,0,0,0,0,0,0,0,0,0,0,0,0,0,0,0,0,0,0,0,0,0,0,0
Korea,Canada,CAN,BN.GSR.GNFS.CD,-506965097.119612,-212120980.730522,-95384130.624448,309278759.858606,563628154.482249,-72914365.29116,14746027.033359,659237891.668527,863477545.351366,91577097.885006,2225305803.45783,1599649051.68283,998715623.641446,1798485347.07658,188806815.456828,-3075889125.97873,-1515997270.58041,-510403180.723825,666682553.677133,1184242918.34056,4717395080.82998,2361388870.09483,12130845692.3911,11082294016.2113,12377075316.1164,8477603565.87651,3697836184.17817,5199682303.13484,4077707643.07544,363564038.84548,1115963784.24021,-3204750443.16358,-2261089319.66952,63206950.53321,6647801661.67287,18904083589.1696,24629288042.4509,12429974698.0679,12048309635.2646,24096639864.5943,41604373750.7723,41819090368.6475,32839901425.9662,34073822805.147,44846759262.6836,45678110612.9024,35204360382.2795,30611671625.0844,28144247478.8098,-20294599835.7533,-30874997989.8313,-21682664821.6812,-34518334882.5215,-28982082930.2643,-16320998998.6071,-38583775871.449,-36241676908.6053,-36237673595.1705,-33732774271.5123,-25538102775.714,-36499244170.9958,2027310252.3313,12724832765.5058,1355284940.1316,-5947032089.6962,0
Korea,Central Europe and the Baltics,CEB,BN.GSR.GNFS.CD,0,0,0,0,0,0,0,0,0,0,0,0,0,0,0,0,0,0,0,0,0,0,0,0,0,0,0,0,0,0,0,0,0,0,0,0,0,0,0,0,0,0,0,0,0,0,0,0,0,0,0,0,0,0,0,0,0,0,0,0,0,0,0,0,0,0
Korea,Switzerland,CHE,BN.GSR.GNFS.CD,0,0,0,0,0,0,0,0,0,0,0,0,0,0,0,0,0,47430340.003061,-256707815.686031,-3180321456.38463,-3247581863.0006,-264224100.776275,-972774618.862203,-2215667515.86451,2012186039.6817,1891641654.37249,-12229582.6203,1018648396.41673,1692749265.35913,1758821461.86409,644418982.71735,4234403965.62043,9072204292.60039,11646322343.4134,13329165729.8699,14403419962.3246,12583959676.7016,14061341027.5182,12697634856.9753,15727670908.0436,12886665395.9725,11072088900.1949,16655365716.5224,18415553584.6914,28841850853.9883,21573539773.2025,29059214083.0142,44083170196.1085,52986310349.9128,32328344852.1281,54667613649.7312,46724214461.4352,55586080042.0105,65660095247.1844,68818322759.5168,66082559477.8815,62479254234.7253,57803788876.0292,70986209886.5496,65101059420.3423,44167555302.1223,97331329893.6191,110735663685.71,97823988600.2379,92504654755.0903,0
Korea,Channel Islands,CHI,BN.GSR.GNFS.CD,0,0,0,0,0,0,0,0,0,0,0,0,0,0,0,0,0,0,0,0,0,0,0,0,0,0,0,0,0,0,0,0,0,0,0,0,0,0,0,0,0,0,0,0,0,0,0,0,0,0,0,0,0,0,0,0,0,0,0,0,0,0,0,0,0,0
Korea,Chile,CHL,BN.GSR.GNFS.CD,0,0,0,0,0,0,0,0,0,0,0,0,0,0,0,-217000000,425000000,-282000000,-696000000,-618000000,-1084000000,-3285000000,-411000000,547000000,-181000000,495720000,627760000,854900000,1519300000,1022540000,1055290000,1518700000,546000000,-1215700000,581000000,1056900000,-1072625133.10716,-1563380808.39716,-2492077323.14361,1689973427.38374,1400054677.54859,999286551.135342,1684100883.03244,3476680180.01817,9459076625.42752,10240622954.4733,21620045741.3327,22855567968.2503,4338523547.95303,13216148168.533,13346978494.573,7340657002.24282,-1247185765.84247,-2565312820.76856,1074236550.73082,-1995119986.58649,-527947370.65117,1879849955.36792,-2932905994.96045,-5068925698.04108,11444340118.7684,-2188473339.12558,-11889803020.7973,3173652281.8482,11883616133.4495,0
Korea,China,CHN,BN.GSR.GNFS.CD,0,0,0,0,0,0,0,0,0,0,0,0,0,0,0,0,0,0,0,0,0,0,4737000000,2475000000,-32000000,-12592000000,-7589000000,291000000,-4060000000,-4927000000,10668000000,11601000000,4998000000,-11497000000,7611000000,11957590000,17551000000,42824000000,43837000000,30641000000,28873534000,28084000000,37383087664.0194,35821129066.2935,51174382539.95,124626797517.211,208918924500.594,308036028783.355,348832533153.935,220130401366.78,223023871712.8,181903738912.673,231844876748.002,235379561604.116,221299246947.272,357870764281.273,255737088242.15,217009899933.948,87905148451.8738,131844297312.037,358572608160.02,461494292759.35,577608939732.6,385575471624.67,538958018243.69,0
Korea,Cote d'Ivoire,CIV,BN.GSR.GNFS.CD,0,0,0,0,0,0,0,0,0,0,0,0,0,0,0,0,0,0,0,0,0,0,0,0,0,0,0,0,0,0,0,0,0,0,0,0,0,0,0,0,0,0,0,0,0,1155710678.41921,1722065222.54821,1015050790.41156,1692905339.96574,2664128022.97647,1819629955.65215,4189664129.02339,1120544664.93026,707897344.175182,1715287927.95265,1150470393.15493,1077209216.00129,1006914481.60206,-98663780.321817,910074933.641272,571594163.037732,39662854.479859,-2737601348.32923,-5526680153.57348,0,0
Korea,Cameroon,CMR,BN.GSR.GNFS.CD,0,0,0,0,0,0,0,0,0,0,0,0,0,0,0,0,0,-83441982.064092,-113269825.89107,-29898226.9625343,-278635573.065498,-291979449.766881,-184415237.087746,-135015968.719591,183061631.193441,52953396.9513335,-34391559.2479233,-387174189.623418,178010129.488646,160340655.970738,32358205.650433,133920860.568513,392796451.212978,152244693.052732,239569299.468758,432616810.541029,213784342.578024,102706262.893823,84013816.2756614,129641681.6232,166680893.243151,-101773122.288516,-113275626.005973,-309280386.332771,-147949693.028894,-111463381.452432,211905761.747833,340882795.552685,-721538049.562034,-923875560.310761,-764428832.098244,-704021151.242304,-774502185.590695,-817386648.821177,-1077752101.69413,-1053768053.17936,-828668887.093496,-722600965.382012,-1121429117.89738,-1354599058.98692,-1088012800.04402,-1578554437.52904,-1117636380.02892,-1941018172.74006,0,0
Korea,"Congo, Dem. Rep.",COD,BN.GSR.GNFS.CD,0,0,0,0,0,0,0,0,0,0,0,0,0,0,0,0,0,0,0,0,0,0,0,0,0,0,0,0,0,0,0,0,0,0,0,0,0,0,0,0,0,0,0,0,0,-1113600000,-659800000,-334500000,-1127400000,-1745200000,-1838700000,-1593602281.098,-1977754098.94109,-1494674269.45556,-3152502304.65964,-2308129161.18307,-2224819933.85017,-1406377021.27447,-1692788394.90944,-1718517789.29973,-624339925.79474,160710271.919867,-2945395688.07329,-4030194363.49794,-1893913072.0914,0
Korea,"Congo, Rep.",COG,BN.GSR.GNFS.CD,0,0,0,0,0,0,0,0,0,0,0,0,0,0,0,0,0,0,-164303288.917736,-17388921.6249079,-4027838.84285271,-360168096.410826,-175063619.537075,-222942986.171849,339788843.207698,63802277.0161005,-393452720.850194,21887519.9324754,-147370362.575908,229774586.171165,206049413.960197,-74085388.721067,69137011.2262912,-170220232.08401,-582667982.694106,28159960.5861105,223546978.242445,363866959.720153,69566703.193832,314981956.918933,1438258979.10872,666192704.44184506,839522698.653698,1126578547.36831,1647520085.40818,2244061135.52012,1904003082.16042,-694785985.948925,2299450459.02995,-641012578.611289,1708164513.07022,3542209799.4522,3312047804.79191,2310516033.80327,370868418.391364,-4427610294.13358,-2691494915.77189,0,0,2910197899.75358,1391319444.39899,3264867177.80206,0,0,0,0
Korea,Colombia,COL,BN.GSR.GNFS.CD,0,0,0,0,0,0,0,0,-95000000.000484,-81000000.000275,-156000000.000572,-312724139.996097,-28342990,121474590.003674,-217224400.000452,102178950,468332519.999669,647016799.997133,525955999.999809,627264000,-125595840.00049,-1719060600,-2254764420.00083,-1952000000,-125000000,-595000000,1346000000,1325000000,565000000,1200000000,1821000000,2740000000,1188700000,-1458000000,-3277472545.01562,-3718523193.47664,-3284689500.90324,-4138083502.73631,-3911324471.8698,571576111.758649,1328666913.85215,-970538371.249469,-1313628527.62109,-1032731230.721,-483133685.817825,-690614447.091225,-1951544471.10276,-3441472017.01128,-2302397544.39763,-805727726.48975,-2246150213.7866,527573370.1402,-1464992369.15213,-3250497857.58699,-12332276476.0953,-19004381508.9598,-13451129309.4103,-8761508927.41588,-10556191985.8922,-14148162444.3344,-13104751154.4776,-20000679159.3241,-16093825874.8579,-7785710968.55083,-9472573283.8306,0
Korea,Comoros,COM,BN.GSR.GNFS.CD,0,0,0,0,0,0,0,0,0,0,0,0,0,0,0,0,0,0,0,0,-20863530.0505058,-32672239.996395,-28377667.6298346,-28543851.0482829,-60608354.3079585,-44206110.768717,-43684291.9499874,-59913351.1051348,-48256530.9739674,-39663880.9774123,-54355634.8880749,-50259386.4426194,-63221232.2281689,-46765050.0863163,-50912728.2145999,-57525289.0574482,0,0,0,0,0,0,0,-41278564.5408522,-62674536.3368591,-81311180.69812,-95627902.3960404,-120023783.344643,-181929578.438453,-176595973.001474,-184071755.578527,-207608723.958395,-232098068.885715,0,-210143739.659477,-170288038.950902,-159896893.292169,-177103897.174893,-206259705.539406,-211183752.433797,-274670347.811316,-287634089.124128,-314236050.866876,-355581804.765654,0,0
Korea,Cabo Verde,CPV,BN.GSR.GNFS.CD,0,0,0,0,0,0,0,0,0,0,0,0,0,0,0,0,0,-46536366.0829109,-55612909.5879837,-64408409.6937036,-68241585.2362666,-79421428.7686417,-77900846.295827,-80007439.8716624,-62258832.5392584,-64398042.8893374,-66453372.4846347,-66317321.9563242,-78070975.1274846,-88449596.4143772,-92109341.5328378,-101217878.39888,-143144015.456788,-132201290.97439,-168612522.769134,-210650459.750173,-176152459.656849,-152460916.538475,-190267155.927265,-225514827.123698,-185971949.690271,-183700150.407371,-225337898.499604,-294289161.487196,-346009421.351242,-288058799.883277,-331430079.269323,-467154712.441621,-472199598.608701,-510976329.132783,-483882198.337561,-591799700.548746,-426947602.747579,-317313920.34435,-341047694.012877,-245640996.003994,-285060858.95884,-384091287.115746,-366361653.965044,-281307277.947429,-584396205.207971,-652112060.942094,-457870066.687996,-458836239.690879,-313317068.179675,0
Korea,Costa Rica,CRI,BN.GSR.GNFS.CD,0,0,0,0,0,0,0,0,0,0,0,0,0,0,0,0,0,-166400000,-272300000,-427100000,-466300000,-134200000,66000000,-20000000,15800000,-68900000,39000000,-192500000,-91300000,-236700000,-383200000,-42900000,-341100000,-537900000,-270900000,-266542000,-228910000,-357416000,-165450000,1051211410.40579,-45669711.165888,78881229.510418,-267865429.090368,-283537864.928698,-77105144.675418,-360655999.12738,-611014762.399059,-1271487792.72421,-2407550798.86128,95700175.166145,-415750007.241521,-1194544783.87744,-1363669066.71151,-995209335.8409,-789427970.823826,1558623.964266,683777504.543906,393328336.587061,919006891.77924,2482334381.55331,2456419583.72748,1670105882.35388,2297074272.44343,5270418624.655,6310784269.84959,0
Korea,Caribbean small states,CSS,BN.GSR.GNFS.CD,0,0,0,0,0,0,0,0,0,0,0,0,0,0,0,0,0,0,0,0,0,0,0,0,0,0,0,0,0,0,0,0,0,0,0,0,0,0,0,0,0,0,0,0,0,0,0,0,0,0,0,0,0,0,0,0,0,0,0,0,0,0,0,0,0,0
Korea,Cuba,CUB,BN.GSR.GNFS.CD,0,0,0,0,0,0,0,0,0,0,0,0,0,0,0,0,0,0,0,0,0,0,0,0,0,0,0,0,0,0,0,0,0,0,0,0,0,0,0,0,0,0,0,0,0,0,0,0,0,0,0,0,0,0,0,0,0,0,0,0,0,0,0,0,0,0
Korea,Curacao,CUW,BN.GSR.GNFS.CD,0,0,0,0,0,0,0,0,0,0,0,0,0,0,0,0,0,0,0,0,0,0,0,0,0,0,0,0,0,0,0,0,0,0,0,0,0,0,0,0,0,0,0,0,0,0,0,0,0,0,0,-820709497.206704,-784460335.195531,-629603351.955307,-417692737.430168,-475363128.49162,-525916201.117318,-666661827.608939,-810450712.134078,-556204745.77095,-694482615.592179,-546455887.877095,-844747427.217877,-657754762.162011,0,0
Korea,Cayman Islands,CYM,BN.GSR.GNFS.CD,0,0,0,0,0,0,0,0,0,0,0,0,0,0,0,0,0,0,0,0,0,0,0,0,0,0,0,0,0,0,0,0,0,0,0,0,0,0,0,0,0,0,0,0,0,0,0,0,0,0,0,0,0,0,0,0,1694398758.33589,1581276302.5228,1441225889.46953,1462423660.19491,920948227.081575,734757817.489476,928369252.358063,1156671623.43775,0,0
Korea,Cyprus,CYP,BN.GSR.GNFS.CD,0,0,0,0,0,0,0,0,0,0,0,0,0,0,0,0,-79416180.5780396,-183523744.325985,-255413081.846285,-310627467.982061,-337344373.327293,-238236051.471281,-253478281.710675,-258430428.202683,-250685833.913028,-210267754.44527,-61566005.6577037,-52172476.1088338,-158369982.137837,-310538338.89956,-223105175.061338,-473700472.731539,-677791035.93364,63328654.6078635,49167904.3298228,-20556112.846429,-280713793.630328,-167835079.899228,-328585542.07522,78092228.948366,-122909510.72455,148135202.964247,-94931199.033443,-47748320.970464,-457770881.206205,-451175390.095703,-720537522.136134,-1434698978.78027,-3572063944.85506,-1370399090.75795,-2138373933.26342,-1013028138.69684,-469894693.354322,391693145.111428,236255474.23656,552355158.817322,423067241.26405,-59063323.541025,392658469.836377,257607558.84802,-338519558.07114,1389131949.80382,1076505753.7147,365890739.54293,1317833476.30598,0
Korea,Czechia,CZE,BN.GSR.GNFS.CD,0,0,0,0,0,0,0,0,0,0,0,0,0,0,0,0,0,0,0,0,0,0,0,0,0,0,0,0,0,0,0,0,0,495633190.350032,-925738683.973259,-1841750039.90937,-3789213044.96522,-3195715989.12638,-731364635.750389,-703620723.154516,-1691999204.904,-1553701214.44501,-1596691455.74105,-2049320859.65495,528273873.404079,2898065160.6166,3790265561.32894,4052160271.13885,5219998906.55756,7700186522.30561,6192291073.38082,8894622490.64581,10309254507.9341,12123723407.1038,13436484695.2163,11152289235.3342,14970590108.5915,16696692080.8777,15459075074.1354,15661853403.4847,16922789209.9036,10760274185.8701,3377084364.71671,17012875794.2742,22518192686.432,0
Korea,Germany,DEU,BN.GSR.GNFS.CD,0,0,0,0,0,0,0,0,0,0,0,3129299820.17464,4172810494.7489,9331485330.3669,15082233732.9296,9359034255.29827,11062760596.3335,13174230767.3247,17352509883.5215,5748981127.87806,-4881469153.69685,5179368707.52928,15445842102.251,11341396741.2059,14987906583.3004,22907977431.986,46143914622.1262,55189849333.2105,60093039856.0267,59544876562.6478,45835582096.6926,-8618524297.54355,-10419668458.7466,606625477.0981,2705397325.1996,9748115039.731,16944869691.1299,22955765079.6326,26638796381.3972,12325288588.8645,4104845646.7311,30938098139.694,85409917265.0463,92318194626.05,141659579646.248,143997634083.368,158280176925.073,223249988267.441,222424166595.653,168088620679.111,178340566180.23,186109725052.129,217953582338.746,220200384547.59,259384172818.113,253864583308.219,257052182218.316,265989346757.769,242877564842.629,222712633094.613,211436040446.136,227415846453.101,108359910395.103,176807952653.581,175418088256.785,0
Korea,Djibouti,DJI,BN.GSR.GNFS.CD,0,0,0,0,0,0,0,0,0,0,0,0,0,0,0,0,0,0,0,0,0,0,0,0,0,0,0,0,0,0,0,-105519325.234497,-124875507.115085,-94254477.5237592,-69333393.352502,-60088565.7856978,-58625598.550537,-57837846.9623736,-66891363.4291953,-59182651.4593099,-84480731.0334738,-48519871.0338114,-30609775.9972091,-52239183.8893547,-87862436.0655184,-73238390.5109694,-118359676.121561,-274435772.924978,-337939804.52507,-178892758.874866,-72158045.4757739,-254719476.032658,-267002774.01095,-713348705.461296,444525061.908669,544986898.578778,-144419978.820093,-159431265.153819,374115601.227334,386005311.696423,270104485.554297,-323102109.486216,577744640.879616,607408270.386853,484898405.992768,0
Korea,Dominica,DMA,BN.GSR.GNFS.CD,0,0,0,0,0,0,0,0,0,0,0,0,0,0,0,0,-5499736.26485802,-7200000,-10300000,-21000000,-39000000,-28700000,-18400000,-13700000,-22800000,-25200000,-7155555.55555555,-11207407.4074074,-20959259.2592593,-49007407.4074074,-44499999.9999999,-33855555.5555556,-27329629.6296296,-20522222.2222222,-22203703.7037037,-34807407.4074074,-42525925.9259259,-35696296.2962963,-20577777.7777778,-23788888.8888889,-47593973.0606244,-37695068.7032585,-21441284.0944218,-12495848.3194867,-26382710.8722601,-57797069.4964171,-38756989.9430189,-80378177.2375448,-122313009.632419,-105909580.703771,-93467008.1005515,-80419432.9222692,-98223564.3825134,-95614018.2732324,-66102855.9565207,-66194194.7127119,-68034258.7085718,-115047725.609502,-280820613.878302,-231777177.407407,-201406422.592593,-199472922.962963,-180340134.074074,-228346416.296296,-174779840.37037,0
Korea,Denmark,DNK,BN.GSR.GNFS.CD,0,0,0,0,0,0,0,0,0,0,0,0,0,0,0,-240130247.059136,-1771039460.33194,-1559010104.54574,-1166519466.23918,-2018692313.16829,-734270148.675322,262063933.842199,78092703.9548,881699066.927045,552821842.623671,-71194452.663442,-743292495.608312,1341713162.57412,3078062108.64257,3356304753.70471,7486783173.7079,8591998596.69512,10404886684.9608,9815989882.35233,9035441696.77825,7794535103.80856,9263490304.50529,5685483097.60229,3318961697.94207,8238249083.8698,9299701472.77133,10431353547.0124,10023718626.993,13115565022.094101,12429897919.8375,14563595605.5605,11599960268.8373,9400458991.67581,12524865839.4842,14981861358.3544,21864529645.0916,21187880089.9659,18900122461.3089,21479964404.7038,22723676469.1254,19627489413.426,18830573676.9587,21511744736.7158,18190345911.6278,20729495551.1775,19989613947.3259,25059464447.7913,38306598514.2022,36773554593.4777,43868444203.5568,0
Korea,Dominican Republic,DOM,BN.GSR.GNFS.CD,0,0,0,0,0,0,0,0,-66200000,-69700000,-107200000,-118000000,-30700000,-50300000,-186200000,1000000,-145800000,-169800000,-326000000,-349400000,-647400000,-305800000,-392800000,-335800000,-187000000,-237600000,-219800000,-388600000,-101900000,-463000000,-401500000,-351100000,-818300000,-729900000,-583900000,-406000000,-655600000,-719700000,-1434800000,-1302100000,-1887500000,-1676600000,-1915400000,93400000,338600000,-1267900000,-2578510000,-3384300000,-6283600000,-3821000000,-5526900000,-6016300000,-5536300000,-3743200000,-3290300000,-3096900000,-2619400000,-2049900000,-4062700000,-4016800000,-5412500000,-8089100000,-11668900000,-8659700000,-7581300000,0
Korea,Algeria,DZA,BN.GSR.GNFS.CD,0,0,0,0,0,0,0,0,0,0,0,0,0,0,0,0,0,-1435820349.97679,-2589071838.06679,-246803577.980623,1816831490.13455,1781126363.37677,1477290255.70084,1468635148.98694,1572829658.7464,2180476550.37989,-1300848163.49388,1522761521.66181,68472692.639326,424784809.211557,3355174104.4059,4698239987.00797,0,0,0,0,0,0,0,0,0,0,0,0,0,24200999999.9989,31947000000.0015,30125606755.2431,32476308401.8163,-909806577.24988,9943077524.8936,17000013500.8074,12805677994.9307,2923291764.88608,-7677836862.53171,-25384908362.1845,-27449490180.5443,-22402635934.4411,-15701394555.1328,-15707643325.1665,-17445134687.8103,-2441125782.8098,22630482847.023,8327725513.58381,-1413907949.57206,0
Korea,East Asia & Pacific (excluding high income),EAP,BN.GSR.GNFS.CD,0,0,0,0,0,0,0,0,0,0,0,0,0,0,0,0,0,0,0,0,0,0,0,0,0,0,0,0,0,0,0,0,0,0,0,0,0,0,0,0,0,0,0,0,0,0,0,0,0,0,0,0,0,0,0,0,0,0,0,0,0,0,0,0,0,0
Korea,Early-demographic dividend,EAR,BN.GSR.GNFS.CD,0,0,0,0,0,0,0,0,0,0,0,0,0,0,0,0,0,0,0,0,0,0,0,0,0,0,0,0,0,0,0,0,0,0,0,0,0,0,0,0,0,0,0,0,0,0,0,0,0,0,0,0,0,0,0,0,0,0,0,0,0,0,0,0,0,0
Korea,East Asia & Pacific,EAS,BN.GSR.GNFS.CD,0,0,0,0,0,0,0,0,0,0,0,0,0,0,0,0,0,0,0,0,0,0,0,0,0,0,0,0,0,0,0,0,0,0,0,0,0,0,0,0,0,0,0,0,0,0,0,0,0,0,0,0,0,0,0,0,0,0,0,0,0,0,0,0,0,0
Korea,Europe & Central Asia (excluding high income),ECA,BN.GSR.GNFS.CD,0,0,0,0,0,0,0,0,0,0,0,0,0,0,0,0,0,0,0,0,0,0,0,0,0,0,0,0,0,0,0,0,0,0,0,0,0,0,0,0,0,0,0,0,0,0,0,0,0,0,0,0,0,0,0,0,0,0,0,0,0,0,0,0,0,0
Korea,Europe & Central Asia,ECS,BN.GSR.GNFS.CD,0,0,0,0,0,0,0,0,0,0,0,0,0,0,0,0,0,0,0,0,0,0,0,0,0,0,0,0,0,0,0,0,0,0,0,0,0,0,0,0,0,0,0,0,0,0,0,0,0,0,0,0,0,0,0,0,0,0,0,0,0,0,0,0,0,0
Korea,Ecuador,ECU,BN.GSR.GNFS.CD,0,0,0,0,0,0,0,0,0,0,0,0,0,0,0,0,102500000,-183300000,-475400000,-255500000,-58700000,-261700000,-202000000,751000000,810000000,1055000000,415000000,-260000000,456000000,552000000,743000000,299000000,702000000,-240150000,-282690000,-511730000,493900000,-52070000,-1694900000,1136430000,979312539.140001,-928173118.1172,-1617937928.18765,-663826215.734583,-669610264.431713,-371492821.663804,463666781.816421,451552040.976116,-22738574.844665,-1138206484.2441,-3026431427.88118,-1865315381.93032,-1344390024.3915,-1948121490.64921,-1234170107.13079,-2455040236.51185,442109248.232445,-663906292.316703,-1188301780.91643,-224252087.492411,2340037187.20662,915945850.996271,56544613.140314,400308786.62895,4499417656.66717,0
Korea,"Egypt, Arab Rep.",EGY,BN.GSR.GNFS.CD,0,0,0,0,0,0,0,0,0,0,0,0,0,0,0,0,0,-1911552374.52,-2718851031.08535,-3563142862.23305,-2910857147.0155,-3869428576.95633,-3642000005.20287,-4192285720.27469,-6322571432.33483,-5381285714.28571,-4191999999.99999,-4094714285.71428,-5282857142.85709,-4801818181.81817,-4195500000,-2248000000,-2382000000,-3850000000,-3528000000,-3880000000,-4203000000,-6021400000,-8565000000,-6886100000,-6031000000,-4928900000,-3070500000,397900000,-399100000,-3610500000,-3872600000,-9298700000,-12461900000,-9233000000,-11031000000,-14328100000,-20199500000,-20530600000,-26829700000,-30369400000,-34677100000,-27349400000,-24708593000,-25428193000,-32380693000,-35699565000,-20848306000,-14047300000,-36004100000,0
Korea,Euro area,EMU,BN.GSR.GNFS.CD,0,0,0,0,0,0,0,0,0,0,0,0,0,0,0,0,0,0,0,0,0,0,0,0,0,0,0,0,0,0,0,0,0,0,0,0,0,0,0,60002433630.5222,7216606539.3707,57838226680.0946,132119725760.678,138124835877.5,159718826097.642,106399015771.786,75348809179.0389,133661208992.71,27292202767.1877,121378590108.652,99337189995.814,112558825172.449,259558017896.615,340400130681.922,425752803060.681,462773150787.796,478906299233.258,525227577931.849,495417839697.647,413588217605.947,392547516574.415,479852805157.241,130078414465.116,415187177446.385,573106278422.739,0
Korea,Eritrea,ERI,BN.GSR.GNFS.CD,0,0,0,0,0,0,0,0,0,0,0,0,0,0,0,0,0,0,0,0,0,0,0,0,0,0,0,0,0,0,0,0,-261469468.870773,-200123556.036743,-328410448.673378,-363260042.003952,-403265102.431968,-406580686.37395,-585472074.313481,-546526908.455518,-402025655.068729,0,0,0,0,0,0,0,0,0,0,0,0,0,0,0,0,0,0,0,0,0,0,0,0,0
Korea,Spain,ESP,BN.GSR.GNFS.CD,0,0,0,0,0,0,0,0,0,0,0,0,0,0,0,-4490645954.62417,-4985991660.25523,-2878926354.02756,947431718.525009,317356389.363345,-5864272516.22569,-4496190326.26647,-3665235293.61116,-1577197352.67821,3179640063.87614,3412308494.07611,4655266431.51143,-291431443.7795,-4978925185.51358,-12771848313.7526,-17275201785.2476,-18426164798.9376,-17812850098.6919,-3454379110.95403,102136496.90562,-1090056713.7881,2884818093.28934,3828678156.63871,-1809459296.24757,-12145945295.458,-17647904513.2091,-14264830251.4435,-13965485132.9806,-20112962479.114,-39895434084.3072,-55618655786.2008,-72048676706.0731,-85667568352.245,-77685476626.7053,-13068614149.0513,-15210974656.7099,4404336584.53709,26847681559.5312,52139543021.8624,41989882719.6357,36343075303.3604,49525604695.837,48378026206.7495,39103466965.6774,41814797115.2323,19649900025.8494,14534303917.5323,12149032171.8074,63702074653.2855,74530227666.9209,0
Korea,Estonia,EST,BN.GSR.GNFS.CD,0,0,0,0,0,0,0,0,0,0,0,0,0,0,0,0,0,0,0,0,0,0,0,0,0,0,0,0,0,0,0,0,-47663786.2781215,-69651739.8148342,-251338707.79534,-286902959.1932,-500553151.05008,-532703884.949501,-545748692.080777,-305426438.129406,-181799741.351092,-129877512.464851,-518537516.905182,-836603350.000957,-949700084.039493,-704594343.022983,-1728295835.70902,-1964475152.05379,-960636223.447727,989300275.811456,1245764979.1407,1350581522.01102,385668930.319678,587031990.853499,869128638.279324,830131194.372668,791515521.748717,925082311.247716,730118035.757671,1176418475.06335,-416310163.40625,-529296352.622591,-476277970.696319,350690236.524602,134741115.52874,0
Korea,Ethiopia,ETH,BN.GSR.GNFS.CD,0,0,0,0,0,0,0,0,0,0,0,0,0,0,0,0,0,-139227053.207356,-201932367.24731,-181449275.449975,-313140096.769633,-329855072.623118,-349661835.917711,-423236715.180308,-447681159.509526,-489613526.570048,-483236714.975845,-588260869.565217,-614396135.265701,-408260869.565217,-674299516.908213,-319275362.318841,-923521062.801932,-528920000,-569489613.667524,-678068226.753693,-557902907.360203,-416859713.624458,-863459802.11281,-912500603.004009,-628714042.589757,-1171640698.83904,-969768539.527303,-1345579460.09095,-2043010904.09603,-2965204869.90006,-3077631352.34684,-4254883059.53455,-6102643089.70036,-5612921591.28204,-5270419046.40243,-5923027740.74004,-8135008994.69496,-8134766074.83561,-11818125908.6127,-13853596898.1746,-14091223544.3954,-12672570623.198,-12304551192.7013,-11639029638.8924,-9455071323.93282,-11363400666.232,-13216642105.2216,-12086017008.9182,0,0
Korea,European Union,EUU,BN.GSR.GNFS.CD,0,0,0,0,0,0,0,0,0,0,0,0,0,0,0,0,0,0,0,0,0,0,0,0,0,0,0,0,0,0,0,0,0,0,0,0,0,0,0,0,0,0,0,0,0,0,0,0,0,0,0,0,0,0,0,0,0,0,0,0,0,0,0,0,0,0
Korea,Fragile and conflict affected situations,FCS,BN.GSR.GNFS.CD,0,0,0,0,0,0,0,0,0,0,0,0,0,0,0,0,0,0,0,0,0,0,0,0,0,0,0,0,0,0,0,0,0,0,0,0,0,0,0,0,0,0,0,0,0,0,0,0,0,0,0,0,0,0,0,0,0,0,0,0,0,0,0,0,0,0
Korea,Finland,FIN,BN.GSR.GNFS.CD,0,0,0,0,0,0,0,0,0,0,0,0,0,0,0,-1736165619.94702,-638897356.29418,506467704.015518,1324236403.37151,584485986.233526,-505003967.962733,665619171.794317,401022677.936607,164003189.455494,1245209510.38128,379048210.110759,976683996.210305,324345689.369862,-473916346.702975,-2370745702.51608,-2275912527.64529,-1145210129.37269,1088481865.41415,4224687220.80975,5877879139.73526,10267857857.3228,9626845550.5749,9948921881.08699,11421491117.1127,11074053262.7108,12972883672.4604,13763770099.4632,13426695709.6185,12281727582.4146,13386670377.7013,9696388683.17434,9064644965.01792,12350966281.6864,10382835457.0152,5354045954.93265,3384996534.34346,-2134164029.81601,-4055943974.95969,-2663826149.84197,-2806235858.40577,-933949094.19716,-2501201519.53423,1014994073.29316,-2291417637.93039,1792953973.24134,828465000.5328,108592733.40555,-5730842915.76031,55554193.51451,1245832772.34858,0
Korea,Fiji,FJI,BN.GSR.GNFS.CD,0,0,0,0,0,0,0,0,0,0,0,0,0,0,0,0,0,0,0,-57900557.4473986,-42300115.7046312,-178405403.192258,-72486564.1280913,-60087294.2823046,-12035876.7103362,-4421118.79026812,2118520.94887072,32158002.9880145,45236583.1347485,26831460.6741574,-66513232.3067488,-48320719.4568832,-39454665.1149459,-121807656.759255,-60787159.5662939,-76297700.8769852,31924748.8063849,-20918835.6105078,-34376599.082284,19749952.4021071,-132989114.669313,-146677819.234425,-96107311.2502589,-159395341.831287,-347585387.304242,-284313205.91358,-549801675.099983,-446106772.1987,-589625236.505948,-290466410.886458,-199830957.181568,-221798950.69109,-121338442.958719,-529201389.565479,-297649060.425902,-165165713.090445,-191708790.325859,-265087976.148991,-432664838.940049,-569697168.20932,-747101832.430846,-1172500874.33141,-1057603378.32582,0,0,0
Korea,France,FRA,BN.GSR.GNFS.CD,0,0,0,0,0,0,0,0,0,0,0,0,0,0,0,5224640222.46061,-1149036556.98026,1786599128.5837,9076970923.28324,6940828701.82359,-2718368612.81992,-2185369882.0678,-7643987880.97424,170696031.83757,4408261850.63534,4852844476.0093,8703260368.15091,2606972922.9412,3031316965.36855,3292588064.60403,2151443711.41902,6695752274.7736,21489459170.5193,24357080634.6992,25095487280.4917,28971201036.2201,31189392321.5964,43524973976.1098,42170696536.8382,37920062793.022,12920448306.6648,17867386311.9337,27607351106.5108,24042402513.7393,17355875954.8148,-283241312.9564,-8152873482.8608,-18508898565.2429,-41912581724.0709,-32833160279.7455,-43515092096.2023,-56663277933.5586,-37820646682.3386,-23354364363.2819,-28200678499.737,-9463888994.342,-12213190138.5204,-19613749658.1627,-28418466030.8179,-15554985769.9185,-45868544727.8588,-30254890619.4442,-70150448895.4289,-41937166656.0054,-3821737994.0982,0
Korea,Faroe Islands,FRO,BN.GSR.GNFS.CD,0,0,0,0,0,0,0,0,0,0,0,0,0,0,0,0,0,0,0,0,0,0,0,0,0,0,0,0,0,0,0,0,0,0,0,0,0,0,29560000,-21900000,-81010000,-11090000.0000001,4990000,-159170000,-64615977.3244727,-172903385.676909,-200462975.244664,-370321691.324904,-219599538.245316,-159618567.795385,-85019084.659307,-130430094.804958,0,0,0,0,0,0,0,0,0,0,0,0,0,0
Korea,"Micronesia, Fed. Sts.",FSM,BN.GSR.GNFS.CD,0,0,0,0,0,0,0,0,0,0,0,0,0,0,0,0,0,0,0,0,0,0,0,0,0,0,0,0,0,0,0,0,0,0,0,0,0,0,0,0,0,0,0,0,0,0,0,0,0,-163046000,-147969000,-162195900,-146114700,-132701600,-105076900,0,0,0,0,0,0,0,0,0,0,0
Korea,Gabon,GAB,BN.GSR.GNFS.CD,0,0,0,0,0,0,0,0,0,0,0,0,0,0,0,0,0,0,342955861.72574,727100434.637603,933549862.942736,798398558.443723,681940766.980082,443991287.612589,403907329.532822,176845203.353656,-664037192.666034,-82984911.3888626,-193689256.322142,262532354.595294,918664517.285642,809267667.225817,795642325.915679,769522584.462776,981439826.182437,1222368541.44456,1688585468.23799,1282256762.90387,-26995426.8917661,1002242764.28938,1842798766.08088,1224852434.54511,947929960.042929,1468493701.12259,2073131728.77491,3209590992.32943,0,4131205893.95014,5460105498.17715,2390236893.99289,4416815244.23446,4261865317.20349,3999940172.41057,2879762553.9664,2204528794.45527,340696876.815891,0,0,0,0,0,0,0,0,0,0
Korea,United Kingdom,GBR,BN.GSR.GNFS.CD,0,0,0,0,0,0,0,0,0,0,976799219.928133,1855091507.83698,-285446497.453849,-4575450167.24174,-9991158711.28969,-4370521412.33688,-2740705893.42899,1652748168.21366,4062834504.03801,1330707128.9274,11871974873.7223,14663476801.7272,8474568900.9333,3423207216.60918,-1513312661.84175,4394278996.3691,-4959748573.50266,-8092381167.58446,-30349025915.158,-34627367841.3538,-24863350099.978,-10890061878.6002,-13628007847.2967,-9577637335.35282,-6980831142.06133,-4886522252.2228,-3662771031.52327,2898078057.98985,-11830609610.175,-17190105957.2593,-19772180734.9836,-28424683613.5515,-42325996544.2745,-43637844626.19,-55764002611.4394,-54361679069.3336,-50957936991.045,-59999761250.0614,-52184375242.9011,-30179304571.7578,-38934535218.985,-21211673603.3352,-26805596415.6063,-39792666336.3403,-59357376064.4184,-44424260097.0148,-50798842587.0321,-35924431558.9294,-39577861194.8046,-39829637744.0492,13846959465.6454,-6976068153.1843,-58861789738.0603,-36248439029.8636,-41224292469.818,0
Korea,Georgia,GEO,BN.GSR.GNFS.CD,0,0,0,0,0,0,0,0,0,0,0,0,0,0,0,0,0,0,0,0,0,0,0,0,0,0,0,0,0,0,0,0,0,0,0,0,0,-838100000,-674500000,-541000000,-463092788.25,-445748145.38,-443707082.69,-573281400.06,-846057003.48,-1115393322.21,-1876372880.54,-2716420112.73,-3812210232.44,-2065071548.1,-2079760021.4,-2745905483.83,-3117974693.26,-2089933391.945,-2979689101.23,-2547799840,-2310734036.03,-1784877513.46,-1871976601.56,-1615848784.48,-3040800416.16,-3064983354.62,-2425614320.72,-2642956941.05,-2691078877.2,0
Korea,Ghana,GHA,BN.GSR.GNFS.CD,0,0,0,0,0,0,0,0,0,0,0,0,0,0,0,9391356.0001329,-59043803.000175,-103391778.220753,-76832751.728887,98663332.0000005,32100000,-419800000,-106008912.000092,-157100000,-86300000,-166000000,-171720000,-295300000,-303700000,-398400000,-522300000,-554552000,-741100000,-965000000,-615500000,-537700000,-648650000,-957664000,-1119330000,-1452600000,-909624210.592011,-1175757882.44416,-757841454.6132,-962242396.544134,-1972288288.77,-2711715520.85246,-3176972981.76184,-4060700855.37747,-5495934199.0544,-3379970000,-4487950000,-4908642718.75231,-5187075383.07456,-6292080667.5828,-3985638963.27983,-4310463630.59344,-3066606286.82657,-1685930000,-705801830.22405,-1315920187.07099,-2468297849.29805,-1215544536.6765,-141740240.8012,-697637190.45861,1548721384.64429,0
Korea,Gibraltar,GIB,BN.GSR.GNFS.CD,0,0,0,0,0,0,0,0,0,0,0,0,0,0,0,0,0,0,0,0,0,0,0,0,0,0,0,0,0,0,0,0,0,0,0,0,0,0,0,0,0,0,0,0,0,0,0,0,0,0,0,0,0,0,0,0,0,0,0,0,0,0,0,0,0,0
Korea,Guinea,GIN,BN.GSR.GNFS.CD,0,0,0,0,0,0,0,0,0,0,0,0,0,0,0,0,0,0,0,0,0,0,0,0,0,0,2150000,63970000,-176960000,-92090000,-124340000,-210910000,-254030000,-169560000,-382850000,-310842000,-186842000,-93327000,-150916350,-197240780,-137665627.463024,-46985382.8452567,-200091000,-208600673.164596,-152720000,-101860000,-159920000,-260850000,-365490000,-268840000,-266830000,-1167460000,-1049090000,-872480000,-787280807.136714,-835638792.245089,-2670967516.5617,407430000,-104590000,-279370000,2682530000,4912760000,3149560000,3374240000,1487510000,0
Korea,"Gambia, The",GMB,BN.GSR.GNFS.CD,0,0,0,0,0,0,0,0,0,0,0,0,0,0,0,0,0,0,-56536145.706842,-59007131.8098903,-117746670.855687,-92529774.1562197,-45402724.4198731,-35632875.1587497,-5616538.55189189,-7296076.202468,-8993539.35290424,-15881205.2366646,-8881371.6558788,-9305627.76961126,-25008274.5962176,-30758693.2267803,-17343181.6900519,-50888594.8739644,-32916670.7608577,-54730250.0390775,-73205808.0049411,-51441316.3183606,0,0,0,0,0,-26001227.5748095,-69139882.7287083,-82954918.3856064,-115346815.377119,-108271606.444823,-40798052.8456295,-67247198.3597225,-52049381.4452786,-118898397.44442,-124718334.169732,-102691485.299838,-178863910.267865,-184412757.830034,-185187985.79074,-282514938.533408,-329207868.72397,-280340312.08944,-515297713.074472,-583577630.14394,-562139048.56999,-635696873.740401,-710819730.024634,0
Korea,Guinea-Bissau,GNB,BN.GSR.GNFS.CD,0,0,0,0,0,0,0,0,0,0,0,0,0,0,0,0,0,0,0,0,0,0,-57700000,-56300000,-55900000,-66500000,-55900000,-44600000,-60100000,-75651000,-62072000,-61377000,-93043000,-49239000,-42090000,-59660000,-57480000,-31780000,0,0,0,-24634449.3854477,-25100855.2359194,-30504112.9144047,-43727738.5098216,-52876937.457928,-89058865.608796,-95710599.1023796,-112071251.325912,-134441138.87324,-128540778.594605,-57273428.1884633,-101225726.050187,-79124579.0563975,-117763772.439757,-49268060.3000329,-56490909.2136088,-71545590.4533737,-78704651.6167679,-210399578.138755,-206849939.134919,-183258031.657011,-297833123.442601,-307595623.2759,0,0
Korea,Equatorial Guinea,GNQ,BN.GSR.GNFS.CD,0,0,0,0,0,0,0,0,0,0,0,0,0,0,0,0,0,0,0,0,0,0,0,0,0,0,0,-43958045.8844532,-54675499.0328668,-36290591.8704444,-46612711.4539904,-65496446.2870408,-33488003.6890626,-19508227.4280513,4592900.63638322,-102001724.05245,-296425138.512624,0,0,0,0,0,0,0,0,0,0,0,0,0,0,0,0,0,0,0,0,0,0,0,0,0,0,0,0,0
Korea,Greece,GRC,BN.GSR.GNFS.CD,0,0,0,0,0,0,0,0,0,0,0,0,0,0,0,0,-1608000000,-1841000000,-1774000000,-2878000000,-3023000000,-3104000000,-2901000000,-2824000000,-2807000000,-3814000000,-2736000000,-2829000000,-3097000000,-4914000000,-6546000000,-5992700000,-6565000000,-5806000000,-5834000000,-9188000000,-10395000000,-10738000000,0,-10694251751.7882,-12284230677.9712,-11223539207.7796,-11147091802.6451,-12580761258.1434,-12569191035.8461,-15079881453.3181,-24897011117.9851,-34234036426.2002,-39459031377.9514,-25077520775.813,-20250975319.8242,-17349218680.8901,-5996099810.51031,-6744497465.67563,-5246311025.79856,-1220057196.83558,-1713491791.60504,-1656289642.80928,-3935248275.21289,-2008001793.22068,-12736823985.0859,-16011319345.703,-21630962871.0373,-12016810527.7156,-13984812964.841,0
Korea,Grenada,GRD,BN.GSR.GNFS.CD,0,0,0,0,0,0,0,0,0,0,0,0,0,0,0,0,0,-4033333.33333333,-6651851.85185185,-14511111.1111111,-21859259.2592593,-31759259.2592593,-39600000,-35800000,-29700000,-33737037.037037,-30659259.2592593,-35314814.8148148,-33703703.7037037,-43296296.2962963,-45707407.4074074,-52481481.4814815,-39059259.2592593,-48892592.5925926,-35148148.1481481,-45444444.4444444,-62477777.7777778,-73662962.962963,-87451851.8518519,-48270370.3703704,-85947834.3994454,-88040259.1836619,-91575117.8688982,-123987117.171396,-147598158.578154,-228164326.759475,-208432962.204906,-154440227.719041,-155695469.71661,-69954486.4394536,-84816776.6013315,-72375901.6706558,-38902159.9094096,-53043645.1949796,7997856.3268774,21948446.6162862,18122335.3735044,-5165241.445454,-25475414.5156899,-15451546.6666667,-116105777.407407,-83998147.7777778,-78826956.2962964,-96159220.3703703,-131638555.555556,0
Korea,Greenland,GRL,BN.GSR.GNFS.CD,0,0,0,0,0,0,0,0,0,0,0,0,0,0,0,0,0,0,0,0,0,0,0,0,0,0,0,0,0,0,0,0,0,0,0,0,0,0,0,0,0,0,0,0,0,0,0,0,0,0,0,0,0,0,0,0,0,0,0,0,0,0,0,0,0,0
Korea,Guatemala,GTM,BN.GSR.GNFS.CD,0,0,0,0,0,0,0,0,0,0,0,0,0,0,0,0,0,-104800000,-368600000,-334900000,-229000000,-577900000,-348200000,-141800000,-199500000,-95900000,121700000,-456500000,-462000000,-437500000,-244200000,-340600000,-955400000,-946500000,-943900000,-904200000,-743600000,-1001500000,-1560700000,-1536300000,-1705300000,-2165258471.05178,-2892758264.46018,-3183177951.4661,-3875800000,-4332400000,-5111800000,-5797000000,-5983765870,-3816491970,-4746617860,-5432776290,-6504976940,-6714855160,-6707931330,-6358444100,-5854835050,-6499967660,-7819058970,-7928956720,-6553973700,-12097075400,-15802859900,-15714315680,-17579310780,0
Korea,Guam,GUM,BN.GSR.GNFS.CD,0,0,0,0,0,0,0,0,0,0,0,0,0,0,0,0,0,0,0,0,0,0,0,0,0,0,0,0,0,0,0,0,0,0,0,0,0,0,0,0,0,0,0,0,0,0,0,0,0,0,0,0,0,0,0,0,0,0,0,0,0,0,0,0,0,0
Korea,Guyana,GUY,BN.GSR.GNFS.CD,0,0,0,0,0,0,0,0,0,0,0,0,0,0,0,0,0,-71960784.3419452,196078.4314503,-48901960.8034908,-85137254.9353482,-129137777.823693,-84600000.0282003,-99000000.0330001,-54572905.9022518,-51083585.8711673,0,0,0,0,0,0,-94968000,-101075000,-80755000,-79155000,8800000,-17000000,-39900000,-27500000,-71100000,-76000000,-47300000,-32600000,-54488600,-224474000,-327928000,-407615000,-635404841.447147,-513328342.049143,-629887423.13202,-777599521.10006,-809852522.182617,-837792301.576263,-869454097.71007,-480027711.028642,-174021504.037131,-357561696.519054,-1708802949.92156,-3468856512.82169,-1173459763.74817,-1994360918.35355,4484833050.70956,2782729270.79035,0,0
Korea,High income,HIC,BN.GSR.GNFS.CD,0,0,0,0,0,0,0,0,0,0,0,0,0,0,0,0,0,0,0,0,0,0,0,0,0,0,0,0,0,0,0,0,0,0,0,0,0,0,0,0,0,0,0,0,0,0,0,0,0,0,0,0,0,0,0,0,0,0,0,0,0,0,0,0,0,0
Korea,"Hong Kong SAR, China",HKG,BN.GSR.GNFS.CD,0,0,0,0,0,0,0,0,0,0,0,0,0,0,0,0,0,0,0,0,0,0,0,0,0,0,0,0,0,0,0,0,0,0,0,0,0,0,905448442.07262,8557595861.11339,7566240165.08163,7945531725.00263,13569139873.7702,14685857314.1062,14729997088.653,22194383629.1008,21593613023.4157,22595345937.274,22326049073.8159,16850331869.7342,13434834429.6477,9562795338.19198,2973360215.27029,1658732094.6468,598619137.95912,7393299599.96328,7327348873.28332,3429559927.81999,-765449570.41404,5667629956.78216,6664182475.8456,20534613690.601,14701762132.2624,2245577902.29242,16590089248.5485,0
Korea,Honduras,HND,BN.GSR.GNFS.CD,0,0,0,0,0,0,0,0,0,0,0,0,0,0,-123949999.974313,-101750000,-60900000,-74850000,-90200000,-93650000,-186400000,-178700000,-58000000,-113600000,-220600000,-177600000,-66400000,-123680000,-115050000,-125300000,-94300000,-123600000,-192100000,-274300000,-318200000,-217500000,-331900000,-319900000,-392300000,-781600000,-830947357.1642,-935871539.462411,-826672079.117501,-1182153838.4937,-1497531392.96595,-1725846067.60987,-2317433627.02835,-3392193628.73165,-4582491848.57541,-2563180428.01604,-2835884508.34842,-3572318710.69419,-3602944164.49666,-3814791368.69086,-3404150015.63264,-3394077720.60967,-3177734390.81037,-3528273160.7665,-4880010081.50178,-4581924949.78827,-3671066028.01901,-6817182339.93962,-8590897456.68367,-8121542677.21306,-8882868705.35846,0
Korea,Heavily indebted poor countries (HIPC),HPC,BN.GSR.GNFS.CD,0,0,0,0,0,0,0,0,0,0,0,0,0,0,0,0,0,0,0,0,0,0,0,0,0,0,0,0,0,0,0,0,0,0,0,0,0,0,0,0,0,0,0,0,0,0,0,0,0,0,0,0,0,0,0,0,0,0,0,0,0,0,0,0,0,0
Korea,Croatia,HRV,BN.GSR.GNFS.CD,0,0,0,0,0,0,0,0,0,0,0,0,0,0,0,0,0,0,0,0,0,0,0,0,0,0,0,0,0,0,0,0,0,428949821.600208,349535864.933269,-2180537358.18667,-1908337957.91164,-3359038637.24735,-1994802426.68471,-1634724463.27361,-981083212.222777,-1193518726.62775,-2488612765.41251,-3645351298.41863,-3598621897.40381,-4026839892.96346,-4228998809.10358,-5055607239.7718,-7067849448.62634,-3409457894.69465,-1141232642.89112,-974761970.060882,143883797.617261,-1168320592.90782,-235608383.279655,135058723.994966,670027610.234444,597359197.6782,-635942869.084438,-285756867.424282,-3949842622.79086,-1890863158.29718,-4862008577.20515,-1746312309.77123,-3259264201.42483,0
Korea,Haiti,HTI,BN.GSR.GNFS.CD,0,0,0,0,0,0,0,0,0,0,0,-10840000.002168,-15939941.2619234,-17979999.987934,-38859967.7781539,-53500000.0107,-70760000.014152,-88960000.017792,-97860000.019572,-115020000.023004,-175280000.035056,-275080000.055016,-196200000.03924,-207380000.041476,-207920000.017326,-219900000,-181420000,-181300000,-206120000,-211360000,-196600000,-307720000,-135840000,-174630000,-168390000,-609300000,-590310000,-512000000,-566740000,-720860000,-865020000,-871670000,-828940000,-947150000,-1048950000,-1247800000,-1452450000,-1605260000,-1936578267.73285,-1770211782.01867,-3270936821.80475,-3121749423.14127,-2867509299.48497,-2875659169.68821,-3091189340.75035,-2743160952.81264,-2623479470.87922,-3161714014.24954,-3637910897.67124,-3099262379.12064,-3159219178.16332,-3776202635.23933,-4095458391.29357,-4208501041.89886,0,0
Korea,Hungary,HUN,BN.GSR.GNFS.CD,0,0,0,0,0,0,0,0,0,0,0,0,0,0,0,0,0,0,0,0,0,0,519047625.561697,537998155.675158,822963834.760085,347031289.281197,-449007956.205414,246026543.232327,402989626.561161,675901010.177678,1018695669.14555,892199274.278595,753482565.482351,-3804941625.94471,-3557049002.99648,-53166840.743951,337291500.397754,627305660.595675,-761066372.881452,-1453683693.08902,-1757835489.2671,-611266659.179652,-1036386465.22009,-3299924957.38735,-3324647506.35355,-1161064741.79929,-1071137191.19014,682363947.07277,-31815533.00822,4537607199.28512,6151603581.22578,8063829114.76406,7681243577.10264,8545166611.17727,8056428130.80146,9498937690.29104,10668691941.1166,9266399894.73423,6672967934.7129,3687951612.76699,3028798451.44646,331813859.95446,-8282168971.72719,9841655357.29583,12425921823.25,0
Korea,IBRD only,IBD,BN.GSR.GNFS.CD,0,0,0,0,0,0,0,0,0,0,0,0,0,0,0,0,0,0,0,0,0,0,0,0,0,0,0,0,0,0,0,0,0,0,0,0,0,0,0,0,0,0,0,0,0,0,0,0,0,0,0,0,0,0,0,0,0,0,0,0,0,0,0,0,0,0
Korea,IDA & IBRD total,IBT,BN.GSR.GNFS.CD,0,0,0,0,0,0,0,0,0,0,0,0,0,0,0,0,0,0,0,0,0,0,0,0,0,0,0,0,0,0,0,0,0,0,0,0,0,0,0,0,0,0,0,0,0,0,0,0,0,0,0,0,0,0,0,0,0,0,0,0,0,0,0,0,0,0
Korea,IDA total,IDA,BN.GSR.GNFS.CD,0,0,0,0,0,0,0,0,0,0,0,0,0,0,0,0,0,0,0,0,0,0,0,0,0,0,0,0,0,0,0,0,0,0,0,0,0,0,0,0,0,0,0,0,0,0,0,0,0,0,0,0,0,0,0,0,0,0,0,0,0,0,0,0,0,0
Korea,IDA blend,IDB,BN.GSR.GNFS.CD,0,0,0,0,0,0,0,0,0,0,0,0,0,0,0,0,0,0,0,0,0,0,0,0,0,0,0,0,0,0,0,0,0,0,0,0,0,0,0,0,0,0,0,0,0,0,0,0,0,0,0,0,0,0,0,0,0,0,0,0,0,0,0,0,0,0
Korea,Indonesia,IDN,BN.GSR.GNFS.CD,0,0,0,0,0,0,0,0,0,0,0,0,0,0,0,0,0,0,0,0,0,2257000000,-2465000000,-2802000000,2038000000,1531000000,-954000000,1299000000,2441000000,3100000000,1784000000,1059000000,2313000000,2344000000,1282000000,-1538000000,-2592000000,409000000,10819614426.8351,12865957536.7369,14619057986.5737,12316401091.3043,13131270332.3864,12455540664.1548,11341399488.3913,8411220328.28875,19786001791.3359,20911715981.289,9917758527.08661,21191036277.8746,21212148895.5807,24021724758.5102,-1884415529.3462,-6237109751.68575,-3027125054.37998,5351899012.23087,8234324959.97201,11434768728.767,-6713373307.24594,-4133324477.52497,18545794316.1108,29207502575.0115,42715082770.478,28593267733.9316,21215765587.5967,0
Korea,IDA only,IDX,BN.GSR.GNFS.CD,0,0,0,0,0,0,0,0,0,0,0,0,0,0,0,0,0,0,0,0,0,0,0,0,0,0,0,0,0,0,0,0,0,0,0,0,0,0,0,0,0,0,0,0,0,0,0,0,0,0,0,0,0,0,0,0,0,0,0,0,0,0,0,0,0,0
Korea,Isle of Man,IMN,BN.GSR.GNFS.CD,0,0,0,0,0,0,0,0,0,0,0,0,0,0,0,0,0,0,0,0,0,0,0,0,0,0,0,0,0,0,0,0,0,0,0,0,0,0,0,0,0,0,0,0,0,0,0,0,0,0,0,0,0,0,0,0,0,0,0,0,0,0,0,0,0,0
Korea,India,IND,BN.GSR.GNFS.CD,0,0,0,0,0,0,0,0,0,0,0,0,0,0,0,-500017600.21568,702501190.097606,962429102.009108,-832488641.162021,-2258339165.54286,-5653548460.78432,-6162724658.73907,-5358708521.53588,-4512606726.85855,-4434193036.7907305,-6134931259.68047,-6155516301.44596,-7042634826.62408,-8111530902.40676,-7844247653.11582,-6615557120.09499,-4011561595.14453,-4712170094.93306,-3482052608.17944,-6311718422.51494,-10211864221.3869,-13984314681.2341,-13360131754.4659,-13601016314.3159,-11441228840.35,-13143494265.9043,-9180938408.72283,-5122207191.98702,-8164091361.14741,-14960253367.7106,-27276336270.9111,-31769964257.3651,-38703712438.7177,-74360043516.2859,-67410018791.4033,-91023662478.7202,-106686782608.974,-136063399026.174,-92135051692.141,-67969807623.7704,-63249171394.8494,-41579206265.0142,-72211612625.3397,-105917684940.611,-73451671322.5905,-8342168263.9965,-74039374427.9022,-134660965222.853,-86336940338.2707,-101554029010.859,0
Korea,Not classified,INX,BN.GSR.GNFS.CD,0,0,0,0,0,0,0,0,0,0,0,0,0,0,0,0,0,0,0,0,0,0,0,0,0,0,0,0,0,0,0,0,0,0,0,0,0,0,0,0,0,0,0,0,0,0,0,0,0,0,0,0,0,0,0,0,0,0,0,0,0,0,0,0,0,0
Korea,Ireland,IRL,BN.GSR.GNFS.CD,0,0,0,0,0,0,0,0,0,0,0,0,0,0,0,0,0,0,0,0,0,0,0,0,0,0,0,0,0,0,0,0,0,0,0,0,0,0,0,0,0,0,0,0,0,23568794531.6351,22888761351.9058,25499501757.0593,23713273170.1522,35648697991.4302,38453010693.2177,48813620873.011,39254072935.0494,47915777018.5939,50785853502.58,89757642558.2461,57046573634.8298,84190507317.3619,117584828243.654,20224413087.4171,92440995946.6744,222321232299.783,226351448198.918,181476445584.564,0,0
Korea,"Iran.",IRN,BN.GSR.GNFS.CD,0,0,0,0,0,0,0,0,0,0,0,0,0,0,0,0,7737000000,2856000000,-201000000,11540000000,-3042000000,-4066000000,5348000000,-253000000,-865000000,-769000000,-5454000000,-2230000000,-2010000000,-2939000000,-2551000000,-11576000000,-8630000000,-5723000000,4029000000,3840000000,5179000000,2079000000,-2135000000,6356000000,12224000000,0,0,0,0,0,0,0,0,0,0,0,0,0,0,0,0,0,0,0,0,0,0,0,0,0
Korea,Iraq,IRQ,BN.GSR.GNFS.CD,0,0,0,0,0,0,0,0,0,0,0,0,0,0,0,0,0,0,0,0,0,0,0,0,0,0,0,0,0,0,0,0,0,0,0,0,0,0,0,0,0,0,0,0,0,-2044100000,6689000000,18966800000,27891200000,-2225200000,7402400000,30749000000,33594000000,22018282324.13,20322000000,-1789014222.13,2713640000,15149856000,35054700000,16620400000,-4198700000,27553600000,57917300000,26672686393.31,0,0
Korea,Iceland,ISL,BN.GSR.GNFS.CD,0,0,0,0,0,0,0,0,0,0,0,0,0,0,0,0,29400000,10200000,91800000,64800000,36900000,-8300000,-120000000,82200000,22800000,31100000,176400000,-20100000,-18000000,156300000,83430446.1063821,-79333014.50282,2192193.872704,190173218.513954,313742795.481445,245049970.045878,37655630.5934246,36002539.9511738,-368288735.524052,-403170878.658511,-617467986.580397,-89616403.505695,146668727.986714,-343251512.663181,-777489314.860014,-1976306948.76101,-2924139980.16283,-1961305703.27408,-637429123.582439,1055741552.91162,1367149084.53207,1202277150.73522,892978425.516664,1293931187.81253,1176509122.01478,1374645174.695,1555184857.48078,1258670942.57889,1077966037.36487,1404577729.56517,-75589769.346321,-394905604.593363,107289837.780682,301487007.799373,-352775323.772743,0
Korea,Israel,ISR,BN.GSR.GNFS.CD,-305000000,-396000000,0,0,0,-456000000,-389000000,-465000000,-525000000,-738000000,-1087000000,-1142000000,-987000000,-2448000000,-2983000000,-3480000000,-2684000000,-1994000000,-2607000000,-3062000000,-2843000000,-3538300000,-3180200000,-3298100000,-2567000000,-1628500000,-1460000000,-3298700000,-2593100000,-1832900000,-2916000000,-5367800000,-4501900000,-6037300000,-6496800000,-7808400000,-7915600000,-5387100000,-2999200000,-3056600000,-203100000,-3165900000,-3513500000,-1027000000,135600000,-150100000,336000000,-1438600000,-1134900000,5360500000,4601500000,-393500000,-261800000,5543900000,4919500000,9472000000,6004200000,6855000000,3124800000,7278400000,12740700000,13407500000,11019200000,14206300000,12810200000,0
Korea,Italy,ITA,BN.GSR.GNFS.CD,0,0,0,0,0,0,0,0,0,0,107680159.89232,811921589.513574,967058287.774415,-3328110291.39531,-7884887332.49248,-483144173.437663,-2741198142.21769,2216658010.91719,6178264390.36804,3805769085.2366,-12956080101.18,-9344323403.02935,-5696862256.04271,1877822085.63663,-1849362427.58583,-1954095748.03319,8469745735.80438,3607682228.02249,223324254.28476,-1994927194.35404,1461264916.58427,105589450.92382,174993071.02265,32207609508.2743,36945252882.4425,45325897739.875,62155136415.2245,47619296427.0847,39886976511.7094,21283617653.3336,9333284879.73141,13835427119.0986,9203889112.40754,6874316557.88138,9690602868.18181,-3242154509.71725,-17269793364.7159,-8130159638.9672,-18314564627.7725,-11245703356.1903,-38733375693.0732,-29571251353.2195,23450864653.0484,50079699804.1508,60112847272.8695,52526869354.6475,59977581596.7032,53893821749.4434,50617035662.4632,67357784672.6455,69265580610.0111,44797022837.1567,-38435469002.8408,34664668377.2501,61620081677.9415,0
Korea,Jamaica,JAM,BN.GSR.GNFS.CD,0,0,0,0,0,0,0,0,0,0,0,0,0,0,0,0,-235300000,31300000,66700000,-52000000,-44700000,-298900000,-378500000,-301700000,-186400000,-241000000,94200000,30400000,-139200000,-434500000,-173000000,-69800000,-35000000,-377910000,-26300000,-335200000,-541500000,-665100000,-653700000,-531100000,-838300000,-1235100000,-1555635000,-1391056367.27278,-1365268208.68813,-1973546537.94346,-2315799601.46387,-3416441707.94729,-4374789039.06333,-2318012641.57243,-2449403098.03721,-3541151131.14738,-3327364252.56853,-3181127085.86494,-3051487394.97015,-2296499439.40425,-1837864661.5875,-2357736829.66205,-2090909129.16261,-2277619516.71902,-2663823121.73062,-3004608495.85861,-3302861296.59063,-2590755238.82016,-2400772586.96648,0
Korea,Jordan,JOR,BN.GSR.GNFS.CD,0,0,0,0,0,0,0,0,0,0,0,0,-214759762.98906,-244087372.991584,-350210862.384551,-562241044.103424,-744013255.918511,-959770210.688483,-1119891306.36454,-1611339531.74241,-1652370330.54965,-2308152626.88924,-2391820851.04052,-2155056602.36291,-1919955270.24324,-1757678736.83417,-1518076283.99433,-1473602454.3704,-1331132245.52556,-597098146.496417,-1057576465.54587,-943964083.090545,-1655213821.88733,-1672340504.99393,-1410120691.61033,-1424008291.76841,-1752609308.88576,-1613399153.73766,-1560225669.95769,-1456417489.42172,-2256768734.10437,-2245311306.57059,-1831623568.03474,-2137408095.90973,-3408385738.18054,-5145482725.34556,-5029732778.56136,-6313059604.6278,-6529453560.05693,-5397612676.05634,-5489577464.78873,-7557323943.66198,-8668169014.08451,-9944366197.18309,-9460140845.07041,-8655633802.8169,-8292112676.05634,-8735492957.74648,-7823098591.5493,-5793422535.21127,-7979752112.67605,-9451830985.91549,-9275352112.67606,-6801971830.98592,-7712253521.12677,0
Korea,Japan,JPN,BN.GSR.GNFS.CD,0,0,0,0,0,0,0,0,0,0,0,0,0,0,0,0,0,0,0,0,0,0,0,0,0,0,0,0,0,0,0,0,0,0,0,0,21309371596.649,47450014246.5316,72968602319.8624,69164578262.6968,69091201723.8881,26480675041.2365,51601038995.8407,72487452621.7708,94230374346.5512,69911671152.1861,63045444315.0606,83502740418.5949,17341178492.6405,23251948662.5674,78197081417.2456,-39544359231.2282,-101198487543.672,-125128284733.983,-128605076447.102,-23275907631.1959,40443851155.2429,37636176718.9342,1405006849.0526,-8615189108.462,-7597675867.0135,-21810914913.444,-157922697027.439,-72876655744.3752,-42600298380.2384,0
Korea,Kazakhstan,KAZ,BN.GSR.GNFS.CD,0,0,0,0,0,0,0,0,0,0,0,0,0,0,0,0,0,0,0,0,0,0,0,0,0,0,0,0,0,0,0,0,0,0,0,-126600000,-589000000,-558900000,-1051000000,172000000,1256354847.95967,-533514773.947675,-153214258.791614,1496098062.27504,3544189463.7045,6322004051.71502,9734725344.18396,10388580329.965,21722847597.8088,13012350650.8921,22543014687.3273,42077753327.7535,31304963815.1314,30420332103.2403,20809092206.124,2938881197.60969,6657846380.33749,14815137351.4283,19276723811.6837,14634103953.348,2771607555.29577,22128581996.022,33382483021.9538,18203244982.1471,16382793233.8426,0
Korea,Kenya,KEN,BN.GSR.GNFS.CD,0,0,0,0,0,0,0,0,0,0,0,0,0,0,0,-175945251.817231,3226907.1472634,119373254.181895,-563951846.166763,-401856288.940807,-839062355.34332,-575407677.197497,-258003675.971049,-43270801.8519645,-101083157.725384,-60917289.0088309,-4437393.4627997,-426084265.745067,-460525945.083985,-643675851.542676,-476548601.120383,-130246378.005806,-21696732.0396687,-1296327284.10629,-1453451893.3539,-2395870743.78202,-2000541131.73102,-2970948723.01666,-4064850081.25341,-4119475591.48757,-987045307.056151,-1036959028.42705,-651650569.832691,-649327981.086305,-1007314078.38763,-1396557727.51619,-2225255504.46471,-2996249357.82223,-4268637872.35773,-3916539738.28787,-4548264829.46378,-6360159023.3274,-6710123651.45399,-7318068648.68627,-9035535132.25669,-7061068458.4589,-6258681910.57285,-8631668533.27337,-8603298972.28314,-8937167193.20539,-7566472427.12068,-9634804784.26093,-9569380037.10955,-7879556656.00248,-7286351043.3329,0
Korea,Kyrgyz Republic,KGZ,BN.GSR.GNFS.CD,0,0,0,0,0,0,0,0,0,0,0,0,0,0,0,0,0,0,0,0,0,0,0,0,0,0,0,0,0,0,0,0,0,-149128000,-124588000,-277981000,-469238000,-141433000,-333505457.676387,-178190622.864451,-81431570.3227834,-10874448.1416813,-78193781.96978,-134184764.262288,-183454392.47873,-449548169.479397,-967418638.09730506,-1195504624.43461,-1982519089.12262,-1227974555.58166,-1534283797.18631,-1656613019.86043,-2917630516.89051,-2824203575.16016,-3169531477.13418,-2422081515.14236,-2339826753.14385,-2502182816.81419,-3126812246.84984,-2562487005.2788,-1615431956.90655,-2636032232.41209,-7027242104.26164,0,0,0
Korea,Cambodia,KHM,BN.GSR.GNFS.CD,0,0,0,0,0,0,0,0,0,0,0,0,0,0,0,0,0,0,0,0,0,0,0,0,0,0,0,0,0,0,0,0,-192800000,-243998000,-339600000,-405500000,-480200000,-355600000,-406960201.620193,-459298865.334548,-437693298.434776,-345516600.775898,-362074311.792298,-467199795.046385,-390066228.005889,-533988077.71410203,-558177789.383339,-652116570.226236,-956406008.966637,-859163588.45271,-1674511916.47717,-1764889739.1141,-1927523603.86087,-1932612476.26817,-2126397118.17364,-2236506647.05702,-2244081820.13337,-2414809586.58477,-3448790454.64354,-4443118496.52217,-2267979722.06165,-12637667294.723,-9261970319.21556,-1668160812.23953,-2610776132.74346,0
Korea,Kiribati,KIR,BN.GSR.GNFS.CD,0,0,0,0,0,0,0,0,0,0,0,0,0,0,0,0,0,0,0,4061964.90274763,-22084970.3048677,-26963464.5021522,-25554264.9278839,-18089845.6462974,-11548730.7222372,-17294564.2024361,-18536416.351642,-24050889.9438446,-25701840.6266074,-27284588.7621612,-35244342.5609587,-27567547.5671322,-37271003.648764,-29703650.310086,-20796185.4650671,0,0,0,0,0,0,0,0,0,0,0,-82729603.8857814,-90093150.1476165,-98821582.439446,-97231145.0692002,-103518494.461425,-131487736.273245,-146136824.00341,-151874727.242513,-159903554.35598,-156193181.730479,-161482389.696167,-165762053.960004,-151369620.262046,-144633338.514284,-127542338.760614,-191229247.994314,-251424746.809928,-276525125.91456,-319296500.774961,0
Korea,St. Kitts and Nevis,KNA,BN.GSR.GNFS.CD,0,0,0,0,0,0,0,0,0,0,0,0,0,0,0,0,0,0,0,0,-14418518.5185185,-16351851.8518519,-20422222.2222222,-26140740.7407407,-15937037.037037,-13844444.4444444,-14677777.7777778,-22222222.2222222,-31703703.7037037,-40196296.2962963,-49981481.4814815,-35007407.4074074,-12329629.6296296,-25366666.6666667,-22181481.4814815,-53681481.4814815,-65659259.2592592,-55918518.5185186,-48033333.3333333,-59237037.037037,-67054212.6178402,-56317052.3412745,-54584285.7530442,-29566539.7624767,27167738.1227792,31364513.4600782,3867385.3001916,-32159543.5581858,-56924774.9399616,-98693373.0396489,-56137743.8956716,-22136930.8838519,14701133.6495752,38759567.0805629,77154125.9259259,3412908.1481481,-52313772.962963,-37050120,11971275.925926,-36457072.5925926,-76302082.5925926,-6178408.1481482,-63872830.3703703,-89600127.7777777,-138542833.703704,0
Korea,"Korea, Rep.",KOR,BN.GSR.GNFS.CD,0,0,0,0,0,0,0,0,0,0,0,0,0,0,0,0,-254000000,282000000,-916000000,-3506000000,-5277100000,-4164300000,-3179100000,-1510900000,629200000,76200000,4437900000,9745300000,12575300000,3724100000,-3188400000,-8166700000,-3272400000,1663700000,-4433100000,-8398700000,-21978300000,-7989200000,42495100000,26488500000,14546800000,7140200000,8587300000,17292900000,34122600000,23508300000,11474300000,19396600000,5435400000,38717900000,33959500000,15957800000,43531800000,73930200000,82854900000,105649200000,99123300000,76858800000,80717400000,52966800000,65934700000,70444200000,8366900000,10833600000,76425300000,0
Korea,Kuwait,KWT,BN.GSR.GNFS.CD,0,0,0,0,0,0,0,0,0,0,0,0,0,0,0,5847623905.77473,5957848753.60692,4044443527.99859,4755451471.60118,12161405522.7884,12034891239.9948,7773005781.41249,458475016.440753,1832050599.2431,2789956947.83994,1705717228.7985,-856863627.015655,236845009.164287,-1336777416.70452,2212544389.17181,1098958243.05351,-8090939999.99999,-3785519082.19919,-22528596.408807,1568977012.74039,1600615339.48443,3416735943.05681,3164673436.11193,-1876913582.30483,1905295846.45505,9928881106.01983,5499187539.7399,3059415591.40769,8442962174.25909,12874109263.658,26309246575.3425,38018965888.7457,39388987316.627,60186155950.0603,33617908084.9689,40785388310.1042,71341369915.8159,83140620592.6115,75344353477.9065,59888079430.48,10251823889.8115,-764648397.85644,2727186902.31876,16994114744.044,13179758591.1804,3401190923.62184,28167224974.5725,55013741535.6003,32045303686.4846,28188883807.8465,0
Korea,Latin America & Caribbean (excluding high income),LAC,BN.GSR.GNFS.CD,0,0,0,0,0,0,0,0,0,0,0,0,0,0,0,0,0,0,0,0,0,0,0,0,0,0,0,0,0,0,0,0,0,0,0,0,0,0,0,0,0,0,0,0,0,0,0,0,0,0,0,0,0,0,0,0,0,0,0,0,0,0,0,0,0,0
Korea,Lao PDR,LAO,BN.GSR.GNFS.CD,0,0,0,0,0,0,0,0,0,0,0,0,0,0,0,0,0,0,0,0,0,0,0,0,-160500000,-161200000,-140100000,-163700000,-100500000,-133800000,-109500000,-111100000,-110100000,-140200000,-278800000,-340700000,-342500000,-287700000,-115200000,-111300000,-72370000,-54781547.6404351,1114497.24086162,-27618794.4223728,-201992257.091491,-163625276.127337,7830650.50192347,92364486.3042762,-17544486.4734168,-146773678.282627,-66147825.3407206,-349954012.215621,-947984437.710273,-1061035240.42977,-2085058723.52544,-2256435633.5029,-1315153029.36057,-1129953098.02734,-1170848452.23378,-532984843.002456,645616024.454668,1292759325.82958,621832575.520967,1101267611.17868,0,0
Korea,Lebanon,LBN,BN.GSR.GNFS.CD,0,0,0,0,0,0,0,0,0,0,0,0,0,0,0,0,0,0,0,0,0,0,0,0,0,0,0,0,0,0,0,0,0,0,0,0,0,0,0,0,0,0,-3750637038.39986,-2029255852.32613,-5303811527.64921,-3624286958.87424,-3268959080.97316,-5113518255.85431,-6900257996.04925,-8340024499.3839,-9492875256.63481,-7627030601.1031,-11906832865.14,-13342449921.08,-14397923871.79,-11426359325.52,-12107086798.8,-13130161154.6992,-13620787416.305,-12938275542.2226,-6432412326.92661,-7983310844.9934,-12091395112.3418,-11542638381.8417,0,0
Korea,Liberia,LBR,BN.GSR.GNFS.CD,0,0,0,0,0,0,0,0,0,0,0,0,0,0,0,0,0,0,0,585718.023398312,1352319.55402257,1251110.92497948,600791.649000473,-521116.770817616,1414767.43069196,2605583.85148249,2702485.73025663,893650.659805976,0,0,0,0,0,0,0,0,0,0,0,0,0,0,0,0,-741498032.967272,-816363861.280419,-1224602723.23438,-1204938606.29377,-1381364966.30785,-1250093005.49901,-542982118.276661,-1022636892.84458,-1525627322.62742,-1175575181.52593,-1799126585.07449,-1364407090.27854,-1057421109.4909,-802605177.286216,-718141890.174837,-689782526.894746,-639226709.75038,-698395251.761802,-741456441.740813,0,0,0
Korea,Libya,LBY,BN.GSR.GNFS.CD,0,0,0,0,0,0,0,0,0,0,0,0,0,0,0,0,0,4311419330.82955,2841064555.90781,5523034901.15909,9412913189.42078,-2426602789.63599,623537003.926722,1215660713.0956,531999338.675134,2887320851.33406,414716996.748862,-878703131.569086,-1617056187.68234,-598461311.375918,2508323501.45322,66612446.438748,1541093344.05543,-1005683148.65632,263227232.971913,1758242034.5012,1338599608.39924,1528643518.39234,-299417565.999846,2044152624.70471,7186000000,4959000000,1300000000,4523000000,7180000000,15860000000,22179000000,26712000000,36155300000,10375000000,18658700000,3513800000,28592400000,3676800000,-18495600000,-9742900000,-4700400000,3857000000,11115300000,3958100000,-4797200000,6973400000,11959200000,4468600000,0,0
Korea,St. Lucia,LCA,BN.GSR.GNFS.CD,0,0,0,0,0,0,0,0,0,0,0,0,0,0,0,0,-18499460.579359,-21900000,-33600000,-39700000,-48199999.9999999,-60700000,-48800000.0000001,-25400000,-34200000,-30100000,-13077777.7777778,-23077777.7777778,-14681481.4814814,-59737037.0370371,-38437037.037037,-55870370.3703704,-36285185.1851852,-25951851.8518518,-32177777.7777778,-16151851.851852,-36722222.2222222,-55622222.2222223,-37362962.962963,-87577777.7777777,-112369779.294007,-109758195.033092,-110322654.643084,-143730175.969485,-78953610.200812,-88582986.3510992,-303448772.88357,-156445656.544488,-255191554.719733,-45138480.1193818,-109401310.687014,-148963372.185431,-67035159.8253477,-4416431.9106849,63058585.1123645,138248506.278213,-6117846.5401692,78356413.6233852,127777764.217904,191482393.703704,-263399108.518519,-182121763.703704,90090876.2962968,127159246.296296,154233444.074074,0
Korea,Latin America & Caribbean,LCN,BN.GSR.GNFS.CD,0,0,0,0,0,0,0,0,0,0,0,0,0,0,0,0,0,0,0,0,0,0,0,0,0,0,0,0,0,0,0,0,0,0,0,0,0,0,0,0,0,0,0,0,0,0,0,0,0,0,0,0,0,0,0,0,0,0,0,0,0,0,0,0,0,0
Korea,Least developed countries: UN classification,LDC,BN.GSR.GNFS.CD,0,0,0,0,0,0,0,0,0,0,0,0,0,0,0,0,0,0,0,0,0,0,0,0,0,0,0,0,0,0,0,0,0,0,0,0,0,0,0,0,0,0,0,0,0,0,0,0,0,0,0,0,0,0,0,0,0,0,0,0,0,0,0,0,0,0
Korea,Low income,LIC,BN.GSR.GNFS.CD,0,0,0,0,0,0,0,0,0,0,0,0,0,0,0,0,0,0,0,0,0,0,0,0,0,0,0,0,0,0,0,0,0,0,0,0,0,0,0,0,0,0,0,0,0,0,0,0,0,0,0,0,0,0,0,0,0,0,0,0,0,0,0,0,0,0
Korea,Liechtenstein,LIE,BN.GSR.GNFS.CD,0,0,0,0,0,0,0,0,0,0,0,0,0,0,0,0,0,0,0,0,0,0,0,0,0,0,0,0,0,0,0,0,0,0,0,0,0,0,0,0,0,0,0,0,0,0,0,0,0,0,0,0,0,0,0,0,0,0,0,0,0,0,0,0,0,0
Korea,Sri Lanka,LKA,BN.GSR.GNFS.CD,0,0,0,0,0,0,0,0,0,0,0,0,0,0,0,-171681373.8559,-50879695.6785,86308173.3728999,-130072244.6591,-403068736.7304,-903830667.2428,-711812306.3826,-880462228.8387,-773726419.7325,-344442208.2904,-734401855.8813,-750171751.8296,-677220149.5346,-748400069.3584,-770314416.1237,-672036980.3035,-1020584082.667,-916867186.3656,-982090623.2259,-1383429808.0017,-1364588928.5271,-1238558366.8694,-1066913536.9816,-950476666.377601,-1218639916.6956,-1726747410.74,-954050000,-1111890000,-1139960000,-1823850000,-2178712930,-3113711000,-3353700000,-5579000000,-2731500000,-4118500000,-8611150000,-8155171568.40896,-6428657223.05667,-6406606457.70637,-6063314670.16749,-5993868514.63866,-6317047992.80595,-6576794257.39769,-5147667481.61963,-5188536224.2702,-6552496707.23294,-3074954688.44853,-1495959130.65672,0,0
Korea,Lower middle income,LMC,BN.GSR.GNFS.CD,0,0,0,0,0,0,0,0,0,0,0,0,0,0,0,0,0,0,0,0,0,0,0,0,0,0,0,0,0,0,0,0,0,0,0,0,0,0,0,0,0,0,0,0,0,0,0,0,0,0,0,0,0,0,0,0,0,0,0,0,0,0,0,0,0,0
Korea,Low & middle income,LMY,BN.GSR.GNFS.CD,0,0,0,0,0,0,0,0,0,0,0,0,0,0,0,0,0,0,0,0,0,0,0,0,0,0,0,0,0,0,0,0,0,0,0,0,0,0,0,0,0,0,0,0,0,0,0,0,0,0,0,0,0,0,0,0,0,0,0,0,0,0,0,0,0,0
Korea,Lesotho,LSO,BN.GSR.GNFS.CD,0,0,0,0,0,0,0,0,0,0,0,0,0,0,0,-144961292.470885,-180434999.8431,-206309999.8206,-223214999.8059,-294291387.702139,-384420943.354542,-424235338.680636,-799963788.201815,-883836587.027686,-788812986.559899,-586879528.673141,-619262958.715232,-853943397.468434,-922647894.846113,-961263164.815667,-1091703366.09348,-1242789922.45174,-1359406133.62537,-1266496961.95688,-1252672482.51415,-1399418762.8757901,-1292882581.76836,-1254916409.51983,-983582227.776525,-876283847.142205,-773329767.141034,-595468801.646939,-505428189.741851,-764157393.938501,-900710792.961812,-985652498.680277,-978651680.978581,-1008497706.24776,-1002374439.46749,-1271688952.21049,-1491813946.79632,-1422445705.10292,-1692009157.3086,-1380548270.49749,-1262676564.23367,-1045635031.22647,-1052678219.5851,-1208782069.95277,-1167403816.11021,-1145057935.10102,-1088419440.04892,-1140926103.1082,-1176882174.66003,-1191087968.05889,-1099698564.69143,0
Korea,Late-demographic dividend,LTE,BN.GSR.GNFS.CD,0,0,0,0,0,0,0,0,0,0,0,0,0,0,0,0,0,0,0,0,0,0,0,0,0,0,0,0,0,0,0,0,0,0,0,0,0,0,0,0,0,0,0,0,0,0,0,0,0,0,0,0,0,0,0,0,0,0,0,0,0,0,0,0,0,0
Korea,Lithuania,LTU,BN.GSR.GNFS.CD,0,0,0,0,0,0,0,0,0,0,0,0,0,0,0,0,0,0,0,0,0,0,0,0,0,0,0,0,0,0,0,0,0,-209804274.601984,-259391613.398108,-710845000,-775360000,-1013010000,-1277812500,-1099182500,-723685000,-651350000,-766120811.308571,-1089789247.60832,-1598121430.99819,-1868987718.20348,-3115787811.15728,-5220795621.51119,-5654887514.59838,-650343011.536893,-747170031.548332,-1165213981.29822,252898478.553641,669878259.486972,924100058.982096,-414399785.652911,306454310.766927,1122347166.83575,990008416.881667,2893165052.33979,5227050937.84286,3002108490.63778,-1467958906.1204,3120764717.88409,4404370171.87185,0
Korea,Luxembourg,LUX,BN.GSR.GNFS.CD,0,0,0,0,0,0,0,0,0,0,0,0,0,0,0,0,0,0,0,0,0,0,0,0,0,0,0,0,0,0,0,0,0,0,0,0,0,0,0,2707728858.73997,4300157936.63012,3839304674.94342,6396647837.18102,7733253423.25683,8995309608.54017,10106312065.8446,14231810557.3008,17047832259.0175,18120548851.8925,18274145605.527,19192833467.6215,21113444604.7632,22463816774.2645,25960453249.3214,28145998212.6824,25548168754.6856,27234134470.6309,25399280110.7678,25873948883.5798,25100376793.0701,27801061612.42,33954499073.5419,29689259081.5976,32217308444.8831,34490567835.9578,0
Korea,Latvia,LVA,BN.GSR.GNFS.CD,0,0,0,0,0,0,0,0,0,0,0,0,0,0,0,0,0,0,0,0,0,0,0,0,0,0,0,0,0,0,0,0,93807284,331695000,59849000,-105545000,-414448000,-477332000,-827403000,-691300000,-435668393.162799,-641750345.076581,-769682764.40150106,-1304378201.18981,-2116991636.50793,-2437937341.59297,-4448701322.29235,-5712673161.3934,-4265771521.22894,-288813246.923251,-470556347.619047,-1660157661.64095,-1559361830.79714,-1366226218.96361,-881928104.03778,-315230306.834458,142293731.254776,-127606948.777044,-156116779.871778,-70970907.332253,487130155.261102,-1218651820.6349,-1841317409.80791,-1581098659.59594,-699670294.191951,0
Korea,"Macao SAR, China",MAC,BN.GSR.GNFS.CD,0,0,0,0,0,0,0,0,0,0,0,0,0,0,0,0,0,0,0,0,0,0,0,0,0,0,0,0,0,0,0,0,0,0,0,0,0,0,0,0,0,0,2517060254.16958,2880750414.6615,4325196312.76566,3939937615.24287,4210051772.21794,4996212153.58356,6893080923.88626,9383147903.40092,15506387499.9443,21293068830.6609,24977405438.4769,30864735567.9244,28904863218.7461,17350450010.7472,18523407221.942,23248399457.5754,27305253729.9356,27931990400.4409,363779893.041877,4393443566.42893,174099687.659763,18634201220.2572,0,0
Korea,St. Martin (French part),MAF,BN.GSR.GNFS.CD,0,0,0,0,0,0,0,0,0,0,0,0,0,0,0,0,0,0,0,0,0,0,0,0,0,0,0,0,0,0,0,0,0,0,0,0,0,0,0,0,0,0,0,0,0,0,0,0,0,0,0,0,0,0,0,0,0,0,0,0,0,0,0,0,0,0
Korea,Morocco,MAR,BN.GSR.GNFS.CD,0,0,0,0,0,0,0,0,0,0,0,0,0,0,0,-963112162.829154,-1782630217.20746,-2235671070.98755,-1798558201.87345,-2044043539.25003,-1974523574.39855,-2228024145.09251,-2230109550.84928,-1257290602.91038,-1351790654.51716,-1199205664.16558,-1076178019.36627,-828186823.539263,-102324844.837772,-1251153075.39788,-1543978703.46311,-1572953695.78076,-1909140154.89803,-1608287745.31519,-1822070986.65991,-2198534134.93753,-1232693099.97628,-1117023286.5382,-1455059864.39051,-1335316226.02495,-2093220551.79848,-1111415357.4612,-1114913759.85845,-1728414693.05363,-3227630251.10061,-3951168994.58638,-4440744115.62965,-7420593636.5374,-12774727823.0575,-10926909415.6859,-9953278186.70668,-14062623475.6277,-14674780975.466,-14810418460.9486,-13690326430.4099,-7927842023.52505,-10739249607.2905,-10551433764.5562,-12131482383.3643,-10049378708.9168,-8812910271.88886,-13124927044.3011,-15234615256.3966,-12191055206.4029,-13273497505.6441,0
Korea,Monaco,MCO,BN.GSR.GNFS.CD,0,0,0,0,0,0,0,0,0,0,0,0,0,0,0,0,0,0,0,0,0,0,0,0,0,0,0,0,0,0,0,0,0,0,0,0,0,0,0,0,0,0,0,0,0,0,0,0,0,0,0,0,0,0,0,0,0,0,0,0,0,0,0,0,0,0
Korea,Moldova,MDA,BN.GSR.GNFS.CD,0,0,0,0,0,0,0,0,0,0,0,0,0,0,0,0,0,0,0,0,0,0,0,0,0,0,0,0,0,0,0,0,0,0,-100040000,-122020000,-320020000,-376410000,-434630000,-179360000,-330530000,-352940000,-418140000,-667300000,-775140000,-1212240000,-1603240000,-2319790000,-3219160000,-1998580000,-2255498750.35667,-2825503937.83667,-2959960000,-2986360000,-2913560000,-1991460000,-1858100000,-2254560000,-2938010000,-2946160000,-2696150000,-3717710000,-4284320000,-3974190000,-4701120000,0
Korea,Madagascar,MDG,BN.GSR.GNFS.CD,0,0,0,0,0,0,0,0,0,0,0,0,0,0,-65391586.1302535,-98314568.5204649,-63486195.6628568,-62683484.0308762,-133212204.491106,-441282588.742855,-559166504.088218,-341404547.752945,-275064751.262562,-195354077.814066,-124964774.535349,-153076896.951217,-138214337.199316,-119218490.853088,-165850966.048535,-95887741.1810564,-338246579.987686,-195531121.959725,-230197249.593162,-294631181.965558,-218482760.419397,-237896771.052666,-199830019.562935,-291886333.468814,-299147369.900934,-288555844.217847,-331675856.242419,-187176039.131145,-514975119.353513,-554939573.599998,-649266259.800001,-825540136.864562,-699600735.165125,-1148264719.95286,-2093613078.0813,-1943005638.6842,-1256939994.21206,-1147933209.13189,-1073173357.26468,-1009674021.90093,-456652748.469326,-356772598.174224,-175422309.680643,-344018352.124095,-413526829.367095,-603012986.87044,-1128980140.43678,-1407090214.03526,-1351885540.02755,0,0,0
Korea,Maldives,MDV,BN.GSR.GNFS.CD,0,0,0,0,0,0,0,0,0,0,0,0,0,0,0,0,0,-900000,-3400000,-4900000,-21900000,-19100000,-17100000,-19800000,-10700000,6100000,10347965.3320654,16321085.3966171,12214179.7256335,9919074.5951686,19873000,329673.073431,2061370.754701,-21591676,14956279.8781229,5354152.365927,15509758.055156,647985.4112473,16565685.7329953,-27767024.7343039,5501077.666576,8194762.031571,39477199.070917,49360518.824951,-33598121.037282,-384035397.053719,-269390064.689639,168193991.826188,-107214252.286509,232165795.76164,314232523.777393,146924690.07404,339502569.879086,508336313.143015,545048446.109549,375920282.87938,-50674148.133532,-179960563.237689,-517528628.784776,-336988109.327365,-661897582.476007,502385079.859617,156705428.806191,-104055382.755435,68023385.575855,0
Korea,"Middle East, North Africa, Afghanistan & Pakistan",MEA,BN.GSR.GNFS.CD,0,0,0,0,0,0,0,0,0,0,0,0,0,0,0,0,0,0,0,0,0,0,0,0,0,0,0,0,0,0,0,0,0,0,0,0,0,0,0,0,0,0,0,0,0,0,0,0,0,0,0,0,0,0,0,0,0,0,0,0,0,0,0,0,0,0
Korea,Mexico,MEX,BN.GSR.GNFS.CD,0,0,0,0,0,0,0,0,0,0,0,0,0,0,0,0,0,0,0,-1851000000,-4979000000,-7383000000,5117000000,13715000000,12790000000,7683000000,4416000000,8913000000,2414000000,-267000000,-3110000000,-9369000000,-18618000000,-16010000000,-21185140000,7152710000,6435885000,-807196000,-9180703000,-8350321000,-11941767041,-14109446485,-12194289609,-10770586021,-14968141812,-14565785413,-13991006944,-18695821515,-26869546767,-14820317718,-13623591137,-15980581914,-14581102602,-15907547928,-16563464776,-25807764000,-23667255468,-22668791420,-27610814495,-4265651015,21711673476,-23128199854,-43787418381,-31950750370,-27626821962,0
Korea,Marshall Islands,MHL,BN.GSR.GNFS.CD,0,0,0,0,0,0,0,0,0,0,0,0,0,0,0,0,0,0,0,0,0,0,0,0,0,0,0,0,0,0,0,0,0,0,0,0,0,0,0,0,0,0,0,0,0,-101535553.803533,-101522072.156632,-112966755.32216,-109409778.156412,-127001064.718136,-109599716.733761,-99845558.2829229,-69463864.9847535,-89919355.8707876,-92772881.857085,-111262525.778845,-123815949.981462,-82892728.2954088,-45818482.8955853,-38288145.9663188,-44802779.3120239,-76008272.7711216,0,0,0,0
Korea,Middle income,MIC,BN.GSR.GNFS.CD,0,0,0,0,0,0,0,0,0,0,0,0,0,0,0,0,0,0,0,0,0,0,0,0,0,0,0,0,0,0,0,0,0,0,0,0,0,0,0,0,0,0,0,0,0,0,0,0,0,0,0,0,0,0,0,0,0,0,0,0,0,0,0,0,0,0
Korea,North Macedonia,MKD,BN.GSR.GNFS.CD,0,0,0,0,0,0,0,0,0,0,0,0,0,0,0,0,0,0,0,0,0,0,0,0,0,0,0,0,0,0,0,0,0,0,0,0,-471490000,-532200000,-575445204.130813,-457074064.240888,-642125700.122044,-545893559.089251,-827691031.741355,-855217292.772752,-1189733166.89945,-1093903653.03408,-1226509435.67586,-1588287899.21199,-2562426417.59672,-2136525990.36351,-1856959107.68669,-2140371835.76031,-2190294310.87424,-1976433126.46824,-1963060752.57045,-1631227767.70795,-1630959009.0477,-1588372813.00263,-1612255272.9123,-1805080888.77707,-1582531345.17781,-2153845040.75784,-2886224819.33716,-2057510642.54442,-2198664601.60719,0
Korea,Mali,MLI,BN.GSR.GNFS.CD,0,0,0,0,0,0,0,0,0,0,0,0,0,0,0,-143925073.80979,-77798541.731507,-58083760.1977851,-218695849.284989,-242805569.593536,-257478769.742876,-237550711.903859,-205108696.034886,-199046865.449583,-197960133.744626,-358809902.839639,-371925510.590473,-324087023.627715,-383148170.072506,-287766807.78326,-409784904.020306,-409809176.55706,-513011735.21410203,-406409632.950786,-362298809.022935,-461926729.676971,-410153461.470658,-253103909.503331,-271956127.46087,-296618854.743181,-283457813.078195,-279991324.231463,-55205809.1690432,-319187483.244582,-407835177.49595,-458503870.446239,-286433116.733172,-690611603.905051,-1210560425.65719,-686635160.036214,-1309776708.17854,-1051695374.69504,-607589871.353241,-1978034650.80646,-2230547545.04226,-2038081152.84526,-2367638112.66079,-2200115181.48503,-1894817500.56535,-2116578374.70659,-1143576815.35233,-2215235072.30086,-2086550442.58033,-1935827989.57385,0,0
Korea,Malta,MLT,BN.GSR.GNFS.CD,0,0,0,0,0,0,0,0,0,0,0,-50600882.2912017,-28565688.053687,-17082583.9453066,-64853927.5059011,-24169446.0713895,-28931929.6670248,-55646436.0959403,-21018034.0466671,-51329260.6112905,-108850890.036045,-109904082.035607,-203813002.065579,-178055610.030594,-172004605.867613,-181389945.817974,-162344065.15915,-173376106.51487,-201295626.504932,-225255923.728631,-333323893.136978,-297244328.948081,-217807832.603448,-260192977.744605,-294524452.084684,-472262388.570914,-479529666.871853,-292151093.931448,-209896166.063833,-206854525.822143,-415727364.544393,-183711521.695356,108599805.505143,-82590862.3363244,-159454247.43054,-257567940.748681,-274909082.797619,124439723.288594,78712937.393764,-104952698.438069,-62835996.022236,253621244.902439,445305459.533272,640894838.58209,1349786401.84795,1038114346.05328,1295971583.69454,3027968111.58805,2873060809.3889,3715013156.94505,3999727297.97558,3809895991.00506,2160147679.81738,4009273676.8975,4739928987.85651,0
Korea,Myanmar,MMR,BN.GSR.GNFS.CD,0,0,0,0,0,0,0,0,0,0,0,0,0,0,0,0,-35934455.9280098,-97824204.4926299,-227162076.622324,-391614729.022861,-384383726.791395,-351422805.251905,-519227721.130844,-367580184.886276,-211541452.735981,-217104732.17662,-280576531.497687,-210833201.298222,-192031434.329887,-69212917.2483701,-280566188.423716,-51646728.6998404,-34943606.2752036,-513611362.970528,-467579089.278414,-705885851.098594,-805398512.678258,-1053750224.56342,-1124706491.09941,-659656823.881805,-350820664.102185,123380132.039568,510159464.978081,620866059.51058,715449106.341946,1767650338.76312,1908575763.37734,2430566104.37744,2679390435.01003,2320068010.84616,3057456205.86186,-123704013.791304,363652290.566295,444485705.263469,-954412173.646167,-2458409703.81709,-2306518795.81366,-4829984760.65528,-2936193292.93754,167245038.941888,0,0,0,0,0,0
Korea,"Middle East, North Africa, Afghanistan & Pakistan (excluding high income)",MNA,BN.GSR.GNFS.CD,0,0,0,0,0,0,0,0,0,0,0,0,0,0,0,0,0,0,0,0,0,0,0,0,0,0,0,0,0,0,0,0,0,0,0,0,0,0,0,0,0,0,0,0,0,0,0,0,0,0,0,0,0,0,0,0,0,0,0,0,0,0,0,0,0,0
Korea,Montenegro,MNE,BN.GSR.GNFS.CD,0,0,0,0,0,0,0,0,0,0,0,0,0,0,0,0,0,0,0,0,0,0,0,0,0,0,0,0,0,0,0,0,0,0,0,0,0,0,0,0,0,0,0,0,0,0,0,-1588601286.68413,-2431833171.02999,-1278506162.944,-1064300255.19853,-977371673.980965,-1005754872.22686,-900221249.521639,-909752754.135427,-746505641.987746,-978848488.295423,-1120803358.5532,-1319279618.29664,-1175546381.6963,-1669085977.64379,-1135117796.0757,-1436403580.10341,-1397932694.01846,-1847312243.23459,0
Korea,Mongolia,MNG,BN.GSR.GNFS.CD,0,0,0,0,0,0,0,0,0,0,0,0,0,0,0,0,0,0,0,0,0,-796500000,-825000000,-792900000,-700600000,-768400000,-1058700000,-979000000,-998800000,-1145420000,-582840000,-131150000,-56540000,-12250000,-12160000,-12800000,-93400000,28080000,-131700000,-127073387,-157716914.22136,-192100875.933545,-238185462.568913,-248748022.696718,-195393857.119738,-85895239.489534,203385615.528975,57014926.7279956,-738677897.076524,-332006178.476588,-474918588.302732,-3517358044.65908,-4455747639.7511,-3917924200.41533,-1111497489.16149,-152864021.012946,-497135.735171,277604026.623513,-763750656.838668,-833604448.611713,305323153.496862,-305729911.391503,-1122520105.82839,1956376931.01332,-235739517.211251,0
Korea,Northern Mariana Islands,MNP,BN.GSR.GNFS.CD,0,0,0,0,0,0,0,0,0,0,0,0,0,0,0,0,0,0,0,0,0,0,0,0,0,0,0,0,0,0,0,0,0,0,0,0,0,0,0,0,0,0,0,0,0,0,0,0,0,0,0,0,0,0,0,0,0,0,0,0,0,0,0,0,0,0
Korea,Mozambique,MOZ,BN.GSR.GNFS.CD,0,0,0,0,0,0,0,0,0,0,0,0,0,0,0,0,0,0,0,0,0,0,0,0,0,0,0,0,0,0,0,0,0,0,0,0,0,0,0,0,0,0,0,0,0,-803674430.271872,-621697303.039305,-796812167.797911,-1400195939.05849,-1707440159.00836,-2148025288.10234,-4133946674.83786,-7753202106.3387,-7615689356.07254,-6967541379.73281,-6449682664.82562,-4079473034.42208,-2637413217.30467,-4597966667.89675,-4069363574.37714,-4210075400.25459,-4007644582.03097,-6522748188.50088,-1775216244.67762,-1129454668.28823,0
Korea,Mauritania,MRT,BN.GSR.GNFS.CD,0,0,0,0,0,0,0,0,0,0,0,0,0,0,0,-92311083.0159975,-151591712.989724,-183955616.083108,-189894394.800975,-176564798.169636,-196257865.691105,-195524113.536364,-296836920.303269,-209791102.871222,-158079515.178084,-137069468.768984,-169855462.185254,-136765402.576308,-93036439.9366647,-63864372.4940097,-49088811.4230421,-83091473.0258809,-213417138.983129,-160944214.890286,-107683592.959741,-5263225.4915811,-65784072.0002913,-57891386.4254984,-78588324.7631218,0,0,0,0,0,0,0,0,0,0,0,0,0,-1359370920.90608,-1206024814.92775,-1333855477.38899,-954011172.989699,-834838283.113469,-944032323.141255,-1222143150.91208,-1158208368.35699,-890731370.108058,-1131838870.62952,-1637405929.71184,-1315988116.87275,-1315020525.71848,0
Korea,Mauritius,MUS,BN.GSR.GNFS.CD,0,0,0,0,0,0,0,0,0,0,0,0,0,0,0,0,-48192590.7705491,-88386975.5467828,-124771326.95276,-142356464.51998,-116341237.279473,-119061717.581218,-30351665.4338354,-3929541.6106244,-34854230.5754036,-21045837.8350313,97353714.1630102,38669950.4201538,-105895901.277931,-160002448.124889,-193830959.130216,-105224096.339358,-104541426.494645,-197075876.762414,-310628402.166993,-104162372.900528,-37887089.0458019,-198648842.778282,-65103271.2101422,-211269772.626582,-84514284.3713062,194148569.18108,144726217.41426,70796093.3230717,-147156887.115387,-376492710.10505,-725533821.094567,-781959446.327884,-1378116042.71647,-933687898.79195,-1179044054.8196101,-1561477609.39418,-1491097860.33351,-1704239940.14731,-1479574524.93287,-1170543453.57922,-1258145034.00392,-1777877796.20383,-1172213230.268,-1240869808.50823,-1215707337.57347,-1843204712.37107,-1914338318.39177,-1646171442.65235,-2063200052.48413,0
Korea,Malawi,MWI,BN.GSR.GNFS.CD,0,0,0,0,0,0,0,0,0,0,0,0,0,0,0,0,0,-87271623.8887667,-173156564.771872,-193541772.849829,-173994279.213402,-74835327.4588244,-69445162.7381301,-69035181.6081668,35163933.2787941,-48513851.2786061,-16119730.1937036,-15257550.3934931,-118962987.882785,-136762708.78826,-105647673.741807,-258265890.798832,-325370632.113536,-252885772.506527,-281730986.601468,-190558618.66286,-227013264.990615,-338797233.670889,-91063089.5602763,-262050154.561476,-191673094.008363,-172065994.403981,-323271092.624839,-292706814.211077,-483666941.098406,-700643180.765819,-534393154.969675,-660716264.463445,-982429884.072515,-890050440.667186,-1419882532.7219,-1278001468.35407,-1172649823.96267,-1562266577.48039,-1372051914.77458,-1242563524.54775,-1225123659.76949,-1736993035.8543,-1839953679.44211,-1818969799.21706,-2064997954.27212,-2180598872.20535,-2347203418.31062,-2469036002.33997,0,0
Korea,Malaysia,MYS,BN.GSR.GNFS.CD,0,0,0,0,0,0,0,0,0,0,0,0,0,0,-85581343.8476374,-163339762.033833,1046988580.25928,982414323.517085,889016821.436689,1841949942.18022,571918568.8366,-1655292139.69702,-2421435377.51392,-1674959612.87918,609308163.707337,1581125299.95133,1620799746.91145,4461354572.71316,3600145105.55156,2355988568.29949,899856740.14511,-1798865482.04892,803569676.072839,-67596572.776058,-1154993731.55826,-3482664705.67682,1411002039.99097,940213221.63735,15895015129.7977,19828236842.1053,18019763157.8947,16181578947.3684,16565236842.1053,21756552631.5789,25414723684.2106,30775516791.1238,35471715593.5766,38520460699.6926,51312688997.9361,41550972362.834,40434591219.3347,46436559963.5622,33875653963.4719,27540337316.9555,31341554660.1241,22711691906.1136,19990335308.9183,21988277861.2463,24054470762.8388,27500981134.2942,21603446738.6741,26980425521.7432,29122040538.7734,20435053640.9863,22698293285.212,0
Korea,North America,NAC,BN.GSR.GNFS.CD,0,0,0,0,0,0,0,0,0,0,0,0,0,0,0,0,0,0,0,0,0,0,0,0,0,0,0,0,0,0,0,0,0,0,0,0,0,0,0,0,0,0,0,0,0,0,0,0,0,0,0,0,0,0,0,0,0,0,0,0,0,0,0,0,0,0
Korea,Namibia,NAM,BN.GSR.GNFS.CD,0,0,0,0,0,0,0,0,0,0,0,0,0,0,0,0,0,0,0,0,0,0,0,0,0,0,0,0,0,0,-364237781.360062,-366817983.460779,-418441119.244089,-299044454.734143,-295144894.645758,-365941244.828836,-370730531.113332,-425220551.241565,-302444655.44689,-362828414.199913,-146740694.377721,-193985796.375888,-177044523.14104,-325859398.239093,-227659979.058086,-214544996.273875,199127116.151426,-92995406.8325934,-990186470.012983,-1373339651.55339,-1323975906.00793,-1551987267.14404,-2174125630.73279,-2492979685.7486,-2816139510.53256,-2943119870.30343,-2565430209.39521,-1686277602.21238,-1397163463.70462,-1225374004.36717,-1002539145.51916,-2113569979.7083,-2069016347.98314,-2719910165.90963,-3279279371.18583,0
Korea,New Caledonia,NCL,BN.GSR.GNFS.CD,0,0,0,0,0,0,0,0,0,0,0,0,0,0,0,0,0,0,0,0,0,0,0,0,0,0,0,0,0,0,0,0,0,0,0,0,0,0,0,0,0,0,-677244822.36104,-734602834.630329,-576147640.211876,-1012020219.54228,-1264421211.70026,-1263056938.41881,-2562585316.32721,-1932849108.01458,-2392716752.31022,-2484554397.35648,-2560331110.38201,-2536640989.20424,-2122648995.38614,-1962515001.78915,-1501031088.28103,0,0,0,0,0,0,0,0,0
Korea,Niger,NER,BN.GSR.GNFS.CD,0,0,0,0,0,0,0,0,0,0,0,0,0,0,-122581752.525033,-72543463.2037865,-107030538.180919,-147969091.41346,-254799498.406059,-248747607.153386,-339696852.632646,-261438266.837523,-305143311.109942,-109752630.899115,-59486448.0511453,-175111252.272315,-117017930.055655,-109840212.905282,-200242929.893659,-194540393.148465,-195658793.780279,-220026514.990686,-192593800.999665,-160872245.479728,-163249699.992104,-136041699.174718,-144935290.328897,-142548168.434002,-186952569.268714,-154191891.663513,-135266010.952954,-149373763.744404,-194338229.185695,-266460917.096819,-322425066.254255,-483888010.268586,-478728431.53546,-536798788.054228,-911172561.093229,-1437868289.11089,-1538698117.83903,-1725329169.41582,-1214943901.93646,-1261371683.46252,-1504448147.00287,-1630151760.00179,-1296759953.78187,-1505222286.00695,-1918546646.37358,-2008363102.12478,-2204290497.08743,-2539823428.0113,-2817582856.71978,-2584946479.0671,0,0
Korea,Nigeria,NGA,BN.GSR.GNFS.CD,0,0,0,0,0,0,0,0,0,0,0,0,0,0,0,0,0,-296261339.116846,-3256872676.07506,2506591914.48386,7057671650.66233,-5238719723.67712,-5663280455.57296,-3061802647.31921,1634644658.12793,4326596700.56444,1090894787.67438,2830650968.92885,2079803686.75106,3355314210.21938,7641622023.26494,2878710925.40323,3853246868.81394,1685012648.37927,311829423.531551,-155213290.103402,1749727567.80478,543132296.086534,-1003652734.85157,1792044670.61808,8947932361.38611,3908840366.35388,2339989712.06712,5582237051.09836,17120483279.0615,24367471605.2644,23321457682.8904,20849760438.7317,23807545674.0701,8910395195.0992,11846267187.1371,11643852019.1221,17649549960.618,22765054981.7888,-1860415123.57376,-22899676713.3264,-8550719263.65173,-86132009.91497,-5598563490.82136,-30893479544.0194,-32241264094.1179,-16622243079.3583,-7958107284.31591,-5161397332.42195,-194385706.43546,0
Korea,Nicaragua,NIC,BN.GSR.GNFS.CD,0,0,0,0,0,0,0,0,0,0,0,0,0,0,0,0,0,-124100000,60300000,159700000,-411800000,-479300000,-380200000,-372500000,-423500000,-579300000,-549200000,-570300000,-583300000,-325800000,-289800000,-485900000,-609800000,-448800000,-488708000,-488379494,-650472000,-810866000,-832736000,-1191678000,-1050300000,-1050400000,-1068500000,-1090200000,-1211600000,-1441670000,-1672400000,-2006100000,-2366300000,-1570000000,-1693700000,-2124800000,-2128800000,-2215200000,-1955800000,-2285000000,-2105000000,-1842500000,-1193200000,-537400000,-609400000,-1724078858.14,-2343500000,-2271300000,-3302581709.96,0
Korea,Netherlands,NLD,BN.GSR.GNFS.CD,0,0,0,0,0,0,0,-230662983.25847,-48618784.495199,-118232044.113324,-607458563.09626,-173371323.241253,1224726668.50476,1967203766.10725,1948601494.17141,2753931343.41556,2947061398.3436,1121659412.94848,-300100593.64158,-1179679315.50973,-1242299860.15266,4898959477.02498,5950541291.1439,4955136562.94531,6087711284.58819,5552501779.50105,6196346710.24213,4912179103.28308,7884579351.72366,9156455713.65622,11651837124.0769,11164705703.9736,12131219674.5209,16823204426.8415,18904843755.3179,24959272264.5563,24725662497.1636,24212561640.1341,22905671858.9222,18508860810.1833,15778115213.4384,16726905203.5087,17519826436.9652,35877924001.4589,47230882636.9046,54406673619.545,58269291778.9916,71340502767.4048,77902570954.0235,71167791952.7612,72670631250.5046,78273242781.0602,82662915884.0258,89188773726.0587,99427821554.2622,59691114746.103,86409292405.6203,90757971216.1782,98111339374.9178,92575983545.4805,95751289971.129,102683234428.788,91947436126.4341,112849305829.958,133826883411.654,0
Korea,Norway,NOR,BN.GSR.GNFS.CD,0,0,0,0,0,0,0,0,0,0,0,0,0,0,0,-1969407761.45296,-3009940455.23133,-3862478422.53432,-366563417.246045,1223078080.41077,3515592933.68056,4503893000.25623,3165258943.22616,4311090644.21091,5003602946.21346,4660314582.47557,-2546163379.94766,-1828461215.05063,-744602222.377422,3917261769.88318,8159139204.84735,9299241347.84691,8735536683.62477,7652947771.95463,7677912720.3846,9210227896.01717,14356162492.365,13122944788.5603,2783429000.89015,11628207141.6671,28634752065.6791,28959148662.0592,25807116182.9403,29256428733.6305,35088038657.459,49346598608.4508,58412736961.2839,54051258701.4966,79770502729.3897,47009824745.4402,50460931970.1619,66947329884.0391,65999681828.9438,55985337267.571,44434579076.5971,21863652370.9184,6036031881.34822,13910083578.2814,25065483853.8871,6069346162.033,-3348209857.09074,74135526179.1734,163226325544.777,74771139439.89,64794386295.8472,0
Korea,Nepal,NPL,BN.GSR.GNFS.CD,0,0,0,0,0,0,0,0,0,0,0,0,0,0,0,0,-33456000,-58336000,-89109770.6692387,-103833333.333333,-158575000,-156623104.859143,-243663042.87117,-283755031.312079,-213188648.208936,-241093448.539729,-230980405.395206,-263732941.162979,-398104727.459467,-351579349.430291,-411698818.246163,-426448125.816414,-327003208.162608,-380155657.874432,-507621826.853099,-595206851.451087,-591287366.952731,-636952088.500796,-388087351.057886,-439226109.195531,-507977830.283915,-566643510.632456,-724926798.692707,-856816709.247448,-1059082837.07082,-1427964920.10683,-1699390031.90572,-2218897887.12394,-2660852936.14279,-3559207097.92041,-4307317702.01938,-4584800479.47336,-4916709707.98264,-5334668304.9901,-6366746592.60822,-5467903518.93931,-7898498022.05001,-9393295182.66726,-11960657626.2818,-11110082471.6713,-8923098091.38993,-14473555927.7051,-33800053853.2946,-27594994245.8472,-26877558987.321,0
Korea,Nauru,NRU,BN.GSR.GNFS.CD,0,0,0,0,0,0,0,0,0,0,0,0,0,0,0,0,0,0,0,0,0,0,0,0,0,0,0,0,0,0,0,0,0,0,0,0,0,0,0,0,0,0,0,0,0,0,0,0,6071681.50474951,9862327.25360275,2382349.37031685,-3675692.94740245,16365843.9788892,13438018.4746422,-14186698.5734077,-57537263.6760321,-43515670.7933291,-51687574.7331049,-39417260.3241404,-42720793.1196538,-61202169.5295265,-86782203.0805965,-86987952.2680417,-85262284.9759343,0,0
Korea,New Zealand,NZL,BN.GSR.GNFS.CD,0,0,0,0,0,0,0,0,0,0,0,0,0,0,0,0,0,0,0,0,0,0,0,0,0,0,0,0,0,0,0,0,0,0,0,0,0,0,0,0,1247429412.58553,2251953917.35523,1662375166.81921,1644416393.45153,615723703.548273,-1283142380.03224,-757517796.21408,-260339711.146262,-803586697.80375,2442286807.39943,3322195064.16293,3303885888.31451,786409618.31334,1907413775.84306,2279985712.47154,1805047692.10097,1689001769.07406,2199834440.66167,-162775879.54162,193269978.24221,2054344452.0752,-8061234300.48208,-13865087159.0383,-9382621039.97628,-6199833773.46254,0
Korea,OECD members,OED,BN.GSR.GNFS.CD,0,0,0,0,0,0,0,0,0,0,0,0,0,0,0,0,0,0,0,0,0,0,0,0,0,0,0,0,0,0,0,0,0,0,0,0,0,0,0,0,0,0,0,0,0,0,0,0,0,0,0,0,0,0,0,0,0,0,0,0,0,0,0,0,0,0
Korea,Oman,OMN,BN.GSR.GNFS.CD,0,0,0,0,0,0,0,0,0,0,0,0,0,0,557035322.979257,353503185.736836,418934569.828994,389693110.566569,255645628.997237,767226406.39035,1459177769.13485,1787782286.58883,1151129128.98416,1222061381.65044,1123343395.56036,1244951432.41796,-123042473.869291,1568270481.14434,725617685.305592,1330559167.75033,2234590377.11313,859817945.383614,1009102730.81925,442132639.791937,962028608.582574,1042912873.86216,2051099973.3277,1725199977.56567,-1195999992.22367,1637799989.35111,5418301300.39012,4472821846.55396,4262938881.6645,3666059817.94538,3092171651.49545,8456592977.89337,9117869960.98829,6936023407.0221,12957287386.2159,7737001300.39012,14168834850.4551,20182214357.8526,20411014954.2264,17577238634.2946,18830076957.0447,2336060644.52968,-124401464.605507,1889138089.19786,10720954665.9213,10978041345.5461,1864257543.52053,9356575509.46448,22800954135.8586,17337287552.7732,0,0
Korea,Other small states,OSS,BN.GSR.GNFS.CD,0,0,0,0,0,0,0,0,0,0,0,0,0,0,0,0,0,0,0,0,0,0,0,0,0,0,0,0,0,0,0,0,0,0,0,0,0,0,0,0,0,0,0,0,0,0,0,0,0,0,0,0,0,0,0,0,0,0,0,0,0,0,0,0,0,0
Korea,Pakistan,PAK,BN.GSR.GNFS.CD,0,0,0,0,0,0,0,0,0,0,0,0,0,0,0,0,-1194108122.90638,-1555202522.13272,-2050058140.6339,-2596977116.86762,-3114972005.46645,-3212400511.16292,-3567110226.09934,-2945073495.2231,-4069213618.91024,-3581025369.277,-3164346564.13773,-2642944410.6176,-3341475595.97599,-3107290399.88654,-3370640500.03573,-3055722371.75394,-3927387399.8867,-3652292822.60562,-3015303684.81132,-3971692894.9253,-5099044353.86069,-3432555601.27032,-2841000000,-2620000000,-2029000000,-1481000000,-408000000,-435000000,-5979990000,-10170200000,-14558000000,-15640000000,-22456500000,-12838430000,-11960000000,-15718000000,-17528000000,-19124000000,-20547000000,-20018000000,-25036898000,-35006621000,-37647987000,-27305928000,-24764874000,-40902106000,-37627107000,-21854115536.9101,-26630946149.6423,0
Korea,Panama,PAN,BN.GSR.GNFS.CD,0,0,0,0,0,0,0,0,0,0,0,0,0,0,0,0,0,-193200000,-272700000,-360700000,27800000,-79300000,59400000,203500000,-19500000,85600000,183500000,250500000,701000000,282200000,245200000,-31100000,-67200000,-13200000,89300000,-157300000,-86100000,-257700000,-657300000,-638800000,-289300000,192700000,-64600000,32900000,-203000000,-138900000,558100000,-300100000,-984200000,1483500000,-572100000,-2287200000,-1080600000,-1232300000,-2445300000,-1291500000,-266461140,191735791.32,-870810452.96,1047578890.98,2216711208.97,3148511012.48,3071544271.4,1978307280.36,6489366213.68,0
Korea,Peru,PER,BN.GSR.GNFS.CD,0,0,0,0,0,0,0,0,0,0,0,0,0,0,0,0,0,-555900000,329600000,1573400000,660900000,-870000000,-742000000,39000000,786100000,980000000,-404830000,-871030000,-466460000,938950000,33000000,-601000000,-914000000,-1325680013.26817,-1545353969.61764,-2974720139.62358,-2657415719.84149,-2497351338.65113,-3119051660.32489,-1210622572.45865,-1137511352.28879,-1141491426.63123,-672677239.071213,-14064416.879275,2272560658.88202,4451808955.29331,8248862336.18374,7311512853.91072,513685474.971384,4774834390.18401,4634780343.50514,6980047573.27673,3303945466.31035,-2080242089.17739,-4186740773.98219,-5669749926.50903,-760065695.65512,3815942534.70701,3611856738.53757,2730522912.66449,2903017975.51663,7134456346.93104,1454093550.78378,9194315489.24106,16164915867.033,0
Korea,Philippines,PHL,BN.GSR.GNFS.CD,0,0,0,0,0,0,0,0,0,0,0,0,0,0,0,0,0,-887000000,-1294000000,-1645000000,-1931000000,-2065000000,-2665000000,-2407000000,-231000000,886000000,1814000000,173000000,20000000,-937000000,-2537000000,-1361000000,-2261000000,-4639000000,-5736000000,-6522000000,-7824000000,-10112000000,-2658000000,-7597000000,-7841000000,-8553000000,-7532000000,-7814000000,-7461000000,-9998077081.79396,-6982402744.99672,-8008136327.32213,-16675078813.8032,-8962220914.47501,-11094114051.3837,-13866049881.2956,-12747420148.0934,-10647205110.6591,-12753927160.9377,-17854385029.8626,-28505668860.9328,-31521653139.6326,-39364380325.4317,-36272180841.4456,-19908904994.2508,-38767003795.2077,-53805933988.2645,-47852888411.1433,-54164616659.4433,0
Korea,Palau,PLW,BN.GSR.GNFS.CD,0,0,0,0,0,0,0,0,0,0,0,0,0,0,0,0,0,0,0,0,0,0,0,0,0,0,0,0,0,0,0,0,0,0,0,0,0,0,0,0,0,0,0,0,0,-56296785.480069,-68414548.764981,-56762301.3689432,-60952810.6471236,-37925189.7302746,-50050735.519971,-49343341.8775238,-52426105.1373779,-50262020.9120827,-63443837.8860376,-30432669.6714896,-65649000,-90320000,-92617000,-107266000,-154328000,-159372000,-192201000,0,0,0
Korea,Papua New Guinea,PNG,BN.GSR.GNFS.CD,0,0,0,0,0,0,0,0,0,0,0,0,0,0,0,0,9466543.8894242,-22418896.2933077,-156410363.790611,30960911.3466329,-293298790.43034,-513652852.592393,-501177348.876,-412155821.783127,-339187540.771255,-172983675.59996,-128339899.342112,-165996205.992727,-221950065.723728,-263687343.608108,-127987174.144469,-198316898.694015,268208101.41439,971814529.198952,953509099.052989,1087208622.74415,670180009.709997,150134577.805139,219209971.569912,375628987.957947,565702630.752358,503651484.059286,-11017807.4238152,381955516.551933,366340106.398335,929785686.679439,1049112028.86442,654880726.001556,1277965905.06428,-134065288.059524,-231967769.480945,108900835.70852,-1687437236.77985,-2955691346.78848,3104340926.67802,3778083415.76405,3552283353.68727,4508676329.01396,4117341903.2149,4907180496.45515,3892732292.67262,4601985920.12411,6293492871.36419,4991658001.16057,6389245855.66389,0
Korea,Poland,POL,BN.GSR.GNFS.CD,0,0,0,0,0,0,0,0,0,0,0,0,0,0,0,0,-2721000000,-2142000000,-2227000000,-2373000000,-1781000000,-1995000000,291000000,510000000,823000000,605000000,470000000,978000000,1157000000,195000000,3942000000,-18000000,597000000,-2935000000,1945000000,1891000000,-3883000000,-6650000000,-8620000000,-13691000000,-10904000000,-6876000000,-6474000000,-5482000000,-7235000000,-3851000000,-8293000000,-16514000000,-28330000000,-4376000000,-11696000000,-12031000000,-3933000000,5764000000,2268000000,9913000000,13979000000,14869000000,12103000000,21967000000,34088000000,22450000000,14623000000,47774000000,36634000000,0
Korea,Pre-demographic dividend,PRE,BN.GSR.GNFS.CD,0,0,0,0,0,0,0,0,0,0,0,0,0,0,0,0,0,0,0,0,0,0,0,0,0,0,0,0,0,0,0,0,0,0,0,0,0,0,0,0,0,0,0,0,0,0,0,0,0,0,0,0,0,0,0,0,0,0,0,0,0,0,0,0,0,0
Korea,Puerto Rico (US),PRI,BN.GSR.GNFS.CD,0,0,0,0,0,0,0,0,0,0,0,0,0,0,0,0,0,0,0,0,0,0,0,0,0,0,0,0,0,0,0,0,0,0,0,0,0,0,0,0,0,0,0,0,0,0,0,0,0,0,0,0,0,0,0,0,0,0,0,0,0,0,0,0,0,0
Korea,"Korea, Dem. People's Rep.",PRK,BN.GSR.GNFS.CD,0,0,0,0,0,0,0,0,0,0,0,0,0,0,0,0,0,0,0,0,0,0,0,0,0,0,0,0,0,0,0,0,0,0,0,0,0,0,0,0,0,0,0,0,0,0,0,0,0,0,0,0,0,0,0,0,0,0,0,0,0,0,0,0,0,0
Korea,Portugal,PRT,BN.GSR.GNFS.CD,0,0,0,0,0,0,0,0,0,0,0,0,0,0,0,-1771623837.10726,-2109871549.90519,-1908920552.88364,-1774303284.56876,-2110483765.91201,-3462042989.62338,-6640011642.99154,-4685292442.48496,-2760808809.61996,-1638179053.69963,-767700202.013705,-772075433.134908,-2504656873.56146,-4627180929.80448,-3783979145.83752,-5592470617.10722,-6876795890.63701,-8621319718.63795,-6685360720.96859,-7051932839.15299,-7284981153.19117,-8440792538.29237,-9070226622.80486,-10959524789.1332,-13027965112.4544,-12926315214.6081,-12215479060.6935,-10822178498.0147,-10541686031.7932,-14709125856.7821,-16835801748.9223,-16191219865.8931,-17631717450.462,-24352320741.766,-16490046323.6815,-17496926693.2178,-9048627917.70832,-39278617.30774,3935280554.75615,2044843806.29789,2949567882.10563,3623606723.20494,3513475514.58704,2512780595.81492,2169253273.80949,-4104752400.44966,-6385656039.97112,-5239970419.67,4320114942.39843,7258325860.33575,0
Korea,Paraguay,PRY,BN.GSR.GNFS.CD,0,0,0,0,0,0,0,0,0,0,0,0,0,0,0,-60300000,-52200000,-42100000,-93300000,-217700000,-276100000,-421600000,-445000000,-244800000,-288900000,-221300000,-329500000,-405500000,-164000000,255500000,345400000,49600000,-90800000,-74800000,-410600000,483346770.43358,226649381.10821,95646547.49801,702936121.87912,698722161.21112,689681489.208881,724870232.386674,1101974891.38509,1000447807.09974,1078092288.51981,1082887002.06224,1061864271.21879,1400096382.22206,948251463.521081,1140173966.29711,663861952.547294,605134164.800474,337304339.956615,1369881521.72287,794363136.404376,929008638.408186,2375901318.7079,2073510714.27829,669627132.53312,371640068.388584,1366428110.44605,517865975.642461,-2117280081.97193,733327274.671298,-1057311930.82511,0
Korea,West Bank and Gaza,PSE,BN.GSR.GNFS.CD,0,0,0,0,0,0,0,0,0,0,0,0,0,0,0,0,0,0,0,0,0,0,0,0,0,0,0,0,0,0,0,0,0,0,0,-2025800000,-2510600000,-2668500000,-2349907152.94835,-2527553573.60014,-2010401024.81338,-2080272409.04739,-1755843760,-2001286649.51509,-2540614300,-2850620140,-2947075076.296,-3217783451.1006,-3480294855.3172,-3809895605.3735,-3897017279.56321,-3923736908.37532,-4429099697.36899,-4734829804.75961,-5049354978.71861,-5401124719.51205,-5664562237.11023,-5967410890.28882,-6425749413.264,-6501965710.78652,-5680064638.17278,-6953873199.19627,-8724189309.0826,-8223955681.45981,-5379455681.4598,0
Korea,Pacific island small states,PSS,BN.GSR.GNFS.CD,0,0,0,0,0,0,0,0,0,0,0,0,0,0,0,0,0,0,0,0,0,0,0,0,0,0,0,0,0,0,0,0,0,0,0,0,0,0,0,0,0,0,0,0,0,0,0,0,0,0,0,0,0,0,0,0,0,0,0,0,0,0,0,0,0,0
Korea,Post-demographic dividend,PST,BN.GSR.GNFS.CD,0,0,0,0,0,0,0,0,0,0,0,0,0,0,0,0,0,0,0,0,0,0,0,0,0,0,0,0,0,0,0,0,0,0,0,0,0,0,0,0,0,0,0,0,0,0,0,0,0,0,0,0,0,0,0,0,0,0,0,0,0,0,0,0,0,0
Korea,French Polynesia,PYF,BN.GSR.GNFS.CD,0,0,0,0,0,0,0,0,0,0,0,0,0,0,0,0,0,0,0,0,0,0,0,0,0,0,0,0,0,0,0,0,0,0,0,0,0,0,0,0,0,0,-728468796.662733,-1025328543.5011,-898574306.286994,-1036888105.48882,-929143517.743824,-1052138615.25208,-1338878030.85697,-1089353210.74774,-1206470991.11899,-1058678595.26012,-1069742498.92608,-1110279261.43334,-982248876.717437,-801945995.325929,-670140013.847809,0,0,0,0,0,0,0,0,0
Korea,Qatar,QAT,BN.GSR.GNFS.CD,0,0,0,0,0,0,0,0,0,0,0,0,0,0,0,0,0,0,0,0,0,0,0,0,0,0,0,0,0,0,0,0,0,0,0,0,0,0,0,0,0,0,0,0,0,0,0,0,0,0,0,78045274725.2747,88182600732.6007,85557142857.1428,76224450549.4505,33019780219.7802,9009065934.06594,23011813186.813202,36750000000,25276373626.3736,11868681318.6813,44345054945.055,87172802197.8022,56534775538.4423,55524450549.4505,0
Korea,Romania,ROU,BN.GSR.GNFS.CD,0,0,0,0,0,0,0,0,0,0,0,-23000000,-47000000,207000000,-290000000,-46000000,102000000,-172000000,-591000000,-1295000000,-1643000000,184000000,1891000000,1870000000,2378000000,1994000000,1937000000,2433000000,4120000000,2434000000,-3521000000,-1245000000,-1481000000,-1243000000,-582000000,-1902000000,-2855000000,-2361000000,-3228000000,-1512000000,-1930000000,-3090000000,-2602000000,-4467000000,-6930000000,-10073167533.3343,-15033618153.4505,-24811183192.7468,-28102429497.6214,-11289682062.4502,-10755417173.1483,-10786737151.1344,-8705665053.90748,-1724618730.36358,-783649806.38243,-1444882298.75598,-1946138881.78602,-5303643904.64924,-8432409685.38668,-10577395727.2938,-11115807168.0371,-16167465240.3269,-19923067834.1444,-16939827223.2564,-23322218787.5721,0
Korea,Russian Federation,RUS,BN.GSR.GNFS.CD,0,0,0,0,0,0,0,0,0,0,0,0,0,0,0,0,0,0,0,0,0,0,0,0,0,0,0,0,0,0,0,0,0,0,11014080000,10652980000,15464730000,8212410000,12197530000,29970120000,52049520000,37160460000,34807650000,46684100000,72332370000,104559590000,123739550000,106729110000,157205870000,95630270000,120874760000,163398060000,145076240000,122306910000,133652970000,111245900000,66256050000,83234750000,164976050000,129328030000,76653160000,172794030000,293494039235.801,85522270000,94899260000,0
Korea,Rwanda,RWA,BN.GSR.GNFS.CD,0,0,0,0,0,0,0,0,0,0,0,0,0,0,0,0,0,0,0,0,0,0,0,0,0,0,0,0,0,0,0,0,0,0,0,0,0,0,0,0,0,0,0,0,0,0,0,0,0,0,-941103243.065745,-1224722857.99541,-1253815282.9102001,-1154648241.74298,-1325242910.72971,-1489712841.67107,-1539599265.47421,-1166689291.37218,-1298121022.54492,-1482482929.20155,-1648602394.27268,-1745970645.09709,-1984989565.16376,-2273994598.05972,0,0
Korea,South Asia,SAS,BN.GSR.GNFS.CD,0,0,0,0,0,0,0,0,0,0,0,0,0,0,0,0,0,0,0,0,0,0,0,0,0,0,0,0,0,0,0,0,0,0,0,0,0,0,0,0,0,0,0,0,0,0,0,0,0,0,0,0,0,0,0,0,0,0,0,0,0,0,0,0,0,0
Korea,Saudi Arabia,SAU,BN.GSR.GNFS.CD,0,0,0,0,0,0,0,0,0,0,0,1680473961.90321,2569513664.87101,5250109949.99855,25783098598.8121,18350514736.4443,19067988673.957,17489039214.1674,4744729346.40438,14621359169.8757,50971796743.3514,49318429874.375,9471523324.6152,-20461628903.3432,-19757019686.7602,-15145759995.433,-14599662731.8718,-11384000000,-8058666666.66667,-8199999999.99999,3501333333.33334,-14058666666.6667,-8764800000,-4653066666.66666,6234533333.33333,8575866666.66666,13828933333.3333,12638533333.3333,-862800000.00001,11548560000,29327466666.6667,25092746133.3333,28037200000,44231760000,65103253333.3333,104325120000,111862286596.9,103968941035.677,146169041653.333,39987598266.6667,87627967474.9333,178246906733.333,184213302925.49,157750352290.196,95966244483.2501,-29296857411.0667,2512457612.48266,38494342202.4893,105847721876.695,66885222484.4043,664277187.03624,72986051067.8821,187510587878.025,78820567472.8384,43885705968.6075,0
Korea,Sudan,SDN,BN.GSR.GNFS.CD,0,0,0,0,0,0,0,0,0,0,0,0,0,0,0,0,0,-64324802.5563305,-128468108.951479,-288250000.665065,-498600000.9972,-881428828.159035,-206359699.660157,-263384615.384616,-106999999.999999,-106995105.188896,-274440000,-473653333.333334,-604444444.444444,-612166666.666666,-377800000,-956000000,-645400000,-266910000,-669000000,-557300000,-869270000,-969000000,-1324700000,-669200000,-179800000,-342100000,-1030730000,-787740000,-828830000,-2477690566.75834,-3699976520.17054,-1014022945.49312,1326815089.47756,-2047805936.56511,274460811.337636,-1379977.09696817,-5106165772.15506,-4709950986.25009,-4158965533.77839,-5250554114.3805,-4279483944.24953,-3935200023.62123,-3241606275.68062,-4685625502.3079,-5454158297.72246,-3606680948.16271,-5666885769.57708,0,0,0
Korea,Senegal,SEN,BN.GSR.GNFS.CD,0,0,0,0,0,0,0,0,0,0,0,0,0,0,-79184172.8166181,-93741440.5199764,-138229469.251838,-119993640.548753,-279895234.870109,-285067371.54215,-408084917.779977,-531922229.25769,-345428606.630859,-361039785.742302,-288014830.424985,-338153848.87964,-339006637.758708,-388535088.93208,-364044480.204713,-316637530.002038,-387233328.232149,-439514227.15431,-503944586.200818,-517299991.611323,-283589100.077858,-315296997.512953,-293039366.307266,-291476661.374298,-330650416.541355,-360117948.640963,-435907522.883719,-441219303.356247,-558099493.007179,-832712597.372973,-1013554811.65916,-1340652040.96105,-1635850079.46629,-2529784161.16289,-3534640927.24209,-2165924398.35281,-1990564715.87823,-2636048196.64959,-2984671612.56592,-3091588323.33272,-2932438127.78563,-2271452517.90923,-2086534060.04009,-2906141229.2163,-3673057356.20929,-3334165781.93887,-4563895368.22042,-5498030716.07462,-7279647889.99421,-7915370883.2456,0,0
Korea,Singapore,SGP,BN.GSR.GNFS.CD,0,0,0,0,0,0,0,0,0,0,0,0,-481422222.393395,-414264592.319104,-827702240.865219,-579850715.021943,-478379499.708446,-167254242.898024,-387858532.919914,-657144937.729555,-1026990212.27278,-764901015.139421,-665412787.492915,-305719221.175888,-513341407.276367,-384519237.382984,58325997.937797,39506485.489753,1793507832.59004,2496592331.78511,2536670589.96617,4589273827.09617,4842026642.65688,4552260013.02768,10500285607.8209,14737243143.1342,15768053998.4363,14747584841.3401,18428040921.7246,14673236483.9219,11853210335.1,14812617467.2696,17051322982.2973,27295921783.9685,30345485866.3081,38200249639.8848,45646156750.8603,56581053479.0285,40002944930.3908,45619614148.231,63099137641.2564,76981679928.6127,71489958547.0402,71092623671.3818,73803243755.1793,84076882512.3197,83944486448.3213,91722432427.5395,112382575172.524,110545012492.441,110068430684.488,158308997754.594,202991344294.003,189183129359.779,192576845361.34,0
Korea,Solomon Islands,SLB,BN.GSR.GNFS.CD,0,0,0,0,0,0,0,0,0,0,0,0,0,0,0,-20422412.2883575,-7454630.62916268,-3104843.92614907,-12476273.1426282,-4965562.54284639,-17111995.5648329,-34361248.4268862,-24096276.8213259,-18457922.2322844,-3611482.55268578,-34644215.8380393,-36807349.9891672,-35032342.6027995,-66938239.7899976,-68331219.6345056,-60582493.557508,-65199373.7913252,-27697141.4910693,-46051530.8683286,-56055883.7156899,-21345312.5458762,-21366333.0708496,-64918963.3950851,-17526193.6820909,23335405.984047,-43407939.1594535,-74889186.5943221,-68303352.5168226,-63969997.255796,-46271902.4020469,-96892280.7852918,-100823937.114205,-139124873.171266,-133370318.415166,-119940173.265209,-232212467.050796,-72947873.0522185,-18617806.182274,-139031352.110157,-115938592.077101,-94369031.3038173,-71764593.3286207,-85208106.6607744,-67555003.5548166,-161616187.432648,-127426602.631852,-205803240.830267,-353282085.881172,-337585981.691658,-214251464.107121,0
Korea,Sierra Leone,SLE,BN.GSR.GNFS.CD,0,0,0,0,0,0,0,0,0,0,0,0,0,0,0,0,0,-54688340.466288,-97894706.7599038,-166040263.693526,-195752010.083129,-138555958.789845,-185120833.981571,-33256774.4439207,-23586127.217605,-24243435.5009287,7158777.37366065,26032146.5578714,-16325233.4244905,-27313570.6414923,-5179409.5798828,14747540.2990297,-4471591.7869648,-71878373.5024422,-80118490.9293609,-131667393.096234,-224546543.105625,-72091759.1500613,-77352588.6757507,-159075820.518292,-194720200.752823,-194909844.61176,-237528363.601762,-227632445.374358,-151113705.413781,-191252008.017663,-132663532.014149,-159237861.006032,-261707767.412325,-381296414.948659,-715515814.415919,-1945470441.27068,-1264694608.15793,-502824867.553557,-1369209960.48259,-1447951542.09889,-634813013.317395,-750444518.404801,-751894212.517926,-901373527.805763,-791991821.106383,-980945786.930212,-871989273.411257,-881989541.670782,0,0
Korea,El Salvador,SLV,BN.GSR.GNFS.CD,0,0,0,0,0,0,0,0,0,0,0,0,0,0,0,0,8360000,16840000,-285320000,9960000,43720000,-239040000,-235880000,-184720000,-265120000,-282840000,-164360129.014972,-311100000,-369280000,-703860000,-651063519.104402,-716557172.557167,-949905312.468857,-1013385987.37337,-1211742803.95245,-1583513397.74404,-1332495716.73329,-1295417558.88651,-1454483152.48428,-1538600000,-1974500000,-2182900000,-2104650000,-2393417959.63069,-2738945012.72861,-3166090000,-3800060000,-4505900000,-4889740000,-3198057250.07384,-3623906167.97331,-4323108759.90917,-4385543013.49576,-4618410153.40857,-4418568836.38847,-4011020503.82282,-3846089576.40031,-4111467489.96742,-4758306213.15005,-4411887021.63997,-4330543594.40157,-7132043364.63756,-8017128233.95125,-6405325811.7365,-6768233249.50113,0
Korea,San Marino,SMR,BN.GSR.GNFS.CD,0,0,0,0,0,0,0,0,0,0,0,0,0,0,0,0,0,0,0,0,0,0,0,0,0,0,0,0,0,0,0,0,0,0,0,0,0,0,0,0,0,0,0,0,0,0,0,0,0,0,0,0,0,0,0,0,0,118472967.034551,129620775.756554,181978126.82682,206942037.914639,289974277.242042,446726807.690789,0,0,0
Korea,"Somalia, Fed. Rep.",SOM,BN.GSR.GNFS.CD,0,0,0,0,0,0,0,0,0,0,0,0,0,0,0,0,0,0,0,0,0,0,0,0,0,0,0,0,0,0,0,0,0,0,0,0,0,0,0,0,0,0,0,0,0,0,0,0,0,0,0,0,0,0,0,0,0,0,0,0,0,0,0,0,0,0
Korea,Serbia,SRB,BN.GSR.GNFS.CD,0,0,0,0,0,0,0,0,0,0,0,0,0,0,0,0,0,0,0,0,0,0,0,0,0,0,0,0,0,0,0,0,0,0,0,0,0,0,0,0,0,0,0,0,0,0,0,-10129243437.7465,-12795049317.3298,-7029431941.05099,-6267922590.51802,-7418732547.45396,-7106391499.32045,-5109389345.02999,-4838400878.01193,-3234473621.42864,-2447273760.13199,-3435173093.51777,-4813258317.57493,-5159167604.62286,-4677231022.30626,-5441115647.71434,-7490310169.67688,-3806168977.50843,-4443392002.36061,0
Korea,Sub-Saharan Africa (excluding high income),SSA,BN.GSR.GNFS.CD,0,0,0,0,0,0,0,0,0,0,0,0,0,0,0,0,0,0,0,0,0,0,0,0,0,0,0,0,0,0,0,0,0,0,0,0,0,0,0,0,0,0,0,0,0,0,0,0,0,0,0,0,0,0,0,0,0,0,0,0,0,0,0,0,0,0
Korea,South Sudan,SSD,BN.GSR.GNFS.CD,0,0,0,0,0,0,0,0,0,0,0,0,0,0,0,0,0,0,0,0,0,0,0,0,0,0,0,0,0,0,0,0,0,0,0,0,0,0,0,0,0,0,0,0,0,0,0,0,0,0,0,0,0,0,-1467336534.43501,-776950000,-424540000,458392000,-477150000,-251930000,-1900870000,615260000,-590878300,55845000,0,0
Korea,Sub-Saharan Africa,SSF,BN.GSR.GNFS.CD,0,0,0,0,0,0,0,0,0,0,0,0,0,0,0,0,0,0,0,0,0,0,0,0,0,0,0,0,0,0,0,0,0,0,0,0,0,0,0,0,0,0,0,0,0,0,0,0,0,0,0,0,0,0,0,0,0,0,0,0,0,0,0,0,0,0
Korea,Small states,SST,BN.GSR.GNFS.CD,0,0,0,0,0,0,0,0,0,0,0,0,0,0,0,0,0,0,0,0,0,0,0,0,0,0,0,0,0,0,0,0,0,0,0,0,0,0,0,0,0,0,0,0,0,0,0,0,0,0,0,0,0,0,0,0,0,0,0,0,0,0,0,0,0,0
Korea,Sao Tome and Principe,STP,BN.GSR.GNFS.CD,0,0,0,0,0,0,0,0,0,0,0,0,0,0,6554497.11053071,-4693018.6057127,-1356082.38754621,7414533.64477457,1590380.58208568,6035760.56083619,-1872228.39281544,-20466431.2866185,-26132598.3718058,-14878872.0320669,-19491077.3183452,-19325452.5498725,-20578396.6509583,-13952832.3924041,-11467011.5430645,-12425379.3446416,-14160000,0,0,0,0,0,0,-19997690,-15333835.7,-17430988.6460192,-21322686.6797854,-28024614.828207,-25627521.9269449,-31371449.7350222,-38808640.2389741,-36719925.1044865,-60888226.5759207,-70024544.8182279,-96082709.0586429,-83137191.6380758,-96204011.9233591,-117739303.300515,-110750661.660894,-127757245.696384,-142099353.237381,-96054956.6176606,-88273069.5197772,-101032980.34917,-98899407.9265492,-117035999.922654,-110759703.813484,-125888217.837844,-122344817.152206,0,0,0
Korea,Suriname,SUR,BN.GSR.GNFS.CD,0,0,0,0,0,0,0,0,0,0,0,0,0,0,0,0,0,0,0,0,0,0,0,0,0,0,0,0,0,0,0,0,0,0,0,0,0,0,0,0,0,0,0,0,0,-128400000,239200000,249700000,213800000,12500000,668597840.323741,606113686.43078,282088349.510941,-131317402.507628,-417197854.42966,-838499615.988408,-95935803.986605,363505213.240581,166040948.596657,-125964881.921815,601336025.320573,423044484.249477,258026533.192935,329681738.253521,222216301.200583,0
Korea,Slovak Republic,SVK,BN.GSR.GNFS.CD,0,0,0,0,0,0,0,0,0,0,0,0,0,0,0,0,0,0,0,0,0,0,0,0,0,0,0,0,0,0,0,0,0,-639815652.393513,722386347.639689,311229344.844864,-2244614404.65639,-2011356105.36559,-2334234279.21477,-1053706300.94115,-459032794.221362,-1644062764.94015,-1704770079.23607,-407799314.645385,-1738016962.01881,-2652504894.73131,-2333414266.65632,-615579829.133818,-2236270617.46469,-863793098.356764,-970887815.969302,-462990160.615319,3766024391.23009,4522032674.18701,3624313601.41268,819420590.617768,1751456536.91394,1253622301.52814,1136117411.16827,-128060717.36208,1105649657.50483,-653299649.87964,-6953404615.75649,2301230321.02915,64857363.50592,0
Korea,Slovenia,SVN,BN.GSR.GNFS.CD,0,0,0,0,0,0,0,0,0,0,0,0,0,0,0,0,0,0,0,0,0,0,0,0,0,0,0,0,0,0,0,0,970600000,220500000,306300000,-371600000,-185700000,-138700000,-291900000,-880300000,-689300000,-117100000,336000000,-14100000,-406000000,-197600000,84666077.480794,-597748578.794682,-1012134993.52668,709098523.063428,425138233.44891,297614450.986128,1456372349.37835,2826609320.54319,3507065430.84135,3464104222.58263,3843577806.58722,4386490149.4219,4601509909.12579,4708952405.24018,4855194078.30839,3665876181.43792,1352093114.6865,4351480551.448,4576156270.43958,0
Korea,Sweden,SWE,BN.GSR.GNFS.CD,0,0,0,0,0,0,0,0,0,0,-119848217.93429,552097602.931454,850408581.2561,1737935772.33681,-121637374.236899,364899742.577691,-729921798.335493,-852399387.143225,1618675440.33144,-546068411.817852,-1726908779.11143,335503812.966794,-609620322.828419,1967829177.55755,3381002757.56185,1824376961.45368,3235809030.43378,2797814947.09949,2637482547.64594,983144068.6197,70153192.96504,3729753113.90065,3825511647.04393,6781942061.59243,8542057141.79031,14383610467.7643,16811305567.5979,16244548744.5836,15728309638.7104,16091289013.0473,16061659825.4707,18591350342.2175,16610629030.0304,18511561810.2044,26940503054.34,24798839623.2915,29860287392.2434,31342881728.5442,31027233567.0197,21695731950.5645,23672379778.913,28825149689.05,28324831033.4835,23331945631.9762,18246315684.568,18118110226.2481,15274041856.9726,11547184497.3353,11014490874.811,23125394624.9601,23842043077.7926,26112422040.125702,9372533937.2523,17896382654.7774,20385735527.1843,0
Korea,Eswatini,SWZ,BN.GSR.GNFS.CD,0,0,0,0,0,0,0,0,0,0,0,0,0,0,61076386.3706085,42866352.3444689,21159999.9816,-4139999.99640001,-92574999.9195,-173510781.85344,-213781185.933639,-174913039.182051,-189534904.289986,-212727762.367096,-184168741.166352,-130243306.034292,-49369118.8870506,-1620798.61167957,-23444364.1705896,-19407647.3375015,-109843354.692837,-131531534.794111,-251085709.310116,-267463316.088923,-139128993.996186,-254223984.273873,-343866697.653269,-257126704.974759,-282215232.242795,-238018278.586258,-197789147.349226,-175922348.841358,-65115011.4413145,-17642094.2574106,-37102514.0297558,-378398011.593855,-342081098.15366,-323292385.163182,-435932848.532854,-483527662.826687,-562010006.230172,-376089570.839394,-201417708.225607,-77247436.2099292,-42690154.6252217,53319673.5564336,44939550.6046326,-32813553.1425917,-167569232.945301,123898878.526821,121627075.137628,-40789539.9773818,-193678628.939948,-176193859.438031,0,0
Korea,Sint Maarten (Dutch part),SXM,BN.GSR.GNFS.CD,0,0,0,0,0,0,0,0,0,0,0,0,0,0,0,0,0,0,0,0,0,0,0,0,0,0,0,0,0,0,0,0,0,0,0,0,0,0,0,0,0,0,0,0,0,0,0,0,0,0,0,55581005.5865921,139027932.960894,40061452.5139665,-55871508.3798884,82435754.1899442,33245810.0558659,-64961918.8491621,-419354168.793296,-146843456.776536,-233784224.083799,-211569874.798883,54478509.865922,15331593.0670392,0,0
Korea,Seychelles,SYC,BN.GSR.GNFS.CD,0,0,0,0,0,0,0,0,0,0,0,0,0,0,0,0,-7049578.44147194,-7287348.75357825,-9262899.49983166,-17466766.9875822,-26894045.7803844,-26353536.2201844,-43232310.3383952,-32784114.0249285,-20258503.2354056,-26785643.5075033,-36187063.9704093,-28371025.6071096,-34888499.1904686,-41124522.6733981,-17938319.3364348,-13818848.2478361,-14942978.3624344,9051374.7539335,35084052.6583843,14456186.7712448,-47333156.7174943,-61696164.042435,-96488313.646246,-102776122.662257,-20126669.454261,-133602581.344208,-46842042.470637,21033577.964903,-44403708.043168,-165223804.137843,-134144137.167478,-94914599.5505615,-182304974.57306,-141747147.957938,-206971922.661112,-238469933.205093,-182295460.976503,-90983596.082136,-211326650.927116,-123798049.191919,-21049602.036119,-180771283.05251,83509890.037974,59755616.8019321,-92441576.3957477,-69833657.514694,-50785647.203826,-61816229.34,0,0
Korea,Syrian Arab Republic,SYR,BN.GSR.GNFS.CD,0,0,0,0,0,0,0,0,0,0,0,0,0,0,0,0,0,-1420800000,-1462500000,-1621200000,-2053900000,-2575100000,-1907400000,-2400300000,-2246500000,-2408700000,-1458900000,-958400000,-608100000,1292900000,2074900000,1146200000,337500000,-106000000,-1023000000,216000000,-101000000,547000000,-3000000,255000000,1455000000,1511000000,1886000000,857000000,641500000,411000000,1289800000,327711651.95259,470912341.028691,-984870275.650419,196994859.35505,0,0,0,0,0,0,0,0,0,0,0,0,0,0,0
Korea,Turks and Caicos Islands,TCA,BN.GSR.GNFS.CD,0,0,0,0,0,0,0,0,0,0,0,0,0,0,0,0,0,0,0,0,0,0,0,0,0,0,0,0,0,0,0,0,0,0,0,0,0,0,0,0,0,0,0,0,0,0,0,0,0,0,0,0,0,0,156567928.14625,200004561.594179,303132102.355792,117739308.703048,282605275.224874,0,0,0,0,0,0,0
Korea,Chad,TCD,BN.GSR.GNFS.CD,0,0,0,0,0,0,0,0,0,0,0,0,0,0,0,0,0,-114885363.110195,-147973112.532423,-25634438.9350155,-8112474.4731487,-19007737.0562887,-43693629.9357402,-74294209.7263433,-71878981.2792049,-225705229.267011,-234659586.122859,-244040190.697408,-221693452.664368,-252595309.054195,-216480435.98599,-233407966.781214,-258115286.556909,-251445654.032811,-221376009.536166,0,0,0,0,0,0,0,0,0,0,0,0,0,0,0,0,0,0,0,0,0,0,0,0,0,0,0,0,0,0,0
Korea,East Asia & Pacific (IDA & IBRD countries),TEA,BN.GSR.GNFS.CD,0,0,0,0,0,0,0,0,0,0,0,0,0,0,0,0,0,0,0,0,0,0,0,0,0,0,0,0,0,0,0,0,0,0,0,0,0,0,0,0,0,0,0,0,0,0,0,0,0,0,0,0,0,0,0,0,0,0,0,0,0,0,0,0,0,0
Korea,Europe & Central Asia (IDA & IBRD countries),TEC,BN.GSR.GNFS.CD,0,0,0,0,0,0,0,0,0,0,0,0,0,0,0,0,0,0,0,0,0,0,0,0,0,0,0,0,0,0,0,0,0,0,0,0,0,0,0,0,0,0,0,0,0,0,0,0,0,0,0,0,0,0,0,0,0,0,0,0,0,0,0,0,0,0
Korea,Togo,TGO,BN.GSR.GNFS.CD,0,0,0,0,0,0,0,0,0,0,0,0,0,0,93280285.00795,-111738490.598899,-58007831.4653264,-116073902.562035,-247097504.767613,-273916649.159267,-141244144.2402,-85117124.9515781,-111069097.743045,-65369247.440331,-8076315.74548881,-66604644.6815789,-124820280.440868,-117390043.055295,-164147364.029223,-126206747.801327,-183916548.211104,-222394411.625407,-201766733.418104,-154879221.955941,-91582438.6894813,-205994839.739973,-212324277.185309,-187431455.515474,-206398226.514874,-160172654.28154,-178963070.129507,-217189378.75393,-210481283.200476,-266848667.887903,-342188480.538468,-357266979.016466,-382481491.823096,-465136579.887721,-532880602.979262,-495292846.015695,-532495307.103221,-806844878.15732,-542267971.51948,-856074516.964032,-824955001.350343,-918413325.893346,-821754289.343428,-501993343.801538,-626014179.841444,-595605803.867304,-667629634.161391,0,0,0,0,0
Korea,Thailand,THA,BN.GSR.GNFS.CD,0,0,0,0,0,0,0,0,0,0,0,0,0,0,0,-697964174.330011,-432938992.181746,-1098817985.59172,-1044632960.13518,-1867719322.40413,-2057156302.07204,-2236239088.15892,-671648785.238832,-2924159159.76323,-1843311425.47606,-1105431815.59855,839013638.695515,239422524.483925,-996268679.427438,-1963665351.97445,-6641008932.52669,-6756957091.15558,-5241280543.59085,-5698289716.85053,-7455697267.45511,-11954621688.6987,-12065858026.4771,-19674845.75763,17395214641.7141,15065652623.4086,10108591963.0594,6957320198.09323,7714145387.5403,8804114241.14767,6748293168.81163,-3470930000.00001,5667760000.00002,18682949999.9998,4451510000.00003,26976846652.0191,19684244161.8938,7632805084.44881,880051501.6122,7440895244.2498,23908777047.5981,41680325907.354,56051035537.6349,56877036176.0104,44922177603.4098,51047439795.3604,25932627082.8893,-597171025.96537,-10328988609.3451,10442602106.3156,17772045138.9845,0
Korea,Tajikistan,TJK,BN.GSR.GNFS.CD,0,0,0,0,0,0,0,0,0,0,0,0,0,0,0,0,0,0,0,0,0,0,0,0,0,0,0,0,0,0,0,0,0,0,0,0,0,0,0,0,0,0,-159641700,-152540100,-225118100,-893925948.256,-1338461736.506,-2618814302.89,-3311322296.855,-2234459025.862,-2501824054.50309,-2995301573.00434,-3674402732.32093,-4413283923.32512,-3362252177.59182,-2500212936.98429,-2027438335.39895,-1638943806.42397,-2105150990.26857,-2165340275.03577,-1716308299.75911,-2096987468.13405,-3508137350.39879,-3826437504.86308,-5289347985.14263,0
Korea,Turkmenistan,TKM,BN.GSR.GNFS.CD,0,0,0,0,0,0,0,0,0,0,0,0,0,0,0,0,0,0,0,0,0,0,0,0,0,0,0,0,0,0,0,0,0,0,0,0,0,0,0,0,0,0,0,0,0,0,0,0,0,0,0,0,0,0,0,0,0,0,0,0,0,0,0,0,0,0
Korea,Latin America & the Caribbean (IDA & IBRD countries),TLA,BN.GSR.GNFS.CD,0,0,0,0,0,0,0,0,0,0,0,0,0,0,0,0,0,0,0,0,0,0,0,0,0,0,0,0,0,0,0,0,0,0,0,0,0,0,0,0,0,0,0,0,0,0,0,0,0,0,0,0,0,0,0,0,0,0,0,0,0,0,0,0,0,0
Korea,Timor-Leste,TLS,BN.GSR.GNFS.CD,0,0,0,0,0,0,0,0,0,0,0,0,0,0,0,0,0,0,0,0,0,0,0,0,0,0,0,0,0,0,0,0,0,0,0,0,0,0,0,0,0,0,0,0,0,0,-289383048.549047,-431764892.531948,-742716807.922695,-1096271466.10999,-1247864440.07642,-1764232468.0139,-1558194741.06832,-1116519110.61768,-1126455582.68145,-1228659498.09942,-1068796400,-1012875558.12092,-937852221.140324,-262648204.822991,271065047.532674,1726588698.45493,572234095.491284,-467398227.00392,-965560482.252982,0
Korea,"Middle East, North Africa, Afghanistan & Pakistan (IDA & IBRD)",TMN,BN.GSR.GNFS.CD,0,0,0,0,0,0,0,0,0,0,0,0,0,0,0,0,0,0,0,0,0,0,0,0,0,0,0,0,0,0,0,0,0,0,0,0,0,0,0,0,0,0,0,0,0,0,0,0,0,0,0,0,0,0,0,0,0,0,0,0,0,0,0,0,0,0
Korea,Tonga,TON,BN.GSR.GNFS.CD,0,0,0,0,0,0,0,0,0,0,0,-2394560.38341701,-3702542.20610496,-3862527.04151622,-4515439.08127057,-7508591.05300092,-9881851.85616187,-9324520.38983442,-9984310.47664437,-14525245.3778404,-17661781.5916069,-26340768.3088066,-25169974.0577364,-33433968.8182231,-25103824.7103855,-23485242.7782488,-27965643.076279,-26538304.1258801,-43157832.1866468,-39081207.2600698,-32644819.8381734,-42825781.6319811,-41807587.6041562,-40484080.3784424,-55250523.5713453,0,0,0,0,0,0,-65048436.6642166,-67228553.8268586,-71016038.0094609,-80670861.6579645,-103789129.037299,-113732237.077624,-147529214.357089,-171969380.907535,-198289288.337164,-180663488.369665,-192276730.005313,-204929211.590683,-189023883.739549,-178654027.905329,-186642104.301609,-163189975.201124,-201023301.473995,-215473433.766685,-220521502.903227,-214982924.716985,-240769752.300846,-270380773.124863,-288130003.150856,-273376514.281362,0
Korea,South Asia (IDA & IBRD),TSA,BN.GSR.GNFS.CD,0,0,0,0,0,0,0,0,0,0,0,0,0,0,0,0,0,0,0,0,0,0,0,0,0,0,0,0,0,0,0,0,0,0,0,0,0,0,0,0,0,0,0,0,0,0,0,0,0,0,0,0,0,0,0,0,0,0,0,0,0,0,0,0,0,0
Korea,Sub-Saharan Africa (IDA & IBRD countries),TSS,BN.GSR.GNFS.CD,0,0,0,0,0,0,0,0,0,0,0,0,0,0,0,0,0,0,0,0,0,0,0,0,0,0,0,0,0,0,0,0,0,0,0,0,0,0,0,0,0,0,0,0,0,0,0,0,0,0,0,0,0,0,0,0,0,0,0,0,0,0,0,0,0,0
Korea,Trinidad and Tobago,TTO,BN.GSR.GNFS.CD,0,0,0,0,0,0,0,0,0,0,0,0,0,0,0,434464487.418289,388909301.600329,391458333.496439,151916666.729971,259375000.108075,704500000.29354,665291666.943875,-579958333.574976,-785083333.660453,-114541666.666664,325714285.71429,-172944444.444449,72500000.000005,222595121.951224,346588235.294116,861929411.764698,435058823.529414,586611764.705884,434228746.879922,629543391.165713,688355840.503939,626221277.896071,-236240561.534538,-324468120.999178,392800000,1134900060.01781,921900049.252249,501700000,1607000000,2133958664.5938,4624246809.66517,8025822193.7939,6075060780.6821,9680128922.6859,2622876047.27209,5223027322.1487,7557512519.12247,6187027547.1859,7192195003.68176,5964004073.44222,2407442366.62006,-361238438.597955,1080826556.66377,2426307521.80506,1605385243.95971,-344819601.954503,2906273134.53272,6616106894.29565,2326044037.5886,1022686056.82139,0
Korea,Tunisia,TUN,BN.GSR.GNFS.CD,0,0,0,0,0,0,0,0,0,0,0,0,0,0,0,0,-426797272.291522,-601468704.048184,-499794756.960291,-376418489.716564,-503760714.905006,-546775460.339592,-777060629.820439,-696852134.713129,-862475864.011196,-533256107.782969,-644812585.599815,-150845488.965652,6994603.4691288,-477183249.42832,-835673624.288424,-630528730.245281,-1223382203.29401,-1379837109.48202,-661358553.051614,-832143801.215966,-372916470.477446,-523551530.039411,-650727787.657248,-455225610.655652,-704757967.437167,-882038628.287445,-892572446.778582,-944539663.033988,-677497055.989727,-132877732.959939,-672789767.28461206,-769417870.358922,-1366482479.6932,-1174131195.49722,-2114643006.84645,-3306190583.30473,-4149839670.91186,-4309090629.31182,-5350552962.13939,-4800815650.28994,-4575068667.46327,-5144900131.22953,-4976206258.68746,-3915823821.02449,-3368429350.47927,-4123466217.67132,-5198966231.99805,-2220904968.59434,-2474537236.01198,0
Korea,Turkiye,TUR,BN.GSR.GNFS.CD,0,0,0,0,0,0,0,0,0,0,0,0,0,0,-1874000000,-2921000000,-2849000000,-3906000000,-1924000000,-2247000000,-4461000000,-3068000000,-1741000000,-2217000000,-1924000000,-1376000000,-1428000000,-1044000000,2020000000,-162000000,-4482000000,-2126000000,-2269000000,-7340000000,2885000000,-3532000000,-3607000000,-4136000000,-520000000,-2269000000,-10682000000,5773000000,1495000000,-3017000000,-9706000000,-17064000000,-26990000000,-32739000000,-34009000000,-6036000000,-39580000000,-68872000000,-36659000000,-41986000000,-25425000000,-13068000000,-14545000000,-26948000000,-4310000000,25986000000,-22573000000,3517000000,-37098000000,-29014000000,5610000000,0
Korea,Tuvalu,TUV,BN.GSR.GNFS.CD,0,0,0,0,0,0,0,0,0,0,0,0,0,0,0,0,0,0,0,0,0,0,0,0,0,0,0,0,0,0,0,0,0,0,0,0,0,0,0,0,0,-24766822.7199242,-16697895.4883712,-18394631.3658252,-22032363.2685932,-17585713.0289338,-18457188.2078866,-28357255.7707604,-35437146.7188962,-45172615.6154532,-38186368.7152104,-50283574.6471034,-24618807.9022671,-37364725.4502139,-40102214.9760931,-59835184.2181839,-47120301.4064091,-49723193.4592885,-47705825.7364484,-64233849.7164621,-53857480.2451788,-61216533.6123124,-55155781.6030925,0,0,0
Korea,Tanzania,TZA,BN.GSR.GNFS.CD,0,0,0,0,0,0,0,0,0,0,0,0,0,0,0,0,-70910344.3799,-165395770.6219,-631608975.6462,-512619232.4115,-636362065.1913,-515482067.327,-617607690.4365,-380425596.8703,-430741061.663,-643817845.3645,-695699688.2128,-831663693.0859,-792540326.9293,-810235027.3725,-935639395.7117,-1024720054.7248,-1100232134.5546,-1256221665.0045,-874960725.2506,-874214415.4253,-794314713.8102,-715155575.4769,-1162345584.8438,-1008601956.5421,-689002427.5332,-442983959.593058,-244160607.074363,-490549900.855539,-842287442.092876,-1233237686.55781,-1667765483.88713,-2172024930.08374,-3096600480.99103,-2403363302.95343,-2684369999.1861,-4637338455.47745,-4002388940.85882,-5057876566.20485,-4934358522.59888,-2374224902.06515,-643404373.610813,-951865241.000374,-2138110389.24611,-745051645.543504,-595245885.422409,-1736406971.61126,-4688288595.63165,-2078437441.89751,0,0
Korea,Uganda,UGA,BN.GSR.GNFS.CD,0,0,0,0,0,0,0,0,0,0,0,0,0,0,0,0,0,0,0,0,-111700000,-111600000,-150900000,-124800000,55000000,2700000,-72800000,-360200000,-492400000,-547800000,-508500000,-424900000,-483900000,-477790000,-623400000,-825220000,-877470000,-954180000,-1207960000,-728800000,-745400000,-770600374.089807,-845961839.509004,-744677722.270111,-787003913.924608,-812386909.344833,-1262231494.60584,-1507574899.66939,-2260444729.95139,-1874448910.65659,-2710270039.52991,-3161103293.92494,-2810466919.29134,-2469982029.41979,-2869237266.56409,-2583228571.28329,-1670742137.57072,-2135895466.18326,-2795233354.00585,-3623437760.9305,-4587017967.97401,-4388622732.66703,-4963175739.12547,-4349573912.66696,-4916985827.87417,0
Korea,Ukraine,UKR,BN.GSR.GNFS.CD,0,0,0,0,0,0,0,0,0,0,0,0,0,0,0,0,0,0,0,0,0,0,0,0,0,0,0,0,0,0,0,0,0,0,-1366000000,-1190000000,-1122000000,-1536000000,-1207000000,1821000000,1436000000,535000000,1864000000,1298000000,4980000000,674000000,-3070000000,-8131000000,-14368000000,-1957000000,-3982000000,-10145000000,-14346000000,-15634000000,-4606000000,-2362000000,-6453000000,-8744000000,-11378000000,-12511000000,-2378000000,-2671000000,-25737000000,-37879000000,-39403000000,0
Korea,Upper middle income,UMC,BN.GSR.GNFS.CD,0,0,0,0,0,0,0,0,0,0,0,0,0,0,0,0,0,0,0,0,0,0,0,0,0,0,0,0,0,0,0,0,0,0,0,0,0,0,0,0,0,0,0,0,0,0,0,0,0,0,0,0,0,0,0,0,0,0,0,0,0,0,0,0,0,0
Korea,Uruguay,URY,BN.GSR.GNFS.CD,0,0,0,0,0,0,0,0,0,0,0,0,0,0,0,0,0,0,-57300000,-309300000,-617700000,-397300000,-48200000,222400000,222500000,242100000,308260000,153070000,325140000,474370000,499090000,234730000,149720000,-104790000,-236900000,-61500000,-127200000,-168900000,-336600000,-437300000,-533085861.015571,-459485291.013659,201535963.635053,318474094.564127,478265127.68267,392623980.58477,-89902847.809965,157956462.694981,-960800911.803937,520918149.434065,630230268.100273,161119684.099074,1691777409.05075,1003505791.87648,1828336998.16352,2232850552.98894,3064989235.45963,3477944620.1946,3277431074.20025,3778995356.27918,2477123579.38679,4543290260.83859,3915693038.9659,2658958168.67718,4115909038.57029,0
Korea,United States,USA,BN.GSR.GNFS.CD,0,0,0,0,0,0,0,0,0,0,-610000000,-5040000000,-10120000000,-1140000000,-6400000000,9970000000,-6820000000,-27640000000,-30167000000,-24966700000,-18953000000,-15680000000,-23537000000,-57135000000,-108277000000,-121102000000,-138527000000,-151675000000,-114660000000,-93126000000,-80852000000,-31180000000,-39207100000,-70311000000,-98511000000,-96387000000,-104035000000,-108288000000,-166130000000,-255813000000,-369689000000,-360373000000,-420666000000,-496251000000,-610833000000,-716537000000,-763533000000,-711000000000,-712352000000,-394779000000,-503078000000,-554517000000,-525907000000,-446857000000,-483951000000,-490773000000,-479461000000,-516935000000,-577496000000,-559272000000,-646043000000,-837273000000,-923733000000,-774217000000,-903539000000,0
Korea,Uzbekistan,UZB,BN.GSR.GNFS.CD,0,0,0,0,0,0,0,0,0,0,0,0,0,0,0,0,0,0,0,0,0,0,0,0,0,0,0,0,0,0,0,0,0,0,0,0,0,0,0,0,0,0,0,0,0,595205560.146499,837251852.549651,894508478.440347,379828829.786654,374334956.985063,-576395001.772031,-1340120395.82829,-3823513481.57155,-3747242960.65554,-3472705968.88593,-2822431854.84856,-3931093288.86307,-4057926979.49276,-9308409952.72889,-9561992395.75121,-8101617547.61802,-11493850298.6675,-14677444945.6623,-17596813629.8676,-17450851224.3599,0
Korea,St. Vincent and the Grenadines,VCT,BN.GSR.GNFS.CD,0,0,0,0,0,0,0,0,0,0,0,0,0,0,0,0,0,0,-9300000,-19100000,-24500000,-17500000,-25709629.6296296,-19700000,-13500000,-6800000,-9485185.18518519,-22711111.1111111,-11781481.4814815,-31096296.2962963,-22100000,-41507407.4074075,-23722222.2222222,-43440740.7407407,-57814814.8148148,-38200000,-37051851.8518519,-80603703.7037036,-91600000.0000001,-62785185.1851852,-38394526.8069837,-36172026.7591681,-24058810.9886715,-45004853.7048797,-71602020.7723527,-78746865.3164633,-105177947.745311,-155646062.628572,-226198903.262345,-184409499.988412,-190770765.316868,-163357013.412679,-192587256.787243,-199002223.388782,-192848135.192929,-132713776.89863,-136031121.70791,-136166296.303064,-130658082.20300101,-97597349.2592592,-190409127.407407,-289660748.888889,-262540490,-243766482.592593,-215996803.333333,0
Korea,"Venezuela, RB",VEN,BN.GSR.GNFS.CD,0,0,0,0,0,0,0,0,0,0,541000000,810000000,474000000,1676000000,6596000000,2244000000,278000000,-2984000000,-5366000000,760000000,4838000000,3835000000,-2077000000,6751000000,6885000000,5731000000,-522000000,320000000,-3891000000,4712000000,9355000000,2698000000,-1629000000,90000000,4529000000,3848000000,10501000000,6346000000,-1697000000,3632000000,13411000000,4151000000,10512000000,14113000000,19264000000,27711000000,27585000000,13688000000,33797000000,5726000000,12693000000,26222000000,14688000000,14529000000,12551000000,-8235000000,2874000000,0,0,0,0,0,0,0,0,0
Korea,British Virgin Islands,VGB,BN.GSR.GNFS.CD,0,0,0,0,0,0,0,0,0,0,0,0,0,0,0,0,0,0,0,0,0,0,0,0,0,0,0,0,0,0,0,0,0,0,0,0,0,0,0,0,0,0,0,0,0,0,0,0,0,0,0,0,0,0,0,0,0,0,0,0,0,0,0,0,0,0
Korea,Virgin Islands (U.S.),VIR,BN.GSR.GNFS.CD,0,0,0,0,0,0,0,0,0,0,0,0,0,0,0,0,0,0,0,0,0,0,0,0,0,0,0,0,0,0,0,0,0,0,0,0,0,0,0,0,0,0,0,0,0,0,0,0,0,0,0,0,0,0,0,0,0,0,0,0,0,0,0,0,0,0
Korea,Viet Nam,VNM,BN.GSR.GNFS.CD,0,0,0,0,0,0,0,0,0,0,0,0,0,0,0,0,0,0,0,0,0,0,0,0,0,0,0,0,0,0,0,0,0,0,0,0,-2836000000,-1870000000,-1519000000,425000000,-175000000,-91000000,-1804000000,-3359000000,-3159000000,-2735189000.00001,-2783741800,-11193100000,-13733000000,-10028000000,-7597000000,-3430000000,7446000000,5604000000,8596000000,2609000000,6784000000,6816000000,12860129000,19143247000,20421000000,1799000000,15495000000,35201000000,30711000000,0
Korea,Vanuatu,VUT,BN.GSR.GNFS.CD,0,0,0,0,0,0,0,0,0,0,0,0,0,0,0,0,0,0,0,0,0,0,-9957643.63491213,-6601745.34487499,3418075.63704551,-15826525.7673025,-23209810.5915705,-22800942.6778373,-20321763.8417647,-23006923.5297882,-29295654.5156621,-20009555.2443791,-5851458.41943811,-8363487.29044152,-4875973.17039097,-4781741.21520321,5336768.92077341,8164449.6839605505,14546712.5967294,-16090216.8066353,9909552.37963154,-11803076.513748,-16192887.3368011,-14952160.1716816,-18154167.4391715,-27947217.5775426,-35285540.6726279,-32673280.3115125,-176882388.727737,7582969.9191203,-42953938.1856355,-54481480.2062565,-42682379.9349224,-25585566.0130448,-37924755.029971,-188079947.52364,-138613520.547657,-137691374.119386,-132854046.768454,-165673595.211765,-305430168.36326,-438311378.111222,-427259838.677444,0,0,0
Korea,World,WLD,BN.GSR.GNFS.CD,0,0,0,0,0,0,0,0,0,0,0,0,0,0,0,0,0,0,0,0,0,0,0,0,0,0,0,0,0,0,0,0,0,0,0,0,0,0,0,0,0,0,0,0,0,0,0,0,0,0,0,0,0,0,0,0,0,0,0,0,0,0,0,0,0,0
Korea,Samoa,WSM,BN.GSR.GNFS.CD,0,0,0,0,0,0,0,0,0,0,0,0,0,0,0,0,0,-25277405.8859049,-40769606.7345944,-55279960.5264689,-46067326.1509405,-44706189.5695043,-36220345.2927856,-29732801.7855819,-30859592.9770378,-31230050.6877296,-31376355.2450239,-42526249.9715251,-42832354.1051477,-42022883.530392,-50405834.1408647,-74999301.9734912,-90852387.3400529,-83422765.3088135,-50460798.6352336,-51022797.5276988,-49854337.6742934,-60319492.4795994,-43043921.2758977,-60740380.8370769,0,0,0,0,-90595651.9403411,-114340309.547509,-140365882.622238,-116408869.979354,-142435763.613704,-113917786.440404,-185098263.70905,-217692574.46158,-175518291.675394,-184195478.053126,-190219297.255032,-140183984.453907,-151808671.148169,-131790049.234278,-119464622.757452,-119925332.495852,-260271388.740084,-332236640.082348,-336643753.058206,-214589200.00539,-206077460.085428,0
Korea,Kosovo,XKX,BN.GSR.GNFS.CD,0,0,0,0,0,0,0,0,0,0,0,0,0,0,0,0,0,0,0,0,0,0,0,0,0,0,0,0,0,0,0,0,0,0,0,0,0,0,0,0,0,0,0,0,-1245676355.21507,-1352154274.85571,-1436521228.20795,-1794549825.15421,-2334268089.79619,-1991888229.9653,-2069194853.74307,-2292999083.86576,-1995451460.27641,-1964452983.3008,-2113818726.68873,-1828854778.5638,-1824923277.65927,-1842030133.35535,-2219858288.70392,-2142138007.1665,-2499807658.92248,-2989299472.76924,-3082019863.88968,-3206829833.26303,0,0
Korea,"Yemen, Rep.",YEM,BN.GSR.GNFS.CD,0,0,0,0,0,0,0,0,0,0,0,0,0,0,0,0,0,0,0,0,0,0,0,0,0,0,0,0,0,0,0,0,0,0,0,0,0,0,0,0,0,0,0,0,0,830926947.03033,84060000,-1584040000,-1499190000,-2870223439.80882,-1358512505.34227,-323762813.745822,-4310359854.05557,-3460906147.52647,-5813165343.09012,-5830133440.70453,-7317640701.7886,0,0,0,0,0,0,0,0,0
Korea,South Africa,ZAF,BN.GSR.GNFS.CD,377999848.95126,639799744.336022,743399702.937478,510999795.804481,198799920.559551,-121799951.328739,264599894.265882,47599980.9790469,449399820.419832,89599964.1958549,-632799747.133221,-829604304.769884,518444007.958402,723921400.116414,-190487694.624742,-894814876.328009,-433549999.623,1974549998.283,3045199997.352,5279006137.69559,6358428580.16809,-1503669488.11725,-414507442.485873,3232197150.15388,1297536472.08378,5034126841.97369,5763512365.57824,8502840178.83518,5977051773.05472,5082554542.73237,6143184713.5913,5123806430.0296,5286458564.15008,6102068027.55894,3060676857.04778,1027227364.63049,2192238677.62611,1710207030.30467,1729665352.52922,3459740002.11658,3920384073.99069,4867804949.98357,4362352875.09928,4046566618.60655,-410368408.65194,-633341903.4516,-4634129812.53611,-3999046294.35807,-4930518851.96361,1520940147.43798,4979510585.48025,3577039872.35294,-5624548538.35774,-8513750950.04514,-5763323054.59322,-4456305640.43504,1533892059.15329,4349083220.0379,1986405030.54344,1938862949.73873,15079234261.2037,26351816045.8632,9009915063.9182,3122509192.58848,7811501898.59058,0
Korea,Zambia,ZMB,BN.GSR.GNFS.CD,0,0,0,0,0,0,0,0,0,0,0,0,0,0,0,0,0,0,-82200000,311300000,-156500000,-500800000,-348400000,-23400000,65500000,39200000,22900000,91500000,271300000,207800000,-536800000,140100000,0,0,0,0,0,-115400000,-332200000,-297200000,-440346600,-564731600,-474321000,-544413000,-97934000,254704736.506342,1397247573.82847,781610499.437952,242684693.993283,815291850.985746,2456328690.62676,1871775832.89178,1251408783.64499,589795131.520804,831835103.423319,-645149166.648263,-511897651.362031,350869419.130876,-210418903.757477,222169787.657448,2692282687.97675,4036755514.81567,2421779088.79185,599476624.762461,0,0
Korea,Zimbabwe,ZWE,BN.GSR.GNFS.CD,0,0,0,0,0,0,0,0,0,0,0,0,0,0,0,0,0,68037617.7114352,108917284.712096,16458555.9559713,-119171131.044877,-483750165.97115,-415326544.080626,-201487892.095082,-33826575.3746349,33737234.4487859,164004879.021809,195525602.453514,280350906.78403,159798573.049641,11314892.3396039,-305484076.768716,-609645413.816023,-69506441.1774695,-170672367.246172,0,0,0,0,0,0,0,0,0,0,0,0,0,0,-1788395612.17584,-2906785439.76514,-4402366967.13923,-4081524864.29304,-4226654734.40717,-3872564257.26463,-3250612626.77115,-2129620999.58694,-1581086032.20988,-2464035915.605,-131430452.855318,-226006542.947893,-1529047176.81581,-2115076198.18564,-2690324727.51443,0,0
USA,Aruba,ABW,BN.GSR.GNFS.CD,0,0,0,0,0,0,0,0,0,0,0,0,0,0,0,0,0,0,0,0,0,0,0,0,0,0,-14581005.5865922,-7430167.59776518,-26312849.1620111,-38770949.7206703,-149273743.01676,-199217877.094972,33854748.603352,42849162.011173,85027932.9608939,-25586592.178771,-53631284.916201,-167541899.44134,-14357541.899441,-339905027.932961,309776536.312849,430458100.558658,-137737430.167598,-24379888.2681564,453525139.664804,716110922.86535,546729298.500314,766368715.083801,247765363.128491,344357541.899441,-248938547.486035,101005586.592178,281620111.731844,-102680590.451313,39400255.790602,308640824.100133,333530343.29187,267547883.876194,287147825.572271,321664233.500011,-200488449.87514701,253587682.830592,423839378.911453,587859510.230008,0,0
USA,Africa Eastern and Southern,AFE,BN.GSR.GNFS.CD,0,0,0,0,0,0,0,0,0,0,0,0,0,0,0,0,0,0,0,0,0,0,0,0,0,0,0,0,0,0,0,0,0,0,0,0,0,0,0,0,0,0,0,0,0,0,0,0,0,0,0,0,0,0,0,0,0,0,0,0,0,0,0,0,0,0
USA,Afghanistan,AFG,BN.GSR.GNFS.CD,0,0,0,0,0,0,0,0,0,0,0,0,0,0,0,0,0,0,0,-205100000,-176800000,-337700000,-212700000,-263000000,-579800000,-407500000,-793800000,-486500000,-328400000,-466400000,0,0,0,0,0,0,0,0,0,0,0,0,0,0,0,0,0,0,-1877652994.15051,-1956521857.76781,-3205300950.54898,-4149500356.09605,-7442378553.20737,-8671425447.58479,-6261263543.711,-7044964161.23314,-6191463867.40496,-6803560118.47488,-6378166942.37589,-5855061056.02892,-5506547001.36988,0,0,0,0,0
USA,Africa Western and Central,AFW,BN.GSR.GNFS.CD,0,0,0,0,0,0,0,0,0,0,0,0,0,0,0,0,0,0,0,0,0,0,0,0,0,0,0,0,0,0,0,0,0,0,0,0,0,0,0,0,0,0,0,0,0,0,0,0,0,0,0,0,0,0,0,0,0,0,0,0,0,0,0,0,0,0
USA,Angola,AGO,BN.GSR.GNFS.CD,0,0,0,0,0,0,0,0,0,0,0,0,0,0,0,0,0,0,0,0,0,0,0,0,0,388000000,-211000000,689000000,114000000,651000000,606900000,434300000,-54757000,-18200000,149800000,316690000,898908000,-57120000,-1049830000,-394130000,2449010000,39510000,1452563748.26,908005425.5,3163257044.7,9142016030.83224,17057651830.29,18402195771.95,21121860427.389,-378203335.81,16030508137.59,24144210612.8378,26025090817.047,20169149501.7639,7313313527.45261,-3531471369.03048,2642737292.90861,7341498049.76021,15501535712.0518,12880814227.1861,5858757656.16661,14829788600.5572,21556000869.8593,13272713526.9466,14241387649.6525,0
USA,Albania,ALB,BN.GSR.GNFS.CD,0,0,0,0,0,0,0,0,0,0,0,0,0,0,0,0,0,0,0,0,6700000,27400000,-86700000,-50900000,-37800000,-43500000,-9000000,-2100000,-34300000,-49800000,-131400000,-232200000,-539300000,-574200000,-513100000,-532500000,-738500000,-586432500,-646330000,-556700000,-795800000,-936900000,-1160330000,-1419161205.65833,-1642928988.60121,-2039576837.24939,-2203548908.04487,-2879743004.28052,-3446126996.47815,-2967394172.50194,-2456390642.37229,-2932716632.8208,-2296761241.42573,-2308765606.46251,-2506992157.87102,-1966180769.23214,-2001510213.2648,-1978658722.18737,-2069586882.26658,-2103429046.38418,-2210461795.58811,-2392168078.17823,-1959879935.13069,-1275078200.87066,-1848064175.32253,0
USA,Andorra,AND,BN.GSR.GNFS.CD,0,0,0,0,0,0,0,0,0,0,0,0,0,0,0,0,0,0,0,0,0,0,0,0,0,0,0,0,0,0,0,0,0,0,0,0,0,0,0,0,0,0,0,0,0,0,0,0,0,0,0,0,0,0,0,0,0,0,0,302799704.869729,114551911.225631,302952018.272698,296200061.152847,452742525.188009,645187655.156501,0
USA,Arab World,ARB,BN.GSR.GNFS.CD,0,0,0,0,0,0,0,0,0,0,0,0,0,0,0,0,0,0,0,0,0,0,0,0,0,0,0,0,0,0,0,0,0,0,0,0,0,0,0,0,0,0,0,0,0,0,0,0,0,0,0,0,0,0,0,0,0,0,0,0,0,0,0,0,0,0
USA,United Arab Emirates,ARE,BN.GSR.GNFS.CD,0,0,0,0,0,0,0,0,0,0,0,0,0,0,0,0,0,0,0,0,0,0,0,0,0,0,0,0,0,0,0,0,0,0,0,0,0,0,0,0,0,0,0,0,0,0,0,0,0,0,0,0,0,0,0,0,0,0,0,0,0,0,0,0,0,0
USA,Argentina,ARG,BN.GSR.GNFS.CD,0,0,0,0,0,0,0,0,0,0,0,0,0,0,0,0,1125000000,1836000000,2456000000,337000000,-3285000000,-1006000000,2320000000,2947000000,3204000000,4342000000,1543000000,245000000,3555000000,5109000000,7954000000,2820000000,-3953300000,-5689240000,-7917900000,-1078685000,-1787449423.72519,-6507815237.43071,-7541547974.1887,-4905758055.83513,-1831883471.95655,3521810643.66417,15717280000,15611500000,11933610000,12095220000,13266642573.1593,12570579976.2887,13340936973.2968,16652818510.3957,12343520648.5783,9198443049.71353,10943688062.5681,-693680874.42887,900177659.49876,-6600221085.86428,-4035498243.93579,-15142501699.7645,-9678495464.2347,13390550040.8824,12094415410.6255,14995374116.8722,5641696321.91141,-8863234392.09042,16653910437.86,0
USA,Armenia,ARM,BN.GSR.GNFS.CD,0,0,0,0,0,0,0,0,0,0,0,0,0,0,0,0,0,0,0,0,0,0,0,0,0,0,0,0,0,0,0,0,0,-129559250,-214245682.638889,-445631021.254785,-536868690.108658,-641500248.798067,-641619876.597845,-517560894.321732,-531776959.196634,-521259827.233028,-459464455.002652,-547927151.231746,-645186306.791906,-782593642.472682,-1035254569.32817,-1906845403.33537,-3127485895.91526,-2366282262.46614,-2326489846.17148,-2175629987.68525,-2214007063.77409,-2321776645.52881,-2168908139.47845,-1281494851.04737,-905845561.903669,-1243550763.88083,-1752742382.16506,-1817137352.77571,-1257660276.69423,-1115247228.47482,-99882952.469307,-343467608.646185,-731711963.45304,0
USA,American Samoa,ASM,BN.GSR.GNFS.CD,0,0,0,0,0,0,0,0,0,0,0,0,0,0,0,0,0,0,0,0,0,0,0,0,0,0,0,0,0,0,0,0,0,0,0,0,0,0,0,0,0,0,0,0,0,0,0,0,0,0,0,0,0,0,0,0,0,0,0,0,0,0,0,0,0,0
USA,Antigua and Barbuda,ATG,BN.GSR.GNFS.CD,0,0,0,0,0,0,0,0,0,0,0,0,0,0,0,0,0,-12200000,-7000000,-27800000,-27700000,-41100000,-47300000,-18700000,-13500000,-34600000,-87644444.4444444,-76159259.2592592,-18274074.0740741,-47974074.0740741,4740740.7407408,-25925.9259259,20914814.8148148,40666666.6666667,14533333.3333333,-37318518.5185185,-64844444.4444444,-35000000,-24022222.2222222,-56490324.8148148,-6012592.9637029,-13552876.9937656,-3034962.3926737,1525354.2217845,20885677.5701807,-29047582.4859741,-152230004.995011,-298009513.252515,-208280062.838722,-62613571.441963,-23228841.8088001,51553067.5686629,21514922.5921703,1808195.2032334,102251479.635163,162974827.103107,119501331.857293,17926577.9791885,-96960107.3873333,12635215.1851851,-158703865.185185,-162149453.333333,-116129320.740741,-87957672.2222221,31318768.5185182,0
USA,Australia,AUS,BN.GSR.GNFS.CD,0,0,0,0,0,0,0,0,0,0,0,0,0,0,0,0,0,0,0,0,0,0,0,0,0,0,0,0,0,-7654223703.63626,-3259469531.92839,956062277.31035,-595971586.92051,-1312259379.40025,-4713416475.31885,-5240428241.26407,-533267382.68758,1646368836.22285,-6467569673.68318,-10082425326.5389,-4278715479.84175,2098010276.45843,-4719220380.96603,-14416671532.8361,-19188702454.739,-14812982446.7779,-12739769551.3515,-22880495663.2295,-12412041447.686,-8745692016.93027,6038557388.26251,13124139505.3401,-24017679329.5257,-9513266324.06121,-8959866226.01984,-28773630265.3472,-12915729462.2999,3124230284.15272,11002049820.2101,41304937027.1212,43039657134.7927,81929277275.5779,86008712990.8508,59296317893.4892,18922906572.3118,0
USA,Austria,AUT,BN.GSR.GNFS.CD,0,0,0,0,0,0,0,0,0,0,0,0,0,0,0,0,0,0,0,0,0,0,0,0,0,0,0,0,0,0,0,0,0,0,0,0,0,0,0,0,0,0,0,0,0,10094027381.9188,13594759429.9566,18758629627.5828,20361565740.6298,14219475612.9926,12134112745.743,9636411469.57515,9742491014.22152,11561229856.2545,14193852265.852,13558003183.9385,14270103560.1123,12156728045.6645,13361198807.8664,15502338073.3493,14078374655.3192,3788251302.88608,-2519474101.89408,10221561709.0208,14898841398.1242,0
USA,Azerbaijan,AZE,BN.GSR.GNFS.CD,0,0,0,0,0,0,0,0,0,0,0,0,0,0,0,0,0,0,0,0,0,0,0,0,0,0,0,0,0,0,0,0,0,0,0,-505362000,-985550000,-951065000,-1415241000,-636487000,94589000,238833000,-454039000,-1712980000,-2077108000,1329081000,5821918000,13093253000,20668404000,12972340000,17998383000,21331439000,19292808000,16419226000,12838097000,1583558000,1051820000,2735430000,7703178030.41765,5745749526.72636,-417799456.700004,9062113327.4647,25999657000,10470915000,6774099000,0
USA,Burundi,BDI,BN.GSR.GNFS.CD,0,0,0,0,0,0,0,0,0,0,0,0,0,0,0,0,0,0,0,0,0,0,0,0,0,-112212410.645103,-127308943.522808,-180999564.32775,-144656148.723245,-135460084.033613,-228796850.707885,-218623410.40635,-224685553.713506,-199172089.957987,-170939494.384802,-129557670.940813,-87449352.5940279,-38087890.6203808,-96351255.0272744,-62747787.5124764,-97459551.7155253,-102096055.494448,-108960828.150083,-130484103.37884,-167796711.78127,-227398384.118993,-353763311.310568,-346620952.658039,-441272619.548802,-401314957.509576,-426014308.367945,-529656985.319385,-701167872.395645,-692692720.521686,-716976390.368953,-667274263.667495,-546564205.042517,-610565662.043586,-604282176.760059,-716523718.865391,-754497655.865512,-863533501.280828,-1086244584.16618,-1054714258.17668,0,0
USA,Belgium,BEL,BN.GSR.GNFS.CD,0,0,0,0,0,0,0,0,0,0,0,0,0,0,0,0,0,0,0,0,0,0,0,0,0,0,0,0,0,0,0,0,0,0,0,0,0,0,0,0,0,0,11486152063.3972,10699409811.9195,12289290919.4444,8640514958.88791,9137273954.1724,6389429629.91387,-6650395742.44394,5467491069.59099,5149628648.6292,-5407721282.72453,-5232743023.66307,-272882804.5013,795668538.63,6502990902.5913,5685017502.0098,5262605954.4028,-1650684747.967,2506542714.6913,7602144462.6946,11377868174.4586,-7959654595.2787,-3916912629.7933,-5568857934.6864,0
USA,Benin,BEN,BN.GSR.GNFS.CD,0,0,0,0,0,0,0,0,0,0,0,0,0,0,-73899688.6706193,-119288199.447148,-152855929.894744,-165170350.740429,-206021682.538179,-207604638.226326,-194590526.846303,-214619984.004976,-464769001.641305,-196320303.9044,-102579966.183068,-102167335.858185,-141204638.725731,-145406600.950012,-153359318.98824,-81247729.4214812,-90092810.6946714,-343430086.16516,-245575041.673662,-196400598.194143,-92834949.7100857,-280430214.213829,-94660482.747005,-209202342.599654,-207407122.539361,-252271524.301984,-179800852.890673,-224504079.56376,-289044784.417194,-360314549.72843,-345598627.142502,-372865589.105196,-445824226.265186,-755034562.024593,-772629973.066784,-791331499.717446,-632495208.400364,-643106427.180873,-710646157.284974,-858674454.319657,-1118728506.04463,-756800485.387488,-526019054.88671,-703516906.141111,-821046408.892628,-721667297.10396,-435724020.28352,-771728221.053792,-1024472573.58803,-1678118172.23451,0,0
USA,Burkina Faso,BFA,BN.GSR.GNFS.CD,0,0,0,0,0,0,0,0,0,0,0,0,0,0,0,0,0,0,0,0,0,0,0,0,0,0,0,0,0,0,0,0,0,0,0,0,0,0,0,0,0,0,0,0,0,-848815365.869128,-783537369.711016,-962174168.309755,-1374291352.15085,-892372674.527804,-668275736.493909,-697939435.893794,-585796272.56317,-1595943794.91939,-1117573282.68797,-1017344551.96401,-796037006.753357,-898228429.050722,-655586698.761391,-555481963.435646,576815704.724121,398785467.835309,-947074533.776167,-922317582.491916,0,0
USA,Bangladesh,BGD,BN.GSR.GNFS.CD,0,0,0,0,0,0,0,0,0,0,0,0,0,0,0,0,-480606264.950485,-663369889.01433,-942478540.688586,-1309762900.9952,-1829305681.98229,-1896655282.54027,-1674191270.82786,-1395938726.16493,-1678795062.44922,-1527027397.33888,-1708694420.02741,-1615000802.4229,-1778862048.53991,-2387325689.49489,-1895840930.87395,-1650022838.99286,-1561350613.08649,-1515339352.99061,-1851345900.48272,-3157115126.18329,-2836515602.01405,-2307212151.30024,-2087438608.91848,-2696292969.48389,-2458878888.10143,-2817985657.31352,-2234843547.53366,-3141653816.41339,-3854880482.14049,-4156759716.05123,-3896303860.1296,-5462928581.36726,-7672641808.74828,-6025299151.95922,-7816344792.83922,-10888026891.2585,-10157899098.9677,-9933198074.62348,-12119389611.999,-10606498175.2763,-10505302542.1777,-17594487835.4604,-21457169885.0705,-19272605860.5841,-18300384906.6327,-36008206263.1851,-33568494214.0902,-14287605601.138,-21150872014.0134,0
USA,Bulgaria,BGR,BN.GSR.GNFS.CD,0,0,0,0,0,0,0,0,0,0,0,0,0,0,0,0,0,0,0,0,1308000000,293000000,287000000,55000000,514000000,-112000000,-856000000,-514000000,-76000000,-254000000,-1077000000,-117900000,-307200000,-943400000,-6000000,274500000,307700000,546700000,-8020423.355652,-766710358.940426,-669989777.212585,-1327927121.52239,-1209902300.43731,-2061604764.8916,-2896945990.97014,-4449983421.99429,-5844352050.21159,-8945175667.26605,-10620241928.2913,-3922786473.94819,-1627160000,170110000,-1886240000,-385580000,146260000,473170000,2699850000,2647390000,1710320000,2280790000,1747790000,2125980000,984280000,4257410000,2631660000,0
USA,Bahrain,BHR,BN.GSR.GNFS.CD,0,0,0,0,0,0,0,0,0,0,0,0,0,0,0,90012642.4526233,-33872670.022997,-28560596.5589803,40004817.8877582,348254470.146654,304774346.064674,368617022.25696,364920213.73649,51063829.9230428,331117021.643526,523670212.765958,472074468.085106,325797872.340426,449734042.553192,264095744.680851,120478723.404255,-490425531.914894,-588031914.893617,177127664.67788,316489391.162576,675266009.827816,718617083.391104,607180907.583329,44414898.0466977,1052961957.63309,2044070281.64894,1811550028.19149,1332161989.80497,1775601799.20213,2166297712.58864,3109957700.70922,4103227902.39362,4688031914.89362,4955053191.48936,4350797872.34043,4784840425.53192,9061702127.65957,5659840425.53192,5771542553.1915,5520212765.95745,3351063829.78723,2694148936.17021,2855585106.38298,2910372340.42554,4356382978.7234,1952393617.02128,7657180851.06383,11513031914.8936,7970212765.95744,8259042553.19148,0
USA,"Bahamas, The",BHS,BN.GSR.GNFS.CD,0,0,0,0,0,0,0,0,0,0,0,0,0,0,0,0,140700000,122900000,142700000,92500000,58600000,12300000,10400000,28100000,61300000,175400000,205400000,130400000,111900000,41500000,130600000,-12000000,106400000,153260000,68100000,-28100000,-151700000,-358800000,-832100000,-403400000,-570760000,-556100000,-281323042.557,-369790000,-416580000,-603804537.741,-1237750000,-1135298058.99422,-1112196412.431,-670319000,-576589000,-930926000,-1247731400,-1168058000,-1513316594.86294,-815857514.44974,-585952462.183125,-1158779778.81241,-364418785.555463,324221272.858005,-1722379433.88589,-1617321175.32263,-417261475.674218,-262192794.037693,-297869650.248138,0
USA,Bosnia and Herzegovina,BIH,BN.GSR.GNFS.CD,0,0,0,0,0,0,0,0,0,0,0,0,0,0,0,0,0,0,0,0,0,0,0,0,0,0,0,0,0,0,0,0,0,0,0,0,0,0,-2925389370.83722,-3117889819.77411,-2577518132.81806,-2730065298.51948,-3120639139.59946,-3821941979.2465,-4138362133.57751,-4345529639.45764,-3624941968.5814,-4662020359.93845,-6229877854.77118,-4194259998.58544,-3699616132.55731,-4434962079.82806,-4035721592.83707,-3724521863.46057,-4198572495.40221,-2961519174.21344,-2810928851.09672,-2940154629.0582,-2963549337.95131,-2957316131.70518,-2706264703.82631,-2622901991.03197,-3328380284.60602,-3248180035.83962,-3970065947.91047,0
USA,Belarus,BLR,BN.GSR.GNFS.CD,0,0,0,0,0,0,0,0,0,0,0,0,0,0,0,0,0,0,0,0,0,0,0,0,0,0,0,0,0,0,0,0,0,-479800000,-437700000,-483300000,-576400000,-853000000,-1019200000,-255500000,-567100000,-633700000,-473400000,-692400000,-1493900000,341600000,-1492100000,-2810400000,-4646800000,-5597200000,-7481800000,-1188200000,2863199999.99999,-2300600000,-444100000,132400000,-8800000,100100000,929100000,-403000000,1947600000,3950314056.96,4686035287.81,338775604.64,-1444692071.7,0
USA,Belize,BLZ,BN.GSR.GNFS.CD,0,0,0,0,0,0,0,0,0,0,0,0,0,0,0,0,0,0,0,0,0,0,0,0,-17100000,-13100000,-13050000,-14100000,-20750000,-40750000,-3850000,-43000000,-42900000,-60500000,-42201500,-28143500,-11710000,-43315000,-63297500,-70653468.46,-166561465.90375,-162844254.468061,-141161220.765321,-135689422.722701,-84088082.0113377,-88005496.071037,25931934.0018133,13477104.0825889,-91248702.9103413,-53959075.1280521,19961433.0748313,-5491301.2052109,9363001.6298624,-27570992.447436,-67121775.1502315,-148978201.23580801,-163283832.513023,-56978145.601239,-83794802.70071,-100716723.794308,-187195108.458476,-206457407.047168,-204514136.129337,-37145635.6283785,-83824398.137295,0
USA,Bermuda,BMU,BN.GSR.GNFS.CD,0,0,0,0,0,0,0,0,0,0,0,0,0,0,0,0,0,0,0,0,0,0,0,0,0,0,0,0,0,0,0,0,0,0,0,0,0,0,0,0,0,0,0,0,0,0,-338490000,-650029970.091134,-712497097.004796,-693118178.729979,-585289486.165294,-326799752.461443,-399084688.584863,-515927552.12556,-605016880.405959,-568413579.362972,-610483019.836141,-649147240.362098,-611553069.983311,-618767800.17432,-696022076.187566,-789315041.099342,-809905535.635797,-701163187.467629,0,0
USA,Bolivia,BOL,BN.GSR.GNFS.CD,0,0,0,0,0,0,0,0,0,0,0,0,0,0,0,0,-36000000,-65800000,-244600000,-265900000,197200000,-142100000,192300000,117500000,152200000,11000000,-175700000,-266300000,-174900000,-160900000,-109500000,-198100000,-578800000,-536500000,-171700000,-340100000,-418490000,-648500000,-844800000,-678100000,-607815903.97,-458745530.02828,-516682880.93811,-86907789.367575,231061237.172873,414848470.908809,892459631.560589,814530371.934917,1244957796.03459,274170000,681407338.7748,345773475.203279,2339083705.3513,1691971936.9631,1082959462.10384,-1979737198.24535,-2514014188.13787,-2173220117.97295,-1992410887.07075,-1686182613.50533,-624744932.577178,1418181475.78692,1217953798.72786,-1085476480.35164,-1427136381.29981,0
USA,Brazil,BRA,BN.GSR.GNFS.CD,0,0,0,0,0,0,0,0,0,0,0,0,0,0,0,-4994000000,-3971000000,-1686000000,-2882000000,-5041000000,-5957000000,-1688000000,-2810000000,4062000000,11337000000,10762000000,5731000000,8794000000,16145000000,13327000000,6986000000,6687000000,11897000000,8739000000,5515000000,-10652000000,-13512000000,-19380594698.5763,-18610746032.7427,-9991935231.31036,-10570608610.0643,-7220433515.30619,5921177448.69253,17461618605.616,25829510957.0654,33674229216.4115,33452513822.936,22217254175.7016,1980084511.86791,2316649166.28788,-19368906955.83,-16829708574.575,-31639635804.95,-54583362068.38,-63791507501.575,-28224926938.445,7888268360.8,15770565742.07,5020740727.415,-8913681707.435,11006501378.435,15355119391.01,10631648818.77,48997429682.235,10860692005.12,0
USA,Barbados,BRB,BN.GSR.GNFS.CD,0,0,0,0,0,0,0,-23363546.4473362,-29815381.1020923,-45133583.3528332,-51712124.6759439,-47572138.2663624,-51421819.5630711,-56939753.5519686,-64909100.7508751,-52869417.4777504,-73740087.325,-62946316.7,-43413348.3,-68091566.635,-85454457.5,-156907055,-92430845,-90116417.5,-20411335,20984117.5,45968981.9294945,26750785.047862,81865712.6807956,59103428.0598285,20105969.402965,11731183.079585,158203259.196937,138420342.432369,189562661.109446,70400073.5489945,199454491.638673,-37846500.2093395,-58703765.3219385,-89379642.1910565,-54043855.6815411,-53106203.21171,-70241385.9001929,-111609970.789287,-286541342.316748,-258976337.096995,-63175419.2618752,-82551497.7587099,-194010698.48884,-79742008.0045355,-99336415.1264348,-101831734.53244,-122685030.092565,-63011759.6557801,32195367.75406,115142644.281685,171899877.501825,15071255.5452452,0,0,0,0,0,0,0,0
USA,Brunei Darussalam,BRN,BN.GSR.GNFS.CD,0,0,0,0,0,0,0,0,0,0,0,0,0,0,0,0,0,0,0,0,0,0,0,0,0,0,0,0,0,0,0,0,0,0,0,0,0,0,0,0,0,1989059787.25675,1779007179.21169,2568584409.5717,3199787455.8062,4335140927.97401,5569590895.58787,5196313757.02077,7304766748.18525,4370174427.09202,5424417631.9042,7303248266.46829,6609154195.79177,4557118830.5744,5813453718.26044,1903397568.72309,1039098776.80807,1705234270.82597,1359241663.74238,1021907895.20701,503987342.563082,1971217783.42695,4305796750.51132,2495993793.47065,2372398524.64068,0
USA,Bhutan,BTN,BN.GSR.GNFS.CD,0,0,0,0,0,0,0,0,0,0,0,0,0,0,0,0,0,0,0,0,0,0,0,0,0,0,0,0,0,0,0,0,0,0,0,0,0,0,0,0,0,0,0,0,0,0,-135666508.275048,50402524.6251132,-112000942.938711,-107898255.761345,-344757300.899123,-558990156.79171,-478829661.216349,-433041928.515847,-459214963.248015,-496734660.340354,-594968891.454513,-518571545.318266,-462859072.853854,-452196090.39644,-401795399.42642,-287001900.563872,-789981472.512696,-902301816.68712,-568591172.254581,0
USA,Botswana,BWA,BN.GSR.GNFS.CD,0,0,0,0,0,0,0,0,0,0,0,0,0,0,0,-84380460.0777117,-42090010.5709061,-73281420.1392245,-123044302.134794,-93864262.9841853,-173051561.868251,-400483624.391318,-198317730.999057,-71381307.359265,11244839.70046,179652049.010063,189128650.337643,704432208.996844,353551580.113065,517101258.425312,18006243.0600944,94531112.1627386,16447641.2802616,132476295.616108,384222050.918828,370895868.754373,569169393.307054,664882047.498742,-190025982.753887,597855038.450704,679374829.037563,604634492.20366,756116707.382116,955465957.303522,826929861.875511,1825358096.44794,1932753983.84303,1279865881.8668,-292092928.697593,-1262773518.87742,-1300748908.36186,-1019051881.27161,-2393567414.34267,-431507246.341567,474712194.042951,-909033269.203554,1308031982.08468,623187923.396331,169943118.054827,-1467064804.5948,-2796625701.36763,-1405435073.4656,198996111.478663,-709996600.792439,-2558995698.98222,0
USA,Central African Republic,CAF,BN.GSR.GNFS.CD,0,0,0,0,0,0,0,0,0,0,0,0,0,0,0,0,0,-46267561.469392,-62639631.8063489,-88989534.0252786,-126405983.520643,-67231819.6091651,-90147402.1163416,-82119625.0562135,-77225049.1685395,-97955993.8223748,-157155853.947018,-155355473.646591,-134132076.258033,-116783795.468032,-190527759.354211,-139202546.175899,-180730947.707285,-108312334.398684,-65381291.4120434,0,0,0,0,0,0,0,0,0,0,0,0,0,0,0,0,0,0,0,0,0,0,0,0,0,0,0,0,0,0,0
USA,Canada,CAN,BN.GSR.GNFS.CD,-506965097.119612,-212120980.730522,-95384130.624448,309278759.858606,563628154.482249,-72914365.29116,14746027.033359,659237891.668527,863477545.351366,91577097.885006,2225305803.45783,1599649051.68283,998715623.641446,1798485347.07658,188806815.456828,-3075889125.97873,-1515997270.58041,-510403180.723825,666682553.677133,1184242918.34056,4717395080.82998,2361388870.09483,12130845692.3911,11082294016.2113,12377075316.1164,8477603565.87651,3697836184.17817,5199682303.13484,4077707643.07544,363564038.84548,1115963784.24021,-3204750443.16358,-2261089319.66952,63206950.53321,6647801661.67287,18904083589.1696,24629288042.4509,12429974698.0679,12048309635.2646,24096639864.5943,41604373750.7723,41819090368.6475,32839901425.9662,34073822805.147,44846759262.6836,45678110612.9024,35204360382.2795,30611671625.0844,28144247478.8098,-20294599835.7533,-30874997989.8313,-21682664821.6812,-34518334882.5215,-28982082930.2643,-16320998998.6071,-38583775871.449,-36241676908.6053,-36237673595.1705,-33732774271.5123,-25538102775.714,-36499244170.9958,2027310252.3313,12724832765.5058,1355284940.1316,-5947032089.6962,0
USA,Central Europe and the Baltics,CEB,BN.GSR.GNFS.CD,0,0,0,0,0,0,0,0,0,0,0,0,0,0,0,0,0,0,0,0,0,0,0,0,0,0,0,0,0,0,0,0,0,0,0,0,0,0,0,0,0,0,0,0,0,0,0,0,0,0,0,0,0,0,0,0,0,0,0,0,0,0,0,0,0,0
USA,Switzerland,CHE,BN.GSR.GNFS.CD,0,0,0,0,0,0,0,0,0,0,0,0,0,0,0,0,0,47430340.003061,-256707815.686031,-3180321456.38463,-3247581863.0006,-264224100.776275,-972774618.862203,-2215667515.86451,2012186039.6817,1891641654.37249,-12229582.6203,1018648396.41673,1692749265.35913,1758821461.86409,644418982.71735,4234403965.62043,9072204292.60039,11646322343.4134,13329165729.8699,14403419962.3246,12583959676.7016,14061341027.5182,12697634856.9753,15727670908.0436,12886665395.9725,11072088900.1949,16655365716.5224,18415553584.6914,28841850853.9883,21573539773.2025,29059214083.0142,44083170196.1085,52986310349.9128,32328344852.1281,54667613649.7312,46724214461.4352,55586080042.0105,65660095247.1844,68818322759.5168,66082559477.8815,62479254234.7253,57803788876.0292,70986209886.5496,65101059420.3423,44167555302.1223,97331329893.6191,110735663685.71,97823988600.2379,92504654755.0903,0
USA,Channel Islands,CHI,BN.GSR.GNFS.CD,0,0,0,0,0,0,0,0,0,0,0,0,0,0,0,0,0,0,0,0,0,0,0,0,0,0,0,0,0,0,0,0,0,0,0,0,0,0,0,0,0,0,0,0,0,0,0,0,0,0,0,0,0,0,0,0,0,0,0,0,0,0,0,0,0,0
USA,Chile,CHL,BN.GSR.GNFS.CD,0,0,0,0,0,0,0,0,0,0,0,0,0,0,0,-217000000,425000000,-282000000,-696000000,-618000000,-1084000000,-3285000000,-411000000,547000000,-181000000,495720000,627760000,854900000,1519300000,1022540000,1055290000,1518700000,546000000,-1215700000,581000000,1056900000,-1072625133.10716,-1563380808.39716,-2492077323.14361,1689973427.38374,1400054677.54859,999286551.135342,1684100883.03244,3476680180.01817,9459076625.42752,10240622954.4733,21620045741.3327,22855567968.2503,4338523547.95303,13216148168.533,13346978494.573,7340657002.24282,-1247185765.84247,-2565312820.76856,1074236550.73082,-1995119986.58649,-527947370.65117,1879849955.36792,-2932905994.96045,-5068925698.04108,11444340118.7684,-2188473339.12558,-11889803020.7973,3173652281.8482,11883616133.4495,0
USA,China,CHN,BN.GSR.GNFS.CD,0,0,0,0,0,0,0,0,0,0,0,0,0,0,0,0,0,0,0,0,0,0,4737000000,2475000000,-32000000,-12592000000,-7589000000,291000000,-4060000000,-4927000000,10668000000,11601000000,4998000000,-11497000000,7611000000,11957590000,17551000000,42824000000,43837000000,30641000000,28873534000,28084000000,37383087664.0194,35821129066.2935,51174382539.95,124626797517.211,208918924500.594,308036028783.355,348832533153.935,220130401366.78,223023871712.8,181903738912.673,231844876748.002,235379561604.116,221299246947.272,357870764281.273,255737088242.15,217009899933.948,87905148451.8738,131844297312.037,358572608160.02,461494292759.35,577608939732.6,385575471624.67,538958018243.69,0
USA,Cote d'Ivoire,CIV,BN.GSR.GNFS.CD,0,0,0,0,0,0,0,0,0,0,0,0,0,0,0,0,0,0,0,0,0,0,0,0,0,0,0,0,0,0,0,0,0,0,0,0,0,0,0,0,0,0,0,0,0,1155710678.41921,1722065222.54821,1015050790.41156,1692905339.96574,2664128022.97647,1819629955.65215,4189664129.02339,1120544664.93026,707897344.175182,1715287927.95265,1150470393.15493,1077209216.00129,1006914481.60206,-98663780.321817,910074933.641272,571594163.037732,39662854.479859,-2737601348.32923,-5526680153.57348,0,0
USA,Cameroon,CMR,BN.GSR.GNFS.CD,0,0,0,0,0,0,0,0,0,0,0,0,0,0,0,0,0,-83441982.064092,-113269825.89107,-29898226.9625343,-278635573.065498,-291979449.766881,-184415237.087746,-135015968.719591,183061631.193441,52953396.9513335,-34391559.2479233,-387174189.623418,178010129.488646,160340655.970738,32358205.650433,133920860.568513,392796451.212978,152244693.052732,239569299.468758,432616810.541029,213784342.578024,102706262.893823,84013816.2756614,129641681.6232,166680893.243151,-101773122.288516,-113275626.005973,-309280386.332771,-147949693.028894,-111463381.452432,211905761.747833,340882795.552685,-721538049.562034,-923875560.310761,-764428832.098244,-704021151.242304,-774502185.590695,-817386648.821177,-1077752101.69413,-1053768053.17936,-828668887.093496,-722600965.382012,-1121429117.89738,-1354599058.98692,-1088012800.04402,-1578554437.52904,-1117636380.02892,-1941018172.74006,0,0
USA,"Congo, Dem. Rep.",COD,BN.GSR.GNFS.CD,0,0,0,0,0,0,0,0,0,0,0,0,0,0,0,0,0,0,0,0,0,0,0,0,0,0,0,0,0,0,0,0,0,0,0,0,0,0,0,0,0,0,0,0,0,-1113600000,-659800000,-334500000,-1127400000,-1745200000,-1838700000,-1593602281.098,-1977754098.94109,-1494674269.45556,-3152502304.65964,-2308129161.18307,-2224819933.85017,-1406377021.27447,-1692788394.90944,-1718517789.29973,-624339925.79474,160710271.919867,-2945395688.07329,-4030194363.49794,-1893913072.0914,0
USA,"Congo, Rep.",COG,BN.GSR.GNFS.CD,0,0,0,0,0,0,0,0,0,0,0,0,0,0,0,0,0,0,-164303288.917736,-17388921.6249079,-4027838.84285271,-360168096.410826,-175063619.537075,-222942986.171849,339788843.207698,63802277.0161005,-393452720.850194,21887519.9324754,-147370362.575908,229774586.171165,206049413.960197,-74085388.721067,69137011.2262912,-170220232.08401,-582667982.694106,28159960.5861105,223546978.242445,363866959.720153,69566703.193832,314981956.918933,1438258979.10872,666192704.44184506,839522698.653698,1126578547.36831,1647520085.40818,2244061135.52012,1904003082.16042,-694785985.948925,2299450459.02995,-641012578.611289,1708164513.07022,3542209799.4522,3312047804.79191,2310516033.80327,370868418.391364,-4427610294.13358,-2691494915.77189,0,0,2910197899.75358,1391319444.39899,3264867177.80206,0,0,0,0
USA,Colombia,COL,BN.GSR.GNFS.CD,0,0,0,0,0,0,0,0,-95000000.000484,-81000000.000275,-156000000.000572,-312724139.996097,-28342990,121474590.003674,-217224400.000452,102178950,468332519.999669,647016799.997133,525955999.999809,627264000,-125595840.00049,-1719060600,-2254764420.00083,-1952000000,-125000000,-595000000,1346000000,1325000000,565000000,1200000000,1821000000,2740000000,1188700000,-1458000000,-3277472545.01562,-3718523193.47664,-3284689500.90324,-4138083502.73631,-3911324471.8698,571576111.758649,1328666913.85215,-970538371.249469,-1313628527.62109,-1032731230.721,-483133685.817825,-690614447.091225,-1951544471.10276,-3441472017.01128,-2302397544.39763,-805727726.48975,-2246150213.7866,527573370.1402,-1464992369.15213,-3250497857.58699,-12332276476.0953,-19004381508.9598,-13451129309.4103,-8761508927.41588,-10556191985.8922,-14148162444.3344,-13104751154.4776,-20000679159.3241,-16093825874.8579,-7785710968.55083,-9472573283.8306,0
USA,Comoros,COM,BN.GSR.GNFS.CD,0,0,0,0,0,0,0,0,0,0,0,0,0,0,0,0,0,0,0,0,-20863530.0505058,-32672239.996395,-28377667.6298346,-28543851.0482829,-60608354.3079585,-44206110.768717,-43684291.9499874,-59913351.1051348,-48256530.9739674,-39663880.9774123,-54355634.8880749,-50259386.4426194,-63221232.2281689,-46765050.0863163,-50912728.2145999,-57525289.0574482,0,0,0,0,0,0,0,-41278564.5408522,-62674536.3368591,-81311180.69812,-95627902.3960404,-120023783.344643,-181929578.438453,-176595973.001474,-184071755.578527,-207608723.958395,-232098068.885715,0,-210143739.659477,-170288038.950902,-159896893.292169,-177103897.174893,-206259705.539406,-211183752.433797,-274670347.811316,-287634089.124128,-314236050.866876,-355581804.765654,0,0
USA,Cabo Verde,CPV,BN.GSR.GNFS.CD,0,0,0,0,0,0,0,0,0,0,0,0,0,0,0,0,0,-46536366.0829109,-55612909.5879837,-64408409.6937036,-68241585.2362666,-79421428.7686417,-77900846.295827,-80007439.8716624,-62258832.5392584,-64398042.8893374,-66453372.4846347,-66317321.9563242,-78070975.1274846,-88449596.4143772,-92109341.5328378,-101217878.39888,-143144015.456788,-132201290.97439,-168612522.769134,-210650459.750173,-176152459.656849,-152460916.538475,-190267155.927265,-225514827.123698,-185971949.690271,-183700150.407371,-225337898.499604,-294289161.487196,-346009421.351242,-288058799.883277,-331430079.269323,-467154712.441621,-472199598.608701,-510976329.132783,-483882198.337561,-591799700.548746,-426947602.747579,-317313920.34435,-341047694.012877,-245640996.003994,-285060858.95884,-384091287.115746,-366361653.965044,-281307277.947429,-584396205.207971,-652112060.942094,-457870066.687996,-458836239.690879,-313317068.179675,0
USA,Costa Rica,CRI,BN.GSR.GNFS.CD,0,0,0,0,0,0,0,0,0,0,0,0,0,0,0,0,0,-166400000,-272300000,-427100000,-466300000,-134200000,66000000,-20000000,15800000,-68900000,39000000,-192500000,-91300000,-236700000,-383200000,-42900000,-341100000,-537900000,-270900000,-266542000,-228910000,-357416000,-165450000,1051211410.40579,-45669711.165888,78881229.510418,-267865429.090368,-283537864.928698,-77105144.675418,-360655999.12738,-611014762.399059,-1271487792.72421,-2407550798.86128,95700175.166145,-415750007.241521,-1194544783.87744,-1363669066.71151,-995209335.8409,-789427970.823826,1558623.964266,683777504.543906,393328336.587061,919006891.77924,2482334381.55331,2456419583.72748,1670105882.35388,2297074272.44343,5270418624.655,6310784269.84959,0
USA,Caribbean small states,CSS,BN.GSR.GNFS.CD,0,0,0,0,0,0,0,0,0,0,0,0,0,0,0,0,0,0,0,0,0,0,0,0,0,0,0,0,0,0,0,0,0,0,0,0,0,0,0,0,0,0,0,0,0,0,0,0,0,0,0,0,0,0,0,0,0,0,0,0,0,0,0,0,0,0
USA,Cuba,CUB,BN.GSR.GNFS.CD,0,0,0,0,0,0,0,0,0,0,0,0,0,0,0,0,0,0,0,0,0,0,0,0,0,0,0,0,0,0,0,0,0,0,0,0,0,0,0,0,0,0,0,0,0,0,0,0,0,0,0,0,0,0,0,0,0,0,0,0,0,0,0,0,0,0
USA,Curacao,CUW,BN.GSR.GNFS.CD,0,0,0,0,0,0,0,0,0,0,0,0,0,0,0,0,0,0,0,0,0,0,0,0,0,0,0,0,0,0,0,0,0,0,0,0,0,0,0,0,0,0,0,0,0,0,0,0,0,0,0,-820709497.206704,-784460335.195531,-629603351.955307,-417692737.430168,-475363128.49162,-525916201.117318,-666661827.608939,-810450712.134078,-556204745.77095,-694482615.592179,-546455887.877095,-844747427.217877,-657754762.162011,0,0
USA,Cayman Islands,CYM,BN.GSR.GNFS.CD,0,0,0,0,0,0,0,0,0,0,0,0,0,0,0,0,0,0,0,0,0,0,0,0,0,0,0,0,0,0,0,0,0,0,0,0,0,0,0,0,0,0,0,0,0,0,0,0,0,0,0,0,0,0,0,0,1694398758.33589,1581276302.5228,1441225889.46953,1462423660.19491,920948227.081575,734757817.489476,928369252.358063,1156671623.43775,0,0
USA,Cyprus,CYP,BN.GSR.GNFS.CD,0,0,0,0,0,0,0,0,0,0,0,0,0,0,0,0,-79416180.5780396,-183523744.325985,-255413081.846285,-310627467.982061,-337344373.327293,-238236051.471281,-253478281.710675,-258430428.202683,-250685833.913028,-210267754.44527,-61566005.6577037,-52172476.1088338,-158369982.137837,-310538338.89956,-223105175.061338,-473700472.731539,-677791035.93364,63328654.6078635,49167904.3298228,-20556112.846429,-280713793.630328,-167835079.899228,-328585542.07522,78092228.948366,-122909510.72455,148135202.964247,-94931199.033443,-47748320.970464,-457770881.206205,-451175390.095703,-720537522.136134,-1434698978.78027,-3572063944.85506,-1370399090.75795,-2138373933.26342,-1013028138.69684,-469894693.354322,391693145.111428,236255474.23656,552355158.817322,423067241.26405,-59063323.541025,392658469.836377,257607558.84802,-338519558.07114,1389131949.80382,1076505753.7147,365890739.54293,1317833476.30598,0
USA,Czechia,CZE,BN.GSR.GNFS.CD,0,0,0,0,0,0,0,0,0,0,0,0,0,0,0,0,0,0,0,0,0,0,0,0,0,0,0,0,0,0,0,0,0,495633190.350032,-925738683.973259,-1841750039.90937,-3789213044.96522,-3195715989.12638,-731364635.750389,-703620723.154516,-1691999204.904,-1553701214.44501,-1596691455.74105,-2049320859.65495,528273873.404079,2898065160.6166,3790265561.32894,4052160271.13885,5219998906.55756,7700186522.30561,6192291073.38082,8894622490.64581,10309254507.9341,12123723407.1038,13436484695.2163,11152289235.3342,14970590108.5915,16696692080.8777,15459075074.1354,15661853403.4847,16922789209.9036,10760274185.8701,3377084364.71671,17012875794.2742,22518192686.432,0
USA,Germany,DEU,BN.GSR.GNFS.CD,0,0,0,0,0,0,0,0,0,0,0,3129299820.17464,4172810494.7489,9331485330.3669,15082233732.9296,9359034255.29827,11062760596.3335,13174230767.3247,17352509883.5215,5748981127.87806,-4881469153.69685,5179368707.52928,15445842102.251,11341396741.2059,14987906583.3004,22907977431.986,46143914622.1262,55189849333.2105,60093039856.0267,59544876562.6478,45835582096.6926,-8618524297.54355,-10419668458.7466,606625477.0981,2705397325.1996,9748115039.731,16944869691.1299,22955765079.6326,26638796381.3972,12325288588.8645,4104845646.7311,30938098139.694,85409917265.0463,92318194626.05,141659579646.248,143997634083.368,158280176925.073,223249988267.441,222424166595.653,168088620679.111,178340566180.23,186109725052.129,217953582338.746,220200384547.59,259384172818.113,253864583308.219,257052182218.316,265989346757.769,242877564842.629,222712633094.613,211436040446.136,227415846453.101,108359910395.103,176807952653.581,175418088256.785,0
USA,Djibouti,DJI,BN.GSR.GNFS.CD,0,0,0,0,0,0,0,0,0,0,0,0,0,0,0,0,0,0,0,0,0,0,0,0,0,0,0,0,0,0,0,-105519325.234497,-124875507.115085,-94254477.5237592,-69333393.352502,-60088565.7856978,-58625598.550537,-57837846.9623736,-66891363.4291953,-59182651.4593099,-84480731.0334738,-48519871.0338114,-30609775.9972091,-52239183.8893547,-87862436.0655184,-73238390.5109694,-118359676.121561,-274435772.924978,-337939804.52507,-178892758.874866,-72158045.4757739,-254719476.032658,-267002774.01095,-713348705.461296,444525061.908669,544986898.578778,-144419978.820093,-159431265.153819,374115601.227334,386005311.696423,270104485.554297,-323102109.486216,577744640.879616,607408270.386853,484898405.992768,0
USA,Dominica,DMA,BN.GSR.GNFS.CD,0,0,0,0,0,0,0,0,0,0,0,0,0,0,0,0,-5499736.26485802,-7200000,-10300000,-21000000,-39000000,-28700000,-18400000,-13700000,-22800000,-25200000,-7155555.55555555,-11207407.4074074,-20959259.2592593,-49007407.4074074,-44499999.9999999,-33855555.5555556,-27329629.6296296,-20522222.2222222,-22203703.7037037,-34807407.4074074,-42525925.9259259,-35696296.2962963,-20577777.7777778,-23788888.8888889,-47593973.0606244,-37695068.7032585,-21441284.0944218,-12495848.3194867,-26382710.8722601,-57797069.4964171,-38756989.9430189,-80378177.2375448,-122313009.632419,-105909580.703771,-93467008.1005515,-80419432.9222692,-98223564.3825134,-95614018.2732324,-66102855.9565207,-66194194.7127119,-68034258.7085718,-115047725.609502,-280820613.878302,-231777177.407407,-201406422.592593,-199472922.962963,-180340134.074074,-228346416.296296,-174779840.37037,0
USA,Denmark,DNK,BN.GSR.GNFS.CD,0,0,0,0,0,0,0,0,0,0,0,0,0,0,0,-240130247.059136,-1771039460.33194,-1559010104.54574,-1166519466.23918,-2018692313.16829,-734270148.675322,262063933.842199,78092703.9548,881699066.927045,552821842.623671,-71194452.663442,-743292495.608312,1341713162.57412,3078062108.64257,3356304753.70471,7486783173.7079,8591998596.69512,10404886684.9608,9815989882.35233,9035441696.77825,7794535103.80856,9263490304.50529,5685483097.60229,3318961697.94207,8238249083.8698,9299701472.77133,10431353547.0124,10023718626.993,13115565022.094101,12429897919.8375,14563595605.5605,11599960268.8373,9400458991.67581,12524865839.4842,14981861358.3544,21864529645.0916,21187880089.9659,18900122461.3089,21479964404.7038,22723676469.1254,19627489413.426,18830573676.9587,21511744736.7158,18190345911.6278,20729495551.1775,19989613947.3259,25059464447.7913,38306598514.2022,36773554593.4777,43868444203.5568,0
USA,Dominican Republic,DOM,BN.GSR.GNFS.CD,0,0,0,0,0,0,0,0,-66200000,-69700000,-107200000,-118000000,-30700000,-50300000,-186200000,1000000,-145800000,-169800000,-326000000,-349400000,-647400000,-305800000,-392800000,-335800000,-187000000,-237600000,-219800000,-388600000,-101900000,-463000000,-401500000,-351100000,-818300000,-729900000,-583900000,-406000000,-655600000,-719700000,-1434800000,-1302100000,-1887500000,-1676600000,-1915400000,93400000,338600000,-1267900000,-2578510000,-3384300000,-6283600000,-3821000000,-5526900000,-6016300000,-5536300000,-3743200000,-3290300000,-3096900000,-2619400000,-2049900000,-4062700000,-4016800000,-5412500000,-8089100000,-11668900000,-8659700000,-7581300000,0
USA,Algeria,DZA,BN.GSR.GNFS.CD,0,0,0,0,0,0,0,0,0,0,0,0,0,0,0,0,0,-1435820349.97679,-2589071838.06679,-246803577.980623,1816831490.13455,1781126363.37677,1477290255.70084,1468635148.98694,1572829658.7464,2180476550.37989,-1300848163.49388,1522761521.66181,68472692.639326,424784809.211557,3355174104.4059,4698239987.00797,0,0,0,0,0,0,0,0,0,0,0,0,0,24200999999.9989,31947000000.0015,30125606755.2431,32476308401.8163,-909806577.24988,9943077524.8936,17000013500.8074,12805677994.9307,2923291764.88608,-7677836862.53171,-25384908362.1845,-27449490180.5443,-22402635934.4411,-15701394555.1328,-15707643325.1665,-17445134687.8103,-2441125782.8098,22630482847.023,8327725513.58381,-1413907949.57206,0
USA,East Asia & Pacific (excluding high income),EAP,BN.GSR.GNFS.CD,0,0,0,0,0,0,0,0,0,0,0,0,0,0,0,0,0,0,0,0,0,0,0,0,0,0,0,0,0,0,0,0,0,0,0,0,0,0,0,0,0,0,0,0,0,0,0,0,0,0,0,0,0,0,0,0,0,0,0,0,0,0,0,0,0,0
USA,Early-demographic dividend,EAR,BN.GSR.GNFS.CD,0,0,0,0,0,0,0,0,0,0,0,0,0,0,0,0,0,0,0,0,0,0,0,0,0,0,0,0,0,0,0,0,0,0,0,0,0,0,0,0,0,0,0,0,0,0,0,0,0,0,0,0,0,0,0,0,0,0,0,0,0,0,0,0,0,0
USA,East Asia & Pacific,EAS,BN.GSR.GNFS.CD,0,0,0,0,0,0,0,0,0,0,0,0,0,0,0,0,0,0,0,0,0,0,0,0,0,0,0,0,0,0,0,0,0,0,0,0,0,0,0,0,0,0,0,0,0,0,0,0,0,0,0,0,0,0,0,0,0,0,0,0,0,0,0,0,0,0
USA,Europe & Central Asia (excluding high income),ECA,BN.GSR.GNFS.CD,0,0,0,0,0,0,0,0,0,0,0,0,0,0,0,0,0,0,0,0,0,0,0,0,0,0,0,0,0,0,0,0,0,0,0,0,0,0,0,0,0,0,0,0,0,0,0,0,0,0,0,0,0,0,0,0,0,0,0,0,0,0,0,0,0,0
USA,Europe & Central Asia,ECS,BN.GSR.GNFS.CD,0,0,0,0,0,0,0,0,0,0,0,0,0,0,0,0,0,0,0,0,0,0,0,0,0,0,0,0,0,0,0,0,0,0,0,0,0,0,0,0,0,0,0,0,0,0,0,0,0,0,0,0,0,0,0,0,0,0,0,0,0,0,0,0,0,0
USA,Ecuador,ECU,BN.GSR.GNFS.CD,0,0,0,0,0,0,0,0,0,0,0,0,0,0,0,0,102500000,-183300000,-475400000,-255500000,-58700000,-261700000,-202000000,751000000,810000000,1055000000,415000000,-260000000,456000000,552000000,743000000,299000000,702000000,-240150000,-282690000,-511730000,493900000,-52070000,-1694900000,1136430000,979312539.140001,-928173118.1172,-1617937928.18765,-663826215.734583,-669610264.431713,-371492821.663804,463666781.816421,451552040.976116,-22738574.844665,-1138206484.2441,-3026431427.88118,-1865315381.93032,-1344390024.3915,-1948121490.64921,-1234170107.13079,-2455040236.51185,442109248.232445,-663906292.316703,-1188301780.91643,-224252087.492411,2340037187.20662,915945850.996271,56544613.140314,400308786.62895,4499417656.66717,0
USA,"Egypt, Arab Rep.",EGY,BN.GSR.GNFS.CD,0,0,0,0,0,0,0,0,0,0,0,0,0,0,0,0,0,-1911552374.52,-2718851031.08535,-3563142862.23305,-2910857147.0155,-3869428576.95633,-3642000005.20287,-4192285720.27469,-6322571432.33483,-5381285714.28571,-4191999999.99999,-4094714285.71428,-5282857142.85709,-4801818181.81817,-4195500000,-2248000000,-2382000000,-3850000000,-3528000000,-3880000000,-4203000000,-6021400000,-8565000000,-6886100000,-6031000000,-4928900000,-3070500000,397900000,-399100000,-3610500000,-3872600000,-9298700000,-12461900000,-9233000000,-11031000000,-14328100000,-20199500000,-20530600000,-26829700000,-30369400000,-34677100000,-27349400000,-24708593000,-25428193000,-32380693000,-35699565000,-20848306000,-14047300000,-36004100000,0
USA,Euro area,EMU,BN.GSR.GNFS.CD,0,0,0,0,0,0,0,0,0,0,0,0,0,0,0,0,0,0,0,0,0,0,0,0,0,0,0,0,0,0,0,0,0,0,0,0,0,0,0,60002433630.5222,7216606539.3707,57838226680.0946,132119725760.678,138124835877.5,159718826097.642,106399015771.786,75348809179.0389,133661208992.71,27292202767.1877,121378590108.652,99337189995.814,112558825172.449,259558017896.615,340400130681.922,425752803060.681,462773150787.796,478906299233.258,525227577931.849,495417839697.647,413588217605.947,392547516574.415,479852805157.241,130078414465.116,415187177446.385,573106278422.739,0
USA,Eritrea,ERI,BN.GSR.GNFS.CD,0,0,0,0,0,0,0,0,0,0,0,0,0,0,0,0,0,0,0,0,0,0,0,0,0,0,0,0,0,0,0,0,-261469468.870773,-200123556.036743,-328410448.673378,-363260042.003952,-403265102.431968,-406580686.37395,-585472074.313481,-546526908.455518,-402025655.068729,0,0,0,0,0,0,0,0,0,0,0,0,0,0,0,0,0,0,0,0,0,0,0,0,0
USA,Spain,ESP,BN.GSR.GNFS.CD,0,0,0,0,0,0,0,0,0,0,0,0,0,0,0,-4490645954.62417,-4985991660.25523,-2878926354.02756,947431718.525009,317356389.363345,-5864272516.22569,-4496190326.26647,-3665235293.61116,-1577197352.67821,3179640063.87614,3412308494.07611,4655266431.51143,-291431443.7795,-4978925185.51358,-12771848313.7526,-17275201785.2476,-18426164798.9376,-17812850098.6919,-3454379110.95403,102136496.90562,-1090056713.7881,2884818093.28934,3828678156.63871,-1809459296.24757,-12145945295.458,-17647904513.2091,-14264830251.4435,-13965485132.9806,-20112962479.114,-39895434084.3072,-55618655786.2008,-72048676706.0731,-85667568352.245,-77685476626.7053,-13068614149.0513,-15210974656.7099,4404336584.53709,26847681559.5312,52139543021.8624,41989882719.6357,36343075303.3604,49525604695.837,48378026206.7495,39103466965.6774,41814797115.2323,19649900025.8494,14534303917.5323,12149032171.8074,63702074653.2855,74530227666.9209,0
USA,Estonia,EST,BN.GSR.GNFS.CD,0,0,0,0,0,0,0,0,0,0,0,0,0,0,0,0,0,0,0,0,0,0,0,0,0,0,0,0,0,0,0,0,-47663786.2781215,-69651739.8148342,-251338707.79534,-286902959.1932,-500553151.05008,-532703884.949501,-545748692.080777,-305426438.129406,-181799741.351092,-129877512.464851,-518537516.905182,-836603350.000957,-949700084.039493,-704594343.022983,-1728295835.70902,-1964475152.05379,-960636223.447727,989300275.811456,1245764979.1407,1350581522.01102,385668930.319678,587031990.853499,869128638.279324,830131194.372668,791515521.748717,925082311.247716,730118035.757671,1176418475.06335,-416310163.40625,-529296352.622591,-476277970.696319,350690236.524602,134741115.52874,0
USA,Ethiopia,ETH,BN.GSR.GNFS.CD,0,0,0,0,0,0,0,0,0,0,0,0,0,0,0,0,0,-139227053.207356,-201932367.24731,-181449275.449975,-313140096.769633,-329855072.623118,-349661835.917711,-423236715.180308,-447681159.509526,-489613526.570048,-483236714.975845,-588260869.565217,-614396135.265701,-408260869.565217,-674299516.908213,-319275362.318841,-923521062.801932,-528920000,-569489613.667524,-678068226.753693,-557902907.360203,-416859713.624458,-863459802.11281,-912500603.004009,-628714042.589757,-1171640698.83904,-969768539.527303,-1345579460.09095,-2043010904.09603,-2965204869.90006,-3077631352.34684,-4254883059.53455,-6102643089.70036,-5612921591.28204,-5270419046.40243,-5923027740.74004,-8135008994.69496,-8134766074.83561,-11818125908.6127,-13853596898.1746,-14091223544.3954,-12672570623.198,-12304551192.7013,-11639029638.8924,-9455071323.93282,-11363400666.232,-13216642105.2216,-12086017008.9182,0,0
USA,European Union,EUU,BN.GSR.GNFS.CD,0,0,0,0,0,0,0,0,0,0,0,0,0,0,0,0,0,0,0,0,0,0,0,0,0,0,0,0,0,0,0,0,0,0,0,0,0,0,0,0,0,0,0,0,0,0,0,0,0,0,0,0,0,0,0,0,0,0,0,0,0,0,0,0,0,0
USA,Fragile and conflict affected situations,FCS,BN.GSR.GNFS.CD,0,0,0,0,0,0,0,0,0,0,0,0,0,0,0,0,0,0,0,0,0,0,0,0,0,0,0,0,0,0,0,0,0,0,0,0,0,0,0,0,0,0,0,0,0,0,0,0,0,0,0,0,0,0,0,0,0,0,0,0,0,0,0,0,0,0
USA,Finland,FIN,BN.GSR.GNFS.CD,0,0,0,0,0,0,0,0,0,0,0,0,0,0,0,-1736165619.94702,-638897356.29418,506467704.015518,1324236403.37151,584485986.233526,-505003967.962733,665619171.794317,401022677.936607,164003189.455494,1245209510.38128,379048210.110759,976683996.210305,324345689.369862,-473916346.702975,-2370745702.51608,-2275912527.64529,-1145210129.37269,1088481865.41415,4224687220.80975,5877879139.73526,10267857857.3228,9626845550.5749,9948921881.08699,11421491117.1127,11074053262.7108,12972883672.4604,13763770099.4632,13426695709.6185,12281727582.4146,13386670377.7013,9696388683.17434,9064644965.01792,12350966281.6864,10382835457.0152,5354045954.93265,3384996534.34346,-2134164029.81601,-4055943974.95969,-2663826149.84197,-2806235858.40577,-933949094.19716,-2501201519.53423,1014994073.29316,-2291417637.93039,1792953973.24134,828465000.5328,108592733.40555,-5730842915.76031,55554193.51451,1245832772.34858,0
USA,Fiji,FJI,BN.GSR.GNFS.CD,0,0,0,0,0,0,0,0,0,0,0,0,0,0,0,0,0,0,0,-57900557.4473986,-42300115.7046312,-178405403.192258,-72486564.1280913,-60087294.2823046,-12035876.7103362,-4421118.79026812,2118520.94887072,32158002.9880145,45236583.1347485,26831460.6741574,-66513232.3067488,-48320719.4568832,-39454665.1149459,-121807656.759255,-60787159.5662939,-76297700.8769852,31924748.8063849,-20918835.6105078,-34376599.082284,19749952.4021071,-132989114.669313,-146677819.234425,-96107311.2502589,-159395341.831287,-347585387.304242,-284313205.91358,-549801675.099983,-446106772.1987,-589625236.505948,-290466410.886458,-199830957.181568,-221798950.69109,-121338442.958719,-529201389.565479,-297649060.425902,-165165713.090445,-191708790.325859,-265087976.148991,-432664838.940049,-569697168.20932,-747101832.430846,-1172500874.33141,-1057603378.32582,0,0,0
USA,France,FRA,BN.GSR.GNFS.CD,0,0,0,0,0,0,0,0,0,0,0,0,0,0,0,5224640222.46061,-1149036556.98026,1786599128.5837,9076970923.28324,6940828701.82359,-2718368612.81992,-2185369882.0678,-7643987880.97424,170696031.83757,4408261850.63534,4852844476.0093,8703260368.15091,2606972922.9412,3031316965.36855,3292588064.60403,2151443711.41902,6695752274.7736,21489459170.5193,24357080634.6992,25095487280.4917,28971201036.2201,31189392321.5964,43524973976.1098,42170696536.8382,37920062793.022,12920448306.6648,17867386311.9337,27607351106.5108,24042402513.7393,17355875954.8148,-283241312.9564,-8152873482.8608,-18508898565.2429,-41912581724.0709,-32833160279.7455,-43515092096.2023,-56663277933.5586,-37820646682.3386,-23354364363.2819,-28200678499.737,-9463888994.342,-12213190138.5204,-19613749658.1627,-28418466030.8179,-15554985769.9185,-45868544727.8588,-30254890619.4442,-70150448895.4289,-41937166656.0054,-3821737994.0982,0
USA,Faroe Islands,FRO,BN.GSR.GNFS.CD,0,0,0,0,0,0,0,0,0,0,0,0,0,0,0,0,0,0,0,0,0,0,0,0,0,0,0,0,0,0,0,0,0,0,0,0,0,0,29560000,-21900000,-81010000,-11090000.0000001,4990000,-159170000,-64615977.3244727,-172903385.676909,-200462975.244664,-370321691.324904,-219599538.245316,-159618567.795385,-85019084.659307,-130430094.804958,0,0,0,0,0,0,0,0,0,0,0,0,0,0
USA,"Micronesia, Fed. Sts.",FSM,BN.GSR.GNFS.CD,0,0,0,0,0,0,0,0,0,0,0,0,0,0,0,0,0,0,0,0,0,0,0,0,0,0,0,0,0,0,0,0,0,0,0,0,0,0,0,0,0,0,0,0,0,0,0,0,0,-163046000,-147969000,-162195900,-146114700,-132701600,-105076900,0,0,0,0,0,0,0,0,0,0,0
USA,Gabon,GAB,BN.GSR.GNFS.CD,0,0,0,0,0,0,0,0,0,0,0,0,0,0,0,0,0,0,342955861.72574,727100434.637603,933549862.942736,798398558.443723,681940766.980082,443991287.612589,403907329.532822,176845203.353656,-664037192.666034,-82984911.3888626,-193689256.322142,262532354.595294,918664517.285642,809267667.225817,795642325.915679,769522584.462776,981439826.182437,1222368541.44456,1688585468.23799,1282256762.90387,-26995426.8917661,1002242764.28938,1842798766.08088,1224852434.54511,947929960.042929,1468493701.12259,2073131728.77491,3209590992.32943,0,4131205893.95014,5460105498.17715,2390236893.99289,4416815244.23446,4261865317.20349,3999940172.41057,2879762553.9664,2204528794.45527,340696876.815891,0,0,0,0,0,0,0,0,0,0
USA,United Kingdom,GBR,BN.GSR.GNFS.CD,0,0,0,0,0,0,0,0,0,0,976799219.928133,1855091507.83698,-285446497.453849,-4575450167.24174,-9991158711.28969,-4370521412.33688,-2740705893.42899,1652748168.21366,4062834504.03801,1330707128.9274,11871974873.7223,14663476801.7272,8474568900.9333,3423207216.60918,-1513312661.84175,4394278996.3691,-4959748573.50266,-8092381167.58446,-30349025915.158,-34627367841.3538,-24863350099.978,-10890061878.6002,-13628007847.2967,-9577637335.35282,-6980831142.06133,-4886522252.2228,-3662771031.52327,2898078057.98985,-11830609610.175,-17190105957.2593,-19772180734.9836,-28424683613.5515,-42325996544.2745,-43637844626.19,-55764002611.4394,-54361679069.3336,-50957936991.045,-59999761250.0614,-52184375242.9011,-30179304571.7578,-38934535218.985,-21211673603.3352,-26805596415.6063,-39792666336.3403,-59357376064.4184,-44424260097.0148,-50798842587.0321,-35924431558.9294,-39577861194.8046,-39829637744.0492,13846959465.6454,-6976068153.1843,-58861789738.0603,-36248439029.8636,-41224292469.818,0
USA,Georgia,GEO,BN.GSR.GNFS.CD,0,0,0,0,0,0,0,0,0,0,0,0,0,0,0,0,0,0,0,0,0,0,0,0,0,0,0,0,0,0,0,0,0,0,0,0,0,-838100000,-674500000,-541000000,-463092788.25,-445748145.38,-443707082.69,-573281400.06,-846057003.48,-1115393322.21,-1876372880.54,-2716420112.73,-3812210232.44,-2065071548.1,-2079760021.4,-2745905483.83,-3117974693.26,-2089933391.945,-2979689101.23,-2547799840,-2310734036.03,-1784877513.46,-1871976601.56,-1615848784.48,-3040800416.16,-3064983354.62,-2425614320.72,-2642956941.05,-2691078877.2,0
USA,Ghana,GHA,BN.GSR.GNFS.CD,0,0,0,0,0,0,0,0,0,0,0,0,0,0,0,9391356.0001329,-59043803.000175,-103391778.220753,-76832751.728887,98663332.0000005,32100000,-419800000,-106008912.000092,-157100000,-86300000,-166000000,-171720000,-295300000,-303700000,-398400000,-522300000,-554552000,-741100000,-965000000,-615500000,-537700000,-648650000,-957664000,-1119330000,-1452600000,-909624210.592011,-1175757882.44416,-757841454.6132,-962242396.544134,-1972288288.77,-2711715520.85246,-3176972981.76184,-4060700855.37747,-5495934199.0544,-3379970000,-4487950000,-4908642718.75231,-5187075383.07456,-6292080667.5828,-3985638963.27983,-4310463630.59344,-3066606286.82657,-1685930000,-705801830.22405,-1315920187.07099,-2468297849.29805,-1215544536.6765,-141740240.8012,-697637190.45861,1548721384.64429,0
USA,Gibraltar,GIB,BN.GSR.GNFS.CD,0,0,0,0,0,0,0,0,0,0,0,0,0,0,0,0,0,0,0,0,0,0,0,0,0,0,0,0,0,0,0,0,0,0,0,0,0,0,0,0,0,0,0,0,0,0,0,0,0,0,0,0,0,0,0,0,0,0,0,0,0,0,0,0,0,0
USA,Guinea,GIN,BN.GSR.GNFS.CD,0,0,0,0,0,0,0,0,0,0,0,0,0,0,0,0,0,0,0,0,0,0,0,0,0,0,2150000,63970000,-176960000,-92090000,-124340000,-210910000,-254030000,-169560000,-382850000,-310842000,-186842000,-93327000,-150916350,-197240780,-137665627.463024,-46985382.8452567,-200091000,-208600673.164596,-152720000,-101860000,-159920000,-260850000,-365490000,-268840000,-266830000,-1167460000,-1049090000,-872480000,-787280807.136714,-835638792.245089,-2670967516.5617,407430000,-104590000,-279370000,2682530000,4912760000,3149560000,3374240000,1487510000,0
USA,"Gambia, The",GMB,BN.GSR.GNFS.CD,0,0,0,0,0,0,0,0,0,0,0,0,0,0,0,0,0,0,-56536145.706842,-59007131.8098903,-117746670.855687,-92529774.1562197,-45402724.4198731,-35632875.1587497,-5616538.55189189,-7296076.202468,-8993539.35290424,-15881205.2366646,-8881371.6558788,-9305627.76961126,-25008274.5962176,-30758693.2267803,-17343181.6900519,-50888594.8739644,-32916670.7608577,-54730250.0390775,-73205808.0049411,-51441316.3183606,0,0,0,0,0,-26001227.5748095,-69139882.7287083,-82954918.3856064,-115346815.377119,-108271606.444823,-40798052.8456295,-67247198.3597225,-52049381.4452786,-118898397.44442,-124718334.169732,-102691485.299838,-178863910.267865,-184412757.830034,-185187985.79074,-282514938.533408,-329207868.72397,-280340312.08944,-515297713.074472,-583577630.14394,-562139048.56999,-635696873.740401,-710819730.024634,0
USA,Guinea-Bissau,GNB,BN.GSR.GNFS.CD,0,0,0,0,0,0,0,0,0,0,0,0,0,0,0,0,0,0,0,0,0,0,-57700000,-56300000,-55900000,-66500000,-55900000,-44600000,-60100000,-75651000,-62072000,-61377000,-93043000,-49239000,-42090000,-59660000,-57480000,-31780000,0,0,0,-24634449.3854477,-25100855.2359194,-30504112.9144047,-43727738.5098216,-52876937.457928,-89058865.608796,-95710599.1023796,-112071251.325912,-134441138.87324,-128540778.594605,-57273428.1884633,-101225726.050187,-79124579.0563975,-117763772.439757,-49268060.3000329,-56490909.2136088,-71545590.4533737,-78704651.6167679,-210399578.138755,-206849939.134919,-183258031.657011,-297833123.442601,-307595623.2759,0,0
USA,Equatorial Guinea,GNQ,BN.GSR.GNFS.CD,0,0,0,0,0,0,0,0,0,0,0,0,0,0,0,0,0,0,0,0,0,0,0,0,0,0,0,-43958045.8844532,-54675499.0328668,-36290591.8704444,-46612711.4539904,-65496446.2870408,-33488003.6890626,-19508227.4280513,4592900.63638322,-102001724.05245,-296425138.512624,0,0,0,0,0,0,0,0,0,0,0,0,0,0,0,0,0,0,0,0,0,0,0,0,0,0,0,0,0
USA,Greece,GRC,BN.GSR.GNFS.CD,0,0,0,0,0,0,0,0,0,0,0,0,0,0,0,0,-1608000000,-1841000000,-1774000000,-2878000000,-3023000000,-3104000000,-2901000000,-2824000000,-2807000000,-3814000000,-2736000000,-2829000000,-3097000000,-4914000000,-6546000000,-5992700000,-6565000000,-5806000000,-5834000000,-9188000000,-10395000000,-10738000000,0,-10694251751.7882,-12284230677.9712,-11223539207.7796,-11147091802.6451,-12580761258.1434,-12569191035.8461,-15079881453.3181,-24897011117.9851,-34234036426.2002,-39459031377.9514,-25077520775.813,-20250975319.8242,-17349218680.8901,-5996099810.51031,-6744497465.67563,-5246311025.79856,-1220057196.83558,-1713491791.60504,-1656289642.80928,-3935248275.21289,-2008001793.22068,-12736823985.0859,-16011319345.703,-21630962871.0373,-12016810527.7156,-13984812964.841,0
USA,Grenada,GRD,BN.GSR.GNFS.CD,0,0,0,0,0,0,0,0,0,0,0,0,0,0,0,0,0,-4033333.33333333,-6651851.85185185,-14511111.1111111,-21859259.2592593,-31759259.2592593,-39600000,-35800000,-29700000,-33737037.037037,-30659259.2592593,-35314814.8148148,-33703703.7037037,-43296296.2962963,-45707407.4074074,-52481481.4814815,-39059259.2592593,-48892592.5925926,-35148148.1481481,-45444444.4444444,-62477777.7777778,-73662962.962963,-87451851.8518519,-48270370.3703704,-85947834.3994454,-88040259.1836619,-91575117.8688982,-123987117.171396,-147598158.578154,-228164326.759475,-208432962.204906,-154440227.719041,-155695469.71661,-69954486.4394536,-84816776.6013315,-72375901.6706558,-38902159.9094096,-53043645.1949796,7997856.3268774,21948446.6162862,18122335.3735044,-5165241.445454,-25475414.5156899,-15451546.6666667,-116105777.407407,-83998147.7777778,-78826956.2962964,-96159220.3703703,-131638555.555556,0
USA,Greenland,GRL,BN.GSR.GNFS.CD,0,0,0,0,0,0,0,0,0,0,0,0,0,0,0,0,0,0,0,0,0,0,0,0,0,0,0,0,0,0,0,0,0,0,0,0,0,0,0,0,0,0,0,0,0,0,0,0,0,0,0,0,0,0,0,0,0,0,0,0,0,0,0,0,0,0
USA,Guatemala,GTM,BN.GSR.GNFS.CD,0,0,0,0,0,0,0,0,0,0,0,0,0,0,0,0,0,-104800000,-368600000,-334900000,-229000000,-577900000,-348200000,-141800000,-199500000,-95900000,121700000,-456500000,-462000000,-437500000,-244200000,-340600000,-955400000,-946500000,-943900000,-904200000,-743600000,-1001500000,-1560700000,-1536300000,-1705300000,-2165258471.05178,-2892758264.46018,-3183177951.4661,-3875800000,-4332400000,-5111800000,-5797000000,-5983765870,-3816491970,-4746617860,-5432776290,-6504976940,-6714855160,-6707931330,-6358444100,-5854835050,-6499967660,-7819058970,-7928956720,-6553973700,-12097075400,-15802859900,-15714315680,-17579310780,0
USA,Guam,GUM,BN.GSR.GNFS.CD,0,0,0,0,0,0,0,0,0,0,0,0,0,0,0,0,0,0,0,0,0,0,0,0,0,0,0,0,0,0,0,0,0,0,0,0,0,0,0,0,0,0,0,0,0,0,0,0,0,0,0,0,0,0,0,0,0,0,0,0,0,0,0,0,0,0
USA,Guyana,GUY,BN.GSR.GNFS.CD,0,0,0,0,0,0,0,0,0,0,0,0,0,0,0,0,0,-71960784.3419452,196078.4314503,-48901960.8034908,-85137254.9353482,-129137777.823693,-84600000.0282003,-99000000.0330001,-54572905.9022518,-51083585.8711673,0,0,0,0,0,0,-94968000,-101075000,-80755000,-79155000,8800000,-17000000,-39900000,-27500000,-71100000,-76000000,-47300000,-32600000,-54488600,-224474000,-327928000,-407615000,-635404841.447147,-513328342.049143,-629887423.13202,-777599521.10006,-809852522.182617,-837792301.576263,-869454097.71007,-480027711.028642,-174021504.037131,-357561696.519054,-1708802949.92156,-3468856512.82169,-1173459763.74817,-1994360918.35355,4484833050.70956,2782729270.79035,0,0
USA,High income,HIC,BN.GSR.GNFS.CD,0,0,0,0,0,0,0,0,0,0,0,0,0,0,0,0,0,0,0,0,0,0,0,0,0,0,0,0,0,0,0,0,0,0,0,0,0,0,0,0,0,0,0,0,0,0,0,0,0,0,0,0,0,0,0,0,0,0,0,0,0,0,0,0,0,0
USA,"Hong Kong SAR, China",HKG,BN.GSR.GNFS.CD,0,0,0,0,0,0,0,0,0,0,0,0,0,0,0,0,0,0,0,0,0,0,0,0,0,0,0,0,0,0,0,0,0,0,0,0,0,0,905448442.07262,8557595861.11339,7566240165.08163,7945531725.00263,13569139873.7702,14685857314.1062,14729997088.653,22194383629.1008,21593613023.4157,22595345937.274,22326049073.8159,16850331869.7342,13434834429.6477,9562795338.19198,2973360215.27029,1658732094.6468,598619137.95912,7393299599.96328,7327348873.28332,3429559927.81999,-765449570.41404,5667629956.78216,6664182475.8456,20534613690.601,14701762132.2624,2245577902.29242,16590089248.5485,0
USA,Honduras,HND,BN.GSR.GNFS.CD,0,0,0,0,0,0,0,0,0,0,0,0,0,0,-123949999.974313,-101750000,-60900000,-74850000,-90200000,-93650000,-186400000,-178700000,-58000000,-113600000,-220600000,-177600000,-66400000,-123680000,-115050000,-125300000,-94300000,-123600000,-192100000,-274300000,-318200000,-217500000,-331900000,-319900000,-392300000,-781600000,-830947357.1642,-935871539.462411,-826672079.117501,-1182153838.4937,-1497531392.96595,-1725846067.60987,-2317433627.02835,-3392193628.73165,-4582491848.57541,-2563180428.01604,-2835884508.34842,-3572318710.69419,-3602944164.49666,-3814791368.69086,-3404150015.63264,-3394077720.60967,-3177734390.81037,-3528273160.7665,-4880010081.50178,-4581924949.78827,-3671066028.01901,-6817182339.93962,-8590897456.68367,-8121542677.21306,-8882868705.35846,0
USA,Heavily indebted poor countries (HIPC),HPC,BN.GSR.GNFS.CD,0,0,0,0,0,0,0,0,0,0,0,0,0,0,0,0,0,0,0,0,0,0,0,0,0,0,0,0,0,0,0,0,0,0,0,0,0,0,0,0,0,0,0,0,0,0,0,0,0,0,0,0,0,0,0,0,0,0,0,0,0,0,0,0,0,0
USA,Croatia,HRV,BN.GSR.GNFS.CD,0,0,0,0,0,0,0,0,0,0,0,0,0,0,0,0,0,0,0,0,0,0,0,0,0,0,0,0,0,0,0,0,0,428949821.600208,349535864.933269,-2180537358.18667,-1908337957.91164,-3359038637.24735,-1994802426.68471,-1634724463.27361,-981083212.222777,-1193518726.62775,-2488612765.41251,-3645351298.41863,-3598621897.40381,-4026839892.96346,-4228998809.10358,-5055607239.7718,-7067849448.62634,-3409457894.69465,-1141232642.89112,-974761970.060882,143883797.617261,-1168320592.90782,-235608383.279655,135058723.994966,670027610.234444,597359197.6782,-635942869.084438,-285756867.424282,-3949842622.79086,-1890863158.29718,-4862008577.20515,-1746312309.77123,-3259264201.42483,0
USA,Haiti,HTI,BN.GSR.GNFS.CD,0,0,0,0,0,0,0,0,0,0,0,-10840000.002168,-15939941.2619234,-17979999.987934,-38859967.7781539,-53500000.0107,-70760000.014152,-88960000.017792,-97860000.019572,-115020000.023004,-175280000.035056,-275080000.055016,-196200000.03924,-207380000.041476,-207920000.017326,-219900000,-181420000,-181300000,-206120000,-211360000,-196600000,-307720000,-135840000,-174630000,-168390000,-609300000,-590310000,-512000000,-566740000,-720860000,-865020000,-871670000,-828940000,-947150000,-1048950000,-1247800000,-1452450000,-1605260000,-1936578267.73285,-1770211782.01867,-3270936821.80475,-3121749423.14127,-2867509299.48497,-2875659169.68821,-3091189340.75035,-2743160952.81264,-2623479470.87922,-3161714014.24954,-3637910897.67124,-3099262379.12064,-3159219178.16332,-3776202635.23933,-4095458391.29357,-4208501041.89886,0,0
USA,Hungary,HUN,BN.GSR.GNFS.CD,0,0,0,0,0,0,0,0,0,0,0,0,0,0,0,0,0,0,0,0,0,0,519047625.561697,537998155.675158,822963834.760085,347031289.281197,-449007956.205414,246026543.232327,402989626.561161,675901010.177678,1018695669.14555,892199274.278595,753482565.482351,-3804941625.94471,-3557049002.99648,-53166840.743951,337291500.397754,627305660.595675,-761066372.881452,-1453683693.08902,-1757835489.2671,-611266659.179652,-1036386465.22009,-3299924957.38735,-3324647506.35355,-1161064741.79929,-1071137191.19014,682363947.07277,-31815533.00822,4537607199.28512,6151603581.22578,8063829114.76406,7681243577.10264,8545166611.17727,8056428130.80146,9498937690.29104,10668691941.1166,9266399894.73423,6672967934.7129,3687951612.76699,3028798451.44646,331813859.95446,-8282168971.72719,9841655357.29583,12425921823.25,0
USA,IBRD only,IBD,BN.GSR.GNFS.CD,0,0,0,0,0,0,0,0,0,0,0,0,0,0,0,0,0,0,0,0,0,0,0,0,0,0,0,0,0,0,0,0,0,0,0,0,0,0,0,0,0,0,0,0,0,0,0,0,0,0,0,0,0,0,0,0,0,0,0,0,0,0,0,0,0,0
USA,IDA & IBRD total,IBT,BN.GSR.GNFS.CD,0,0,0,0,0,0,0,0,0,0,0,0,0,0,0,0,0,0,0,0,0,0,0,0,0,0,0,0,0,0,0,0,0,0,0,0,0,0,0,0,0,0,0,0,0,0,0,0,0,0,0,0,0,0,0,0,0,0,0,0,0,0,0,0,0,0
USA,IDA total,IDA,BN.GSR.GNFS.CD,0,0,0,0,0,0,0,0,0,0,0,0,0,0,0,0,0,0,0,0,0,0,0,0,0,0,0,0,0,0,0,0,0,0,0,0,0,0,0,0,0,0,0,0,0,0,0,0,0,0,0,0,0,0,0,0,0,0,0,0,0,0,0,0,0,0
USA,IDA blend,IDB,BN.GSR.GNFS.CD,0,0,0,0,0,0,0,0,0,0,0,0,0,0,0,0,0,0,0,0,0,0,0,0,0,0,0,0,0,0,0,0,0,0,0,0,0,0,0,0,0,0,0,0,0,0,0,0,0,0,0,0,0,0,0,0,0,0,0,0,0,0,0,0,0,0
USA,Indonesia,IDN,BN.GSR.GNFS.CD,0,0,0,0,0,0,0,0,0,0,0,0,0,0,0,0,0,0,0,0,0,2257000000,-2465000000,-2802000000,2038000000,1531000000,-954000000,1299000000,2441000000,3100000000,1784000000,1059000000,2313000000,2344000000,1282000000,-1538000000,-2592000000,409000000,10819614426.8351,12865957536.7369,14619057986.5737,12316401091.3043,13131270332.3864,12455540664.1548,11341399488.3913,8411220328.28875,19786001791.3359,20911715981.289,9917758527.08661,21191036277.8746,21212148895.5807,24021724758.5102,-1884415529.3462,-6237109751.68575,-3027125054.37998,5351899012.23087,8234324959.97201,11434768728.767,-6713373307.24594,-4133324477.52497,18545794316.1108,29207502575.0115,42715082770.478,28593267733.9316,21215765587.5967,0
USA,IDA only,IDX,BN.GSR.GNFS.CD,0,0,0,0,0,0,0,0,0,0,0,0,0,0,0,0,0,0,0,0,0,0,0,0,0,0,0,0,0,0,0,0,0,0,0,0,0,0,0,0,0,0,0,0,0,0,0,0,0,0,0,0,0,0,0,0,0,0,0,0,0,0,0,0,0,0
USA,Isle of Man,IMN,BN.GSR.GNFS.CD,0,0,0,0,0,0,0,0,0,0,0,0,0,0,0,0,0,0,0,0,0,0,0,0,0,0,0,0,0,0,0,0,0,0,0,0,0,0,0,0,0,0,0,0,0,0,0,0,0,0,0,0,0,0,0,0,0,0,0,0,0,0,0,0,0,0
USA,India,IND,BN.GSR.GNFS.CD,0,0,0,0,0,0,0,0,0,0,0,0,0,0,0,-500017600.21568,702501190.097606,962429102.009108,-832488641.162021,-2258339165.54286,-5653548460.78432,-6162724658.73907,-5358708521.53588,-4512606726.85855,-4434193036.7907305,-6134931259.68047,-6155516301.44596,-7042634826.62408,-8111530902.40676,-7844247653.11582,-6615557120.09499,-4011561595.14453,-4712170094.93306,-3482052608.17944,-6311718422.51494,-10211864221.3869,-13984314681.2341,-13360131754.4659,-13601016314.3159,-11441228840.35,-13143494265.9043,-9180938408.72283,-5122207191.98702,-8164091361.14741,-14960253367.7106,-27276336270.9111,-31769964257.3651,-38703712438.7177,-74360043516.2859,-67410018791.4033,-91023662478.7202,-106686782608.974,-136063399026.174,-92135051692.141,-67969807623.7704,-63249171394.8494,-41579206265.0142,-72211612625.3397,-105917684940.611,-73451671322.5905,-8342168263.9965,-74039374427.9022,-134660965222.853,-86336940338.2707,-101554029010.859,0
USA,Not classified,INX,BN.GSR.GNFS.CD,0,0,0,0,0,0,0,0,0,0,0,0,0,0,0,0,0,0,0,0,0,0,0,0,0,0,0,0,0,0,0,0,0,0,0,0,0,0,0,0,0,0,0,0,0,0,0,0,0,0,0,0,0,0,0,0,0,0,0,0,0,0,0,0,0,0
USA,Ireland,IRL,BN.GSR.GNFS.CD,0,0,0,0,0,0,0,0,0,0,0,0,0,0,0,0,0,0,0,0,0,0,0,0,0,0,0,0,0,0,0,0,0,0,0,0,0,0,0,0,0,0,0,0,0,23568794531.6351,22888761351.9058,25499501757.0593,23713273170.1522,35648697991.4302,38453010693.2177,48813620873.011,39254072935.0494,47915777018.5939,50785853502.58,89757642558.2461,57046573634.8298,84190507317.3619,117584828243.654,20224413087.4171,92440995946.6744,222321232299.783,226351448198.918,181476445584.564,0,0
USA,"Iran.",IRN,BN.GSR.GNFS.CD,0,0,0,0,0,0,0,0,0,0,0,0,0,0,0,0,7737000000,2856000000,-201000000,11540000000,-3042000000,-4066000000,5348000000,-253000000,-865000000,-769000000,-5454000000,-2230000000,-2010000000,-2939000000,-2551000000,-11576000000,-8630000000,-5723000000,4029000000,3840000000,5179000000,2079000000,-2135000000,6356000000,12224000000,0,0,0,0,0,0,0,0,0,0,0,0,0,0,0,0,0,0,0,0,0,0,0,0,0
USA,Iraq,IRQ,BN.GSR.GNFS.CD,0,0,0,0,0,0,0,0,0,0,0,0,0,0,0,0,0,0,0,0,0,0,0,0,0,0,0,0,0,0,0,0,0,0,0,0,0,0,0,0,0,0,0,0,0,-2044100000,6689000000,18966800000,27891200000,-2225200000,7402400000,30749000000,33594000000,22018282324.13,20322000000,-1789014222.13,2713640000,15149856000,35054700000,16620400000,-4198700000,27553600000,57917300000,26672686393.31,0,0
USA,Iceland,ISL,BN.GSR.GNFS.CD,0,0,0,0,0,0,0,0,0,0,0,0,0,0,0,0,29400000,10200000,91800000,64800000,36900000,-8300000,-120000000,82200000,22800000,31100000,176400000,-20100000,-18000000,156300000,83430446.1063821,-79333014.50282,2192193.872704,190173218.513954,313742795.481445,245049970.045878,37655630.5934246,36002539.9511738,-368288735.524052,-403170878.658511,-617467986.580397,-89616403.505695,146668727.986714,-343251512.663181,-777489314.860014,-1976306948.76101,-2924139980.16283,-1961305703.27408,-637429123.582439,1055741552.91162,1367149084.53207,1202277150.73522,892978425.516664,1293931187.81253,1176509122.01478,1374645174.695,1555184857.48078,1258670942.57889,1077966037.36487,1404577729.56517,-75589769.346321,-394905604.593363,107289837.780682,301487007.799373,-352775323.772743,0
USA,Israel,ISR,BN.GSR.GNFS.CD,-305000000,-396000000,0,0,0,-456000000,-389000000,-465000000,-525000000,-738000000,-1087000000,-1142000000,-987000000,-2448000000,-2983000000,-3480000000,-2684000000,-1994000000,-2607000000,-3062000000,-2843000000,-3538300000,-3180200000,-3298100000,-2567000000,-1628500000,-1460000000,-3298700000,-2593100000,-1832900000,-2916000000,-5367800000,-4501900000,-6037300000,-6496800000,-7808400000,-7915600000,-5387100000,-2999200000,-3056600000,-203100000,-3165900000,-3513500000,-1027000000,135600000,-150100000,336000000,-1438600000,-1134900000,5360500000,4601500000,-393500000,-261800000,5543900000,4919500000,9472000000,6004200000,6855000000,3124800000,7278400000,12740700000,13407500000,11019200000,14206300000,12810200000,0
USA,Italy,ITA,BN.GSR.GNFS.CD,0,0,0,0,0,0,0,0,0,0,107680159.89232,811921589.513574,967058287.774415,-3328110291.39531,-7884887332.49248,-483144173.437663,-2741198142.21769,2216658010.91719,6178264390.36804,3805769085.2366,-12956080101.18,-9344323403.02935,-5696862256.04271,1877822085.63663,-1849362427.58583,-1954095748.03319,8469745735.80438,3607682228.02249,223324254.28476,-1994927194.35404,1461264916.58427,105589450.92382,174993071.02265,32207609508.2743,36945252882.4425,45325897739.875,62155136415.2245,47619296427.0847,39886976511.7094,21283617653.3336,9333284879.73141,13835427119.0986,9203889112.40754,6874316557.88138,9690602868.18181,-3242154509.71725,-17269793364.7159,-8130159638.9672,-18314564627.7725,-11245703356.1903,-38733375693.0732,-29571251353.2195,23450864653.0484,50079699804.1508,60112847272.8695,52526869354.6475,59977581596.7032,53893821749.4434,50617035662.4632,67357784672.6455,69265580610.0111,44797022837.1567,-38435469002.8408,34664668377.2501,61620081677.9415,0
USA,Jamaica,JAM,BN.GSR.GNFS.CD,0,0,0,0,0,0,0,0,0,0,0,0,0,0,0,0,-235300000,31300000,66700000,-52000000,-44700000,-298900000,-378500000,-301700000,-186400000,-241000000,94200000,30400000,-139200000,-434500000,-173000000,-69800000,-35000000,-377910000,-26300000,-335200000,-541500000,-665100000,-653700000,-531100000,-838300000,-1235100000,-1555635000,-1391056367.27278,-1365268208.68813,-1973546537.94346,-2315799601.46387,-3416441707.94729,-4374789039.06333,-2318012641.57243,-2449403098.03721,-3541151131.14738,-3327364252.56853,-3181127085.86494,-3051487394.97015,-2296499439.40425,-1837864661.5875,-2357736829.66205,-2090909129.16261,-2277619516.71902,-2663823121.73062,-3004608495.85861,-3302861296.59063,-2590755238.82016,-2400772586.96648,0
USA,Jordan,JOR,BN.GSR.GNFS.CD,0,0,0,0,0,0,0,0,0,0,0,0,-214759762.98906,-244087372.991584,-350210862.384551,-562241044.103424,-744013255.918511,-959770210.688483,-1119891306.36454,-1611339531.74241,-1652370330.54965,-2308152626.88924,-2391820851.04052,-2155056602.36291,-1919955270.24324,-1757678736.83417,-1518076283.99433,-1473602454.3704,-1331132245.52556,-597098146.496417,-1057576465.54587,-943964083.090545,-1655213821.88733,-1672340504.99393,-1410120691.61033,-1424008291.76841,-1752609308.88576,-1613399153.73766,-1560225669.95769,-1456417489.42172,-2256768734.10437,-2245311306.57059,-1831623568.03474,-2137408095.90973,-3408385738.18054,-5145482725.34556,-5029732778.56136,-6313059604.6278,-6529453560.05693,-5397612676.05634,-5489577464.78873,-7557323943.66198,-8668169014.08451,-9944366197.18309,-9460140845.07041,-8655633802.8169,-8292112676.05634,-8735492957.74648,-7823098591.5493,-5793422535.21127,-7979752112.67605,-9451830985.91549,-9275352112.67606,-6801971830.98592,-7712253521.12677,0
USA,Japan,JPN,BN.GSR.GNFS.CD,0,0,0,0,0,0,0,0,0,0,0,0,0,0,0,0,0,0,0,0,0,0,0,0,0,0,0,0,0,0,0,0,0,0,0,0,21309371596.649,47450014246.5316,72968602319.8624,69164578262.6968,69091201723.8881,26480675041.2365,51601038995.8407,72487452621.7708,94230374346.5512,69911671152.1861,63045444315.0606,83502740418.5949,17341178492.6405,23251948662.5674,78197081417.2456,-39544359231.2282,-101198487543.672,-125128284733.983,-128605076447.102,-23275907631.1959,40443851155.2429,37636176718.9342,1405006849.0526,-8615189108.462,-7597675867.0135,-21810914913.444,-157922697027.439,-72876655744.3752,-42600298380.2384,0
USA,Kazakhstan,KAZ,BN.GSR.GNFS.CD,0,0,0,0,0,0,0,0,0,0,0,0,0,0,0,0,0,0,0,0,0,0,0,0,0,0,0,0,0,0,0,0,0,0,0,-126600000,-589000000,-558900000,-1051000000,172000000,1256354847.95967,-533514773.947675,-153214258.791614,1496098062.27504,3544189463.7045,6322004051.71502,9734725344.18396,10388580329.965,21722847597.8088,13012350650.8921,22543014687.3273,42077753327.7535,31304963815.1314,30420332103.2403,20809092206.124,2938881197.60969,6657846380.33749,14815137351.4283,19276723811.6837,14634103953.348,2771607555.29577,22128581996.022,33382483021.9538,18203244982.1471,16382793233.8426,0
USA,Kenya,KEN,BN.GSR.GNFS.CD,0,0,0,0,0,0,0,0,0,0,0,0,0,0,0,-175945251.817231,3226907.1472634,119373254.181895,-563951846.166763,-401856288.940807,-839062355.34332,-575407677.197497,-258003675.971049,-43270801.8519645,-101083157.725384,-60917289.0088309,-4437393.4627997,-426084265.745067,-460525945.083985,-643675851.542676,-476548601.120383,-130246378.005806,-21696732.0396687,-1296327284.10629,-1453451893.3539,-2395870743.78202,-2000541131.73102,-2970948723.01666,-4064850081.25341,-4119475591.48757,-987045307.056151,-1036959028.42705,-651650569.832691,-649327981.086305,-1007314078.38763,-1396557727.51619,-2225255504.46471,-2996249357.82223,-4268637872.35773,-3916539738.28787,-4548264829.46378,-6360159023.3274,-6710123651.45399,-7318068648.68627,-9035535132.25669,-7061068458.4589,-6258681910.57285,-8631668533.27337,-8603298972.28314,-8937167193.20539,-7566472427.12068,-9634804784.26093,-9569380037.10955,-7879556656.00248,-7286351043.3329,0
USA,Kyrgyz Republic,KGZ,BN.GSR.GNFS.CD,0,0,0,0,0,0,0,0,0,0,0,0,0,0,0,0,0,0,0,0,0,0,0,0,0,0,0,0,0,0,0,0,0,-149128000,-124588000,-277981000,-469238000,-141433000,-333505457.676387,-178190622.864451,-81431570.3227834,-10874448.1416813,-78193781.96978,-134184764.262288,-183454392.47873,-449548169.479397,-967418638.09730506,-1195504624.43461,-1982519089.12262,-1227974555.58166,-1534283797.18631,-1656613019.86043,-2917630516.89051,-2824203575.16016,-3169531477.13418,-2422081515.14236,-2339826753.14385,-2502182816.81419,-3126812246.84984,-2562487005.2788,-1615431956.90655,-2636032232.41209,-7027242104.26164,0,0,0
USA,Cambodia,KHM,BN.GSR.GNFS.CD,0,0,0,0,0,0,0,0,0,0,0,0,0,0,0,0,0,0,0,0,0,0,0,0,0,0,0,0,0,0,0,0,-192800000,-243998000,-339600000,-405500000,-480200000,-355600000,-406960201.620193,-459298865.334548,-437693298.434776,-345516600.775898,-362074311.792298,-467199795.046385,-390066228.005889,-533988077.71410203,-558177789.383339,-652116570.226236,-956406008.966637,-859163588.45271,-1674511916.47717,-1764889739.1141,-1927523603.86087,-1932612476.26817,-2126397118.17364,-2236506647.05702,-2244081820.13337,-2414809586.58477,-3448790454.64354,-4443118496.52217,-2267979722.06165,-12637667294.723,-9261970319.21556,-1668160812.23953,-2610776132.74346,0
USA,Kiribati,KIR,BN.GSR.GNFS.CD,0,0,0,0,0,0,0,0,0,0,0,0,0,0,0,0,0,0,0,4061964.90274763,-22084970.3048677,-26963464.5021522,-25554264.9278839,-18089845.6462974,-11548730.7222372,-17294564.2024361,-18536416.351642,-24050889.9438446,-25701840.6266074,-27284588.7621612,-35244342.5609587,-27567547.5671322,-37271003.648764,-29703650.310086,-20796185.4650671,0,0,0,0,0,0,0,0,0,0,0,-82729603.8857814,-90093150.1476165,-98821582.439446,-97231145.0692002,-103518494.461425,-131487736.273245,-146136824.00341,-151874727.242513,-159903554.35598,-156193181.730479,-161482389.696167,-165762053.960004,-151369620.262046,-144633338.514284,-127542338.760614,-191229247.994314,-251424746.809928,-276525125.91456,-319296500.774961,0
USA,St. Kitts and Nevis,KNA,BN.GSR.GNFS.CD,0,0,0,0,0,0,0,0,0,0,0,0,0,0,0,0,0,0,0,0,-14418518.5185185,-16351851.8518519,-20422222.2222222,-26140740.7407407,-15937037.037037,-13844444.4444444,-14677777.7777778,-22222222.2222222,-31703703.7037037,-40196296.2962963,-49981481.4814815,-35007407.4074074,-12329629.6296296,-25366666.6666667,-22181481.4814815,-53681481.4814815,-65659259.2592592,-55918518.5185186,-48033333.3333333,-59237037.037037,-67054212.6178402,-56317052.3412745,-54584285.7530442,-29566539.7624767,27167738.1227792,31364513.4600782,3867385.3001916,-32159543.5581858,-56924774.9399616,-98693373.0396489,-56137743.8956716,-22136930.8838519,14701133.6495752,38759567.0805629,77154125.9259259,3412908.1481481,-52313772.962963,-37050120,11971275.925926,-36457072.5925926,-76302082.5925926,-6178408.1481482,-63872830.3703703,-89600127.7777777,-138542833.703704,0
USA,"Korea, Rep.",KOR,BN.GSR.GNFS.CD,0,0,0,0,0,0,0,0,0,0,0,0,0,0,0,0,-254000000,282000000,-916000000,-3506000000,-5277100000,-4164300000,-3179100000,-1510900000,629200000,76200000,4437900000,9745300000,12575300000,3724100000,-3188400000,-8166700000,-3272400000,1663700000,-4433100000,-8398700000,-21978300000,-7989200000,42495100000,26488500000,14546800000,7140200000,8587300000,17292900000,34122600000,23508300000,11474300000,19396600000,5435400000,38717900000,33959500000,15957800000,43531800000,73930200000,82854900000,105649200000,99123300000,76858800000,80717400000,52966800000,65934700000,70444200000,8366900000,10833600000,76425300000,0
USA,Kuwait,KWT,BN.GSR.GNFS.CD,0,0,0,0,0,0,0,0,0,0,0,0,0,0,0,5847623905.77473,5957848753.60692,4044443527.99859,4755451471.60118,12161405522.7884,12034891239.9948,7773005781.41249,458475016.440753,1832050599.2431,2789956947.83994,1705717228.7985,-856863627.015655,236845009.164287,-1336777416.70452,2212544389.17181,1098958243.05351,-8090939999.99999,-3785519082.19919,-22528596.408807,1568977012.74039,1600615339.48443,3416735943.05681,3164673436.11193,-1876913582.30483,1905295846.45505,9928881106.01983,5499187539.7399,3059415591.40769,8442962174.25909,12874109263.658,26309246575.3425,38018965888.7457,39388987316.627,60186155950.0603,33617908084.9689,40785388310.1042,71341369915.8159,83140620592.6115,75344353477.9065,59888079430.48,10251823889.8115,-764648397.85644,2727186902.31876,16994114744.044,13179758591.1804,3401190923.62184,28167224974.5725,55013741535.6003,32045303686.4846,28188883807.8465,0
USA,Latin America & Caribbean (excluding high income),LAC,BN.GSR.GNFS.CD,0,0,0,0,0,0,0,0,0,0,0,0,0,0,0,0,0,0,0,0,0,0,0,0,0,0,0,0,0,0,0,0,0,0,0,0,0,0,0,0,0,0,0,0,0,0,0,0,0,0,0,0,0,0,0,0,0,0,0,0,0,0,0,0,0,0
USA,Lao PDR,LAO,BN.GSR.GNFS.CD,0,0,0,0,0,0,0,0,0,0,0,0,0,0,0,0,0,0,0,0,0,0,0,0,-160500000,-161200000,-140100000,-163700000,-100500000,-133800000,-109500000,-111100000,-110100000,-140200000,-278800000,-340700000,-342500000,-287700000,-115200000,-111300000,-72370000,-54781547.6404351,1114497.24086162,-27618794.4223728,-201992257.091491,-163625276.127337,7830650.50192347,92364486.3042762,-17544486.4734168,-146773678.282627,-66147825.3407206,-349954012.215621,-947984437.710273,-1061035240.42977,-2085058723.52544,-2256435633.5029,-1315153029.36057,-1129953098.02734,-1170848452.23378,-532984843.002456,645616024.454668,1292759325.82958,621832575.520967,1101267611.17868,0,0
USA,Lebanon,LBN,BN.GSR.GNFS.CD,0,0,0,0,0,0,0,0,0,0,0,0,0,0,0,0,0,0,0,0,0,0,0,0,0,0,0,0,0,0,0,0,0,0,0,0,0,0,0,0,0,0,-3750637038.39986,-2029255852.32613,-5303811527.64921,-3624286958.87424,-3268959080.97316,-5113518255.85431,-6900257996.04925,-8340024499.3839,-9492875256.63481,-7627030601.1031,-11906832865.14,-13342449921.08,-14397923871.79,-11426359325.52,-12107086798.8,-13130161154.6992,-13620787416.305,-12938275542.2226,-6432412326.92661,-7983310844.9934,-12091395112.3418,-11542638381.8417,0,0
USA,Liberia,LBR,BN.GSR.GNFS.CD,0,0,0,0,0,0,0,0,0,0,0,0,0,0,0,0,0,0,0,585718.023398312,1352319.55402257,1251110.92497948,600791.649000473,-521116.770817616,1414767.43069196,2605583.85148249,2702485.73025663,893650.659805976,0,0,0,0,0,0,0,0,0,0,0,0,0,0,0,0,-741498032.967272,-816363861.280419,-1224602723.23438,-1204938606.29377,-1381364966.30785,-1250093005.49901,-542982118.276661,-1022636892.84458,-1525627322.62742,-1175575181.52593,-1799126585.07449,-1364407090.27854,-1057421109.4909,-802605177.286216,-718141890.174837,-689782526.894746,-639226709.75038,-698395251.761802,-741456441.740813,0,0,0
USA,Libya,LBY,BN.GSR.GNFS.CD,0,0,0,0,0,0,0,0,0,0,0,0,0,0,0,0,0,4311419330.82955,2841064555.90781,5523034901.15909,9412913189.42078,-2426602789.63599,623537003.926722,1215660713.0956,531999338.675134,2887320851.33406,414716996.748862,-878703131.569086,-1617056187.68234,-598461311.375918,2508323501.45322,66612446.438748,1541093344.05543,-1005683148.65632,263227232.971913,1758242034.5012,1338599608.39924,1528643518.39234,-299417565.999846,2044152624.70471,7186000000,4959000000,1300000000,4523000000,7180000000,15860000000,22179000000,26712000000,36155300000,10375000000,18658700000,3513800000,28592400000,3676800000,-18495600000,-9742900000,-4700400000,3857000000,11115300000,3958100000,-4797200000,6973400000,11959200000,4468600000,0,0
USA,St. Lucia,LCA,BN.GSR.GNFS.CD,0,0,0,0,0,0,0,0,0,0,0,0,0,0,0,0,-18499460.579359,-21900000,-33600000,-39700000,-48199999.9999999,-60700000,-48800000.0000001,-25400000,-34200000,-30100000,-13077777.7777778,-23077777.7777778,-14681481.4814814,-59737037.0370371,-38437037.037037,-55870370.3703704,-36285185.1851852,-25951851.8518518,-32177777.7777778,-16151851.851852,-36722222.2222222,-55622222.2222223,-37362962.962963,-87577777.7777777,-112369779.294007,-109758195.033092,-110322654.643084,-143730175.969485,-78953610.200812,-88582986.3510992,-303448772.88357,-156445656.544488,-255191554.719733,-45138480.1193818,-109401310.687014,-148963372.185431,-67035159.8253477,-4416431.9106849,63058585.1123645,138248506.278213,-6117846.5401692,78356413.6233852,127777764.217904,191482393.703704,-263399108.518519,-182121763.703704,90090876.2962968,127159246.296296,154233444.074074,0
USA,Latin America & Caribbean,LCN,BN.GSR.GNFS.CD,0,0,0,0,0,0,0,0,0,0,0,0,0,0,0,0,0,0,0,0,0,0,0,0,0,0,0,0,0,0,0,0,0,0,0,0,0,0,0,0,0,0,0,0,0,0,0,0,0,0,0,0,0,0,0,0,0,0,0,0,0,0,0,0,0,0
USA,Least developed countries: UN classification,LDC,BN.GSR.GNFS.CD,0,0,0,0,0,0,0,0,0,0,0,0,0,0,0,0,0,0,0,0,0,0,0,0,0,0,0,0,0,0,0,0,0,0,0,0,0,0,0,0,0,0,0,0,0,0,0,0,0,0,0,0,0,0,0,0,0,0,0,0,0,0,0,0,0,0
USA,Low income,LIC,BN.GSR.GNFS.CD,0,0,0,0,0,0,0,0,0,0,0,0,0,0,0,0,0,0,0,0,0,0,0,0,0,0,0,0,0,0,0,0,0,0,0,0,0,0,0,0,0,0,0,0,0,0,0,0,0,0,0,0,0,0,0,0,0,0,0,0,0,0,0,0,0,0
USA,Liechtenstein,LIE,BN.GSR.GNFS.CD,0,0,0,0,0,0,0,0,0,0,0,0,0,0,0,0,0,0,0,0,0,0,0,0,0,0,0,0,0,0,0,0,0,0,0,0,0,0,0,0,0,0,0,0,0,0,0,0,0,0,0,0,0,0,0,0,0,0,0,0,0,0,0,0,0,0
USA,Sri Lanka,LKA,BN.GSR.GNFS.CD,0,0,0,0,0,0,0,0,0,0,0,0,0,0,0,-171681373.8559,-50879695.6785,86308173.3728999,-130072244.6591,-403068736.7304,-903830667.2428,-711812306.3826,-880462228.8387,-773726419.7325,-344442208.2904,-734401855.8813,-750171751.8296,-677220149.5346,-748400069.3584,-770314416.1237,-672036980.3035,-1020584082.667,-916867186.3656,-982090623.2259,-1383429808.0017,-1364588928.5271,-1238558366.8694,-1066913536.9816,-950476666.377601,-1218639916.6956,-1726747410.74,-954050000,-1111890000,-1139960000,-1823850000,-2178712930,-3113711000,-3353700000,-5579000000,-2731500000,-4118500000,-8611150000,-8155171568.40896,-6428657223.05667,-6406606457.70637,-6063314670.16749,-5993868514.63866,-6317047992.80595,-6576794257.39769,-5147667481.61963,-5188536224.2702,-6552496707.23294,-3074954688.44853,-1495959130.65672,0,0
USA,Lower middle income,LMC,BN.GSR.GNFS.CD,0,0,0,0,0,0,0,0,0,0,0,0,0,0,0,0,0,0,0,0,0,0,0,0,0,0,0,0,0,0,0,0,0,0,0,0,0,0,0,0,0,0,0,0,0,0,0,0,0,0,0,0,0,0,0,0,0,0,0,0,0,0,0,0,0,0
USA,Low & middle income,LMY,BN.GSR.GNFS.CD,0,0,0,0,0,0,0,0,0,0,0,0,0,0,0,0,0,0,0,0,0,0,0,0,0,0,0,0,0,0,0,0,0,0,0,0,0,0,0,0,0,0,0,0,0,0,0,0,0,0,0,0,0,0,0,0,0,0,0,0,0,0,0,0,0,0
USA,Lesotho,LSO,BN.GSR.GNFS.CD,0,0,0,0,0,0,0,0,0,0,0,0,0,0,0,-144961292.470885,-180434999.8431,-206309999.8206,-223214999.8059,-294291387.702139,-384420943.354542,-424235338.680636,-799963788.201815,-883836587.027686,-788812986.559899,-586879528.673141,-619262958.715232,-853943397.468434,-922647894.846113,-961263164.815667,-1091703366.09348,-1242789922.45174,-1359406133.62537,-1266496961.95688,-1252672482.51415,-1399418762.8757901,-1292882581.76836,-1254916409.51983,-983582227.776525,-876283847.142205,-773329767.141034,-595468801.646939,-505428189.741851,-764157393.938501,-900710792.961812,-985652498.680277,-978651680.978581,-1008497706.24776,-1002374439.46749,-1271688952.21049,-1491813946.79632,-1422445705.10292,-1692009157.3086,-1380548270.49749,-1262676564.23367,-1045635031.22647,-1052678219.5851,-1208782069.95277,-1167403816.11021,-1145057935.10102,-1088419440.04892,-1140926103.1082,-1176882174.66003,-1191087968.05889,-1099698564.69143,0
USA,Late-demographic dividend,LTE,BN.GSR.GNFS.CD,0,0,0,0,0,0,0,0,0,0,0,0,0,0,0,0,0,0,0,0,0,0,0,0,0,0,0,0,0,0,0,0,0,0,0,0,0,0,0,0,0,0,0,0,0,0,0,0,0,0,0,0,0,0,0,0,0,0,0,0,0,0,0,0,0,0
USA,Lithuania,LTU,BN.GSR.GNFS.CD,0,0,0,0,0,0,0,0,0,0,0,0,0,0,0,0,0,0,0,0,0,0,0,0,0,0,0,0,0,0,0,0,0,-209804274.601984,-259391613.398108,-710845000,-775360000,-1013010000,-1277812500,-1099182500,-723685000,-651350000,-766120811.308571,-1089789247.60832,-1598121430.99819,-1868987718.20348,-3115787811.15728,-5220795621.51119,-5654887514.59838,-650343011.536893,-747170031.548332,-1165213981.29822,252898478.553641,669878259.486972,924100058.982096,-414399785.652911,306454310.766927,1122347166.83575,990008416.881667,2893165052.33979,5227050937.84286,3002108490.63778,-1467958906.1204,3120764717.88409,4404370171.87185,0
USA,Luxembourg,LUX,BN.GSR.GNFS.CD,0,0,0,0,0,0,0,0,0,0,0,0,0,0,0,0,0,0,0,0,0,0,0,0,0,0,0,0,0,0,0,0,0,0,0,0,0,0,0,2707728858.73997,4300157936.63012,3839304674.94342,6396647837.18102,7733253423.25683,8995309608.54017,10106312065.8446,14231810557.3008,17047832259.0175,18120548851.8925,18274145605.527,19192833467.6215,21113444604.7632,22463816774.2645,25960453249.3214,28145998212.6824,25548168754.6856,27234134470.6309,25399280110.7678,25873948883.5798,25100376793.0701,27801061612.42,33954499073.5419,29689259081.5976,32217308444.8831,34490567835.9578,0
USA,Latvia,LVA,BN.GSR.GNFS.CD,0,0,0,0,0,0,0,0,0,0,0,0,0,0,0,0,0,0,0,0,0,0,0,0,0,0,0,0,0,0,0,0,93807284,331695000,59849000,-105545000,-414448000,-477332000,-827403000,-691300000,-435668393.162799,-641750345.076581,-769682764.40150106,-1304378201.18981,-2116991636.50793,-2437937341.59297,-4448701322.29235,-5712673161.3934,-4265771521.22894,-288813246.923251,-470556347.619047,-1660157661.64095,-1559361830.79714,-1366226218.96361,-881928104.03778,-315230306.834458,142293731.254776,-127606948.777044,-156116779.871778,-70970907.332253,487130155.261102,-1218651820.6349,-1841317409.80791,-1581098659.59594,-699670294.191951,0
USA,"Macao SAR, China",MAC,BN.GSR.GNFS.CD,0,0,0,0,0,0,0,0,0,0,0,0,0,0,0,0,0,0,0,0,0,0,0,0,0,0,0,0,0,0,0,0,0,0,0,0,0,0,0,0,0,0,2517060254.16958,2880750414.6615,4325196312.76566,3939937615.24287,4210051772.21794,4996212153.58356,6893080923.88626,9383147903.40092,15506387499.9443,21293068830.6609,24977405438.4769,30864735567.9244,28904863218.7461,17350450010.7472,18523407221.942,23248399457.5754,27305253729.9356,27931990400.4409,363779893.041877,4393443566.42893,174099687.659763,18634201220.2572,0,0
USA,St. Martin (French part),MAF,BN.GSR.GNFS.CD,0,0,0,0,0,0,0,0,0,0,0,0,0,0,0,0,0,0,0,0,0,0,0,0,0,0,0,0,0,0,0,0,0,0,0,0,0,0,0,0,0,0,0,0,0,0,0,0,0,0,0,0,0,0,0,0,0,0,0,0,0,0,0,0,0,0
USA,Morocco,MAR,BN.GSR.GNFS.CD,0,0,0,0,0,0,0,0,0,0,0,0,0,0,0,-963112162.829154,-1782630217.20746,-2235671070.98755,-1798558201.87345,-2044043539.25003,-1974523574.39855,-2228024145.09251,-2230109550.84928,-1257290602.91038,-1351790654.51716,-1199205664.16558,-1076178019.36627,-828186823.539263,-102324844.837772,-1251153075.39788,-1543978703.46311,-1572953695.78076,-1909140154.89803,-1608287745.31519,-1822070986.65991,-2198534134.93753,-1232693099.97628,-1117023286.5382,-1455059864.39051,-1335316226.02495,-2093220551.79848,-1111415357.4612,-1114913759.85845,-1728414693.05363,-3227630251.10061,-3951168994.58638,-4440744115.62965,-7420593636.5374,-12774727823.0575,-10926909415.6859,-9953278186.70668,-14062623475.6277,-14674780975.466,-14810418460.9486,-13690326430.4099,-7927842023.52505,-10739249607.2905,-10551433764.5562,-12131482383.3643,-10049378708.9168,-8812910271.88886,-13124927044.3011,-15234615256.3966,-12191055206.4029,-13273497505.6441,0
USA,Monaco,MCO,BN.GSR.GNFS.CD,0,0,0,0,0,0,0,0,0,0,0,0,0,0,0,0,0,0,0,0,0,0,0,0,0,0,0,0,0,0,0,0,0,0,0,0,0,0,0,0,0,0,0,0,0,0,0,0,0,0,0,0,0,0,0,0,0,0,0,0,0,0,0,0,0,0
USA,Moldova,MDA,BN.GSR.GNFS.CD,0,0,0,0,0,0,0,0,0,0,0,0,0,0,0,0,0,0,0,0,0,0,0,0,0,0,0,0,0,0,0,0,0,0,-100040000,-122020000,-320020000,-376410000,-434630000,-179360000,-330530000,-352940000,-418140000,-667300000,-775140000,-1212240000,-1603240000,-2319790000,-3219160000,-1998580000,-2255498750.35667,-2825503937.83667,-2959960000,-2986360000,-2913560000,-1991460000,-1858100000,-2254560000,-2938010000,-2946160000,-2696150000,-3717710000,-4284320000,-3974190000,-4701120000,0
USA,Madagascar,MDG,BN.GSR.GNFS.CD,0,0,0,0,0,0,0,0,0,0,0,0,0,0,-65391586.1302535,-98314568.5204649,-63486195.6628568,-62683484.0308762,-133212204.491106,-441282588.742855,-559166504.088218,-341404547.752945,-275064751.262562,-195354077.814066,-124964774.535349,-153076896.951217,-138214337.199316,-119218490.853088,-165850966.048535,-95887741.1810564,-338246579.987686,-195531121.959725,-230197249.593162,-294631181.965558,-218482760.419397,-237896771.052666,-199830019.562935,-291886333.468814,-299147369.900934,-288555844.217847,-331675856.242419,-187176039.131145,-514975119.353513,-554939573.599998,-649266259.800001,-825540136.864562,-699600735.165125,-1148264719.95286,-2093613078.0813,-1943005638.6842,-1256939994.21206,-1147933209.13189,-1073173357.26468,-1009674021.90093,-456652748.469326,-356772598.174224,-175422309.680643,-344018352.124095,-413526829.367095,-603012986.87044,-1128980140.43678,-1407090214.03526,-1351885540.02755,0,0,0
USA,Maldives,MDV,BN.GSR.GNFS.CD,0,0,0,0,0,0,0,0,0,0,0,0,0,0,0,0,0,-900000,-3400000,-4900000,-21900000,-19100000,-17100000,-19800000,-10700000,6100000,10347965.3320654,16321085.3966171,12214179.7256335,9919074.5951686,19873000,329673.073431,2061370.754701,-21591676,14956279.8781229,5354152.365927,15509758.055156,647985.4112473,16565685.7329953,-27767024.7343039,5501077.666576,8194762.031571,39477199.070917,49360518.824951,-33598121.037282,-384035397.053719,-269390064.689639,168193991.826188,-107214252.286509,232165795.76164,314232523.777393,146924690.07404,339502569.879086,508336313.143015,545048446.109549,375920282.87938,-50674148.133532,-179960563.237689,-517528628.784776,-336988109.327365,-661897582.476007,502385079.859617,156705428.806191,-104055382.755435,68023385.575855,0
USA,"Middle East, North Africa, Afghanistan & Pakistan",MEA,BN.GSR.GNFS.CD,0,0,0,0,0,0,0,0,0,0,0,0,0,0,0,0,0,0,0,0,0,0,0,0,0,0,0,0,0,0,0,0,0,0,0,0,0,0,0,0,0,0,0,0,0,0,0,0,0,0,0,0,0,0,0,0,0,0,0,0,0,0,0,0,0,0
USA,Mexico,MEX,BN.GSR.GNFS.CD,0,0,0,0,0,0,0,0,0,0,0,0,0,0,0,0,0,0,0,-1851000000,-4979000000,-7383000000,5117000000,13715000000,12790000000,7683000000,4416000000,8913000000,2414000000,-267000000,-3110000000,-9369000000,-18618000000,-16010000000,-21185140000,7152710000,6435885000,-807196000,-9180703000,-8350321000,-11941767041,-14109446485,-12194289609,-10770586021,-14968141812,-14565785413,-13991006944,-18695821515,-26869546767,-14820317718,-13623591137,-15980581914,-14581102602,-15907547928,-16563464776,-25807764000,-23667255468,-22668791420,-27610814495,-4265651015,21711673476,-23128199854,-43787418381,-31950750370,-27626821962,0
USA,Marshall Islands,MHL,BN.GSR.GNFS.CD,0,0,0,0,0,0,0,0,0,0,0,0,0,0,0,0,0,0,0,0,0,0,0,0,0,0,0,0,0,0,0,0,0,0,0,0,0,0,0,0,0,0,0,0,0,-101535553.803533,-101522072.156632,-112966755.32216,-109409778.156412,-127001064.718136,-109599716.733761,-99845558.2829229,-69463864.9847535,-89919355.8707876,-92772881.857085,-111262525.778845,-123815949.981462,-82892728.2954088,-45818482.8955853,-38288145.9663188,-44802779.3120239,-76008272.7711216,0,0,0,0
USA,Middle income,MIC,BN.GSR.GNFS.CD,0,0,0,0,0,0,0,0,0,0,0,0,0,0,0,0,0,0,0,0,0,0,0,0,0,0,0,0,0,0,0,0,0,0,0,0,0,0,0,0,0,0,0,0,0,0,0,0,0,0,0,0,0,0,0,0,0,0,0,0,0,0,0,0,0,0
USA,North Macedonia,MKD,BN.GSR.GNFS.CD,0,0,0,0,0,0,0,0,0,0,0,0,0,0,0,0,0,0,0,0,0,0,0,0,0,0,0,0,0,0,0,0,0,0,0,0,-471490000,-532200000,-575445204.130813,-457074064.240888,-642125700.122044,-545893559.089251,-827691031.741355,-855217292.772752,-1189733166.89945,-1093903653.03408,-1226509435.67586,-1588287899.21199,-2562426417.59672,-2136525990.36351,-1856959107.68669,-2140371835.76031,-2190294310.87424,-1976433126.46824,-1963060752.57045,-1631227767.70795,-1630959009.0477,-1588372813.00263,-1612255272.9123,-1805080888.77707,-1582531345.17781,-2153845040.75784,-2886224819.33716,-2057510642.54442,-2198664601.60719,0
USA,Mali,MLI,BN.GSR.GNFS.CD,0,0,0,0,0,0,0,0,0,0,0,0,0,0,0,-143925073.80979,-77798541.731507,-58083760.1977851,-218695849.284989,-242805569.593536,-257478769.742876,-237550711.903859,-205108696.034886,-199046865.449583,-197960133.744626,-358809902.839639,-371925510.590473,-324087023.627715,-383148170.072506,-287766807.78326,-409784904.020306,-409809176.55706,-513011735.21410203,-406409632.950786,-362298809.022935,-461926729.676971,-410153461.470658,-253103909.503331,-271956127.46087,-296618854.743181,-283457813.078195,-279991324.231463,-55205809.1690432,-319187483.244582,-407835177.49595,-458503870.446239,-286433116.733172,-690611603.905051,-1210560425.65719,-686635160.036214,-1309776708.17854,-1051695374.69504,-607589871.353241,-1978034650.80646,-2230547545.04226,-2038081152.84526,-2367638112.66079,-2200115181.48503,-1894817500.56535,-2116578374.70659,-1143576815.35233,-2215235072.30086,-2086550442.58033,-1935827989.57385,0,0
USA,Malta,MLT,BN.GSR.GNFS.CD,0,0,0,0,0,0,0,0,0,0,0,-50600882.2912017,-28565688.053687,-17082583.9453066,-64853927.5059011,-24169446.0713895,-28931929.6670248,-55646436.0959403,-21018034.0466671,-51329260.6112905,-108850890.036045,-109904082.035607,-203813002.065579,-178055610.030594,-172004605.867613,-181389945.817974,-162344065.15915,-173376106.51487,-201295626.504932,-225255923.728631,-333323893.136978,-297244328.948081,-217807832.603448,-260192977.744605,-294524452.084684,-472262388.570914,-479529666.871853,-292151093.931448,-209896166.063833,-206854525.822143,-415727364.544393,-183711521.695356,108599805.505143,-82590862.3363244,-159454247.43054,-257567940.748681,-274909082.797619,124439723.288594,78712937.393764,-104952698.438069,-62835996.022236,253621244.902439,445305459.533272,640894838.58209,1349786401.84795,1038114346.05328,1295971583.69454,3027968111.58805,2873060809.3889,3715013156.94505,3999727297.97558,3809895991.00506,2160147679.81738,4009273676.8975,4739928987.85651,0
USA,Myanmar,MMR,BN.GSR.GNFS.CD,0,0,0,0,0,0,0,0,0,0,0,0,0,0,0,0,-35934455.9280098,-97824204.4926299,-227162076.622324,-391614729.022861,-384383726.791395,-351422805.251905,-519227721.130844,-367580184.886276,-211541452.735981,-217104732.17662,-280576531.497687,-210833201.298222,-192031434.329887,-69212917.2483701,-280566188.423716,-51646728.6998404,-34943606.2752036,-513611362.970528,-467579089.278414,-705885851.098594,-805398512.678258,-1053750224.56342,-1124706491.09941,-659656823.881805,-350820664.102185,123380132.039568,510159464.978081,620866059.51058,715449106.341946,1767650338.76312,1908575763.37734,2430566104.37744,2679390435.01003,2320068010.84616,3057456205.86186,-123704013.791304,363652290.566295,444485705.263469,-954412173.646167,-2458409703.81709,-2306518795.81366,-4829984760.65528,-2936193292.93754,167245038.941888,0,0,0,0,0,0
USA,"Middle East, North Africa, Afghanistan & Pakistan (excluding high income)",MNA,BN.GSR.GNFS.CD,0,0,0,0,0,0,0,0,0,0,0,0,0,0,0,0,0,0,0,0,0,0,0,0,0,0,0,0,0,0,0,0,0,0,0,0,0,0,0,0,0,0,0,0,0,0,0,0,0,0,0,0,0,0,0,0,0,0,0,0,0,0,0,0,0,0
USA,Montenegro,MNE,BN.GSR.GNFS.CD,0,0,0,0,0,0,0,0,0,0,0,0,0,0,0,0,0,0,0,0,0,0,0,0,0,0,0,0,0,0,0,0,0,0,0,0,0,0,0,0,0,0,0,0,0,0,0,-1588601286.68413,-2431833171.02999,-1278506162.944,-1064300255.19853,-977371673.980965,-1005754872.22686,-900221249.521639,-909752754.135427,-746505641.987746,-978848488.295423,-1120803358.5532,-1319279618.29664,-1175546381.6963,-1669085977.64379,-1135117796.0757,-1436403580.10341,-1397932694.01846,-1847312243.23459,0
USA,Mongolia,MNG,BN.GSR.GNFS.CD,0,0,0,0,0,0,0,0,0,0,0,0,0,0,0,0,0,0,0,0,0,-796500000,-825000000,-792900000,-700600000,-768400000,-1058700000,-979000000,-998800000,-1145420000,-582840000,-131150000,-56540000,-12250000,-12160000,-12800000,-93400000,28080000,-131700000,-127073387,-157716914.22136,-192100875.933545,-238185462.568913,-248748022.696718,-195393857.119738,-85895239.489534,203385615.528975,57014926.7279956,-738677897.076524,-332006178.476588,-474918588.302732,-3517358044.65908,-4455747639.7511,-3917924200.41533,-1111497489.16149,-152864021.012946,-497135.735171,277604026.623513,-763750656.838668,-833604448.611713,305323153.496862,-305729911.391503,-1122520105.82839,1956376931.01332,-235739517.211251,0
USA,Northern Mariana Islands,MNP,BN.GSR.GNFS.CD,0,0,0,0,0,0,0,0,0,0,0,0,0,0,0,0,0,0,0,0,0,0,0,0,0,0,0,0,0,0,0,0,0,0,0,0,0,0,0,0,0,0,0,0,0,0,0,0,0,0,0,0,0,0,0,0,0,0,0,0,0,0,0,0,0,0
USA,Mozambique,MOZ,BN.GSR.GNFS.CD,0,0,0,0,0,0,0,0,0,0,0,0,0,0,0,0,0,0,0,0,0,0,0,0,0,0,0,0,0,0,0,0,0,0,0,0,0,0,0,0,0,0,0,0,0,-803674430.271872,-621697303.039305,-796812167.797911,-1400195939.05849,-1707440159.00836,-2148025288.10234,-4133946674.83786,-7753202106.3387,-7615689356.07254,-6967541379.73281,-6449682664.82562,-4079473034.42208,-2637413217.30467,-4597966667.89675,-4069363574.37714,-4210075400.25459,-4007644582.03097,-6522748188.50088,-1775216244.67762,-1129454668.28823,0
USA,Mauritania,MRT,BN.GSR.GNFS.CD,0,0,0,0,0,0,0,0,0,0,0,0,0,0,0,-92311083.0159975,-151591712.989724,-183955616.083108,-189894394.800975,-176564798.169636,-196257865.691105,-195524113.536364,-296836920.303269,-209791102.871222,-158079515.178084,-137069468.768984,-169855462.185254,-136765402.576308,-93036439.9366647,-63864372.4940097,-49088811.4230421,-83091473.0258809,-213417138.983129,-160944214.890286,-107683592.959741,-5263225.4915811,-65784072.0002913,-57891386.4254984,-78588324.7631218,0,0,0,0,0,0,0,0,0,0,0,0,0,-1359370920.90608,-1206024814.92775,-1333855477.38899,-954011172.989699,-834838283.113469,-944032323.141255,-1222143150.91208,-1158208368.35699,-890731370.108058,-1131838870.62952,-1637405929.71184,-1315988116.87275,-1315020525.71848,0
USA,Mauritius,MUS,BN.GSR.GNFS.CD,0,0,0,0,0,0,0,0,0,0,0,0,0,0,0,0,-48192590.7705491,-88386975.5467828,-124771326.95276,-142356464.51998,-116341237.279473,-119061717.581218,-30351665.4338354,-3929541.6106244,-34854230.5754036,-21045837.8350313,97353714.1630102,38669950.4201538,-105895901.277931,-160002448.124889,-193830959.130216,-105224096.339358,-104541426.494645,-197075876.762414,-310628402.166993,-104162372.900528,-37887089.0458019,-198648842.778282,-65103271.2101422,-211269772.626582,-84514284.3713062,194148569.18108,144726217.41426,70796093.3230717,-147156887.115387,-376492710.10505,-725533821.094567,-781959446.327884,-1378116042.71647,-933687898.79195,-1179044054.8196101,-1561477609.39418,-1491097860.33351,-1704239940.14731,-1479574524.93287,-1170543453.57922,-1258145034.00392,-1777877796.20383,-1172213230.268,-1240869808.50823,-1215707337.57347,-1843204712.37107,-1914338318.39177,-1646171442.65235,-2063200052.48413,0
USA,Malawi,MWI,BN.GSR.GNFS.CD,0,0,0,0,0,0,0,0,0,0,0,0,0,0,0,0,0,-87271623.8887667,-173156564.771872,-193541772.849829,-173994279.213402,-74835327.4588244,-69445162.7381301,-69035181.6081668,35163933.2787941,-48513851.2786061,-16119730.1937036,-15257550.3934931,-118962987.882785,-136762708.78826,-105647673.741807,-258265890.798832,-325370632.113536,-252885772.506527,-281730986.601468,-190558618.66286,-227013264.990615,-338797233.670889,-91063089.5602763,-262050154.561476,-191673094.008363,-172065994.403981,-323271092.624839,-292706814.211077,-483666941.098406,-700643180.765819,-534393154.969675,-660716264.463445,-982429884.072515,-890050440.667186,-1419882532.7219,-1278001468.35407,-1172649823.96267,-1562266577.48039,-1372051914.77458,-1242563524.54775,-1225123659.76949,-1736993035.8543,-1839953679.44211,-1818969799.21706,-2064997954.27212,-2180598872.20535,-2347203418.31062,-2469036002.33997,0,0
USA,Malaysia,MYS,BN.GSR.GNFS.CD,0,0,0,0,0,0,0,0,0,0,0,0,0,0,-85581343.8476374,-163339762.033833,1046988580.25928,982414323.517085,889016821.436689,1841949942.18022,571918568.8366,-1655292139.69702,-2421435377.51392,-1674959612.87918,609308163.707337,1581125299.95133,1620799746.91145,4461354572.71316,3600145105.55156,2355988568.29949,899856740.14511,-1798865482.04892,803569676.072839,-67596572.776058,-1154993731.55826,-3482664705.67682,1411002039.99097,940213221.63735,15895015129.7977,19828236842.1053,18019763157.8947,16181578947.3684,16565236842.1053,21756552631.5789,25414723684.2106,30775516791.1238,35471715593.5766,38520460699.6926,51312688997.9361,41550972362.834,40434591219.3347,46436559963.5622,33875653963.4719,27540337316.9555,31341554660.1241,22711691906.1136,19990335308.9183,21988277861.2463,24054470762.8388,27500981134.2942,21603446738.6741,26980425521.7432,29122040538.7734,20435053640.9863,22698293285.212,0
USA,North America,NAC,BN.GSR.GNFS.CD,0,0,0,0,0,0,0,0,0,0,0,0,0,0,0,0,0,0,0,0,0,0,0,0,0,0,0,0,0,0,0,0,0,0,0,0,0,0,0,0,0,0,0,0,0,0,0,0,0,0,0,0,0,0,0,0,0,0,0,0,0,0,0,0,0,0
USA,Namibia,NAM,BN.GSR.GNFS.CD,0,0,0,0,0,0,0,0,0,0,0,0,0,0,0,0,0,0,0,0,0,0,0,0,0,0,0,0,0,0,-364237781.360062,-366817983.460779,-418441119.244089,-299044454.734143,-295144894.645758,-365941244.828836,-370730531.113332,-425220551.241565,-302444655.44689,-362828414.199913,-146740694.377721,-193985796.375888,-177044523.14104,-325859398.239093,-227659979.058086,-214544996.273875,199127116.151426,-92995406.8325934,-990186470.012983,-1373339651.55339,-1323975906.00793,-1551987267.14404,-2174125630.73279,-2492979685.7486,-2816139510.53256,-2943119870.30343,-2565430209.39521,-1686277602.21238,-1397163463.70462,-1225374004.36717,-1002539145.51916,-2113569979.7083,-2069016347.98314,-2719910165.90963,-3279279371.18583,0
USA,New Caledonia,NCL,BN.GSR.GNFS.CD,0,0,0,0,0,0,0,0,0,0,0,0,0,0,0,0,0,0,0,0,0,0,0,0,0,0,0,0,0,0,0,0,0,0,0,0,0,0,0,0,0,0,-677244822.36104,-734602834.630329,-576147640.211876,-1012020219.54228,-1264421211.70026,-1263056938.41881,-2562585316.32721,-1932849108.01458,-2392716752.31022,-2484554397.35648,-2560331110.38201,-2536640989.20424,-2122648995.38614,-1962515001.78915,-1501031088.28103,0,0,0,0,0,0,0,0,0
USA,Niger,NER,BN.GSR.GNFS.CD,0,0,0,0,0,0,0,0,0,0,0,0,0,0,-122581752.525033,-72543463.2037865,-107030538.180919,-147969091.41346,-254799498.406059,-248747607.153386,-339696852.632646,-261438266.837523,-305143311.109942,-109752630.899115,-59486448.0511453,-175111252.272315,-117017930.055655,-109840212.905282,-200242929.893659,-194540393.148465,-195658793.780279,-220026514.990686,-192593800.999665,-160872245.479728,-163249699.992104,-136041699.174718,-144935290.328897,-142548168.434002,-186952569.268714,-154191891.663513,-135266010.952954,-149373763.744404,-194338229.185695,-266460917.096819,-322425066.254255,-483888010.268586,-478728431.53546,-536798788.054228,-911172561.093229,-1437868289.11089,-1538698117.83903,-1725329169.41582,-1214943901.93646,-1261371683.46252,-1504448147.00287,-1630151760.00179,-1296759953.78187,-1505222286.00695,-1918546646.37358,-2008363102.12478,-2204290497.08743,-2539823428.0113,-2817582856.71978,-2584946479.0671,0,0
USA,Nigeria,NGA,BN.GSR.GNFS.CD,0,0,0,0,0,0,0,0,0,0,0,0,0,0,0,0,0,-296261339.116846,-3256872676.07506,2506591914.48386,7057671650.66233,-5238719723.67712,-5663280455.57296,-3061802647.31921,1634644658.12793,4326596700.56444,1090894787.67438,2830650968.92885,2079803686.75106,3355314210.21938,7641622023.26494,2878710925.40323,3853246868.81394,1685012648.37927,311829423.531551,-155213290.103402,1749727567.80478,543132296.086534,-1003652734.85157,1792044670.61808,8947932361.38611,3908840366.35388,2339989712.06712,5582237051.09836,17120483279.0615,24367471605.2644,23321457682.8904,20849760438.7317,23807545674.0701,8910395195.0992,11846267187.1371,11643852019.1221,17649549960.618,22765054981.7888,-1860415123.57376,-22899676713.3264,-8550719263.65173,-86132009.91497,-5598563490.82136,-30893479544.0194,-32241264094.1179,-16622243079.3583,-7958107284.31591,-5161397332.42195,-194385706.43546,0
USA,Nicaragua,NIC,BN.GSR.GNFS.CD,0,0,0,0,0,0,0,0,0,0,0,0,0,0,0,0,0,-124100000,60300000,159700000,-411800000,-479300000,-380200000,-372500000,-423500000,-579300000,-549200000,-570300000,-583300000,-325800000,-289800000,-485900000,-609800000,-448800000,-488708000,-488379494,-650472000,-810866000,-832736000,-1191678000,-1050300000,-1050400000,-1068500000,-1090200000,-1211600000,-1441670000,-1672400000,-2006100000,-2366300000,-1570000000,-1693700000,-2124800000,-2128800000,-2215200000,-1955800000,-2285000000,-2105000000,-1842500000,-1193200000,-537400000,-609400000,-1724078858.14,-2343500000,-2271300000,-3302581709.96,0
USA,Netherlands,NLD,BN.GSR.GNFS.CD,0,0,0,0,0,0,0,-230662983.25847,-48618784.495199,-118232044.113324,-607458563.09626,-173371323.241253,1224726668.50476,1967203766.10725,1948601494.17141,2753931343.41556,2947061398.3436,1121659412.94848,-300100593.64158,-1179679315.50973,-1242299860.15266,4898959477.02498,5950541291.1439,4955136562.94531,6087711284.58819,5552501779.50105,6196346710.24213,4912179103.28308,7884579351.72366,9156455713.65622,11651837124.0769,11164705703.9736,12131219674.5209,16823204426.8415,18904843755.3179,24959272264.5563,24725662497.1636,24212561640.1341,22905671858.9222,18508860810.1833,15778115213.4384,16726905203.5087,17519826436.9652,35877924001.4589,47230882636.9046,54406673619.545,58269291778.9916,71340502767.4048,77902570954.0235,71167791952.7612,72670631250.5046,78273242781.0602,82662915884.0258,89188773726.0587,99427821554.2622,59691114746.103,86409292405.6203,90757971216.1782,98111339374.9178,92575983545.4805,95751289971.129,102683234428.788,91947436126.4341,112849305829.958,133826883411.654,0
USA,Norway,NOR,BN.GSR.GNFS.CD,0,0,0,0,0,0,0,0,0,0,0,0,0,0,0,-1969407761.45296,-3009940455.23133,-3862478422.53432,-366563417.246045,1223078080.41077,3515592933.68056,4503893000.25623,3165258943.22616,4311090644.21091,5003602946.21346,4660314582.47557,-2546163379.94766,-1828461215.05063,-744602222.377422,3917261769.88318,8159139204.84735,9299241347.84691,8735536683.62477,7652947771.95463,7677912720.3846,9210227896.01717,14356162492.365,13122944788.5603,2783429000.89015,11628207141.6671,28634752065.6791,28959148662.0592,25807116182.9403,29256428733.6305,35088038657.459,49346598608.4508,58412736961.2839,54051258701.4966,79770502729.3897,47009824745.4402,50460931970.1619,66947329884.0391,65999681828.9438,55985337267.571,44434579076.5971,21863652370.9184,6036031881.34822,13910083578.2814,25065483853.8871,6069346162.033,-3348209857.09074,74135526179.1734,163226325544.777,74771139439.89,64794386295.8472,0
USA,Nepal,NPL,BN.GSR.GNFS.CD,0,0,0,0,0,0,0,0,0,0,0,0,0,0,0,0,-33456000,-58336000,-89109770.6692387,-103833333.333333,-158575000,-156623104.859143,-243663042.87117,-283755031.312079,-213188648.208936,-241093448.539729,-230980405.395206,-263732941.162979,-398104727.459467,-351579349.430291,-411698818.246163,-426448125.816414,-327003208.162608,-380155657.874432,-507621826.853099,-595206851.451087,-591287366.952731,-636952088.500796,-388087351.057886,-439226109.195531,-507977830.283915,-566643510.632456,-724926798.692707,-856816709.247448,-1059082837.07082,-1427964920.10683,-1699390031.90572,-2218897887.12394,-2660852936.14279,-3559207097.92041,-4307317702.01938,-4584800479.47336,-4916709707.98264,-5334668304.9901,-6366746592.60822,-5467903518.93931,-7898498022.05001,-9393295182.66726,-11960657626.2818,-11110082471.6713,-8923098091.38993,-14473555927.7051,-33800053853.2946,-27594994245.8472,-26877558987.321,0
USA,Nauru,NRU,BN.GSR.GNFS.CD,0,0,0,0,0,0,0,0,0,0,0,0,0,0,0,0,0,0,0,0,0,0,0,0,0,0,0,0,0,0,0,0,0,0,0,0,0,0,0,0,0,0,0,0,0,0,0,0,6071681.50474951,9862327.25360275,2382349.37031685,-3675692.94740245,16365843.9788892,13438018.4746422,-14186698.5734077,-57537263.6760321,-43515670.7933291,-51687574.7331049,-39417260.3241404,-42720793.1196538,-61202169.5295265,-86782203.0805965,-86987952.2680417,-85262284.9759343,0,0
USA,New Zealand,NZL,BN.GSR.GNFS.CD,0,0,0,0,0,0,0,0,0,0,0,0,0,0,0,0,0,0,0,0,0,0,0,0,0,0,0,0,0,0,0,0,0,0,0,0,0,0,0,0,1247429412.58553,2251953917.35523,1662375166.81921,1644416393.45153,615723703.548273,-1283142380.03224,-757517796.21408,-260339711.146262,-803586697.80375,2442286807.39943,3322195064.16293,3303885888.31451,786409618.31334,1907413775.84306,2279985712.47154,1805047692.10097,1689001769.07406,2199834440.66167,-162775879.54162,193269978.24221,2054344452.0752,-8061234300.48208,-13865087159.0383,-9382621039.97628,-6199833773.46254,0
USA,OECD members,OED,BN.GSR.GNFS.CD,0,0,0,0,0,0,0,0,0,0,0,0,0,0,0,0,0,0,0,0,0,0,0,0,0,0,0,0,0,0,0,0,0,0,0,0,0,0,0,0,0,0,0,0,0,0,0,0,0,0,0,0,0,0,0,0,0,0,0,0,0,0,0,0,0,0
USA,Oman,OMN,BN.GSR.GNFS.CD,0,0,0,0,0,0,0,0,0,0,0,0,0,0,557035322.979257,353503185.736836,418934569.828994,389693110.566569,255645628.997237,767226406.39035,1459177769.13485,1787782286.58883,1151129128.98416,1222061381.65044,1123343395.56036,1244951432.41796,-123042473.869291,1568270481.14434,725617685.305592,1330559167.75033,2234590377.11313,859817945.383614,1009102730.81925,442132639.791937,962028608.582574,1042912873.86216,2051099973.3277,1725199977.56567,-1195999992.22367,1637799989.35111,5418301300.39012,4472821846.55396,4262938881.6645,3666059817.94538,3092171651.49545,8456592977.89337,9117869960.98829,6936023407.0221,12957287386.2159,7737001300.39012,14168834850.4551,20182214357.8526,20411014954.2264,17577238634.2946,18830076957.0447,2336060644.52968,-124401464.605507,1889138089.19786,10720954665.9213,10978041345.5461,1864257543.52053,9356575509.46448,22800954135.8586,17337287552.7732,0,0
USA,Other small states,OSS,BN.GSR.GNFS.CD,0,0,0,0,0,0,0,0,0,0,0,0,0,0,0,0,0,0,0,0,0,0,0,0,0,0,0,0,0,0,0,0,0,0,0,0,0,0,0,0,0,0,0,0,0,0,0,0,0,0,0,0,0,0,0,0,0,0,0,0,0,0,0,0,0,0
USA,Pakistan,PAK,BN.GSR.GNFS.CD,0,0,0,0,0,0,0,0,0,0,0,0,0,0,0,0,-1194108122.90638,-1555202522.13272,-2050058140.6339,-2596977116.86762,-3114972005.46645,-3212400511.16292,-3567110226.09934,-2945073495.2231,-4069213618.91024,-3581025369.277,-3164346564.13773,-2642944410.6176,-3341475595.97599,-3107290399.88654,-3370640500.03573,-3055722371.75394,-3927387399.8867,-3652292822.60562,-3015303684.81132,-3971692894.9253,-5099044353.86069,-3432555601.27032,-2841000000,-2620000000,-2029000000,-1481000000,-408000000,-435000000,-5979990000,-10170200000,-14558000000,-15640000000,-22456500000,-12838430000,-11960000000,-15718000000,-17528000000,-19124000000,-20547000000,-20018000000,-25036898000,-35006621000,-37647987000,-27305928000,-24764874000,-40902106000,-37627107000,-21854115536.9101,-26630946149.6423,0
USA,Panama,PAN,BN.GSR.GNFS.CD,0,0,0,0,0,0,0,0,0,0,0,0,0,0,0,0,0,-193200000,-272700000,-360700000,27800000,-79300000,59400000,203500000,-19500000,85600000,183500000,250500000,701000000,282200000,245200000,-31100000,-67200000,-13200000,89300000,-157300000,-86100000,-257700000,-657300000,-638800000,-289300000,192700000,-64600000,32900000,-203000000,-138900000,558100000,-300100000,-984200000,1483500000,-572100000,-2287200000,-1080600000,-1232300000,-2445300000,-1291500000,-266461140,191735791.32,-870810452.96,1047578890.98,2216711208.97,3148511012.48,3071544271.4,1978307280.36,6489366213.68,0
USA,Peru,PER,BN.GSR.GNFS.CD,0,0,0,0,0,0,0,0,0,0,0,0,0,0,0,0,0,-555900000,329600000,1573400000,660900000,-870000000,-742000000,39000000,786100000,980000000,-404830000,-871030000,-466460000,938950000,33000000,-601000000,-914000000,-1325680013.26817,-1545353969.61764,-2974720139.62358,-2657415719.84149,-2497351338.65113,-3119051660.32489,-1210622572.45865,-1137511352.28879,-1141491426.63123,-672677239.071213,-14064416.879275,2272560658.88202,4451808955.29331,8248862336.18374,7311512853.91072,513685474.971384,4774834390.18401,4634780343.50514,6980047573.27673,3303945466.31035,-2080242089.17739,-4186740773.98219,-5669749926.50903,-760065695.65512,3815942534.70701,3611856738.53757,2730522912.66449,2903017975.51663,7134456346.93104,1454093550.78378,9194315489.24106,16164915867.033,0
USA,Philippines,PHL,BN.GSR.GNFS.CD,0,0,0,0,0,0,0,0,0,0,0,0,0,0,0,0,0,-887000000,-1294000000,-1645000000,-1931000000,-2065000000,-2665000000,-2407000000,-231000000,886000000,1814000000,173000000,20000000,-937000000,-2537000000,-1361000000,-2261000000,-4639000000,-5736000000,-6522000000,-7824000000,-10112000000,-2658000000,-7597000000,-7841000000,-8553000000,-7532000000,-7814000000,-7461000000,-9998077081.79396,-6982402744.99672,-8008136327.32213,-16675078813.8032,-8962220914.47501,-11094114051.3837,-13866049881.2956,-12747420148.0934,-10647205110.6591,-12753927160.9377,-17854385029.8626,-28505668860.9328,-31521653139.6326,-39364380325.4317,-36272180841.4456,-19908904994.2508,-38767003795.2077,-53805933988.2645,-47852888411.1433,-54164616659.4433,0
USA,Palau,PLW,BN.GSR.GNFS.CD,0,0,0,0,0,0,0,0,0,0,0,0,0,0,0,0,0,0,0,0,0,0,0,0,0,0,0,0,0,0,0,0,0,0,0,0,0,0,0,0,0,0,0,0,0,-56296785.480069,-68414548.764981,-56762301.3689432,-60952810.6471236,-37925189.7302746,-50050735.519971,-49343341.8775238,-52426105.1373779,-50262020.9120827,-63443837.8860376,-30432669.6714896,-65649000,-90320000,-92617000,-107266000,-154328000,-159372000,-192201000,0,0,0
USA,Papua New Guinea,PNG,BN.GSR.GNFS.CD,0,0,0,0,0,0,0,0,0,0,0,0,0,0,0,0,9466543.8894242,-22418896.2933077,-156410363.790611,30960911.3466329,-293298790.43034,-513652852.592393,-501177348.876,-412155821.783127,-339187540.771255,-172983675.59996,-128339899.342112,-165996205.992727,-221950065.723728,-263687343.608108,-127987174.144469,-198316898.694015,268208101.41439,971814529.198952,953509099.052989,1087208622.74415,670180009.709997,150134577.805139,219209971.569912,375628987.957947,565702630.752358,503651484.059286,-11017807.4238152,381955516.551933,366340106.398335,929785686.679439,1049112028.86442,654880726.001556,1277965905.06428,-134065288.059524,-231967769.480945,108900835.70852,-1687437236.77985,-2955691346.78848,3104340926.67802,3778083415.76405,3552283353.68727,4508676329.01396,4117341903.2149,4907180496.45515,3892732292.67262,4601985920.12411,6293492871.36419,4991658001.16057,6389245855.66389,0
USA,Poland,POL,BN.GSR.GNFS.CD,0,0,0,0,0,0,0,0,0,0,0,0,0,0,0,0,-2721000000,-2142000000,-2227000000,-2373000000,-1781000000,-1995000000,291000000,510000000,823000000,605000000,470000000,978000000,1157000000,195000000,3942000000,-18000000,597000000,-2935000000,1945000000,1891000000,-3883000000,-6650000000,-8620000000,-13691000000,-10904000000,-6876000000,-6474000000,-5482000000,-7235000000,-3851000000,-8293000000,-16514000000,-28330000000,-4376000000,-11696000000,-12031000000,-3933000000,5764000000,2268000000,9913000000,13979000000,14869000000,12103000000,21967000000,34088000000,22450000000,14623000000,47774000000,36634000000,0
USA,Pre-demographic dividend,PRE,BN.GSR.GNFS.CD,0,0,0,0,0,0,0,0,0,0,0,0,0,0,0,0,0,0,0,0,0,0,0,0,0,0,0,0,0,0,0,0,0,0,0,0,0,0,0,0,0,0,0,0,0,0,0,0,0,0,0,0,0,0,0,0,0,0,0,0,0,0,0,0,0,0
USA,Puerto Rico (US),PRI,BN.GSR.GNFS.CD,0,0,0,0,0,0,0,0,0,0,0,0,0,0,0,0,0,0,0,0,0,0,0,0,0,0,0,0,0,0,0,0,0,0,0,0,0,0,0,0,0,0,0,0,0,0,0,0,0,0,0,0,0,0,0,0,0,0,0,0,0,0,0,0,0,0
USA,"Korea, Dem. People's Rep.",PRK,BN.GSR.GNFS.CD,0,0,0,0,0,0,0,0,0,0,0,0,0,0,0,0,0,0,0,0,0,0,0,0,0,0,0,0,0,0,0,0,0,0,0,0,0,0,0,0,0,0,0,0,0,0,0,0,0,0,0,0,0,0,0,0,0,0,0,0,0,0,0,0,0,0
USA,Portugal,PRT,BN.GSR.GNFS.CD,0,0,0,0,0,0,0,0,0,0,0,0,0,0,0,-1771623837.10726,-2109871549.90519,-1908920552.88364,-1774303284.56876,-2110483765.91201,-3462042989.62338,-6640011642.99154,-4685292442.48496,-2760808809.61996,-1638179053.69963,-767700202.013705,-772075433.134908,-2504656873.56146,-4627180929.80448,-3783979145.83752,-5592470617.10722,-6876795890.63701,-8621319718.63795,-6685360720.96859,-7051932839.15299,-7284981153.19117,-8440792538.29237,-9070226622.80486,-10959524789.1332,-13027965112.4544,-12926315214.6081,-12215479060.6935,-10822178498.0147,-10541686031.7932,-14709125856.7821,-16835801748.9223,-16191219865.8931,-17631717450.462,-24352320741.766,-16490046323.6815,-17496926693.2178,-9048627917.70832,-39278617.30774,3935280554.75615,2044843806.29789,2949567882.10563,3623606723.20494,3513475514.58704,2512780595.81492,2169253273.80949,-4104752400.44966,-6385656039.97112,-5239970419.67,4320114942.39843,7258325860.33575,0
USA,Paraguay,PRY,BN.GSR.GNFS.CD,0,0,0,0,0,0,0,0,0,0,0,0,0,0,0,-60300000,-52200000,-42100000,-93300000,-217700000,-276100000,-421600000,-445000000,-244800000,-288900000,-221300000,-329500000,-405500000,-164000000,255500000,345400000,49600000,-90800000,-74800000,-410600000,483346770.43358,226649381.10821,95646547.49801,702936121.87912,698722161.21112,689681489.208881,724870232.386674,1101974891.38509,1000447807.09974,1078092288.51981,1082887002.06224,1061864271.21879,1400096382.22206,948251463.521081,1140173966.29711,663861952.547294,605134164.800474,337304339.956615,1369881521.72287,794363136.404376,929008638.408186,2375901318.7079,2073510714.27829,669627132.53312,371640068.388584,1366428110.44605,517865975.642461,-2117280081.97193,733327274.671298,-1057311930.82511,0
USA,West Bank and Gaza,PSE,BN.GSR.GNFS.CD,0,0,0,0,0,0,0,0,0,0,0,0,0,0,0,0,0,0,0,0,0,0,0,0,0,0,0,0,0,0,0,0,0,0,0,-2025800000,-2510600000,-2668500000,-2349907152.94835,-2527553573.60014,-2010401024.81338,-2080272409.04739,-1755843760,-2001286649.51509,-2540614300,-2850620140,-2947075076.296,-3217783451.1006,-3480294855.3172,-3809895605.3735,-3897017279.56321,-3923736908.37532,-4429099697.36899,-4734829804.75961,-5049354978.71861,-5401124719.51205,-5664562237.11023,-5967410890.28882,-6425749413.264,-6501965710.78652,-5680064638.17278,-6953873199.19627,-8724189309.0826,-8223955681.45981,-5379455681.4598,0
USA,Pacific island small states,PSS,BN.GSR.GNFS.CD,0,0,0,0,0,0,0,0,0,0,0,0,0,0,0,0,0,0,0,0,0,0,0,0,0,0,0,0,0,0,0,0,0,0,0,0,0,0,0,0,0,0,0,0,0,0,0,0,0,0,0,0,0,0,0,0,0,0,0,0,0,0,0,0,0,0
USA,Post-demographic dividend,PST,BN.GSR.GNFS.CD,0,0,0,0,0,0,0,0,0,0,0,0,0,0,0,0,0,0,0,0,0,0,0,0,0,0,0,0,0,0,0,0,0,0,0,0,0,0,0,0,0,0,0,0,0,0,0,0,0,0,0,0,0,0,0,0,0,0,0,0,0,0,0,0,0,0
USA,French Polynesia,PYF,BN.GSR.GNFS.CD,0,0,0,0,0,0,0,0,0,0,0,0,0,0,0,0,0,0,0,0,0,0,0,0,0,0,0,0,0,0,0,0,0,0,0,0,0,0,0,0,0,0,-728468796.662733,-1025328543.5011,-898574306.286994,-1036888105.48882,-929143517.743824,-1052138615.25208,-1338878030.85697,-1089353210.74774,-1206470991.11899,-1058678595.26012,-1069742498.92608,-1110279261.43334,-982248876.717437,-801945995.325929,-670140013.847809,0,0,0,0,0,0,0,0,0
USA,Qatar,QAT,BN.GSR.GNFS.CD,0,0,0,0,0,0,0,0,0,0,0,0,0,0,0,0,0,0,0,0,0,0,0,0,0,0,0,0,0,0,0,0,0,0,0,0,0,0,0,0,0,0,0,0,0,0,0,0,0,0,0,78045274725.2747,88182600732.6007,85557142857.1428,76224450549.4505,33019780219.7802,9009065934.06594,23011813186.813202,36750000000,25276373626.3736,11868681318.6813,44345054945.055,87172802197.8022,56534775538.4423,55524450549.4505,0
USA,Romania,ROU,BN.GSR.GNFS.CD,0,0,0,0,0,0,0,0,0,0,0,-23000000,-47000000,207000000,-290000000,-46000000,102000000,-172000000,-591000000,-1295000000,-1643000000,184000000,1891000000,1870000000,2378000000,1994000000,1937000000,2433000000,4120000000,2434000000,-3521000000,-1245000000,-1481000000,-1243000000,-582000000,-1902000000,-2855000000,-2361000000,-3228000000,-1512000000,-1930000000,-3090000000,-2602000000,-4467000000,-6930000000,-10073167533.3343,-15033618153.4505,-24811183192.7468,-28102429497.6214,-11289682062.4502,-10755417173.1483,-10786737151.1344,-8705665053.90748,-1724618730.36358,-783649806.38243,-1444882298.75598,-1946138881.78602,-5303643904.64924,-8432409685.38668,-10577395727.2938,-11115807168.0371,-16167465240.3269,-19923067834.1444,-16939827223.2564,-23322218787.5721,0
USA,Russian Federation,RUS,BN.GSR.GNFS.CD,0,0,0,0,0,0,0,0,0,0,0,0,0,0,0,0,0,0,0,0,0,0,0,0,0,0,0,0,0,0,0,0,0,0,11014080000,10652980000,15464730000,8212410000,12197530000,29970120000,52049520000,37160460000,34807650000,46684100000,72332370000,104559590000,123739550000,106729110000,157205870000,95630270000,120874760000,163398060000,145076240000,122306910000,133652970000,111245900000,66256050000,83234750000,164976050000,129328030000,76653160000,172794030000,293494039235.801,85522270000,94899260000,0
USA,Rwanda,RWA,BN.GSR.GNFS.CD,0,0,0,0,0,0,0,0,0,0,0,0,0,0,0,0,0,0,0,0,0,0,0,0,0,0,0,0,0,0,0,0,0,0,0,0,0,0,0,0,0,0,0,0,0,0,0,0,0,0,-941103243.065745,-1224722857.99541,-1253815282.9102001,-1154648241.74298,-1325242910.72971,-1489712841.67107,-1539599265.47421,-1166689291.37218,-1298121022.54492,-1482482929.20155,-1648602394.27268,-1745970645.09709,-1984989565.16376,-2273994598.05972,0,0
USA,South Asia,SAS,BN.GSR.GNFS.CD,0,0,0,0,0,0,0,0,0,0,0,0,0,0,0,0,0,0,0,0,0,0,0,0,0,0,0,0,0,0,0,0,0,0,0,0,0,0,0,0,0,0,0,0,0,0,0,0,0,0,0,0,0,0,0,0,0,0,0,0,0,0,0,0,0,0
USA,Saudi Arabia,SAU,BN.GSR.GNFS.CD,0,0,0,0,0,0,0,0,0,0,0,1680473961.90321,2569513664.87101,5250109949.99855,25783098598.8121,18350514736.4443,19067988673.957,17489039214.1674,4744729346.40438,14621359169.8757,50971796743.3514,49318429874.375,9471523324.6152,-20461628903.3432,-19757019686.7602,-15145759995.433,-14599662731.8718,-11384000000,-8058666666.66667,-8199999999.99999,3501333333.33334,-14058666666.6667,-8764800000,-4653066666.66666,6234533333.33333,8575866666.66666,13828933333.3333,12638533333.3333,-862800000.00001,11548560000,29327466666.6667,25092746133.3333,28037200000,44231760000,65103253333.3333,104325120000,111862286596.9,103968941035.677,146169041653.333,39987598266.6667,87627967474.9333,178246906733.333,184213302925.49,157750352290.196,95966244483.2501,-29296857411.0667,2512457612.48266,38494342202.4893,105847721876.695,66885222484.4043,664277187.03624,72986051067.8821,187510587878.025,78820567472.8384,43885705968.6075,0
USA,Sudan,SDN,BN.GSR.GNFS.CD,0,0,0,0,0,0,0,0,0,0,0,0,0,0,0,0,0,-64324802.5563305,-128468108.951479,-288250000.665065,-498600000.9972,-881428828.159035,-206359699.660157,-263384615.384616,-106999999.999999,-106995105.188896,-274440000,-473653333.333334,-604444444.444444,-612166666.666666,-377800000,-956000000,-645400000,-266910000,-669000000,-557300000,-869270000,-969000000,-1324700000,-669200000,-179800000,-342100000,-1030730000,-787740000,-828830000,-2477690566.75834,-3699976520.17054,-1014022945.49312,1326815089.47756,-2047805936.56511,274460811.337636,-1379977.09696817,-5106165772.15506,-4709950986.25009,-4158965533.77839,-5250554114.3805,-4279483944.24953,-3935200023.62123,-3241606275.68062,-4685625502.3079,-5454158297.72246,-3606680948.16271,-5666885769.57708,0,0,0
USA,Senegal,SEN,BN.GSR.GNFS.CD,0,0,0,0,0,0,0,0,0,0,0,0,0,0,-79184172.8166181,-93741440.5199764,-138229469.251838,-119993640.548753,-279895234.870109,-285067371.54215,-408084917.779977,-531922229.25769,-345428606.630859,-361039785.742302,-288014830.424985,-338153848.87964,-339006637.758708,-388535088.93208,-364044480.204713,-316637530.002038,-387233328.232149,-439514227.15431,-503944586.200818,-517299991.611323,-283589100.077858,-315296997.512953,-293039366.307266,-291476661.374298,-330650416.541355,-360117948.640963,-435907522.883719,-441219303.356247,-558099493.007179,-832712597.372973,-1013554811.65916,-1340652040.96105,-1635850079.46629,-2529784161.16289,-3534640927.24209,-2165924398.35281,-1990564715.87823,-2636048196.64959,-2984671612.56592,-3091588323.33272,-2932438127.78563,-2271452517.90923,-2086534060.04009,-2906141229.2163,-3673057356.20929,-3334165781.93887,-4563895368.22042,-5498030716.07462,-7279647889.99421,-7915370883.2456,0,0
USA,Singapore,SGP,BN.GSR.GNFS.CD,0,0,0,0,0,0,0,0,0,0,0,0,-481422222.393395,-414264592.319104,-827702240.865219,-579850715.021943,-478379499.708446,-167254242.898024,-387858532.919914,-657144937.729555,-1026990212.27278,-764901015.139421,-665412787.492915,-305719221.175888,-513341407.276367,-384519237.382984,58325997.937797,39506485.489753,1793507832.59004,2496592331.78511,2536670589.96617,4589273827.09617,4842026642.65688,4552260013.02768,10500285607.8209,14737243143.1342,15768053998.4363,14747584841.3401,18428040921.7246,14673236483.9219,11853210335.1,14812617467.2696,17051322982.2973,27295921783.9685,30345485866.3081,38200249639.8848,45646156750.8603,56581053479.0285,40002944930.3908,45619614148.231,63099137641.2564,76981679928.6127,71489958547.0402,71092623671.3818,73803243755.1793,84076882512.3197,83944486448.3213,91722432427.5395,112382575172.524,110545012492.441,110068430684.488,158308997754.594,202991344294.003,189183129359.779,192576845361.34,0
USA,Solomon Islands,SLB,BN.GSR.GNFS.CD,0,0,0,0,0,0,0,0,0,0,0,0,0,0,0,-20422412.2883575,-7454630.62916268,-3104843.92614907,-12476273.1426282,-4965562.54284639,-17111995.5648329,-34361248.4268862,-24096276.8213259,-18457922.2322844,-3611482.55268578,-34644215.8380393,-36807349.9891672,-35032342.6027995,-66938239.7899976,-68331219.6345056,-60582493.557508,-65199373.7913252,-27697141.4910693,-46051530.8683286,-56055883.7156899,-21345312.5458762,-21366333.0708496,-64918963.3950851,-17526193.6820909,23335405.984047,-43407939.1594535,-74889186.5943221,-68303352.5168226,-63969997.255796,-46271902.4020469,-96892280.7852918,-100823937.114205,-139124873.171266,-133370318.415166,-119940173.265209,-232212467.050796,-72947873.0522185,-18617806.182274,-139031352.110157,-115938592.077101,-94369031.3038173,-71764593.3286207,-85208106.6607744,-67555003.5548166,-161616187.432648,-127426602.631852,-205803240.830267,-353282085.881172,-337585981.691658,-214251464.107121,0
USA,Sierra Leone,SLE,BN.GSR.GNFS.CD,0,0,0,0,0,0,0,0,0,0,0,0,0,0,0,0,0,-54688340.466288,-97894706.7599038,-166040263.693526,-195752010.083129,-138555958.789845,-185120833.981571,-33256774.4439207,-23586127.217605,-24243435.5009287,7158777.37366065,26032146.5578714,-16325233.4244905,-27313570.6414923,-5179409.5798828,14747540.2990297,-4471591.7869648,-71878373.5024422,-80118490.9293609,-131667393.096234,-224546543.105625,-72091759.1500613,-77352588.6757507,-159075820.518292,-194720200.752823,-194909844.61176,-237528363.601762,-227632445.374358,-151113705.413781,-191252008.017663,-132663532.014149,-159237861.006032,-261707767.412325,-381296414.948659,-715515814.415919,-1945470441.27068,-1264694608.15793,-502824867.553557,-1369209960.48259,-1447951542.09889,-634813013.317395,-750444518.404801,-751894212.517926,-901373527.805763,-791991821.106383,-980945786.930212,-871989273.411257,-881989541.670782,0,0
USA,El Salvador,SLV,BN.GSR.GNFS.CD,0,0,0,0,0,0,0,0,0,0,0,0,0,0,0,0,8360000,16840000,-285320000,9960000,43720000,-239040000,-235880000,-184720000,-265120000,-282840000,-164360129.014972,-311100000,-369280000,-703860000,-651063519.104402,-716557172.557167,-949905312.468857,-1013385987.37337,-1211742803.95245,-1583513397.74404,-1332495716.73329,-1295417558.88651,-1454483152.48428,-1538600000,-1974500000,-2182900000,-2104650000,-2393417959.63069,-2738945012.72861,-3166090000,-3800060000,-4505900000,-4889740000,-3198057250.07384,-3623906167.97331,-4323108759.90917,-4385543013.49576,-4618410153.40857,-4418568836.38847,-4011020503.82282,-3846089576.40031,-4111467489.96742,-4758306213.15005,-4411887021.63997,-4330543594.40157,-7132043364.63756,-8017128233.95125,-6405325811.7365,-6768233249.50113,0
USA,San Marino,SMR,BN.GSR.GNFS.CD,0,0,0,0,0,0,0,0,0,0,0,0,0,0,0,0,0,0,0,0,0,0,0,0,0,0,0,0,0,0,0,0,0,0,0,0,0,0,0,0,0,0,0,0,0,0,0,0,0,0,0,0,0,0,0,0,0,118472967.034551,129620775.756554,181978126.82682,206942037.914639,289974277.242042,446726807.690789,0,0,0
USA,"Somalia, Fed. Rep.",SOM,BN.GSR.GNFS.CD,0,0,0,0,0,0,0,0,0,0,0,0,0,0,0,0,0,0,0,0,0,0,0,0,0,0,0,0,0,0,0,0,0,0,0,0,0,0,0,0,0,0,0,0,0,0,0,0,0,0,0,0,0,0,0,0,0,0,0,0,0,0,0,0,0,0
USA,Serbia,SRB,BN.GSR.GNFS.CD,0,0,0,0,0,0,0,0,0,0,0,0,0,0,0,0,0,0,0,0,0,0,0,0,0,0,0,0,0,0,0,0,0,0,0,0,0,0,0,0,0,0,0,0,0,0,0,-10129243437.7465,-12795049317.3298,-7029431941.05099,-6267922590.51802,-7418732547.45396,-7106391499.32045,-5109389345.02999,-4838400878.01193,-3234473621.42864,-2447273760.13199,-3435173093.51777,-4813258317.57493,-5159167604.62286,-4677231022.30626,-5441115647.71434,-7490310169.67688,-3806168977.50843,-4443392002.36061,0
USA,Sub-Saharan Africa (excluding high income),SSA,BN.GSR.GNFS.CD,0,0,0,0,0,0,0,0,0,0,0,0,0,0,0,0,0,0,0,0,0,0,0,0,0,0,0,0,0,0,0,0,0,0,0,0,0,0,0,0,0,0,0,0,0,0,0,0,0,0,0,0,0,0,0,0,0,0,0,0,0,0,0,0,0,0
USA,South Sudan,SSD,BN.GSR.GNFS.CD,0,0,0,0,0,0,0,0,0,0,0,0,0,0,0,0,0,0,0,0,0,0,0,0,0,0,0,0,0,0,0,0,0,0,0,0,0,0,0,0,0,0,0,0,0,0,0,0,0,0,0,0,0,0,-1467336534.43501,-776950000,-424540000,458392000,-477150000,-251930000,-1900870000,615260000,-590878300,55845000,0,0
USA,Sub-Saharan Africa,SSF,BN.GSR.GNFS.CD,0,0,0,0,0,0,0,0,0,0,0,0,0,0,0,0,0,0,0,0,0,0,0,0,0,0,0,0,0,0,0,0,0,0,0,0,0,0,0,0,0,0,0,0,0,0,0,0,0,0,0,0,0,0,0,0,0,0,0,0,0,0,0,0,0,0
USA,Small states,SST,BN.GSR.GNFS.CD,0,0,0,0,0,0,0,0,0,0,0,0,0,0,0,0,0,0,0,0,0,0,0,0,0,0,0,0,0,0,0,0,0,0,0,0,0,0,0,0,0,0,0,0,0,0,0,0,0,0,0,0,0,0,0,0,0,0,0,0,0,0,0,0,0,0
USA,Sao Tome and Principe,STP,BN.GSR.GNFS.CD,0,0,0,0,0,0,0,0,0,0,0,0,0,0,6554497.11053071,-4693018.6057127,-1356082.38754621,7414533.64477457,1590380.58208568,6035760.56083619,-1872228.39281544,-20466431.2866185,-26132598.3718058,-14878872.0320669,-19491077.3183452,-19325452.5498725,-20578396.6509583,-13952832.3924041,-11467011.5430645,-12425379.3446416,-14160000,0,0,0,0,0,0,-19997690,-15333835.7,-17430988.6460192,-21322686.6797854,-28024614.828207,-25627521.9269449,-31371449.7350222,-38808640.2389741,-36719925.1044865,-60888226.5759207,-70024544.8182279,-96082709.0586429,-83137191.6380758,-96204011.9233591,-117739303.300515,-110750661.660894,-127757245.696384,-142099353.237381,-96054956.6176606,-88273069.5197772,-101032980.34917,-98899407.9265492,-117035999.922654,-110759703.813484,-125888217.837844,-122344817.152206,0,0,0
USA,Suriname,SUR,BN.GSR.GNFS.CD,0,0,0,0,0,0,0,0,0,0,0,0,0,0,0,0,0,0,0,0,0,0,0,0,0,0,0,0,0,0,0,0,0,0,0,0,0,0,0,0,0,0,0,0,0,-128400000,239200000,249700000,213800000,12500000,668597840.323741,606113686.43078,282088349.510941,-131317402.507628,-417197854.42966,-838499615.988408,-95935803.986605,363505213.240581,166040948.596657,-125964881.921815,601336025.320573,423044484.249477,258026533.192935,329681738.253521,222216301.200583,0
USA,Slovak Republic,SVK,BN.GSR.GNFS.CD,0,0,0,0,0,0,0,0,0,0,0,0,0,0,0,0,0,0,0,0,0,0,0,0,0,0,0,0,0,0,0,0,0,-639815652.393513,722386347.639689,311229344.844864,-2244614404.65639,-2011356105.36559,-2334234279.21477,-1053706300.94115,-459032794.221362,-1644062764.94015,-1704770079.23607,-407799314.645385,-1738016962.01881,-2652504894.73131,-2333414266.65632,-615579829.133818,-2236270617.46469,-863793098.356764,-970887815.969302,-462990160.615319,3766024391.23009,4522032674.18701,3624313601.41268,819420590.617768,1751456536.91394,1253622301.52814,1136117411.16827,-128060717.36208,1105649657.50483,-653299649.87964,-6953404615.75649,2301230321.02915,64857363.50592,0
USA,Slovenia,SVN,BN.GSR.GNFS.CD,0,0,0,0,0,0,0,0,0,0,0,0,0,0,0,0,0,0,0,0,0,0,0,0,0,0,0,0,0,0,0,0,970600000,220500000,306300000,-371600000,-185700000,-138700000,-291900000,-880300000,-689300000,-117100000,336000000,-14100000,-406000000,-197600000,84666077.480794,-597748578.794682,-1012134993.52668,709098523.063428,425138233.44891,297614450.986128,1456372349.37835,2826609320.54319,3507065430.84135,3464104222.58263,3843577806.58722,4386490149.4219,4601509909.12579,4708952405.24018,4855194078.30839,3665876181.43792,1352093114.6865,4351480551.448,4576156270.43958,0
USA,Sweden,SWE,BN.GSR.GNFS.CD,0,0,0,0,0,0,0,0,0,0,-119848217.93429,552097602.931454,850408581.2561,1737935772.33681,-121637374.236899,364899742.577691,-729921798.335493,-852399387.143225,1618675440.33144,-546068411.817852,-1726908779.11143,335503812.966794,-609620322.828419,1967829177.55755,3381002757.56185,1824376961.45368,3235809030.43378,2797814947.09949,2637482547.64594,983144068.6197,70153192.96504,3729753113.90065,3825511647.04393,6781942061.59243,8542057141.79031,14383610467.7643,16811305567.5979,16244548744.5836,15728309638.7104,16091289013.0473,16061659825.4707,18591350342.2175,16610629030.0304,18511561810.2044,26940503054.34,24798839623.2915,29860287392.2434,31342881728.5442,31027233567.0197,21695731950.5645,23672379778.913,28825149689.05,28324831033.4835,23331945631.9762,18246315684.568,18118110226.2481,15274041856.9726,11547184497.3353,11014490874.811,23125394624.9601,23842043077.7926,26112422040.125702,9372533937.2523,17896382654.7774,20385735527.1843,0
USA,Eswatini,SWZ,BN.GSR.GNFS.CD,0,0,0,0,0,0,0,0,0,0,0,0,0,0,61076386.3706085,42866352.3444689,21159999.9816,-4139999.99640001,-92574999.9195,-173510781.85344,-213781185.933639,-174913039.182051,-189534904.289986,-212727762.367096,-184168741.166352,-130243306.034292,-49369118.8870506,-1620798.61167957,-23444364.1705896,-19407647.3375015,-109843354.692837,-131531534.794111,-251085709.310116,-267463316.088923,-139128993.996186,-254223984.273873,-343866697.653269,-257126704.974759,-282215232.242795,-238018278.586258,-197789147.349226,-175922348.841358,-65115011.4413145,-17642094.2574106,-37102514.0297558,-378398011.593855,-342081098.15366,-323292385.163182,-435932848.532854,-483527662.826687,-562010006.230172,-376089570.839394,-201417708.225607,-77247436.2099292,-42690154.6252217,53319673.5564336,44939550.6046326,-32813553.1425917,-167569232.945301,123898878.526821,121627075.137628,-40789539.9773818,-193678628.939948,-176193859.438031,0,0
USA,Sint Maarten (Dutch part),SXM,BN.GSR.GNFS.CD,0,0,0,0,0,0,0,0,0,0,0,0,0,0,0,0,0,0,0,0,0,0,0,0,0,0,0,0,0,0,0,0,0,0,0,0,0,0,0,0,0,0,0,0,0,0,0,0,0,0,0,55581005.5865921,139027932.960894,40061452.5139665,-55871508.3798884,82435754.1899442,33245810.0558659,-64961918.8491621,-419354168.793296,-146843456.776536,-233784224.083799,-211569874.798883,54478509.865922,15331593.0670392,0,0
USA,Seychelles,SYC,BN.GSR.GNFS.CD,0,0,0,0,0,0,0,0,0,0,0,0,0,0,0,0,-7049578.44147194,-7287348.75357825,-9262899.49983166,-17466766.9875822,-26894045.7803844,-26353536.2201844,-43232310.3383952,-32784114.0249285,-20258503.2354056,-26785643.5075033,-36187063.9704093,-28371025.6071096,-34888499.1904686,-41124522.6733981,-17938319.3364348,-13818848.2478361,-14942978.3624344,9051374.7539335,35084052.6583843,14456186.7712448,-47333156.7174943,-61696164.042435,-96488313.646246,-102776122.662257,-20126669.454261,-133602581.344208,-46842042.470637,21033577.964903,-44403708.043168,-165223804.137843,-134144137.167478,-94914599.5505615,-182304974.57306,-141747147.957938,-206971922.661112,-238469933.205093,-182295460.976503,-90983596.082136,-211326650.927116,-123798049.191919,-21049602.036119,-180771283.05251,83509890.037974,59755616.8019321,-92441576.3957477,-69833657.514694,-50785647.203826,-61816229.34,0,0
USA,Syrian Arab Republic,SYR,BN.GSR.GNFS.CD,0,0,0,0,0,0,0,0,0,0,0,0,0,0,0,0,0,-1420800000,-1462500000,-1621200000,-2053900000,-2575100000,-1907400000,-2400300000,-2246500000,-2408700000,-1458900000,-958400000,-608100000,1292900000,2074900000,1146200000,337500000,-106000000,-1023000000,216000000,-101000000,547000000,-3000000,255000000,1455000000,1511000000,1886000000,857000000,641500000,411000000,1289800000,327711651.95259,470912341.028691,-984870275.650419,196994859.35505,0,0,0,0,0,0,0,0,0,0,0,0,0,0,0
USA,Turks and Caicos Islands,TCA,BN.GSR.GNFS.CD,0,0,0,0,0,0,0,0,0,0,0,0,0,0,0,0,0,0,0,0,0,0,0,0,0,0,0,0,0,0,0,0,0,0,0,0,0,0,0,0,0,0,0,0,0,0,0,0,0,0,0,0,0,0,156567928.14625,200004561.594179,303132102.355792,117739308.703048,282605275.224874,0,0,0,0,0,0,0
USA,Chad,TCD,BN.GSR.GNFS.CD,0,0,0,0,0,0,0,0,0,0,0,0,0,0,0,0,0,-114885363.110195,-147973112.532423,-25634438.9350155,-8112474.4731487,-19007737.0562887,-43693629.9357402,-74294209.7263433,-71878981.2792049,-225705229.267011,-234659586.122859,-244040190.697408,-221693452.664368,-252595309.054195,-216480435.98599,-233407966.781214,-258115286.556909,-251445654.032811,-221376009.536166,0,0,0,0,0,0,0,0,0,0,0,0,0,0,0,0,0,0,0,0,0,0,0,0,0,0,0,0,0,0,0
USA,East Asia & Pacific (IDA & IBRD countries),TEA,BN.GSR.GNFS.CD,0,0,0,0,0,0,0,0,0,0,0,0,0,0,0,0,0,0,0,0,0,0,0,0,0,0,0,0,0,0,0,0,0,0,0,0,0,0,0,0,0,0,0,0,0,0,0,0,0,0,0,0,0,0,0,0,0,0,0,0,0,0,0,0,0,0
USA,Europe & Central Asia (IDA & IBRD countries),TEC,BN.GSR.GNFS.CD,0,0,0,0,0,0,0,0,0,0,0,0,0,0,0,0,0,0,0,0,0,0,0,0,0,0,0,0,0,0,0,0,0,0,0,0,0,0,0,0,0,0,0,0,0,0,0,0,0,0,0,0,0,0,0,0,0,0,0,0,0,0,0,0,0,0
USA,Togo,TGO,BN.GSR.GNFS.CD,0,0,0,0,0,0,0,0,0,0,0,0,0,0,93280285.00795,-111738490.598899,-58007831.4653264,-116073902.562035,-247097504.767613,-273916649.159267,-141244144.2402,-85117124.9515781,-111069097.743045,-65369247.440331,-8076315.74548881,-66604644.6815789,-124820280.440868,-117390043.055295,-164147364.029223,-126206747.801327,-183916548.211104,-222394411.625407,-201766733.418104,-154879221.955941,-91582438.6894813,-205994839.739973,-212324277.185309,-187431455.515474,-206398226.514874,-160172654.28154,-178963070.129507,-217189378.75393,-210481283.200476,-266848667.887903,-342188480.538468,-357266979.016466,-382481491.823096,-465136579.887721,-532880602.979262,-495292846.015695,-532495307.103221,-806844878.15732,-542267971.51948,-856074516.964032,-824955001.350343,-918413325.893346,-821754289.343428,-501993343.801538,-626014179.841444,-595605803.867304,-667629634.161391,0,0,0,0,0
USA,Thailand,THA,BN.GSR.GNFS.CD,0,0,0,0,0,0,0,0,0,0,0,0,0,0,0,-697964174.330011,-432938992.181746,-1098817985.59172,-1044632960.13518,-1867719322.40413,-2057156302.07204,-2236239088.15892,-671648785.238832,-2924159159.76323,-1843311425.47606,-1105431815.59855,839013638.695515,239422524.483925,-996268679.427438,-1963665351.97445,-6641008932.52669,-6756957091.15558,-5241280543.59085,-5698289716.85053,-7455697267.45511,-11954621688.6987,-12065858026.4771,-19674845.75763,17395214641.7141,15065652623.4086,10108591963.0594,6957320198.09323,7714145387.5403,8804114241.14767,6748293168.81163,-3470930000.00001,5667760000.00002,18682949999.9998,4451510000.00003,26976846652.0191,19684244161.8938,7632805084.44881,880051501.6122,7440895244.2498,23908777047.5981,41680325907.354,56051035537.6349,56877036176.0104,44922177603.4098,51047439795.3604,25932627082.8893,-597171025.96537,-10328988609.3451,10442602106.3156,17772045138.9845,0
USA,Tajikistan,TJK,BN.GSR.GNFS.CD,0,0,0,0,0,0,0,0,0,0,0,0,0,0,0,0,0,0,0,0,0,0,0,0,0,0,0,0,0,0,0,0,0,0,0,0,0,0,0,0,0,0,-159641700,-152540100,-225118100,-893925948.256,-1338461736.506,-2618814302.89,-3311322296.855,-2234459025.862,-2501824054.50309,-2995301573.00434,-3674402732.32093,-4413283923.32512,-3362252177.59182,-2500212936.98429,-2027438335.39895,-1638943806.42397,-2105150990.26857,-2165340275.03577,-1716308299.75911,-2096987468.13405,-3508137350.39879,-3826437504.86308,-5289347985.14263,0
USA,Turkmenistan,TKM,BN.GSR.GNFS.CD,0,0,0,0,0,0,0,0,0,0,0,0,0,0,0,0,0,0,0,0,0,0,0,0,0,0,0,0,0,0,0,0,0,0,0,0,0,0,0,0,0,0,0,0,0,0,0,0,0,0,0,0,0,0,0,0,0,0,0,0,0,0,0,0,0,0
USA,Latin America & the Caribbean (IDA & IBRD countries),TLA,BN.GSR.GNFS.CD,0,0,0,0,0,0,0,0,0,0,0,0,0,0,0,0,0,0,0,0,0,0,0,0,0,0,0,0,0,0,0,0,0,0,0,0,0,0,0,0,0,0,0,0,0,0,0,0,0,0,0,0,0,0,0,0,0,0,0,0,0,0,0,0,0,0
USA,Timor-Leste,TLS,BN.GSR.GNFS.CD,0,0,0,0,0,0,0,0,0,0,0,0,0,0,0,0,0,0,0,0,0,0,0,0,0,0,0,0,0,0,0,0,0,0,0,0,0,0,0,0,0,0,0,0,0,0,-289383048.549047,-431764892.531948,-742716807.922695,-1096271466.10999,-1247864440.07642,-1764232468.0139,-1558194741.06832,-1116519110.61768,-1126455582.68145,-1228659498.09942,-1068796400,-1012875558.12092,-937852221.140324,-262648204.822991,271065047.532674,1726588698.45493,572234095.491284,-467398227.00392,-965560482.252982,0
USA,"Middle East, North Africa, Afghanistan & Pakistan (IDA & IBRD)",TMN,BN.GSR.GNFS.CD,0,0,0,0,0,0,0,0,0,0,0,0,0,0,0,0,0,0,0,0,0,0,0,0,0,0,0,0,0,0,0,0,0,0,0,0,0,0,0,0,0,0,0,0,0,0,0,0,0,0,0,0,0,0,0,0,0,0,0,0,0,0,0,0,0,0
USA,Tonga,TON,BN.GSR.GNFS.CD,0,0,0,0,0,0,0,0,0,0,0,-2394560.38341701,-3702542.20610496,-3862527.04151622,-4515439.08127057,-7508591.05300092,-9881851.85616187,-9324520.38983442,-9984310.47664437,-14525245.3778404,-17661781.5916069,-26340768.3088066,-25169974.0577364,-33433968.8182231,-25103824.7103855,-23485242.7782488,-27965643.076279,-26538304.1258801,-43157832.1866468,-39081207.2600698,-32644819.8381734,-42825781.6319811,-41807587.6041562,-40484080.3784424,-55250523.5713453,0,0,0,0,0,0,-65048436.6642166,-67228553.8268586,-71016038.0094609,-80670861.6579645,-103789129.037299,-113732237.077624,-147529214.357089,-171969380.907535,-198289288.337164,-180663488.369665,-192276730.005313,-204929211.590683,-189023883.739549,-178654027.905329,-186642104.301609,-163189975.201124,-201023301.473995,-215473433.766685,-220521502.903227,-214982924.716985,-240769752.300846,-270380773.124863,-288130003.150856,-273376514.281362,0
USA,South Asia (IDA & IBRD),TSA,BN.GSR.GNFS.CD,0,0,0,0,0,0,0,0,0,0,0,0,0,0,0,0,0,0,0,0,0,0,0,0,0,0,0,0,0,0,0,0,0,0,0,0,0,0,0,0,0,0,0,0,0,0,0,0,0,0,0,0,0,0,0,0,0,0,0,0,0,0,0,0,0,0
USA,Sub-Saharan Africa (IDA & IBRD countries),TSS,BN.GSR.GNFS.CD,0,0,0,0,0,0,0,0,0,0,0,0,0,0,0,0,0,0,0,0,0,0,0,0,0,0,0,0,0,0,0,0,0,0,0,0,0,0,0,0,0,0,0,0,0,0,0,0,0,0,0,0,0,0,0,0,0,0,0,0,0,0,0,0,0,0
USA,Trinidad and Tobago,TTO,BN.GSR.GNFS.CD,0,0,0,0,0,0,0,0,0,0,0,0,0,0,0,434464487.418289,388909301.600329,391458333.496439,151916666.729971,259375000.108075,704500000.29354,665291666.943875,-579958333.574976,-785083333.660453,-114541666.666664,325714285.71429,-172944444.444449,72500000.000005,222595121.951224,346588235.294116,861929411.764698,435058823.529414,586611764.705884,434228746.879922,629543391.165713,688355840.503939,626221277.896071,-236240561.534538,-324468120.999178,392800000,1134900060.01781,921900049.252249,501700000,1607000000,2133958664.5938,4624246809.66517,8025822193.7939,6075060780.6821,9680128922.6859,2622876047.27209,5223027322.1487,7557512519.12247,6187027547.1859,7192195003.68176,5964004073.44222,2407442366.62006,-361238438.597955,1080826556.66377,2426307521.80506,1605385243.95971,-344819601.954503,2906273134.53272,6616106894.29565,2326044037.5886,1022686056.82139,0
USA,Tunisia,TUN,BN.GSR.GNFS.CD,0,0,0,0,0,0,0,0,0,0,0,0,0,0,0,0,-426797272.291522,-601468704.048184,-499794756.960291,-376418489.716564,-503760714.905006,-546775460.339592,-777060629.820439,-696852134.713129,-862475864.011196,-533256107.782969,-644812585.599815,-150845488.965652,6994603.4691288,-477183249.42832,-835673624.288424,-630528730.245281,-1223382203.29401,-1379837109.48202,-661358553.051614,-832143801.215966,-372916470.477446,-523551530.039411,-650727787.657248,-455225610.655652,-704757967.437167,-882038628.287445,-892572446.778582,-944539663.033988,-677497055.989727,-132877732.959939,-672789767.28461206,-769417870.358922,-1366482479.6932,-1174131195.49722,-2114643006.84645,-3306190583.30473,-4149839670.91186,-4309090629.31182,-5350552962.13939,-4800815650.28994,-4575068667.46327,-5144900131.22953,-4976206258.68746,-3915823821.02449,-3368429350.47927,-4123466217.67132,-5198966231.99805,-2220904968.59434,-2474537236.01198,0
USA,Turkiye,TUR,BN.GSR.GNFS.CD,0,0,0,0,0,0,0,0,0,0,0,0,0,0,-1874000000,-2921000000,-2849000000,-3906000000,-1924000000,-2247000000,-4461000000,-3068000000,-1741000000,-2217000000,-1924000000,-1376000000,-1428000000,-1044000000,2020000000,-162000000,-4482000000,-2126000000,-2269000000,-7340000000,2885000000,-3532000000,-3607000000,-4136000000,-520000000,-2269000000,-10682000000,5773000000,1495000000,-3017000000,-9706000000,-17064000000,-26990000000,-32739000000,-34009000000,-6036000000,-39580000000,-68872000000,-36659000000,-41986000000,-25425000000,-13068000000,-14545000000,-26948000000,-4310000000,25986000000,-22573000000,3517000000,-37098000000,-29014000000,5610000000,0
USA,Tuvalu,TUV,BN.GSR.GNFS.CD,0,0,0,0,0,0,0,0,0,0,0,0,0,0,0,0,0,0,0,0,0,0,0,0,0,0,0,0,0,0,0,0,0,0,0,0,0,0,0,0,0,-24766822.7199242,-16697895.4883712,-18394631.3658252,-22032363.2685932,-17585713.0289338,-18457188.2078866,-28357255.7707604,-35437146.7188962,-45172615.6154532,-38186368.7152104,-50283574.6471034,-24618807.9022671,-37364725.4502139,-40102214.9760931,-59835184.2181839,-47120301.4064091,-49723193.4592885,-47705825.7364484,-64233849.7164621,-53857480.2451788,-61216533.6123124,-55155781.6030925,0,0,0
USA,Tanzania,TZA,BN.GSR.GNFS.CD,0,0,0,0,0,0,0,0,0,0,0,0,0,0,0,0,-70910344.3799,-165395770.6219,-631608975.6462,-512619232.4115,-636362065.1913,-515482067.327,-617607690.4365,-380425596.8703,-430741061.663,-643817845.3645,-695699688.2128,-831663693.0859,-792540326.9293,-810235027.3725,-935639395.7117,-1024720054.7248,-1100232134.5546,-1256221665.0045,-874960725.2506,-874214415.4253,-794314713.8102,-715155575.4769,-1162345584.8438,-1008601956.5421,-689002427.5332,-442983959.593058,-244160607.074363,-490549900.855539,-842287442.092876,-1233237686.55781,-1667765483.88713,-2172024930.08374,-3096600480.99103,-2403363302.95343,-2684369999.1861,-4637338455.47745,-4002388940.85882,-5057876566.20485,-4934358522.59888,-2374224902.06515,-643404373.610813,-951865241.000374,-2138110389.24611,-745051645.543504,-595245885.422409,-1736406971.61126,-4688288595.63165,-2078437441.89751,0,0
USA,Uganda,UGA,BN.GSR.GNFS.CD,0,0,0,0,0,0,0,0,0,0,0,0,0,0,0,0,0,0,0,0,-111700000,-111600000,-150900000,-124800000,55000000,2700000,-72800000,-360200000,-492400000,-547800000,-508500000,-424900000,-483900000,-477790000,-623400000,-825220000,-877470000,-954180000,-1207960000,-728800000,-745400000,-770600374.089807,-845961839.509004,-744677722.270111,-787003913.924608,-812386909.344833,-1262231494.60584,-1507574899.66939,-2260444729.95139,-1874448910.65659,-2710270039.52991,-3161103293.92494,-2810466919.29134,-2469982029.41979,-2869237266.56409,-2583228571.28329,-1670742137.57072,-2135895466.18326,-2795233354.00585,-3623437760.9305,-4587017967.97401,-4388622732.66703,-4963175739.12547,-4349573912.66696,-4916985827.87417,0
USA,Ukraine,UKR,BN.GSR.GNFS.CD,0,0,0,0,0,0,0,0,0,0,0,0,0,0,0,0,0,0,0,0,0,0,0,0,0,0,0,0,0,0,0,0,0,0,-1366000000,-1190000000,-1122000000,-1536000000,-1207000000,1821000000,1436000000,535000000,1864000000,1298000000,4980000000,674000000,-3070000000,-8131000000,-14368000000,-1957000000,-3982000000,-10145000000,-14346000000,-15634000000,-4606000000,-2362000000,-6453000000,-8744000000,-11378000000,-12511000000,-2378000000,-2671000000,-25737000000,-37879000000,-39403000000,0
USA,Upper middle income,UMC,BN.GSR.GNFS.CD,0,0,0,0,0,0,0,0,0,0,0,0,0,0,0,0,0,0,0,0,0,0,0,0,0,0,0,0,0,0,0,0,0,0,0,0,0,0,0,0,0,0,0,0,0,0,0,0,0,0,0,0,0,0,0,0,0,0,0,0,0,0,0,0,0,0
USA,Uruguay,URY,BN.GSR.GNFS.CD,0,0,0,0,0,0,0,0,0,0,0,0,0,0,0,0,0,0,-57300000,-309300000,-617700000,-397300000,-48200000,222400000,222500000,242100000,308260000,153070000,325140000,474370000,499090000,234730000,149720000,-104790000,-236900000,-61500000,-127200000,-168900000,-336600000,-437300000,-533085861.015571,-459485291.013659,201535963.635053,318474094.564127,478265127.68267,392623980.58477,-89902847.809965,157956462.694981,-960800911.803937,520918149.434065,630230268.100273,161119684.099074,1691777409.05075,1003505791.87648,1828336998.16352,2232850552.98894,3064989235.45963,3477944620.1946,3277431074.20025,3778995356.27918,2477123579.38679,4543290260.83859,3915693038.9659,2658958168.67718,4115909038.57029,0
USA,United States,USA,BN.GSR.GNFS.CD,0,0,0,0,0,0,0,0,0,0,-610000000,-5040000000,-10120000000,-1140000000,-6400000000,9970000000,-6820000000,-27640000000,-30167000000,-24966700000,-18953000000,-15680000000,-23537000000,-57135000000,-108277000000,-121102000000,-138527000000,-151675000000,-114660000000,-93126000000,-80852000000,-31180000000,-39207100000,-70311000000,-98511000000,-96387000000,-104035000000,-108288000000,-166130000000,-255813000000,-369689000000,-360373000000,-420666000000,-496251000000,-610833000000,-716537000000,-763533000000,-711000000000,-712352000000,-394779000000,-503078000000,-554517000000,-525907000000,-446857000000,-483951000000,-490773000000,-479461000000,-516935000000,-577496000000,-559272000000,-646043000000,-837273000000,-923733000000,-774217000000,-903539000000,0
USA,Uzbekistan,UZB,BN.GSR.GNFS.CD,0,0,0,0,0,0,0,0,0,0,0,0,0,0,0,0,0,0,0,0,0,0,0,0,0,0,0,0,0,0,0,0,0,0,0,0,0,0,0,0,0,0,0,0,0,595205560.146499,837251852.549651,894508478.440347,379828829.786654,374334956.985063,-576395001.772031,-1340120395.82829,-3823513481.57155,-3747242960.65554,-3472705968.88593,-2822431854.84856,-3931093288.86307,-4057926979.49276,-9308409952.72889,-9561992395.75121,-8101617547.61802,-11493850298.6675,-14677444945.6623,-17596813629.8676,-17450851224.3599,0
USA,St. Vincent and the Grenadines,VCT,BN.GSR.GNFS.CD,0,0,0,0,0,0,0,0,0,0,0,0,0,0,0,0,0,0,-9300000,-19100000,-24500000,-17500000,-25709629.6296296,-19700000,-13500000,-6800000,-9485185.18518519,-22711111.1111111,-11781481.4814815,-31096296.2962963,-22100000,-41507407.4074075,-23722222.2222222,-43440740.7407407,-57814814.8148148,-38200000,-37051851.8518519,-80603703.7037036,-91600000.0000001,-62785185.1851852,-38394526.8069837,-36172026.7591681,-24058810.9886715,-45004853.7048797,-71602020.7723527,-78746865.3164633,-105177947.745311,-155646062.628572,-226198903.262345,-184409499.988412,-190770765.316868,-163357013.412679,-192587256.787243,-199002223.388782,-192848135.192929,-132713776.89863,-136031121.70791,-136166296.303064,-130658082.20300101,-97597349.2592592,-190409127.407407,-289660748.888889,-262540490,-243766482.592593,-215996803.333333,0
USA,"Venezuela, RB",VEN,BN.GSR.GNFS.CD,0,0,0,0,0,0,0,0,0,0,541000000,810000000,474000000,1676000000,6596000000,2244000000,278000000,-2984000000,-5366000000,760000000,4838000000,3835000000,-2077000000,6751000000,6885000000,5731000000,-522000000,320000000,-3891000000,4712000000,9355000000,2698000000,-1629000000,90000000,4529000000,3848000000,10501000000,6346000000,-1697000000,3632000000,13411000000,4151000000,10512000000,14113000000,19264000000,27711000000,27585000000,13688000000,33797000000,5726000000,12693000000,26222000000,14688000000,14529000000,12551000000,-8235000000,2874000000,0,0,0,0,0,0,0,0,0
USA,British Virgin Islands,VGB,BN.GSR.GNFS.CD,0,0,0,0,0,0,0,0,0,0,0,0,0,0,0,0,0,0,0,0,0,0,0,0,0,0,0,0,0,0,0,0,0,0,0,0,0,0,0,0,0,0,0,0,0,0,0,0,0,0,0,0,0,0,0,0,0,0,0,0,0,0,0,0,0,0
USA,Virgin Islands (U.S.),VIR,BN.GSR.GNFS.CD,0,0,0,0,0,0,0,0,0,0,0,0,0,0,0,0,0,0,0,0,0,0,0,0,0,0,0,0,0,0,0,0,0,0,0,0,0,0,0,0,0,0,0,0,0,0,0,0,0,0,0,0,0,0,0,0,0,0,0,0,0,0,0,0,0,0
USA,Viet Nam,VNM,BN.GSR.GNFS.CD,0,0,0,0,0,0,0,0,0,0,0,0,0,0,0,0,0,0,0,0,0,0,0,0,0,0,0,0,0,0,0,0,0,0,0,0,-2836000000,-1870000000,-1519000000,425000000,-175000000,-91000000,-1804000000,-3359000000,-3159000000,-2735189000.00001,-2783741800,-11193100000,-13733000000,-10028000000,-7597000000,-3430000000,7446000000,5604000000,8596000000,2609000000,6784000000,6816000000,12860129000,19143247000,20421000000,1799000000,15495000000,35201000000,30711000000,0
USA,Vanuatu,VUT,BN.GSR.GNFS.CD,0,0,0,0,0,0,0,0,0,0,0,0,0,0,0,0,0,0,0,0,0,0,-9957643.63491213,-6601745.34487499,3418075.63704551,-15826525.7673025,-23209810.5915705,-22800942.6778373,-20321763.8417647,-23006923.5297882,-29295654.5156621,-20009555.2443791,-5851458.41943811,-8363487.29044152,-4875973.17039097,-4781741.21520321,5336768.92077341,8164449.6839605505,14546712.5967294,-16090216.8066353,9909552.37963154,-11803076.513748,-16192887.3368011,-14952160.1716816,-18154167.4391715,-27947217.5775426,-35285540.6726279,-32673280.3115125,-176882388.727737,7582969.9191203,-42953938.1856355,-54481480.2062565,-42682379.9349224,-25585566.0130448,-37924755.029971,-188079947.52364,-138613520.547657,-137691374.119386,-132854046.768454,-165673595.211765,-305430168.36326,-438311378.111222,-427259838.677444,0,0,0
USA,World,WLD,BN.GSR.GNFS.CD,0,0,0,0,0,0,0,0,0,0,0,0,0,0,0,0,0,0,0,0,0,0,0,0,0,0,0,0,0,0,0,0,0,0,0,0,0,0,0,0,0,0,0,0,0,0,0,0,0,0,0,0,0,0,0,0,0,0,0,0,0,0,0,0,0,0
USA,Samoa,WSM,BN.GSR.GNFS.CD,0,0,0,0,0,0,0,0,0,0,0,0,0,0,0,0,0,-25277405.8859049,-40769606.7345944,-55279960.5264689,-46067326.1509405,-44706189.5695043,-36220345.2927856,-29732801.7855819,-30859592.9770378,-31230050.6877296,-31376355.2450239,-42526249.9715251,-42832354.1051477,-42022883.530392,-50405834.1408647,-74999301.9734912,-90852387.3400529,-83422765.3088135,-50460798.6352336,-51022797.5276988,-49854337.6742934,-60319492.4795994,-43043921.2758977,-60740380.8370769,0,0,0,0,-90595651.9403411,-114340309.547509,-140365882.622238,-116408869.979354,-142435763.613704,-113917786.440404,-185098263.70905,-217692574.46158,-175518291.675394,-184195478.053126,-190219297.255032,-140183984.453907,-151808671.148169,-131790049.234278,-119464622.757452,-119925332.495852,-260271388.740084,-332236640.082348,-336643753.058206,-214589200.00539,-206077460.085428,0
USA,Kosovo,XKX,BN.GSR.GNFS.CD,0,0,0,0,0,0,0,0,0,0,0,0,0,0,0,0,0,0,0,0,0,0,0,0,0,0,0,0,0,0,0,0,0,0,0,0,0,0,0,0,0,0,0,0,-1245676355.21507,-1352154274.85571,-1436521228.20795,-1794549825.15421,-2334268089.79619,-1991888229.9653,-2069194853.74307,-2292999083.86576,-1995451460.27641,-1964452983.3008,-2113818726.68873,-1828854778.5638,-1824923277.65927,-1842030133.35535,-2219858288.70392,-2142138007.1665,-2499807658.92248,-2989299472.76924,-3082019863.88968,-3206829833.26303,0,0
USA,"Yemen, Rep.",YEM,BN.GSR.GNFS.CD,0,0,0,0,0,0,0,0,0,0,0,0,0,0,0,0,0,0,0,0,0,0,0,0,0,0,0,0,0,0,0,0,0,0,0,0,0,0,0,0,0,0,0,0,0,830926947.03033,84060000,-1584040000,-1499190000,-2870223439.80882,-1358512505.34227,-323762813.745822,-4310359854.05557,-3460906147.52647,-5813165343.09012,-5830133440.70453,-7317640701.7886,0,0,0,0,0,0,0,0,0
USA,South Africa,ZAF,BN.GSR.GNFS.CD,377999848.95126,639799744.336022,743399702.937478,510999795.804481,198799920.559551,-121799951.328739,264599894.265882,47599980.9790469,449399820.419832,89599964.1958549,-632799747.133221,-829604304.769884,518444007.958402,723921400.116414,-190487694.624742,-894814876.328009,-433549999.623,1974549998.283,3045199997.352,5279006137.69559,6358428580.16809,-1503669488.11725,-414507442.485873,3232197150.15388,1297536472.08378,5034126841.97369,5763512365.57824,8502840178.83518,5977051773.05472,5082554542.73237,6143184713.5913,5123806430.0296,5286458564.15008,6102068027.55894,3060676857.04778,1027227364.63049,2192238677.62611,1710207030.30467,1729665352.52922,3459740002.11658,3920384073.99069,4867804949.98357,4362352875.09928,4046566618.60655,-410368408.65194,-633341903.4516,-4634129812.53611,-3999046294.35807,-4930518851.96361,1520940147.43798,4979510585.48025,3577039872.35294,-5624548538.35774,-8513750950.04514,-5763323054.59322,-4456305640.43504,1533892059.15329,4349083220.0379,1986405030.54344,1938862949.73873,15079234261.2037,26351816045.8632,9009915063.9182,3122509192.58848,7811501898.59058,0
USA,Zambia,ZMB,BN.GSR.GNFS.CD,0,0,0,0,0,0,0,0,0,0,0,0,0,0,0,0,0,0,-82200000,311300000,-156500000,-500800000,-348400000,-23400000,65500000,39200000,22900000,91500000,271300000,207800000,-536800000,140100000,0,0,0,0,0,-115400000,-332200000,-297200000,-440346600,-564731600,-474321000,-544413000,-97934000,254704736.506342,1397247573.82847,781610499.437952,242684693.993283,815291850.985746,2456328690.62676,1871775832.89178,1251408783.64499,589795131.520804,831835103.423319,-645149166.648263,-511897651.362031,350869419.130876,-210418903.757477,222169787.657448,2692282687.97675,4036755514.81567,2421779088.79185,599476624.762461,0,0
USA,Zimbabwe,ZWE,BN.GSR.GNFS.CD,0,0,0,0,0,0,0,0,0,0,0,0,0,0,0,0,0,68037617.7114352,108917284.712096,16458555.9559713,-119171131.044877,-483750165.97115,-415326544.080626,-201487892.095082,-33826575.3746349,33737234.4487859,164004879.021809,195525602.453514,280350906.78403,159798573.049641,11314892.3396039,-305484076.768716,-609645413.816023,-69506441.1774695,-170672367.246172,0,0,0,0,0,0,0,0,0,0,0,0,0,0,-1788395612.17584,-2906785439.76514,-4402366967.13923,-4081524864.29304,-4226654734.40717,-3872564257.26463,-3250612626.77115,-2129620999.58694,-1581086032.20988,-2464035915.605,-131430452.855318,-226006542.947893,-1529047176.81581,-2115076198.18564,-2690324727.51443,0,0
