Reporting Economy,Year,Product/Sector,Value
Afghanistan,2018,Manufactures,3444
Afghanistan,2018,Agricultural products,3381
Afghanistan,2018,Food,3100
Afghanistan,2018,Fuels and mining products,1202
Afghanistan,2018,Fuels,1059
Afghanistan,2018,Machinery and transport equipment,873
Afghanistan,2018,Textiles,494
Afghanistan,2018,Transport equipment,395
Afghanistan,2018,Automotive products,346
Afghanistan,2018,Chemicals,281
Afghanistan,2018,Other,294
Afghanistan,2019,Agricultural products,3188
Afghanistan,2019,Food,2854
Afghanistan,2019,Manufactures,2273
Afghanistan,2019,Fuels and mining products,2179
Afghanistan,2019,Fuels,2015
Afghanistan,2019,Machinery and transport equipment,925
Afghanistan,2019,Textiles,512
Afghanistan,2019,Chemicals,393
Afghanistan,2019,Transport equipment,332
Afghanistan,2019,Automotive products,285
Afghanistan,2019,Other,550
Afghanistan,2020,Manufactures,3494
Afghanistan,2020,Agricultural products,3223
Afghanistan,2020,Food,3001
Afghanistan,2020,Machinery and transport equipment,1026
Afghanistan,2020,Chemicals,680
Afghanistan,2020,Transport equipment,482
Afghanistan,2020,Textiles,422
Afghanistan,2020,Fuels and mining products,408
Afghanistan,2020,Fuels,366
Afghanistan,2020,Iron and steel,299
Afghanistan,2020,Other,937
Afghanistan,2021,Agricultural products,2781
Afghanistan,2021,Manufactures,2613
Afghanistan,2021,Food,2590
Afghanistan,2021,Machinery and transport equipment,769
Afghanistan,2021,Fuels and mining products,736
Afghanistan,2021,Fuels,674
Afghanistan,2021,Chemicals,563
Afghanistan,2021,Transport equipment,329
Afghanistan,2021,Textiles,271
Afghanistan,2021,Pharmaceuticals,239
Afghanistan,2021,Other,764
Afghanistan,2022,Agricultural products,3249
Afghanistan,2022,Food,3025
Afghanistan,2022,Manufactures,2121
Afghanistan,2022,Fuels and mining products,972
Afghanistan,2022,Fuels,916
Afghanistan,2022,Chemicals,710
Afghanistan,2022,Machinery and transport equipment,405
Afghanistan,2022,Pharmaceuticals,301
Afghanistan,2022,Textiles,277
Afghanistan,2022,Transport equipment,103
Afghanistan,2022,Other,337
Afghanistan,2023,Agricultural products,3038
Afghanistan,2023,Food,2828
Afghanistan,2023,Manufactures,2652
Afghanistan,2023,Fuels and mining products,946
Afghanistan,2023,Fuels,904
Afghanistan,2023,Chemicals,680
Afghanistan,2023,Machinery and transport equipment,641
Afghanistan,2023,Textiles,448
Afghanistan,2023,Pharmaceuticals,258
Afghanistan,2023,Transport equipment,250
Afghanistan,2023,Other,487
Albania,2018,Manufactures,6097
Albania,2018,Machinery and transport equipment,1462
Albania,2018,Fuels and mining products,1348
Albania,2018,Agricultural products,1340
Albania,2018,Food,1217
Albania,2018,Fuels,981
Albania,2018,Clothing,886
Albania,2018,Chemicals,726
Albania,2018,Iron and steel,487
Albania,2018,Transport equipment,461
Albania,2018,Other,1379
Albania,2019,Manufactures,5898
Albania,2019,Machinery and transport equipment,1419
Albania,2019,Agricultural products,1384
Albania,2019,Fuels and mining products,1320
Albania,2019,Food,1253
Albania,2019,Fuels,967
Albania,2019,Clothing,858
Albania,2019,Chemicals,727
Albania,2019,Transport equipment,446
Albania,2019,Iron and steel,441
Albania,2019,Other,1393
Albania,2020,Manufactures,5598
Albania,2020,Agricultural products,1433
Albania,2020,Machinery and transport equipment,1418
Albania,2020,Food,1299
Albania,2020,Fuels and mining products,1036
Albania,2020,Clothing,767
Albania,2020,Chemicals,760
Albania,2020,Fuels,676
Albania,2020,Transport equipment,441
Albania,2020,Automotive products,410
Albania,2020,Other,1370
Albania,2021,Manufactures,7492
Albania,2021,Fuels and mining products,2004
Albania,2021,Machinery and transport equipment,1894
Albania,2021,Agricultural products,1753
Albania,2021,Food,1589
Albania,2021,Fuels,1451
Albania,2021,Chemicals,1014
Albania,2021,Clothing,920
Albania,2021,Iron and steel,821
Albania,2021,Transport equipment,607
Albania,2021,Other,1795
Albania,2022,Manufactures,8031
Albania,2022,Fuels and mining products,2822
Albania,2022,Fuels,2191
Albania,2022,Machinery and transport equipment,1956
Albania,2022,Agricultural products,1844
Albania,2022,Food,1686
Albania,2022,Iron and steel,1033
Albania,2022,Chemicals,959
Albania,2022,Clothing,930
Albania,2022,Transport equipment,574
Albania,2022,Other,1721
Albania,2023,Manufactures,7621
Albania,2023,Agricultural products,1936
Albania,2023,Fuels and mining products,1884
Albania,2023,Food,1809
Albania,2023,Machinery and transport equipment,1476
Albania,2023,Clothing,1032
Albania,2023,Fuels,940
Albania,2023,Chemicals,766
Albania,2023,Transport equipment,616
Albania,2023,Automotive products,577
Albania,2023,Other,1362
Algeria,2018,Fuels and mining products,43193
Algeria,2018,Fuels,42383
Algeria,2018,Manufactures,32535
Algeria,2018,Machinery and transport equipment,15187
Algeria,2018,Agricultural products,8674
Algeria,2018,Food,7972
Algeria,2018,Chemicals,6891
Algeria,2018,Transport equipment,6015
Algeria,2018,Automotive products,4425
Algeria,2018,Iron and steel,2338
Algeria,2018,Other,6772
Algeria,2019,Fuels and mining products,36550
Algeria,2019,Fuels,35550
Algeria,2019,Manufactures,31737
Algeria,2019,Machinery and transport equipment,13619
Algeria,2019,Agricultural products,9146
Algeria,2019,Food,8532
Algeria,2019,Chemicals,7144
Algeria,2019,Transport equipment,4526
Algeria,2019,Automotive products,3751
Algeria,2019,Iron and steel,2891
Algeria,2019,Other,7402
Algeria,2020,Manufactures,24266
Algeria,2020,Fuels and mining products,21403
Algeria,2020,Fuels,20442
Algeria,2020,Agricultural products,9326
Algeria,2020,Machinery and transport equipment,9115
Algeria,2020,Food,8803
Algeria,2020,Chemicals,6662
Algeria,2020,Transport equipment,2400
Algeria,2020,Iron and steel,1826
Algeria,2020,Automotive products,1821
Algeria,2020,Other,5808
Algeria,2021,Fuels and mining products,36480
Algeria,2021,Fuels,34790
Algeria,2021,Manufactures,27063
Algeria,2021,Agricultural products,10787
Algeria,2021,Food,10191
Algeria,2021,Machinery and transport equipment,9427
Algeria,2021,Chemicals,8194
Algeria,2021,Transport equipment,2468
Algeria,2021,Iron and steel,2340
Algeria,2021,Pharmaceuticals,1907
Algeria,2021,Other,6572
Algeria,2022,Fuels and mining products,61388
Algeria,2022,Fuels,59602
Algeria,2022,Manufactures,29863
Algeria,2022,Agricultural products,13135
Algeria,2022,Food,12432
Algeria,2022,Chemicals,10572
Algeria,2022,Machinery and transport equipment,8401
Algeria,2022,Iron and steel,2992
Algeria,2022,Transport equipment,2280
Algeria,2022,Automotive products,1657
Algeria,2022,Other,5323
Algeria,2023,Fuels and mining products,55604
Algeria,2023,Fuels,53956
Algeria,2023,Manufactures,32172
Algeria,2023,Machinery and transport equipment,12052
Algeria,2023,Agricultural products,11864
Algeria,2023,Food,11151
Algeria,2023,Chemicals,8689
Algeria,2023,Transport equipment,3880
Algeria,2023,Automotive products,3295
Algeria,2023,Iron and steel,2734
Algeria,2023,Other,6276
Angola,2018,Fuels and mining products,42630
Angola,2018,Fuels,41321
Angola,2018,Manufactures,9721
Angola,2018,Machinery and transport equipment,5482
Angola,2018,Agricultural products,3725
Angola,2018,Food,3420
Angola,2018,Transport equipment,2291
Angola,2018,Chemicals,1606
Angola,2018,Automotive products,620
Angola,2018,Office and telecom equipment,421
Angola,2018,Other,1406
Angola,2019,Fuels and mining products,36697
Angola,2019,Fuels,35360
Angola,2019,Manufactures,9616
Angola,2019,Machinery and transport equipment,5483
Angola,2019,Agricultural products,3016
Angola,2019,Food,2864
Angola,2019,Transport equipment,2660
Angola,2019,Chemicals,1433
Angola,2019,Automotive products,624
Angola,2019,Office and telecom equipment,434
Angola,2019,Other,1382
Angola,2020,Fuels and mining products,21808
Angola,2020,Fuels,20614
Angola,2020,Manufactures,7286
Angola,2020,Machinery and transport equipment,4111
Angola,2020,Agricultural products,2349
Angola,2020,Food,2240
Angola,2020,Transport equipment,1954
Angola,2020,Chemicals,1164
Angola,2020,Automotive products,495
Angola,2020,Iron and steel,311
Angola,2020,Other,1074
Angola,2021,Fuels and mining products,34841
Angola,2021,Fuels,33206
Angola,2021,Manufactures,8727
Angola,2021,Machinery and transport equipment,4794
Angola,2021,Agricultural products,2274
Angola,2021,Food,2167
Angola,2021,Transport equipment,2145
Angola,2021,Chemicals,1318
Angola,2021,Automotive products,723
Angola,2021,Office and telecom equipment,501
Angola,2021,Other,1606
Angola,2022,Fuels and mining products,53723
Angola,2022,Fuels,51552
Angola,2022,Manufactures,11827
Angola,2022,Machinery and transport equipment,6219
Angola,2022,Agricultural products,3457
Angola,2022,Food,3297
Angola,2022,Transport equipment,2817
Angola,2022,Chemicals,2117
Angola,2022,Automotive products,1270
Angola,2022,Pharmaceuticals,685
Angola,2022,Other,2211
Angola,2023,Fuels and mining products,38896
Angola,2023,Fuels,37181
Angola,2023,Manufactures,12308
Angola,2023,Machinery and transport equipment,7585
Angola,2023,Transport equipment,3731
Angola,2023,Agricultural products,2557
Angola,2023,Food,2434
Angola,2023,Chemicals,1504
Angola,2023,Automotive products,1229
Angola,2023,Office and telecom equipment,661
Angola,2023,Other,1926
Antigua and Barbuda,2018,Manufactures,391
Antigua and Barbuda,2018,Agricultural products,175
Antigua and Barbuda,2018,Food,162
Antigua and Barbuda,2018,Machinery and transport equipment,153
Antigua and Barbuda,2018,Transport equipment,65
Antigua and Barbuda,2018,Automotive products,55
Antigua and Barbuda,2018,Chemicals,46
Antigua and Barbuda,2018,Office and telecom equipment,22
Antigua and Barbuda,2018,Clothing,13
Antigua and Barbuda,2018,Telecommunications equipment,13
Antigua and Barbuda,2018,Other,51
Antigua and Barbuda,2019,Manufactures,386
Antigua and Barbuda,2019,Agricultural products,167
Antigua and Barbuda,2019,Food,156
Antigua and Barbuda,2019,Machinery and transport equipment,156
Antigua and Barbuda,2019,Transport equipment,66
Antigua and Barbuda,2019,Automotive products,50
Antigua and Barbuda,2019,Chemicals,46
Antigua and Barbuda,2019,Office and telecom equipment,21
Antigua and Barbuda,2019,Fuels and mining products,14
Antigua and Barbuda,2019,Telecommunications equipment,13
Antigua and Barbuda,2019,Other,55
Antigua and Barbuda,2020,Manufactures,282
Antigua and Barbuda,2020,Agricultural products,147
Antigua and Barbuda,2020,Food,138
Antigua and Barbuda,2020,Machinery and transport equipment,113
Antigua and Barbuda,2020,Fuels and mining products,83
Antigua and Barbuda,2020,Fuels,78
Antigua and Barbuda,2020,Chemicals,43
Antigua and Barbuda,2020,Transport equipment,37
Antigua and Barbuda,2020,Automotive products,27
Antigua and Barbuda,2020,Office and telecom equipment,18
Antigua and Barbuda,2020,Other,48
Antigua and Barbuda,2021,Manufactures,316
Antigua and Barbuda,2021,Agricultural products,167
Antigua and Barbuda,2021,Food,152
Antigua and Barbuda,2021,Fuels and mining products,131
Antigua and Barbuda,2021,Fuels,124
Antigua and Barbuda,2021,Machinery and transport equipment,120
Antigua and Barbuda,2021,Chemicals,51
Antigua and Barbuda,2021,Transport equipment,32
Antigua and Barbuda,2021,Automotive products,24
Antigua and Barbuda,2021,Office and telecom equipment,19
Antigua and Barbuda,2021,Other,58
Antigua and Barbuda,2022,Manufactures,427
Antigua and Barbuda,2022,Agricultural products,202
Antigua and Barbuda,2022,Food,182
Antigua and Barbuda,2022,Machinery and transport equipment,171
Antigua and Barbuda,2022,Transport equipment,68
Antigua and Barbuda,2022,Chemicals,53
Antigua and Barbuda,2022,Automotive products,34
Antigua and Barbuda,2022,Fuels and mining products,20
Antigua and Barbuda,2022,Office and telecom equipment,18
Antigua and Barbuda,2022,Iron and steel,16
Antigua and Barbuda,2022,Other,62
Antigua and Barbuda,2023,Manufactures,474
Antigua and Barbuda,2023,Agricultural products,205
Antigua and Barbuda,2023,Machinery and transport equipment,194
Antigua and Barbuda,2023,Food,188
Antigua and Barbuda,2023,Transport equipment,85
Antigua and Barbuda,2023,Automotive products,68
Antigua and Barbuda,2023,Chemicals,60
Antigua and Barbuda,2023,Fuels and mining products,20
Antigua and Barbuda,2023,Office and telecom equipment,17
Antigua and Barbuda,2023,Iron and steel,14
Antigua and Barbuda,2023,Other,62
Argentina,2018,Manufactures,63466
Argentina,2018,Agricultural products,39431
Argentina,2018,Food,38025
Argentina,2018,Machinery and transport equipment,34778
Argentina,2018,Transport equipment,18044
Argentina,2018,Automotive products,16167
Argentina,2018,Chemicals,15370
Argentina,2018,Fuels and mining products,11084
Argentina,2018,Fuels,8811
Argentina,2018,Office and telecom equipment,5108
Argentina,2018,Other,11602
Argentina,2019,Manufactures,49864
Argentina,2019,Agricultural products,42716
Argentina,2019,Food,41468
Argentina,2019,Machinery and transport equipment,25421
Argentina,2019,Chemicals,13832
Argentina,2019,Transport equipment,11647
Argentina,2019,Automotive products,10348
Argentina,2019,Fuels and mining products,8367
Argentina,2019,Fuels,6533
Argentina,2019,Office and telecom equipment,4137
Argentina,2019,Other,9515
Argentina,2020,Manufactures,41807
Argentina,2020,Agricultural products,40262
Argentina,2020,Food,39325
Argentina,2020,Machinery and transport equipment,19621
Argentina,2020,Chemicals,13552
Argentina,2020,Transport equipment,8697
Argentina,2020,Automotive products,7667
Argentina,2020,Fuels and mining products,5408
Argentina,2020,Fuels,4036
Argentina,2020,Office and telecom equipment,3954
Argentina,2020,Other,9106
Argentina,2021,Manufactures,59371
Argentina,2021,Agricultural products,48045
Argentina,2021,Food,46858
Argentina,2021,Machinery and transport equipment,28459
Argentina,2021,Chemicals,18778
Argentina,2021,Transport equipment,13353
Argentina,2021,Automotive products,11714
Argentina,2021,Fuels and mining products,10388
Argentina,2021,Fuels,7862
Argentina,2021,Office and telecom equipment,5879
Argentina,2021,Other,13941
Argentina,2022,Manufactures,73604
Argentina,2022,Agricultural products,59216
Argentina,2022,Food,57844
Argentina,2022,Machinery and transport equipment,35766
Argentina,2022,Chemicals,22827
Argentina,2022,Fuels and mining products,21111
Argentina,2022,Fuels,18246
Argentina,2022,Transport equipment,16604
Argentina,2022,Automotive products,14673
Argentina,2022,Office and telecom equipment,6617
Argentina,2022,Other,15370
Argentina,2023,Manufactures,67082
Argentina,2023,Agricultural products,44193
Argentina,2023,Food,43097
Argentina,2023,Machinery and transport equipment,35373
Argentina,2023,Chemicals,17946
Argentina,2023,Transport equipment,17313
Argentina,2023,Fuels and mining products,16060
Argentina,2023,Automotive products,15622
Argentina,2023,Fuels,13650
Argentina,2023,Office and telecom equipment,5543
Argentina,2023,Other,13175
Armenia,2018,Manufactures,3822
Armenia,2018,Fuels and mining products,1599
Armenia,2018,Agricultural products,1497
Armenia,2018,Food,1439
Armenia,2018,Machinery and transport equipment,1208
Armenia,2018,Fuels,759
Armenia,2018,Chemicals,534
Armenia,2018,Clothing,410
Armenia,2018,Office and telecom equipment,273
Armenia,2018,Iron and steel,258
Armenia,2018,Other,1022
Armenia,2019,Manufactures,3840
Armenia,2019,Fuels and mining products,1817
Armenia,2019,Agricultural products,1675
Armenia,2019,Food,1600
Armenia,2019,Machinery and transport equipment,1253
Armenia,2019,Fuels,834
Armenia,2019,Chemicals,613
Armenia,2019,Clothing,339
Armenia,2019,Transport equipment,334
Armenia,2019,Automotive products,293
Armenia,2019,Other,1175
Armenia,2020,Manufactures,3237
Armenia,2020,Fuels and mining products,1692
Armenia,2020,Agricultural products,1563
Armenia,2020,Food,1509
Armenia,2020,Machinery and transport equipment,1025
Armenia,2020,Fuels,787
Armenia,2020,Chemicals,543
Armenia,2020,Clothing,261
Armenia,2020,Office and telecom equipment,236
Armenia,2020,Iron and steel,229
Armenia,2020,Other,863
Armenia,2021,Manufactures,4020
Armenia,2021,Fuels and mining products,2187
Armenia,2021,Agricultural products,1854
Armenia,2021,Food,1787
Armenia,2021,Machinery and transport equipment,1266
Armenia,2021,Fuels,959
Armenia,2021,Chemicals,615
Armenia,2021,Iron and steel,356
Armenia,2021,Clothing,349
Armenia,2021,Transport equipment,326
Armenia,2021,Other,1191
Armenia,2022,Manufactures,8171
Armenia,2022,Machinery and transport equipment,3623
Armenia,2022,Agricultural products,2621
Armenia,2022,Fuels and mining products,2566
Armenia,2022,Food,2526
Armenia,2022,Office and telecom equipment,1377
Armenia,2022,Fuels,1263
Armenia,2022,Transport equipment,1190
Armenia,2022,Automotive products,1115
Armenia,2022,Telecommunications equipment,964
Armenia,2022,Other,2672
Armenia,2023,Manufactures,12002
Armenia,2023,Machinery and transport equipment,5868
Armenia,2023,Fuels and mining products,2738
Armenia,2023,Agricultural products,2457
Armenia,2023,Food,2323
Armenia,2023,Office and telecom equipment,2292
Armenia,2023,Transport equipment,2138
Armenia,2023,Automotive products,1972
Armenia,2023,Telecommunications equipment,1859
Armenia,2023,Fuels,1130
Armenia,2023,Other,3162
Australia,2018,Manufactures,202688
Australia,2018,Fuels and mining products,202181
Australia,2018,Fuels,122464
Australia,2018,Machinery and transport equipment,105376
Australia,2018,Agricultural products,54959
Australia,2018,Food,45770
Australia,2018,Transport equipment,39029
Australia,2018,Chemicals,31019
Australia,2018,Automotive products,30456
Australia,2018,Office and telecom equipment,27360
Australia,2018,Other,54451
Australia,2019,Fuels and mining products,211608
Australia,2019,Manufactures,194604
Australia,2019,Fuels,115529
Australia,2019,Machinery and transport equipment,100459
Australia,2019,Agricultural products,52803
Australia,2019,Food,45646
Australia,2019,Transport equipment,36318
Australia,2019,Chemicals,30675
Australia,2019,Automotive products,27182
Australia,2019,Office and telecom equipment,26262
Australia,2019,Other,53643
Australia,2020,Manufactures,188250
Australia,2020,Fuels and mining products,173914
Australia,2020,Machinery and transport equipment,94870
Australia,2020,Fuels,69924
Australia,2020,Agricultural products,48965
Australia,2020,Food,44015
Australia,2020,Transport equipment,31974
Australia,2020,Chemicals,31039
Australia,2020,Office and telecom equipment,25833
Australia,2020,Automotive products,23811
Australia,2020,Other,53954
Australia,2021,Fuels and mining products,272832
Australia,2021,Manufactures,230167
Australia,2021,Fuels,121623
Australia,2021,Machinery and transport equipment,117361
Australia,2021,Agricultural products,62444
Australia,2021,Food,54856
Australia,2021,Transport equipment,42639
Australia,2021,Chemicals,36915
Australia,2021,Automotive products,33020
Australia,2021,Office and telecom equipment,29440
Australia,2021,Other,60510
Australia,2022,Fuels and mining products,351057
Australia,2022,Manufactures,256883
Australia,2022,Fuels,222399
Australia,2022,Machinery and transport equipment,126639
Australia,2022,Agricultural products,73868
Australia,2022,Food,64310
Australia,2022,Chemicals,47078
Australia,2022,Transport equipment,45538
Australia,2022,Automotive products,35598
Australia,2022,Office and telecom equipment,30796
Australia,2022,Other,66742
Australia,2023,Fuels and mining products,305951
Australia,2023,Manufactures,243844
Australia,2023,Fuels,171663
Australia,2023,Machinery and transport equipment,132329
Australia,2023,Agricultural products,68738
Australia,2023,Food,60588
Australia,2023,Transport equipment,53226
Australia,2023,Automotive products,43293
Australia,2023,Chemicals,37572
Australia,2023,Office and telecom equipment,27660
Australia,2023,Other,58567
Australia,2024,Fuels and mining products,229550
Australia,2024,Agricultural products,47119
Australia,2024,Food,41152
Australia,2024,Automotive products,41138
Australia,2024,Clothing,8742
Austria,2018,Manufactures,303888
Austria,2018,Machinery and transport equipment,146513
Austria,2018,Transport equipment,53340
Austria,2018,Chemicals,49380
Austria,2018,Automotive products,40945
Austria,2018,Agricultural products,36511
Austria,2018,Fuels and mining products,34257
Austria,2018,Food,28393
Austria,2018,Office and telecom equipment,25323
Austria,2018,Pharmaceuticals,21728
Austria,2018,Other,74838
Austria,2019,Manufactures,293160
Austria,2019,Machinery and transport equipment,141946
Austria,2019,Transport equipment,54376
Austria,2019,Chemicals,49331
Austria,2019,Automotive products,41438
Austria,2019,Agricultural products,35662
Austria,2019,Fuels and mining products,31696
Austria,2019,Food,28313
Austria,2019,Pharmaceuticals,23564
Austria,2019,Office and telecom equipment,21906
Austria,2019,Other,67700
Austria,2020,Manufactures,273654
Austria,2020,Machinery and transport equipment,128214
Austria,2020,Chemicals,50012
Austria,2020,Transport equipment,45765
Austria,2020,Agricultural products,36019
Austria,2020,Automotive products,34027
Austria,2020,Food,29248
Austria,2020,Fuels and mining products,26051
Austria,2020,Pharmaceuticals,24559
Austria,2020,Office and telecom equipment,20840
Austria,2020,Other,59440
Austria,2021,Manufactures,330101
Austria,2021,Machinery and transport equipment,151141
Austria,2021,Chemicals,61984
Austria,2021,Transport equipment,52812
Austria,2021,Agricultural products,41945
Austria,2021,Fuels and mining products,40784
Austria,2021,Automotive products,38364
Austria,2021,Food,32494
Austria,2021,Pharmaceuticals,29024
Austria,2021,Office and telecom equipment,23840
Austria,2021,Other,77863
Austria,2022,Manufactures,334210
Austria,2022,Machinery and transport equipment,152553
Austria,2022,Chemicals,62370
Austria,2022,Fuels and mining products,57283
Austria,2022,Transport equipment,51578
Austria,2022,Agricultural products,42739
Austria,2022,Automotive products,36850
Austria,2022,Fuels,36624
Austria,2022,Food,33767
Austria,2022,Pharmaceuticals,27729
Austria,2022,Other,84360
Austria,2023,Manufactures,352381
Austria,2023,Machinery and transport equipment,167079
Austria,2023,Chemicals,69176
Austria,2023,Transport equipment,59679
Austria,2023,Fuels and mining products,46044
Austria,2023,Automotive products,44287
Austria,2023,Agricultural products,44021
Austria,2023,Food,36547
Austria,2023,Pharmaceuticals,33116
Austria,2023,Fuels,27874
Austria,2023,Other,81211
Azerbaijan,2018,Fuels and mining products,18928
Azerbaijan,2018,Fuels,18603
Azerbaijan,2018,Manufactures,8269
Azerbaijan,2018,Machinery and transport equipment,3468
Azerbaijan,2018,Agricultural products,2645
Azerbaijan,2018,Food,2362
Azerbaijan,2018,Chemicals,1382
Azerbaijan,2018,Iron and steel,1011
Azerbaijan,2018,Transport equipment,826
Azerbaijan,2018,Automotive products,585
Azerbaijan,2018,Other,1867
Azerbaijan,2019,Fuels and mining products,19028
Azerbaijan,2019,Fuels,18627
Azerbaijan,2019,Manufactures,8932
Azerbaijan,2019,Machinery and transport equipment,3941
Azerbaijan,2019,Agricultural products,2978
Azerbaijan,2019,Food,2650
Azerbaijan,2019,Chemicals,1585
Azerbaijan,2019,Transport equipment,1240
Azerbaijan,2019,Automotive products,881
Azerbaijan,2019,Iron and steel,785
Azerbaijan,2019,Other,1940
Azerbaijan,2020,Fuels and mining products,12563
Azerbaijan,2020,Fuels,12261
Azerbaijan,2020,Manufactures,8244
Azerbaijan,2020,Machinery and transport equipment,3627
Azerbaijan,2020,Agricultural products,2935
Azerbaijan,2020,Food,2615
Azerbaijan,2020,Chemicals,1590
Azerbaijan,2020,Transport equipment,1058
Azerbaijan,2020,Automotive products,778
Azerbaijan,2020,Iron and steel,708
Azerbaijan,2020,Other,2150
Azerbaijan,2021,Fuels and mining products,20392
Azerbaijan,2021,Fuels,19965
Azerbaijan,2021,Manufactures,9759
Azerbaijan,2021,Machinery and transport equipment,4090
Azerbaijan,2021,Agricultural products,3394
Azerbaijan,2021,Food,2976
Azerbaijan,2021,Chemicals,2196
Azerbaijan,2021,Transport equipment,1316
Azerbaijan,2021,Automotive products,1120
Azerbaijan,2021,Iron and steel,702
Azerbaijan,2021,Other,2461
Azerbaijan,2022,Fuels and mining products,37102
Azerbaijan,2022,Fuels,36590
Azerbaijan,2022,Manufactures,11261
Azerbaijan,2022,Machinery and transport equipment,4722
Azerbaijan,2022,Agricultural products,3976
Azerbaijan,2022,Food,3542
Azerbaijan,2022,Chemicals,2631
Azerbaijan,2022,Transport equipment,1823
Azerbaijan,2022,Automotive products,1329
Azerbaijan,2022,Iron and steel,821
Azerbaijan,2022,Other,2704
Azerbaijan,2023,Fuels and mining products,33442
Azerbaijan,2023,Fuels,33002
Azerbaijan,2023,Manufactures,13039
Azerbaijan,2023,Machinery and transport equipment,5999
Azerbaijan,2023,Agricultural products,3867
Azerbaijan,2023,Food,3472
Azerbaijan,2023,Chemicals,2598
Azerbaijan,2023,Transport equipment,2413
Azerbaijan,2023,Automotive products,2156
Azerbaijan,2023,Office and telecom equipment,1070
Azerbaijan,2023,Other,3340
Bahamas,2018,Manufactures,2474
Bahamas,2018,Agricultural products,828
Bahamas,2018,Machinery and transport equipment,792
Bahamas,2018,Food,762
Bahamas,2018,Fuels and mining products,729
Bahamas,2018,Fuels,686
Bahamas,2018,Chemicals,465
Bahamas,2018,Transport equipment,279
Bahamas,2018,Automotive products,146
Bahamas,2018,Office and telecom equipment,110
Bahamas,2018,Other,333
Bahamas,2019,Manufactures,2210
Bahamas,2019,Fuels and mining products,892
Bahamas,2019,Fuels,848
Bahamas,2019,Machinery and transport equipment,841
Bahamas,2019,Agricultural products,755
Bahamas,2019,Food,691
Bahamas,2019,Chemicals,333
Bahamas,2019,Transport equipment,297
Bahamas,2019,Automotive products,175
Bahamas,2019,Office and telecom equipment,84
Bahamas,2019,Other,262
Bahamas,2020,Manufactures,1484
Bahamas,2020,Machinery and transport equipment,547
Bahamas,2020,Agricultural products,536
Bahamas,2020,Fuels and mining products,518
Bahamas,2020,Food,495
Bahamas,2020,Fuels,483
Bahamas,2020,Chemicals,253
Bahamas,2020,Transport equipment,196
Bahamas,2020,Automotive products,137
Bahamas,2020,Office and telecom equipment,76
Bahamas,2020,Other,226
Bahamas,2021,Manufactures,2193
Bahamas,2021,Agricultural products,951
Bahamas,2021,Food,881
Bahamas,2021,Fuels and mining products,881
Bahamas,2021,Fuels,843
Bahamas,2021,Machinery and transport equipment,677
Bahamas,2021,Chemicals,398
Bahamas,2021,Transport equipment,211
Bahamas,2021,Automotive products,141
Bahamas,2021,Office and telecom equipment,104
Bahamas,2021,Other,294
Bahamas,2022,Manufactures,2490
Bahamas,2022,Agricultural products,1017
Bahamas,2022,Food,943
Bahamas,2022,Fuels and mining products,825
Bahamas,2022,Fuels,765
Bahamas,2022,Machinery and transport equipment,741
Bahamas,2022,Chemicals,391
Bahamas,2022,Transport equipment,267
Bahamas,2022,Automotive products,151
Bahamas,2022,Office and telecom equipment,104
Bahamas,2022,Other,313
Bahamas,2023,Manufactures,2916
Bahamas,2023,Agricultural products,1085
Bahamas,2023,Machinery and transport equipment,1050
Bahamas,2023,Food,1000
Bahamas,2023,Fuels and mining products,865
Bahamas,2023,Fuels,798
Bahamas,2023,Transport equipment,449
Bahamas,2023,Chemicals,377
Bahamas,2023,Automotive products,219
Bahamas,2023,Office and telecom equipment,99
Bahamas,2023,Other,343
"Bahrain, Kingdom of",2018,Fuels and mining products,16054
"Bahrain, Kingdom of",2018,Manufactures,13861
"Bahrain, Kingdom of",2018,Fuels,11001
"Bahrain, Kingdom of",2018,Machinery and transport equipment,6351
"Bahrain, Kingdom of",2018,Agricultural products,2639
"Bahrain, Kingdom of",2018,Transport equipment,2589
"Bahrain, Kingdom of",2018,Food,2496
"Bahrain, Kingdom of",2018,Chemicals,2034
"Bahrain, Kingdom of",2018,Automotive products,1752
"Bahrain, Kingdom of",2018,Iron and steel,1186
"Bahrain, Kingdom of",2018,Other,2903
"Bahrain, Kingdom of",2019,Fuels and mining products,15889
"Bahrain, Kingdom of",2019,Manufactures,12336
"Bahrain, Kingdom of",2019,Fuels,10194
"Bahrain, Kingdom of",2019,Machinery and transport equipment,5610
"Bahrain, Kingdom of",2019,Agricultural products,2539
"Bahrain, Kingdom of",2019,Transport equipment,2472
"Bahrain, Kingdom of",2019,Food,2423
"Bahrain, Kingdom of",2019,Chemicals,2074
"Bahrain, Kingdom of",2019,Automotive products,1702
"Bahrain, Kingdom of",2019,Iron and steel,912
"Bahrain, Kingdom of",2019,Other,2639
"Bahrain, Kingdom of",2020,Manufactures,12205
"Bahrain, Kingdom of",2020,Fuels and mining products,11708
"Bahrain, Kingdom of",2020,Fuels,6193
"Bahrain, Kingdom of",2020,Machinery and transport equipment,5722
"Bahrain, Kingdom of",2020,Agricultural products,2490
"Bahrain, Kingdom of",2020,Food,2388
"Bahrain, Kingdom of",2020,Chemicals,1994
"Bahrain, Kingdom of",2020,Transport equipment,1904
"Bahrain, Kingdom of",2020,Automotive products,1460
"Bahrain, Kingdom of",2020,Iron and steel,1056
"Bahrain, Kingdom of",2020,Other,2509
"Bahrain, Kingdom of",2021,Fuels and mining products,20810
"Bahrain, Kingdom of",2021,Manufactures,12712
"Bahrain, Kingdom of",2021,Fuels,10325
"Bahrain, Kingdom of",2021,Machinery and transport equipment,5141
"Bahrain, Kingdom of",2021,Agricultural products,2535
"Bahrain, Kingdom of",2021,Chemicals,2444
"Bahrain, Kingdom of",2021,Food,2407
"Bahrain, Kingdom of",2021,Transport equipment,2142
"Bahrain, Kingdom of",2021,Automotive products,1410
"Bahrain, Kingdom of",2021,Iron and steel,1383
"Bahrain, Kingdom of",2021,Other,2671
"Bahrain, Kingdom of",2022,Fuels and mining products,23003
"Bahrain, Kingdom of",2022,Fuels,15694
"Bahrain, Kingdom of",2022,Manufactures,13576
"Bahrain, Kingdom of",2022,Machinery and transport equipment,5246
"Bahrain, Kingdom of",2022,Agricultural products,3215
"Bahrain, Kingdom of",2022,Food,3077
"Bahrain, Kingdom of",2022,Chemicals,2732
"Bahrain, Kingdom of",2022,Transport equipment,2360
"Bahrain, Kingdom of",2022,Automotive products,1321
"Bahrain, Kingdom of",2022,Iron and steel,1102
"Bahrain, Kingdom of",2022,Other,2911
"Bahrain, Kingdom of",2023,Fuels and mining products,22563
"Bahrain, Kingdom of",2023,Manufactures,13564
"Bahrain, Kingdom of",2023,Fuels,12936
"Bahrain, Kingdom of",2023,Machinery and transport equipment,5673
"Bahrain, Kingdom of",2023,Agricultural products,3195
"Bahrain, Kingdom of",2023,Food,3076
"Bahrain, Kingdom of",2023,Transport equipment,2295
"Bahrain, Kingdom of",2023,Chemicals,2294
"Bahrain, Kingdom of",2023,Automotive products,1643
"Bahrain, Kingdom of",2023,Iron and steel,1019
"Bahrain, Kingdom of",2023,Other,3045
Bangladesh,2018,Manufactures,79400
Bangladesh,2018,Clothing,33234
Bangladesh,2018,Machinery and transport equipment,14400
Bangladesh,2018,Textiles,13122
Bangladesh,2018,Agricultural products,11775
Bangladesh,2018,Food,8725
Bangladesh,2018,Fuels and mining products,7838
Bangladesh,2018,Chemicals,6783
Bangladesh,2018,Fuels,5689
Bangladesh,2018,Transport equipment,3670
Bangladesh,2018,Other,8621
Bangladesh,2019,Manufactures,76792
Bangladesh,2019,Clothing,34302
Bangladesh,2019,Machinery and transport equipment,12709
Bangladesh,2019,Textiles,12235
Bangladesh,2019,Agricultural products,11552
Bangladesh,2019,Fuels and mining products,9075
Bangladesh,2019,Food,8668
Bangladesh,2019,Chemicals,6616
Bangladesh,2019,Fuels,6598
Bangladesh,2019,Transport equipment,3896
Bangladesh,2019,Other,8051
Bangladesh,2020,Manufactures,65983
Bangladesh,2020,Clothing,27763
Bangladesh,2020,Agricultural products,12684
Bangladesh,2020,Machinery and transport equipment,10895
Bangladesh,2020,Textiles,10792
Bangladesh,2020,Food,9965
Bangladesh,2020,Fuels and mining products,7337
Bangladesh,2020,Chemicals,6543
Bangladesh,2020,Fuels,5098
Bangladesh,2020,Transport equipment,2226
Bangladesh,2020,Other,7774
Bangladesh,2021,Manufactures,93271
Bangladesh,2021,Clothing,36132
Bangladesh,2021,Agricultural products,17974
Bangladesh,2021,Textiles,16667
Bangladesh,2021,Machinery and transport equipment,15585
Bangladesh,2021,Food,13620
Bangladesh,2021,Fuels and mining products,12655
Bangladesh,2021,Chemicals,11474
Bangladesh,2021,Fuels,8917
Bangladesh,2021,Transport equipment,3401
Bangladesh,2021,Other,12139
Bangladesh,2022,Manufactures,104241
Bangladesh,2022,Clothing,46036
Bangladesh,2022,Fuels and mining products,20025
Bangladesh,2022,Agricultural products,17395
Bangladesh,2022,Fuels,16358
Bangladesh,2022,Textiles,16343
Bangladesh,2022,Machinery and transport equipment,14993
Bangladesh,2022,Food,12984
Bangladesh,2022,Chemicals,11848
Bangladesh,2022,Iron and steel,3141
Bangladesh,2022,Other,10730
Bangladesh,2023,Manufactures,91473
Bangladesh,2023,Clothing,36156
Bangladesh,2023,Fuels and mining products,15775
Bangladesh,2023,Agricultural products,14452
Bangladesh,2023,Fuels,12604
Bangladesh,2023,Textiles,12571
Bangladesh,2023,Machinery and transport equipment,11593
Bangladesh,2023,Food,10932
Bangladesh,2023,Chemicals,7991
Bangladesh,2023,Transport equipment,2288
Bangladesh,2023,Other,7125
Bangladesh,2024,Clothing,38482
Bangladesh,2024,Textiles,12787
Barbados,2018,Manufactures,1039
Barbados,2018,Fuels and mining products,512
Barbados,2018,Fuels,493
Barbados,2018,Agricultural products,474
Barbados,2018,Food,458
Barbados,2018,Machinery and transport equipment,321
Barbados,2018,Chemicals,225
Barbados,2018,Transport equipment,102
Barbados,2018,Automotive products,91
Barbados,2018,Pharmaceuticals,81
Barbados,2018,Other,196
Barbados,2019,Manufactures,1034
Barbados,2019,Fuels and mining products,508
Barbados,2019,Fuels,491
Barbados,2019,Agricultural products,468
Barbados,2019,Food,452
Barbados,2019,Machinery and transport equipment,348
Barbados,2019,Chemicals,205
Barbados,2019,Transport equipment,108
Barbados,2019,Automotive products,93
Barbados,2019,Pharmaceuticals,73
Barbados,2019,Other,187
Barbados,2020,Manufactures,1019
Barbados,2020,Agricultural products,446
Barbados,2020,Food,428
Barbados,2020,Machinery and transport equipment,396
Barbados,2020,Fuels and mining products,371
Barbados,2020,Fuels,352
Barbados,2020,Chemicals,225
Barbados,2020,Transport equipment,112
Barbados,2020,Automotive products,97
Barbados,2020,Office and telecom equipment,77
Barbados,2020,Other,203
Barbados,2021,Manufactures,1082
Barbados,2021,Agricultural products,483
Barbados,2021,Food,462
Barbados,2021,Fuels and mining products,445
Barbados,2021,Fuels,427
Barbados,2021,Machinery and transport equipment,393
Barbados,2021,Chemicals,234
Barbados,2021,Office and telecom equipment,100
Barbados,2021,Transport equipment,96
Barbados,2021,Automotive products,83
Barbados,2021,Other,244
Barbados,2022,Manufactures,1245
Barbados,2022,Fuels and mining products,787
Barbados,2022,Fuels,761
Barbados,2022,Agricultural products,599
Barbados,2022,Food,573
Barbados,2022,Machinery and transport equipment,432
Barbados,2022,Chemicals,250
Barbados,2022,Transport equipment,115
Barbados,2022,Automotive products,93
Barbados,2022,Office and telecom equipment,93
Barbados,2022,Other,261
Barbados,2023,Manufactures,1223
Barbados,2023,Fuels and mining products,734
Barbados,2023,Fuels,704
Barbados,2023,Agricultural products,611
Barbados,2023,Food,590
Barbados,2023,Machinery and transport equipment,496
Barbados,2023,Chemicals,225
Barbados,2023,Transport equipment,147
Barbados,2023,Automotive products,131
Barbados,2023,Office and telecom equipment,100
Barbados,2023,Other,260
Belarus,2018,Manufactures,38478
Belarus,2018,Fuels and mining products,21132
Belarus,2018,Fuels,19562
Belarus,2018,Machinery and transport equipment,13879
Belarus,2018,Agricultural products,10662
Belarus,2018,Chemicals,9561
Belarus,2018,Food,8955
Belarus,2018,Transport equipment,5193
Belarus,2018,Automotive products,4544
Belarus,2018,Iron and steel,3043
Belarus,2018,Other,7137
Belarus,2019,Manufactures,40151
Belarus,2019,Fuels and mining products,18118
Belarus,2019,Fuels,16607
Belarus,2019,Machinery and transport equipment,15109
Belarus,2019,Agricultural products,11330
Belarus,2019,Chemicals,9575
Belarus,2019,Food,9411
Belarus,2019,Transport equipment,5694
Belarus,2019,Automotive products,4422
Belarus,2019,Iron and steel,2904
Belarus,2019,Other,7485
Belarus,2020,Manufactures,36426
Belarus,2020,Machinery and transport equipment,13243
Belarus,2020,Fuels and mining products,11737
Belarus,2020,Agricultural products,11168
Belarus,2020,Fuels,10365
Belarus,2020,Food,9242
Belarus,2020,Chemicals,8955
Belarus,2020,Transport equipment,4686
Belarus,2020,Automotive products,3581
Belarus,2020,Iron and steel,2450
Belarus,2020,Other,7044
Belarus,2021,Manufactures,35993
Belarus,2021,Fuels and mining products,21036
Belarus,2021,Fuels,19239
Belarus,2021,Machinery and transport equipment,13299
Belarus,2021,Agricultural products,12922
Belarus,2021,Food,10955
Belarus,2021,Chemicals,5139
Belarus,2021,Transport equipment,4133
Belarus,2021,Iron and steel,3874
Belarus,2021,Automotive products,2950
Belarus,2021,Other,7947
Belarus,2022,Manufactures,33862
Belarus,2022,Fuels and mining products,19733
Belarus,2022,Fuels,18055
Belarus,2022,Machinery and transport equipment,12480
Belarus,2022,Agricultural products,12248
Belarus,2022,Food,10376
Belarus,2022,Chemicals,4813
Belarus,2022,Transport equipment,3886
Belarus,2022,Iron and steel,3644
Belarus,2022,Automotive products,2766
Belarus,2022,Other,7447
Belarus,2023,Manufactures,37082
Belarus,2023,Fuels and mining products,21729
Belarus,2023,Fuels,19865
Belarus,2023,Machinery and transport equipment,13733
Belarus,2023,Agricultural products,13224
Belarus,2023,Food,11217
Belarus,2023,Chemicals,5316
Belarus,2023,Transport equipment,4260
Belarus,2023,Iron and steel,3992
Belarus,2023,Automotive products,3049
Belarus,2023,Other,8218
Belgium,2018,Manufactures,677547
Belgium,2018,Chemicals,257441
Belgium,2018,Machinery and transport equipment,215164
Belgium,2018,Fuels and mining products,142737
Belgium,2018,Transport equipment,117928
Belgium,2018,Fuels,107230
Belgium,2018,Automotive products,105427
Belgium,2018,Agricultural products,97145
Belgium,2018,Pharmaceuticals,93150
Belgium,2018,Food,85500
Belgium,2018,Other,105618
Belgium,2019,Manufactures,656413
Belgium,2019,Chemicals,246441
Belgium,2019,Machinery and transport equipment,221814
Belgium,2019,Transport equipment,122369
Belgium,2019,Fuels and mining products,120123
Belgium,2019,Automotive products,110682
Belgium,2019,Pharmaceuticals,103030
Belgium,2019,Agricultural products,93514
Belgium,2019,Fuels,87407
Belgium,2019,Food,82493
Belgium,2019,Other,104980
Belgium,2020,Manufactures,623606
Belgium,2020,Chemicals,250991
Belgium,2020,Machinery and transport equipment,199329
Belgium,2020,Pharmaceuticals,117253
Belgium,2020,Transport equipment,101987
Belgium,2020,Agricultural products,95468
Belgium,2020,Fuels and mining products,94151
Belgium,2020,Automotive products,90806
Belgium,2020,Food,85321
Belgium,2020,Fuels,58918
Belgium,2020,Other,100898
Belgium,2021,Manufactures,792569
Belgium,2021,Chemicals,352478
Belgium,2021,Machinery and transport equipment,224439
Belgium,2021,Pharmaceuticals,173318
Belgium,2021,Fuels and mining products,171545
Belgium,2021,Fuels,121092
Belgium,2021,Agricultural products,110951
Belgium,2021,Transport equipment,108352
Belgium,2021,Food,97652
Belgium,2021,Automotive products,94525
Belgium,2021,Other,121319
Belgium,2022,Manufactures,820804
Belgium,2022,Chemicals,371002
Belgium,2022,Fuels and mining products,300013
Belgium,2022,Fuels,250622
Belgium,2022,Machinery and transport equipment,227895
Belgium,2022,Pharmaceuticals,184946
Belgium,2022,Agricultural products,116499
Belgium,2022,Transport equipment,112756
Belgium,2022,Food,102743
Belgium,2022,Automotive products,100513
Belgium,2022,Other,129487
Belgium,2023,Manufactures,789008
Belgium,2023,Chemicals,324994
Belgium,2023,Machinery and transport equipment,269239
Belgium,2023,Fuels and mining products,201187
Belgium,2023,Fuels,160993
Belgium,2023,Pharmaceuticals,158595
Belgium,2023,Transport equipment,140835
Belgium,2023,Automotive products,128059
Belgium,2023,Agricultural products,122624
Belgium,2023,Food,110186
Belgium,2023,Other,127580
Belize,2018,Manufactures,630
Belize,2018,Agricultural products,391
Belize,2018,Food,373
Belize,2018,Machinery and transport equipment,214
Belize,2018,Fuels and mining products,174
Belize,2018,Fuels,168
Belize,2018,Chemicals,107
Belize,2018,Transport equipment,73
Belize,2018,Clothing,56
Belize,2018,Automotive products,47
Belize,2018,Other,129
Belize,2019,Manufactures,638
Belize,2019,Agricultural products,414
Belize,2019,Food,394
Belize,2019,Machinery and transport equipment,214
Belize,2019,Fuels and mining products,177
Belize,2019,Fuels,170
Belize,2019,Chemicals,105
Belize,2019,Transport equipment,67
Belize,2019,Clothing,57
Belize,2019,Automotive products,44
Belize,2019,Other,123
Belize,2020,Manufactures,502
Belize,2020,Agricultural products,403
Belize,2020,Food,391
Belize,2020,Machinery and transport equipment,170
Belize,2020,Chemicals,99
Belize,2020,Fuels and mining products,92
Belize,2020,Fuels,87
Belize,2020,Transport equipment,48
Belize,2020,Automotive products,31
Belize,2020,Clothing,26
Belize,2020,Other,95
Belize,2021,Manufactures,694
Belize,2021,Agricultural products,474
Belize,2021,Food,455
Belize,2021,Machinery and transport equipment,222
Belize,2021,Fuels and mining products,154
Belize,2021,Fuels,145
Belize,2021,Chemicals,125
Belize,2021,Transport equipment,55
Belize,2021,Iron and steel,51
Belize,2021,Clothing,40
Belize,2021,Other,130
Belize,2022,Manufactures,901
Belize,2022,Agricultural products,519
Belize,2022,Food,495
Belize,2022,Machinery and transport equipment,290
Belize,2022,Fuels and mining products,240
Belize,2022,Fuels,231
Belize,2022,Chemicals,163
Belize,2022,Transport equipment,87
Belize,2022,Clothing,66
Belize,2022,Automotive products,56
Belize,2022,Other,162
Belize,2023,Manufactures,873
Belize,2023,Agricultural products,486
Belize,2023,Food,460
Belize,2023,Machinery and transport equipment,316
Belize,2023,Fuels and mining products,228
Belize,2023,Fuels,219
Belize,2023,Chemicals,147
Belize,2023,Transport equipment,98
Belize,2023,Automotive products,65
Belize,2023,Clothing,56
Belize,2023,Other,161
Benin,2018,Agricultural products,2368
Benin,2018,Food,1875
Benin,2018,Manufactures,1253
Benin,2018,Fuels and mining products,658
Benin,2018,Fuels,630
Benin,2018,Machinery and transport equipment,508
Benin,2018,Chemicals,303
Benin,2018,Transport equipment,220
Benin,2018,Automotive products,134
Benin,2018,Iron and steel,127
Benin,2018,Other,311
Benin,2019,Agricultural products,1863
Benin,2019,Food,1342
Benin,2019,Manufactures,1278
Benin,2019,Fuels and mining products,597
Benin,2019,Fuels,573
Benin,2019,Machinery and transport equipment,471
Benin,2019,Chemicals,368
Benin,2019,Transport equipment,220
Benin,2019,Automotive products,136
Benin,2019,Iron and steel,130
Benin,2019,Other,290
Benin,2020,Agricultural products,1581
Benin,2020,Manufactures,1377
Benin,2020,Food,1065
Benin,2020,Fuels and mining products,527
Benin,2020,Machinery and transport equipment,520
Benin,2020,Fuels,511
Benin,2020,Chemicals,365
Benin,2020,Transport equipment,225
Benin,2020,Automotive products,144
Benin,2020,Iron and steel,133
Benin,2020,Other,342
Benin,2021,Agricultural products,2079
Benin,2021,Manufactures,1783
Benin,2021,Food,1377
Benin,2021,Machinery and transport equipment,723
Benin,2021,Fuels and mining products,569
Benin,2021,Fuels,539
Benin,2021,Chemicals,408
Benin,2021,Transport equipment,326
Benin,2021,Iron and steel,237
Benin,2021,Automotive products,170
Benin,2021,Other,436
Benin,2022,Manufactures,1981
Benin,2022,Agricultural products,1967
Benin,2022,Food,1303
Benin,2022,Fuels and mining products,787
Benin,2022,Fuels,752
Benin,2022,Machinery and transport equipment,633
Benin,2022,Chemicals,460
Benin,2022,Iron and steel,319
Benin,2022,Transport equipment,189
Benin,2022,Pharmaceuticals,175
Benin,2022,Other,351
Benin,2023,Agricultural products,2211
Benin,2023,Manufactures,2001
Benin,2023,Food,1620
Benin,2023,Machinery and transport equipment,807
Benin,2023,Fuels and mining products,732
Benin,2023,Fuels,707
Benin,2023,Chemicals,474
Benin,2023,Transport equipment,246
Benin,2023,Iron and steel,200
Benin,2023,Pharmaceuticals,153
Benin,2023,Other,438
Bermuda,2018,Manufactures,597
Bermuda,2018,Agricultural products,233
Bermuda,2018,Food,226
Bermuda,2018,Machinery and transport equipment,184
Bermuda,2018,Fuels and mining products,134
Bermuda,2018,Fuels,130
Bermuda,2018,Chemicals,71
Bermuda,2018,Transport equipment,62
Bermuda,2018,Automotive products,43
Bermuda,2018,Office and telecom equipment,38
Bermuda,2018,Other,108
Bermuda,2019,Manufactures,686
Bermuda,2019,Machinery and transport equipment,250
Bermuda,2019,Agricultural products,226
Bermuda,2019,Food,220
Bermuda,2019,Fuels and mining products,104
Bermuda,2019,Fuels,100
Bermuda,2019,Chemicals,72
Bermuda,2019,Transport equipment,64
Bermuda,2019,Automotive products,45
Bermuda,2019,Office and telecom equipment,39
Bermuda,2019,Other,110
Bermuda,2020,Manufactures,489
Bermuda,2020,Agricultural products,224
Bermuda,2020,Food,218
Bermuda,2020,Machinery and transport equipment,155
Bermuda,2020,Chemicals,71
Bermuda,2020,Fuels and mining products,57
Bermuda,2020,Fuels,53
Bermuda,2020,Transport equipment,53
Bermuda,2020,Office and telecom equipment,27
Bermuda,2020,Automotive products,26
Bermuda,2020,Other,87
Bermuda,2021,Manufactures,607
Bermuda,2021,Agricultural products,239
Bermuda,2021,Food,232
Bermuda,2021,Machinery and transport equipment,199
Bermuda,2021,Fuels and mining products,94
Bermuda,2021,Chemicals,91
Bermuda,2021,Fuels,91
Bermuda,2021,Transport equipment,77
Bermuda,2021,Automotive products,42
Bermuda,2021,Office and telecom equipment,34
Bermuda,2021,Other,115
Bermuda,2022,Manufactures,644
Bermuda,2022,Agricultural products,267
Bermuda,2022,Food,259
Bermuda,2022,Machinery and transport equipment,205
Bermuda,2022,Fuels and mining products,145
Bermuda,2022,Fuels,141
Bermuda,2022,Chemicals,92
Bermuda,2022,Transport equipment,69
Bermuda,2022,Automotive products,42
Bermuda,2022,Office and telecom equipment,34
Bermuda,2022,Other,118
Bermuda,2023,Manufactures,652
Bermuda,2023,Agricultural products,275
Bermuda,2023,Food,267
Bermuda,2023,Machinery and transport equipment,216
Bermuda,2023,Fuels and mining products,102
Bermuda,2023,Fuels,97
Bermuda,2023,Chemicals,93
Bermuda,2023,Transport equipment,81
Bermuda,2023,Automotive products,50
Bermuda,2023,Office and telecom equipment,39
Bermuda,2023,Other,126
"Bolivia, Plurinational State of",2018,Manufactures,8252
"Bolivia, Plurinational State of",2018,Fuels and mining products,7371
"Bolivia, Plurinational State of",2018,Fuels,4445
"Bolivia, Plurinational State of",2018,Machinery and transport equipment,3896
"Bolivia, Plurinational State of",2018,Agricultural products,2272
"Bolivia, Plurinational State of",2018,Food,2157
"Bolivia, Plurinational State of",2018,Chemicals,1695
"Bolivia, Plurinational State of",2018,Transport equipment,1080
"Bolivia, Plurinational State of",2018,Automotive products,927
"Bolivia, Plurinational State of",2018,Iron and steel,586
"Bolivia, Plurinational State of",2018,Other,1440
"Bolivia, Plurinational State of",2019,Manufactures,7838
"Bolivia, Plurinational State of",2019,Fuels and mining products,7028
"Bolivia, Plurinational State of",2019,Fuels,4422
"Bolivia, Plurinational State of",2019,Machinery and transport equipment,3510
"Bolivia, Plurinational State of",2019,Agricultural products,2109
"Bolivia, Plurinational State of",2019,Food,1996
"Bolivia, Plurinational State of",2019,Chemicals,1658
"Bolivia, Plurinational State of",2019,Transport equipment,1255
"Bolivia, Plurinational State of",2019,Automotive products,973
"Bolivia, Plurinational State of",2019,Iron and steel,588
"Bolivia, Plurinational State of",2019,Other,1531
"Bolivia, Plurinational State of",2020,Manufactures,5685
"Bolivia, Plurinational State of",2020,Fuels and mining products,4905
"Bolivia, Plurinational State of",2020,Fuels,2976
"Bolivia, Plurinational State of",2020,Agricultural products,2292
"Bolivia, Plurinational State of",2020,Machinery and transport equipment,2278
"Bolivia, Plurinational State of",2020,Food,2183
"Bolivia, Plurinational State of",2020,Chemicals,1429
"Bolivia, Plurinational State of",2020,Transport equipment,842
"Bolivia, Plurinational State of",2020,Automotive products,603
"Bolivia, Plurinational State of",2020,Iron and steel,398
"Bolivia, Plurinational State of",2020,Other,982
"Bolivia, Plurinational State of",2021,Fuels and mining products,8082
"Bolivia, Plurinational State of",2021,Manufactures,6539
"Bolivia, Plurinational State of",2021,Fuels,4630
"Bolivia, Plurinational State of",2021,Agricultural products,3024
"Bolivia, Plurinational State of",2021,Food,2866
"Bolivia, Plurinational State of",2021,Machinery and transport equipment,2649
"Bolivia, Plurinational State of",2021,Chemicals,1751
"Bolivia, Plurinational State of",2021,Transport equipment,998
"Bolivia, Plurinational State of",2021,Automotive products,787
"Bolivia, Plurinational State of",2021,Iron and steel,653
"Bolivia, Plurinational State of",2021,Other,1140
"Bolivia, Plurinational State of",2022,Fuels and mining products,11222
"Bolivia, Plurinational State of",2022,Manufactures,8374
"Bolivia, Plurinational State of",2022,Fuels,7497
"Bolivia, Plurinational State of",2022,Agricultural products,4095
"Bolivia, Plurinational State of",2022,Food,3914
"Bolivia, Plurinational State of",2022,Machinery and transport equipment,3251
"Bolivia, Plurinational State of",2022,Chemicals,2319
"Bolivia, Plurinational State of",2022,Transport equipment,1135
"Bolivia, Plurinational State of",2022,Automotive products,918
"Bolivia, Plurinational State of",2022,Iron and steel,686
"Bolivia, Plurinational State of",2022,Other,1240
"Bolivia, Plurinational State of",2023,Fuels and mining products,8440
"Bolivia, Plurinational State of",2023,Manufactures,7886
"Bolivia, Plurinational State of",2023,Fuels,5165
"Bolivia, Plurinational State of",2023,Agricultural products,3581
"Bolivia, Plurinational State of",2023,Machinery and transport equipment,3452
"Bolivia, Plurinational State of",2023,Food,3400
"Bolivia, Plurinational State of",2023,Chemicals,1952
"Bolivia, Plurinational State of",2023,Transport equipment,1368
"Bolivia, Plurinational State of",2023,Automotive products,1035
"Bolivia, Plurinational State of",2023,Iron and steel,504
"Bolivia, Plurinational State of",2023,Other,1183
Bosnia and Herzegovina,2018,Manufactures,12302
Bosnia and Herzegovina,2018,Fuels and mining products,3531
Bosnia and Herzegovina,2018,Machinery and transport equipment,3503
Bosnia and Herzegovina,2018,Agricultural products,2847
Bosnia and Herzegovina,2018,Fuels,2420
Bosnia and Herzegovina,2018,Food,2335
Bosnia and Herzegovina,2018,Chemicals,2005
Bosnia and Herzegovina,2018,Transport equipment,1138
Bosnia and Herzegovina,2018,Automotive products,956
Bosnia and Herzegovina,2018,Iron and steel,837
Bosnia and Herzegovina,2018,Other,2266
Bosnia and Herzegovina,2019,Manufactures,11883
Bosnia and Herzegovina,2019,Machinery and transport equipment,3534
Bosnia and Herzegovina,2019,Fuels and mining products,3008
Bosnia and Herzegovina,2019,Agricultural products,2712
Bosnia and Herzegovina,2019,Food,2260
Bosnia and Herzegovina,2019,Fuels,2096
Bosnia and Herzegovina,2019,Chemicals,1932
Bosnia and Herzegovina,2019,Transport equipment,1145
Bosnia and Herzegovina,2019,Automotive products,972
Bosnia and Herzegovina,2019,Iron and steel,731
Bosnia and Herzegovina,2019,Other,2246
Bosnia and Herzegovina,2020,Manufactures,11141
Bosnia and Herzegovina,2020,Machinery and transport equipment,3209
Bosnia and Herzegovina,2020,Agricultural products,2681
Bosnia and Herzegovina,2020,Food,2256
Bosnia and Herzegovina,2020,Fuels and mining products,2094
Bosnia and Herzegovina,2020,Chemicals,1901
Bosnia and Herzegovina,2020,Fuels,1370
Bosnia and Herzegovina,2020,Transport equipment,916
Bosnia and Herzegovina,2020,Automotive products,740
Bosnia and Herzegovina,2020,Iron and steel,636
Bosnia and Herzegovina,2020,Other,2171
Bosnia and Herzegovina,2021,Manufactures,14431
Bosnia and Herzegovina,2021,Machinery and transport equipment,4094
Bosnia and Herzegovina,2021,Fuels and mining products,3900
Bosnia and Herzegovina,2021,Agricultural products,3155
Bosnia and Herzegovina,2021,Food,2578
Bosnia and Herzegovina,2021,Chemicals,2417
Bosnia and Herzegovina,2021,Fuels,2288
Bosnia and Herzegovina,2021,Transport equipment,1207
Bosnia and Herzegovina,2021,Iron and steel,1113
Bosnia and Herzegovina,2021,Automotive products,952
Bosnia and Herzegovina,2021,Other,2603
Bosnia and Herzegovina,2022,Manufactures,15629
Bosnia and Herzegovina,2022,Fuels and mining products,5728
Bosnia and Herzegovina,2022,Machinery and transport equipment,4400
Bosnia and Herzegovina,2022,Agricultural products,3546
Bosnia and Herzegovina,2022,Fuels,3502
Bosnia and Herzegovina,2022,Food,2892
Bosnia and Herzegovina,2022,Chemicals,2632
Bosnia and Herzegovina,2022,Transport equipment,1231
Bosnia and Herzegovina,2022,Iron and steel,1193
Bosnia and Herzegovina,2022,Automotive products,1002
Bosnia and Herzegovina,2022,Other,2663
Bosnia and Herzegovina,2023,Manufactures,16349
Bosnia and Herzegovina,2023,Machinery and transport equipment,5381
Bosnia and Herzegovina,2023,Fuels and mining products,4395
Bosnia and Herzegovina,2023,Agricultural products,3635
Bosnia and Herzegovina,2023,Food,3087
Bosnia and Herzegovina,2023,Fuels,2907
Bosnia and Herzegovina,2023,Chemicals,2625
Bosnia and Herzegovina,2023,Transport equipment,1621
Bosnia and Herzegovina,2023,Automotive products,1318
Bosnia and Herzegovina,2023,Iron and steel,994
Bosnia and Herzegovina,2023,Other,3031
Botswana,2018,Manufactures,10937
Botswana,2018,Machinery and transport equipment,1638
Botswana,2018,Fuels and mining products,974
Botswana,2018,Agricultural products,969
Botswana,2018,Food,909
Botswana,2018,Fuels,859
Botswana,2018,Transport equipment,625
Botswana,2018,Chemicals,518
Botswana,2018,Automotive products,480
Botswana,2018,Office and telecom equipment,213
Botswana,2018,Other,610
Botswana,2019,Manufactures,9853
Botswana,2019,Machinery and transport equipment,1575
Botswana,2019,Agricultural products,996
Botswana,2019,Food,934
Botswana,2019,Fuels and mining products,930
Botswana,2019,Fuels,844
Botswana,2019,Transport equipment,616
Botswana,2019,Chemicals,533
Botswana,2019,Automotive products,505
Botswana,2019,Office and telecom equipment,206
Botswana,2019,Other,594
Botswana,2020,Manufactures,8713
Botswana,2020,Machinery and transport equipment,1328
Botswana,2020,Agricultural products,974
Botswana,2020,Fuels and mining products,973
Botswana,2020,Food,921
Botswana,2020,Fuels,869
Botswana,2020,Chemicals,570
Botswana,2020,Transport equipment,448
Botswana,2020,Automotive products,396
Botswana,2020,Office and telecom equipment,212
Botswana,2020,Other,585
Botswana,2021,Manufactures,13291
Botswana,2021,Machinery and transport equipment,1628
Botswana,2021,Fuels and mining products,1275
Botswana,2021,Agricultural products,1170
Botswana,2021,Food,1096
Botswana,2021,Fuels,1033
Botswana,2021,Chemicals,727
Botswana,2021,Transport equipment,541
Botswana,2021,Automotive products,477
Botswana,2021,Office and telecom equipment,211
Botswana,2021,Other,771
Botswana,2022,Manufactures,13040
Botswana,2022,Fuels and mining products,2044
Botswana,2022,Machinery and transport equipment,1684
Botswana,2022,Fuels,1552
Botswana,2022,Agricultural products,1297
Botswana,2022,Food,1233
Botswana,2022,Chemicals,690
Botswana,2022,Transport equipment,512
Botswana,2022,Automotive products,429
Botswana,2022,Office and telecom equipment,227
Botswana,2022,Other,702
Botswana,2023,Manufactures,8700
Botswana,2023,Fuels and mining products,1987
Botswana,2023,Machinery and transport equipment,1631
Botswana,2023,Fuels,1352
Botswana,2023,Agricultural products,1193
Botswana,2023,Food,1142
Botswana,2023,Chemicals,688
Botswana,2023,Transport equipment,539
Botswana,2023,Automotive products,470
Botswana,2023,Office and telecom equipment,207
Botswana,2023,Other,684
Brazil,2018,Manufactures,219112
Brazil,2018,Agricultural products,105357
Brazil,2018,Machinery and transport equipment,105220
Brazil,2018,Fuels and mining products,94707
Brazil,2018,Food,90694
Brazil,2018,Fuels,58741
Brazil,2018,Chemicals,57383
Brazil,2018,Transport equipment,44176
Brazil,2018,Automotive products,29488
Brazil,2018,Office and telecom equipment,18069
Brazil,2018,Other,50201
Brazil,2019,Manufactures,213795
Brazil,2019,Machinery and transport equipment,101734
Brazil,2019,Agricultural products,101489
Brazil,2019,Fuels and mining products,94849
Brazil,2019,Food,86751
Brazil,2019,Chemicals,57576
Brazil,2019,Fuels,57080
Brazil,2019,Transport equipment,39697
Brazil,2019,Automotive products,25375
Brazil,2019,Office and telecom equipment,18020
Brazil,2019,Other,48662
Brazil,2020,Manufactures,183776
Brazil,2020,Agricultural products,105461
Brazil,2020,Food,91860
Brazil,2020,Machinery and transport equipment,84443
Brazil,2020,Fuels and mining products,80904
Brazil,2020,Chemicals,53607
Brazil,2020,Fuels,41610
Brazil,2020,Transport equipment,29770
Brazil,2020,Automotive products,17811
Brazil,2020,Office and telecom equipment,17267
Brazil,2020,Other,43876
Brazil,2021,Manufactures,248363
Brazil,2021,Fuels and mining products,134992
Brazil,2021,Agricultural products,126276
Brazil,2021,Food,110395
Brazil,2021,Machinery and transport equipment,105992
Brazil,2021,Chemicals,76883
Brazil,2021,Fuels,70226
Brazil,2021,Transport equipment,35716
Brazil,2021,Automotive products,25054
Brazil,2021,Office and telecom equipment,22116
Brazil,2021,Other,63353
Brazil,2022,Manufactures,297825
Brazil,2022,Agricultural products,165008
Brazil,2022,Fuels and mining products,157861
Brazil,2022,Food,146540
Brazil,2022,Machinery and transport equipment,122975
Brazil,2022,Fuels,108789
Brazil,2022,Chemicals,100793
Brazil,2022,Transport equipment,42153
Brazil,2022,Automotive products,30415
Brazil,2022,Iron and steel,23448
Brazil,2022,Other,65733
Brazil,2023,Manufactures,271794
Brazil,2023,Agricultural products,172678
Brazil,2023,Food,156508
Brazil,2023,Fuels and mining products,143605
Brazil,2023,Machinery and transport equipment,123535
Brazil,2023,Fuels,94148
Brazil,2023,Chemicals,77433
Brazil,2023,Transport equipment,45606
Brazil,2023,Automotive products,32720
Brazil,2023,Iron and steel,22398
Brazil,2023,Other,60677
Brazil,2024,Agricultural products,155045
Brazil,2024,Food,136011
Brazil,2024,Fuels and mining products,99766
Brazil,2024,Chemicals,67186
Brazil,2024,Automotive products,24414
Brazil,2024,Iron and steel,13018
Brunei Darussalam,2018,Fuels and mining products,6327
Brunei Darussalam,2018,Fuels,6256
Brunei Darussalam,2018,Manufactures,3866
Brunei Darussalam,2018,Machinery and transport equipment,1774
Brunei Darussalam,2018,Iron and steel,542
Brunei Darussalam,2018,Agricultural products,527
Brunei Darussalam,2018,Food,518
Brunei Darussalam,2018,Chemicals,513
Brunei Darussalam,2018,Transport equipment,501
Brunei Darussalam,2018,Automotive products,240
Brunei Darussalam,2018,Other,439
Brunei Darussalam,2019,Fuels and mining products,8187
Brunei Darussalam,2019,Fuels,8131
Brunei Darussalam,2019,Manufactures,3416
Brunei Darussalam,2019,Machinery and transport equipment,1732
Brunei Darussalam,2019,Chemicals,606
Brunei Darussalam,2019,Transport equipment,535
Brunei Darussalam,2019,Agricultural products,526
Brunei Darussalam,2019,Food,519
Brunei Darussalam,2019,Automotive products,306
Brunei Darussalam,2019,Iron and steel,264
Brunei Darussalam,2019,Other,412
Brunei Darussalam,2020,Fuels and mining products,7366
Brunei Darussalam,2020,Fuels,7338
Brunei Darussalam,2020,Manufactures,3980
Brunei Darussalam,2020,Chemicals,1591
Brunei Darussalam,2020,Machinery and transport equipment,1469
Brunei Darussalam,2020,Agricultural products,591
Brunei Darussalam,2020,Food,585
Brunei Darussalam,2020,Transport equipment,520
Brunei Darussalam,2020,Automotive products,334
Brunei Darussalam,2020,Iron and steel,308
Brunei Darussalam,2020,Other,713
Brunei Darussalam,2021,Fuels and mining products,14489
Brunei Darussalam,2021,Fuels,14394
Brunei Darussalam,2021,Manufactures,4454
Brunei Darussalam,2021,Chemicals,2411
Brunei Darussalam,2021,Machinery and transport equipment,1276
Brunei Darussalam,2021,Agricultural products,670
Brunei Darussalam,2021,Food,661
Brunei Darussalam,2021,Transport equipment,594
Brunei Darussalam,2021,Automotive products,282
Brunei Darussalam,2021,Office and telecom equipment,164
Brunei Darussalam,2021,Other,570
Brunei Darussalam,2022,Fuels and mining products,17751
Brunei Darussalam,2022,Fuels,17648
Brunei Darussalam,2022,Manufactures,4934
Brunei Darussalam,2022,Chemicals,2988
Brunei Darussalam,2022,Machinery and transport equipment,1136
Brunei Darussalam,2022,Agricultural products,710
Brunei Darussalam,2022,Food,703
Brunei Darussalam,2022,Transport equipment,476
Brunei Darussalam,2022,Automotive products,228
Brunei Darussalam,2022,Office and telecom equipment,155
Brunei Darussalam,2022,Other,550
Brunei Darussalam,2023,Fuels and mining products,13515
Brunei Darussalam,2023,Fuels,13474
Brunei Darussalam,2023,Manufactures,4501
Brunei Darussalam,2023,Chemicals,2749
Brunei Darussalam,2023,Machinery and transport equipment,965
Brunei Darussalam,2023,Agricultural products,644
Brunei Darussalam,2023,Food,638
Brunei Darussalam,2023,Transport equipment,352
Brunei Darussalam,2023,Pharmaceuticals,230
Brunei Darussalam,2023,Automotive products,215
Brunei Darussalam,2023,Other,484
Bulgaria,2018,Manufactures,43723
Bulgaria,2018,Machinery and transport equipment,18296
Bulgaria,2018,Fuels and mining products,16313
Bulgaria,2018,Agricultural products,9610
Bulgaria,2018,Chemicals,8797
Bulgaria,2018,Food,8653
Bulgaria,2018,Fuels,7918
Bulgaria,2018,Transport equipment,3882
Bulgaria,2018,Office and telecom equipment,2795
Bulgaria,2018,Iron and steel,2783
Bulgaria,2018,Other,12256
Bulgaria,2019,Manufactures,43693
Bulgaria,2019,Machinery and transport equipment,18422
Bulgaria,2019,Fuels and mining products,15539
Bulgaria,2019,Agricultural products,10127
Bulgaria,2019,Food,9232
Bulgaria,2019,Chemicals,9026
Bulgaria,2019,Fuels,8214
Bulgaria,2019,Transport equipment,3845
Bulgaria,2019,Office and telecom equipment,2820
Bulgaria,2019,Pharmaceuticals,2810
Bulgaria,2019,Other,11708
Bulgaria,2020,Manufactures,42291
Bulgaria,2020,Machinery and transport equipment,17547
Bulgaria,2020,Fuels and mining products,12552
Bulgaria,2020,Agricultural products,10445
Bulgaria,2020,Food,9715
Bulgaria,2020,Chemicals,9097
Bulgaria,2020,Fuels,4321
Bulgaria,2020,Transport equipment,3629
Bulgaria,2020,Pharmaceuticals,2955
Bulgaria,2020,Office and telecom equipment,2862
Bulgaria,2020,Other,10819
Bulgaria,2021,Manufactures,54444
Bulgaria,2021,Machinery and transport equipment,22349
Bulgaria,2021,Fuels and mining products,18252
Bulgaria,2021,Agricultural products,12894
Bulgaria,2021,Food,12032
Bulgaria,2021,Chemicals,12020
Bulgaria,2021,Fuels,7479
Bulgaria,2021,Transport equipment,4677
Bulgaria,2021,Office and telecom equipment,3755
Bulgaria,2021,Iron and steel,3412
Bulgaria,2021,Other,13900
Bulgaria,2022,Manufactures,61599
Bulgaria,2022,Fuels and mining products,27243
Bulgaria,2022,Machinery and transport equipment,25483
Bulgaria,2022,Agricultural products,16238
Bulgaria,2022,Fuels,15477
Bulgaria,2022,Food,15246
Bulgaria,2022,Chemicals,14131
Bulgaria,2022,Transport equipment,5335
Bulgaria,2022,Office and telecom equipment,4472
Bulgaria,2022,Iron and steel,3737
Bulgaria,2022,Other,15182
Bulgaria,2023,Manufactures,61629
Bulgaria,2023,Machinery and transport equipment,28130
Bulgaria,2023,Fuels and mining products,20514
Bulgaria,2023,Agricultural products,15801
Bulgaria,2023,Food,14901
Bulgaria,2023,Chemicals,12376
Bulgaria,2023,Fuels,9700
Bulgaria,2023,Transport equipment,6402
Bulgaria,2023,Office and telecom equipment,4551
Bulgaria,2023,Automotive products,3934
Bulgaria,2023,Other,15361
Burkina Faso,2018,Manufactures,2665
Burkina Faso,2018,Fuels and mining products,1409
Burkina Faso,2018,Agricultural products,1350
Burkina Faso,2018,Machinery and transport equipment,1199
Burkina Faso,2018,Fuels,1198
Burkina Faso,2018,Food,1009
Burkina Faso,2018,Chemicals,667
Burkina Faso,2018,Transport equipment,460
Burkina Faso,2018,Automotive products,297
Burkina Faso,2018,Pharmaceuticals,247
Burkina Faso,2018,Other,560
Burkina Faso,2019,Manufactures,2695
Burkina Faso,2019,Fuels and mining products,1396
Burkina Faso,2019,Machinery and transport equipment,1301
Burkina Faso,2019,Fuels,1222
Burkina Faso,2019,Agricultural products,1155
Burkina Faso,2019,Food,780
Burkina Faso,2019,Chemicals,554
Burkina Faso,2019,Transport equipment,521
Burkina Faso,2019,Automotive products,305
Burkina Faso,2019,Pharmaceuticals,220
Burkina Faso,2019,Other,543
Burkina Faso,2020,Manufactures,2603
Burkina Faso,2020,Fuels and mining products,1263
Burkina Faso,2020,Fuels,1125
Burkina Faso,2020,Machinery and transport equipment,1081
Burkina Faso,2020,Agricultural products,1067
Burkina Faso,2020,Food,783
Burkina Faso,2020,Chemicals,606
Burkina Faso,2020,Transport equipment,411
Burkina Faso,2020,Automotive products,285
Burkina Faso,2020,Pharmaceuticals,244
Burkina Faso,2020,Other,500
Burkina Faso,2021,Manufactures,2810
Burkina Faso,2021,Fuels and mining products,1575
Burkina Faso,2021,Fuels,1375
Burkina Faso,2021,Agricultural products,1371
Burkina Faso,2021,Machinery and transport equipment,1147
Burkina Faso,2021,Food,891
Burkina Faso,2021,Chemicals,627
Burkina Faso,2021,Transport equipment,434
Burkina Faso,2021,Automotive products,311
Burkina Faso,2021,Pharmaceuticals,251
Burkina Faso,2021,Other,630
Burkina Faso,2022,Manufactures,2965
Burkina Faso,2022,Fuels and mining products,2213
Burkina Faso,2022,Fuels,2119
Burkina Faso,2022,Agricultural products,1514
Burkina Faso,2022,Machinery and transport equipment,1041
Burkina Faso,2022,Food,1019
Burkina Faso,2022,Chemicals,760
Burkina Faso,2022,Transport equipment,346
Burkina Faso,2022,Pharmaceuticals,311
Burkina Faso,2022,Iron and steel,308
Burkina Faso,2022,Other,622
Burkina Faso,2023,Manufactures,3108
Burkina Faso,2023,Fuels and mining products,2398
Burkina Faso,2023,Fuels,2354
Burkina Faso,2023,Agricultural products,1319
Burkina Faso,2023,Machinery and transport equipment,1129
Burkina Faso,2023,Food,1044
Burkina Faso,2023,Chemicals,748
Burkina Faso,2023,Transport equipment,389
Burkina Faso,2023,Automotive products,253
Burkina Faso,2023,Pharmaceuticals,253
Burkina Faso,2023,Other,560
Burundi,2018,Manufactures,498
Burundi,2018,Agricultural products,235
Burundi,2018,Food,221
Burundi,2018,Fuels and mining products,184
Burundi,2018,Fuels,162
Burundi,2018,Machinery and transport equipment,155
Burundi,2018,Chemicals,145
Burundi,2018,Transport equipment,62
Burundi,2018,Pharmaceuticals,61
Burundi,2018,Iron and steel,60
Burundi,2018,Other,149
Burundi,2019,Manufactures,575
Burundi,2019,Agricultural products,235
Burundi,2019,Food,219
Burundi,2019,Fuels and mining products,191
Burundi,2019,Fuels,170
Burundi,2019,Machinery and transport equipment,167
Burundi,2019,Chemicals,143
Burundi,2019,Transport equipment,85
Burundi,2019,Automotive products,70
Burundi,2019,Pharmaceuticals,64
Burundi,2019,Other,153
Burundi,2020,Manufactures,630
Burundi,2020,Agricultural products,229
Burundi,2020,Food,213
Burundi,2020,Machinery and transport equipment,204
Burundi,2020,Fuels and mining products,165
Burundi,2020,Chemicals,160
Burundi,2020,Fuels,144
Burundi,2020,Transport equipment,91
Burundi,2020,Iron and steel,82
Burundi,2020,Automotive products,75
Burundi,2020,Other,152
Burundi,2021,Manufactures,711
Burundi,2021,Agricultural products,240
Burundi,2021,Food,222
Burundi,2021,Machinery and transport equipment,201
Burundi,2021,Fuels and mining products,196
Burundi,2021,Chemicals,179
Burundi,2021,Fuels,170
Burundi,2021,Iron and steel,111
Burundi,2021,Transport equipment,87
Burundi,2021,Automotive products,70
Burundi,2021,Other,171
Burundi,2022,Manufactures,788
Burundi,2022,Fuels and mining products,327
Burundi,2022,Fuels,310
Burundi,2022,Agricultural products,300
Burundi,2022,Food,272
Burundi,2022,Chemicals,230
Burundi,2022,Machinery and transport equipment,204
Burundi,2022,Iron and steel,102
Burundi,2022,Transport equipment,86
Burundi,2022,Automotive products,69
Burundi,2022,Other,160
Burundi,2023,Manufactures,739
Burundi,2023,Agricultural products,306
Burundi,2023,Food,279
Burundi,2023,Fuels and mining products,237
Burundi,2023,Machinery and transport equipment,236
Burundi,2023,Fuels,225
Burundi,2023,Chemicals,198
Burundi,2023,Transport equipment,98
Burundi,2023,Iron and steel,88
Burundi,2023,Automotive products,75
Burundi,2023,Other,136
Cabo Verde,2018,Manufactures,463
Cabo Verde,2018,Agricultural products,323
Cabo Verde,2018,Food,309
Cabo Verde,2018,Machinery and transport equipment,193
Cabo Verde,2018,Fuels and mining products,102
Cabo Verde,2018,Fuels,98
Cabo Verde,2018,Transport equipment,69
Cabo Verde,2018,Chemicals,61
Cabo Verde,2018,Automotive products,49
Cabo Verde,2018,Office and telecom equipment,29
Cabo Verde,2018,Other,83
Cabo Verde,2019,Manufactures,445
Cabo Verde,2019,Agricultural products,308
Cabo Verde,2019,Food,294
Cabo Verde,2019,Machinery and transport equipment,169
Cabo Verde,2019,Fuels and mining products,98
Cabo Verde,2019,Fuels,94
Cabo Verde,2019,Transport equipment,65
Cabo Verde,2019,Chemicals,63
Cabo Verde,2019,Automotive products,45
Cabo Verde,2019,Office and telecom equipment,25
Cabo Verde,2019,Other,80
Cabo Verde,2020,Manufactures,489
Cabo Verde,2020,Machinery and transport equipment,223
Cabo Verde,2020,Agricultural products,209
Cabo Verde,2020,Food,199
Cabo Verde,2020,Transport equipment,108
Cabo Verde,2020,Chemicals,99
Cabo Verde,2020,Fuels and mining products,74
Cabo Verde,2020,Fuels,69
Cabo Verde,2020,Automotive products,49
Cabo Verde,2020,Pharmaceuticals,45
Cabo Verde,2020,Other,118
Cabo Verde,2021,Manufactures,424
Cabo Verde,2021,Agricultural products,285
Cabo Verde,2021,Food,268
Cabo Verde,2021,Machinery and transport equipment,172
Cabo Verde,2021,Fuels and mining products,100
Cabo Verde,2021,Fuels,95
Cabo Verde,2021,Transport equipment,63
Cabo Verde,2021,Chemicals,61
Cabo Verde,2021,Automotive products,56
Cabo Verde,2021,Office and telecom equipment,37
Cabo Verde,2021,Other,96
Cabo Verde,2022,Manufactures,384
Cabo Verde,2022,Agricultural products,331
Cabo Verde,2022,Food,318
Cabo Verde,2022,Fuels and mining products,160
Cabo Verde,2022,Fuels,154
Cabo Verde,2022,Machinery and transport equipment,128
Cabo Verde,2022,Chemicals,63
Cabo Verde,2022,Transport equipment,44
Cabo Verde,2022,Automotive products,39
Cabo Verde,2022,Iron and steel,28
Cabo Verde,2022,Other,80
Cabo Verde,2023,Manufactures,414
Cabo Verde,2023,Agricultural products,359
Cabo Verde,2023,Food,345
Cabo Verde,2023,Fuels and mining products,172
Cabo Verde,2023,Fuels,166
Cabo Verde,2023,Machinery and transport equipment,138
Cabo Verde,2023,Chemicals,68
Cabo Verde,2023,Transport equipment,48
Cabo Verde,2023,Automotive products,42
Cabo Verde,2023,Iron and steel,30
Cabo Verde,2023,Other,86
Cambodia,2018,Manufactures,24607
Cambodia,2018,Clothing,7980
Cambodia,2018,Textiles,5128
Cambodia,2018,Machinery and transport equipment,4575
Cambodia,2018,Agricultural products,2651
Cambodia,2018,Fuels and mining products,2301
Cambodia,2018,Transport equipment,2034
Cambodia,2018,Fuels,2015
Cambodia,2018,Food,1953
Cambodia,2018,Chemicals,1319
Cambodia,2018,Other,2427
Cambodia,2019,Manufactures,29109
Cambodia,2019,Clothing,8464
Cambodia,2019,Machinery and transport equipment,6054
Cambodia,2019,Textiles,5287
Cambodia,2019,Transport equipment,2787
Cambodia,2019,Fuels and mining products,2763
Cambodia,2019,Agricultural products,2744
Cambodia,2019,Fuels,2348
Cambodia,2019,Food,2103
Cambodia,2019,Automotive products,1679
Cambodia,2019,Other,3432
Cambodia,2020,Manufactures,27555
Cambodia,2020,Clothing,7685
Cambodia,2020,Machinery and transport equipment,5677
Cambodia,2020,Textiles,4736
Cambodia,2020,Agricultural products,2983
Cambodia,2020,Fuels and mining products,2401
Cambodia,2020,Food,2372
Cambodia,2020,Transport equipment,2322
Cambodia,2020,Fuels,1894
Cambodia,2020,Chemicals,1748
Cambodia,2020,Other,2965
Cambodia,2021,Manufactures,31911
Cambodia,2021,Clothing,7950
Cambodia,2021,Machinery and transport equipment,6503
Cambodia,2021,Textiles,5742
Cambodia,2021,Agricultural products,3341
Cambodia,2021,Fuels and mining products,2888
Cambodia,2021,Transport equipment,2522
Cambodia,2021,Chemicals,2488
Cambodia,2021,Food,2448
Cambodia,2021,Fuels,2026
Cambodia,2021,Other,3336
Cambodia,2022,Manufactures,37330
Cambodia,2022,Clothing,9304
Cambodia,2022,Machinery and transport equipment,8623
Cambodia,2022,Textiles,5797
Cambodia,2022,Fuels and mining products,4773
Cambodia,2022,Agricultural products,3691
Cambodia,2022,Fuels,3635
Cambodia,2022,Transport equipment,3341
Cambodia,2022,Chemicals,2992
Cambodia,2022,Food,2823
Cambodia,2022,Other,5902
Cambodia,2023,Manufactures,35377
Cambodia,2023,Clothing,8162
Cambodia,2023,Machinery and transport equipment,8127
Cambodia,2023,Agricultural products,6900
Cambodia,2023,Food,5651
Cambodia,2023,Textiles,5382
Cambodia,2023,Fuels and mining products,4520
Cambodia,2023,Fuels,3367
Cambodia,2023,Chemicals,3247
Cambodia,2023,Office and telecom equipment,2849
Cambodia,2023,Other,6651
Cambodia,2024,Clothing,9891
Cambodia,2024,Textiles,6281
Cameroon,2018,Fuels and mining products,3551
Cameroon,2018,Fuels,3240
Cameroon,2018,Manufactures,3059
Cameroon,2018,Agricultural products,2849
Cameroon,2018,Food,1975
Cameroon,2018,Machinery and transport equipment,1328
Cameroon,2018,Chemicals,884
Cameroon,2018,Transport equipment,396
Cameroon,2018,Automotive products,308
Cameroon,2018,Iron and steel,287
Cameroon,2018,Other,859
Cameroon,2019,Fuels and mining products,4156
Cameroon,2019,Fuels,3929
Cameroon,2019,Manufactures,3536
Cameroon,2019,Agricultural products,2930
Cameroon,2019,Food,2140
Cameroon,2019,Machinery and transport equipment,1257
Cameroon,2019,Chemicals,852
Cameroon,2019,Transport equipment,391
Cameroon,2019,Automotive products,304
Cameroon,2019,Iron and steel,235
Cameroon,2019,Other,710
Cameroon,2020,Manufactures,3131
Cameroon,2020,Fuels and mining products,2762
Cameroon,2020,Agricultural products,2759
Cameroon,2020,Fuels,2574
Cameroon,2020,Food,2020
Cameroon,2020,Machinery and transport equipment,943
Cameroon,2020,Chemicals,885
Cameroon,2020,Iron and steel,363
Cameroon,2020,Transport equipment,273
Cameroon,2020,Pharmaceuticals,237
Cameroon,2020,Other,528
Cameroon,2021,Manufactures,4201
Cameroon,2021,Fuels and mining products,3688
Cameroon,2021,Fuels,3489
Cameroon,2021,Agricultural products,3366
Cameroon,2021,Food,2469
Cameroon,2021,Machinery and transport equipment,1407
Cameroon,2021,Chemicals,1059
Cameroon,2021,Transport equipment,538
Cameroon,2021,Iron and steel,471
Cameroon,2021,Automotive products,418
Cameroon,2021,Other,676
Cameroon,2022,Fuels and mining products,5998
Cameroon,2022,Fuels,5708
Cameroon,2022,Manufactures,3821
Cameroon,2022,Agricultural products,3571
Cameroon,2022,Food,2582
Cameroon,2022,Chemicals,1289
Cameroon,2022,Machinery and transport equipment,1246
Cameroon,2022,Transport equipment,413
Cameroon,2022,Iron and steel,399
Cameroon,2022,Automotive products,315
Cameroon,2022,Other,642
Cameroon,2023,Manufactures,4265
Cameroon,2023,Fuels and mining products,4019
Cameroon,2023,Agricultural products,3708
Cameroon,2023,Fuels,3635
Cameroon,2023,Food,2788
Cameroon,2023,Machinery and transport equipment,1516
Cameroon,2023,Chemicals,1192
Cameroon,2023,Transport equipment,471
Cameroon,2023,Iron and steel,446
Cameroon,2023,Automotive products,371
Cameroon,2023,Other,695
Canada,2018,Manufactures,570288
Canada,2018,Machinery and transport equipment,318462
Canada,2018,Fuels and mining products,181767
Canada,2018,Transport equipment,168397
Canada,2018,Automotive products,136627
Canada,2018,Fuels,136227
Canada,2018,Agricultural products,109501
Canada,2018,Chemicals,87256
Canada,2018,Food,86923
Canada,2018,Office and telecom equipment,42673
Canada,2018,Other,101837
Canada,2019,Manufactures,564433
Canada,2019,Machinery and transport equipment,318708
Canada,2019,Fuels and mining products,173450
Canada,2019,Transport equipment,169411
Canada,2019,Automotive products,136572
Canada,2019,Fuels,131626
Canada,2019,Agricultural products,105708
Canada,2019,Chemicals,87008
Canada,2019,Food,86806
Canada,2019,Office and telecom equipment,41711
Canada,2019,Other,99677
Canada,2020,Manufactures,492702
Canada,2020,Machinery and transport equipment,260659
Canada,2020,Fuels and mining products,132907
Canada,2020,Transport equipment,129196
Canada,2020,Agricultural products,110688
Canada,2020,Automotive products,103166
Canada,2020,Food,92414
Canada,2020,Fuels,88761
Canada,2020,Chemicals,86166
Canada,2020,Office and telecom equipment,38592
Canada,2020,Other,94536
Canada,2021,Manufactures,587723
Canada,2021,Machinery and transport equipment,296177
Canada,2021,Fuels and mining products,212100
Canada,2021,Fuels,149931
Canada,2021,Transport equipment,142156
Canada,2021,Agricultural products,134312
Canada,2021,Automotive products,112208
Canada,2021,Chemicals,108189
Canada,2021,Food,107530
Canada,2021,Office and telecom equipment,44337
Canada,2021,Other,117649
Canada,2022,Manufactures,673603
Canada,2022,Machinery and transport equipment,340108
Canada,2022,Fuels and mining products,290817
Canada,2022,Fuels,225839
Canada,2022,Transport equipment,163453
Canada,2022,Agricultural products,143936
Canada,2022,Chemicals,130630
Canada,2022,Automotive products,130090
Canada,2022,Food,118564
Canada,2022,Office and telecom equipment,47941
Canada,2022,Other,129016
Canada,2023,Manufactures,678246
Canada,2023,Machinery and transport equipment,374392
Canada,2023,Fuels and mining products,239459
Canada,2023,Transport equipment,190534
Canada,2023,Fuels,181740
Canada,2023,Automotive products,155601
Canada,2023,Agricultural products,138656
Canada,2023,Food,119510
Canada,2023,Chemicals,116507
Canada,2023,Office and telecom equipment,45083
Canada,2023,Other,117378
Canada,2024,Manufactures,420410
Canada,2024,Fuels and mining products,183504
Canada,2024,Automotive products,148627
Canada,2024,Agricultural products,142714
Canada,2024,Food,123111
Canada,2024,Chemicals,115355
Canada,2024,Iron and steel,12226
Canada,2024,Clothing,11719
Canada,2025,Manufactures,1624
Cayman Islands,2020,Manufactures,830
Cayman Islands,2020,Machinery and transport equipment,296
Cayman Islands,2020,Agricultural products,294
Cayman Islands,2020,Food,280
Cayman Islands,2020,Fuels and mining products,128
Cayman Islands,2020,Transport equipment,113
Cayman Islands,2020,Fuels,110
Cayman Islands,2020,Chemicals,104
Cayman Islands,2020,Automotive products,90
Cayman Islands,2020,Office and telecom equipment,74
Cayman Islands,2020,Other,169
Cayman Islands,2021,Manufactures,1011
Cayman Islands,2021,Machinery and transport equipment,352
Cayman Islands,2021,Agricultural products,313
Cayman Islands,2021,Food,297
Cayman Islands,2021,Fuels and mining products,180
Cayman Islands,2021,Fuels,155
Cayman Islands,2021,Transport equipment,140
Cayman Islands,2021,Chemicals,134
Cayman Islands,2021,Automotive products,113
Cayman Islands,2021,Office and telecom equipment,73
Cayman Islands,2021,Other,196
Cayman Islands,2022,Manufactures,1194
Cayman Islands,2022,Machinery and transport equipment,420
Cayman Islands,2022,Agricultural products,366
Cayman Islands,2022,Food,348
Cayman Islands,2022,Fuels and mining products,213
Cayman Islands,2022,Fuels,182
Cayman Islands,2022,Transport equipment,164
Cayman Islands,2022,Chemicals,158
Cayman Islands,2022,Automotive products,132
Cayman Islands,2022,Office and telecom equipment,94
Cayman Islands,2022,Other,236
Cayman Islands,2023,Manufactures,1221
Cayman Islands,2023,Machinery and transport equipment,432
Cayman Islands,2023,Agricultural products,374
Cayman Islands,2023,Food,355
Cayman Islands,2023,Fuels and mining products,219
Cayman Islands,2023,Fuels,185
Cayman Islands,2023,Transport equipment,167
Cayman Islands,2023,Chemicals,161
Cayman Islands,2023,Automotive products,135
Cayman Islands,2023,Office and telecom equipment,99
Cayman Islands,2023,Other,245
Central African Republic,2018,Manufactures,245
Central African Republic,2018,Machinery and transport equipment,156
Central African Republic,2018,Agricultural products,99
Central African Republic,2018,Transport equipment,87
Central African Republic,2018,Food,79
Central African Republic,2018,Automotive products,63
Central African Republic,2018,Fuels and mining products,32
Central African Republic,2018,Chemicals,29
Central African Republic,2018,Fuels,22
Central African Republic,2018,Pharmaceuticals,19
Central African Republic,2018,Other,42
Central African Republic,2019,Manufactures,468
Central African Republic,2019,Machinery and transport equipment,288
Central African Republic,2019,Transport equipment,203
Central African Republic,2019,Agricultural products,116
Central African Republic,2019,Food,96
Central African Republic,2019,Fuels and mining products,91
Central African Republic,2019,Chemicals,90
Central African Republic,2019,Fuels,80
Central African Republic,2019,Pharmaceuticals,75
Central African Republic,2019,Office and telecom equipment,32
Central African Republic,2019,Other,75
Central African Republic,2020,Manufactures,354
Central African Republic,2020,Machinery and transport equipment,192
Central African Republic,2020,Agricultural products,101
Central African Republic,2020,Transport equipment,99
Central African Republic,2020,Food,89
Central African Republic,2020,Automotive products,88
Central African Republic,2020,Fuels and mining products,80
Central African Republic,2020,Fuels,71
Central African Republic,2020,Chemicals,70
Central African Republic,2020,Pharmaceuticals,53
Central African Republic,2020,Other,90
Central African Republic,2021,Manufactures,314
Central African Republic,2021,Machinery and transport equipment,154
Central African Republic,2021,Agricultural products,115
Central African Republic,2021,Food,100
Central African Republic,2021,Office and telecom equipment,70
Central African Republic,2021,Chemicals,60
Central African Republic,2021,Telecommunications equipment,54
Central African Republic,2021,Fuels and mining products,46
Central African Republic,2021,Pharmaceuticals,42
Central African Republic,2021,Transport equipment,32
Central African Republic,2021,Other,98
Central African Republic,2022,Manufactures,401
Central African Republic,2022,Machinery and transport equipment,254
Central African Republic,2022,Agricultural products,116
Central African Republic,2022,Food,106
Central African Republic,2022,Transport equipment,81
Central African Republic,2022,Chemicals,75
Central African Republic,2022,Pharmaceuticals,60
Central African Republic,2022,Fuels and mining products,49
Central African Republic,2022,Automotive products,33
Central African Republic,2022,Office and telecom equipment,31
Central African Republic,2022,Other,92
Central African Republic,2023,Manufactures,253
Central African Republic,2023,Agricultural products,161
Central African Republic,2023,Machinery and transport equipment,161
Central African Republic,2023,Food,139
Central African Republic,2023,Transport equipment,131
Central African Republic,2023,Fuels and mining products,123
Central African Republic,2023,Automotive products,110
Central African Republic,2023,Fuels,100
Central African Republic,2023,Chemicals,68
Central African Republic,2023,Pharmaceuticals,48
Central African Republic,2023,Other,69
Chile,2018,Manufactures,62701
Chile,2018,Fuels and mining products,53773
Chile,2018,Agricultural products,32002
Chile,2018,Machinery and transport equipment,28532
Chile,2018,Food,25583
Chile,2018,Fuels,13608
Chile,2018,Chemicals,12510
Chile,2018,Transport equipment,11928
Chile,2018,Automotive products,10235
Chile,2018,Office and telecom equipment,6330
Chile,2018,Other,15574
Chile,2019,Manufactures,58439
Chile,2019,Fuels and mining products,48602
Chile,2019,Agricultural products,30783
Chile,2019,Machinery and transport equipment,26455
Chile,2019,Food,25507
Chile,2019,Fuels,12367
Chile,2019,Chemicals,12001
Chile,2019,Transport equipment,10074
Chile,2019,Automotive products,8095
Chile,2019,Office and telecom equipment,5679
Chile,2019,Other,14318
Chile,2020,Fuels and mining products,51624
Chile,2020,Manufactures,51157
Chile,2020,Agricultural products,29530
Chile,2020,Food,25125
Chile,2020,Machinery and transport equipment,23513
Chile,2020,Chemicals,11251
Chile,2020,Fuels,8165
Chile,2020,Transport equipment,6933
Chile,2020,Office and telecom equipment,5564
Chile,2020,Automotive products,4966
Chile,2020,Other,12809
Chile,2021,Manufactures,75351
Chile,2021,Fuels and mining products,75323
Chile,2021,Agricultural products,35175
Chile,2021,Machinery and transport equipment,34213
Chile,2021,Food,29633
Chile,2021,Chemicals,15854
Chile,2021,Fuels,14776
Chile,2021,Transport equipment,12018
Chile,2021,Automotive products,9951
Chile,2021,Office and telecom equipment,8607
Chile,2021,Other,19790
Chile,2022,Manufactures,87539
Chile,2022,Fuels and mining products,75740
Chile,2022,Agricultural products,38680
Chile,2022,Machinery and transport equipment,33852
Chile,2022,Food,32375
Chile,2022,Chemicals,26605
Chile,2022,Fuels,25128
Chile,2022,Transport equipment,13232
Chile,2022,Automotive products,11818
Chile,2022,Office and telecom equipment,6301
Chile,2022,Other,18302
Chile,2023,Manufactures,72297
Chile,2023,Fuels and mining products,70429
Chile,2023,Agricultural products,36394
Chile,2023,Food,31240
Chile,2023,Machinery and transport equipment,29142
Chile,2023,Chemicals,21782
Chile,2023,Fuels,19672
Chile,2023,Transport equipment,9484
Chile,2023,Automotive products,8347
Chile,2023,Office and telecom equipment,5490
Chile,2023,Other,15198
China,2018,Manufactures,3623517
China,2018,Machinery and transport equipment,2052675
China,2018,Office and telecom equipment,1138328
China,2018,Fuels and mining products,640360
China,2018,Integrated circuits and electronic components,463562
China,2018,Fuels,393627
China,2018,Chemicals,389819
China,2018,Electronic data processing and office equipment,341621
China,2018,Telecommunications equipment,333145
China,2018,Agricultural products,277305
China,2018,Other,1040784
China,2019,Manufactures,3564567
China,2019,Machinery and transport equipment,1987503
China,2019,Office and telecom equipment,1106127
China,2019,Fuels and mining products,658934
China,2019,Integrated circuits and electronic components,478488
China,2019,Fuels,394961
China,2019,Chemicals,379405
China,2019,Electronic data processing and office equipment,318287
China,2019,Telecommunications equipment,309352
China,2019,Agricultural products,280677
China,2019,Other,1013124
China,2020,Manufactures,3714084
China,2020,Machinery and transport equipment,2091539
China,2020,Office and telecom equipment,1174269
China,2020,Fuels and mining products,602254
China,2020,Integrated circuits and electronic components,530392
China,2020,Chemicals,381256
China,2020,Telecommunications equipment,367032
China,2020,Fuels,305136
China,2020,Agricultural products,294046
China,2020,Electronic data processing and office equipment,276845
China,2020,Other,1051653
China,2021,Manufactures,4657432
China,2021,Machinery and transport equipment,2610492
China,2021,Office and telecom equipment,1429654
China,2021,Fuels and mining products,879638
China,2021,Integrated circuits and electronic components,669149
China,2021,Chemicals,524496
China,2021,Fuels,448162
China,2021,Telecommunications equipment,428446
China,2021,Agricultural products,360355
China,2021,Electronic data processing and office equipment,332057
China,2021,Other,1334999
China,2022,Manufactures,4787372
China,2022,Machinery and transport equipment,2575722
China,2022,Office and telecom equipment,1334603
China,2022,Fuels and mining products,1004589
China,2022,Integrated circuits and electronic components,663535
China,2022,Fuels,599620
China,2022,Chemicals,576052
China,2022,Agricultural products,386967
China,2022,Telecommunications equipment,367690
China,2022,Transport equipment,323449
China,2022,Other,1378943
China,2023,Manufactures,4402161
China,2023,Machinery and transport equipment,2407691
China,2023,Office and telecom equipment,1166214
China,2023,Fuels and mining products,980675
China,2023,Fuels,576989
China,2023,Integrated circuits and electronic components,574356
China,2023,Chemicals,495557
China,2023,Agricultural products,380349
China,2023,Transport equipment,354778
China,2023,Telecommunications equipment,342023
China,2023,Other,1308782
China,2024,Manufactures,4583416
China,2024,Office and telecom equipment,1257852
China,2024,Fuels and mining products,984915
China,2024,Chemicals,481718
China,2024,Agricultural products,373726
China,2024,Food,285477
China,2024,Automotive products,256487
China,2024,Clothing,175957
China,2024,Textiles,152509
China,2024,Iron and steel,123049
China,2025,Manufactures,1498
Chinese Taipei,2018,Manufactures,504460
Chinese Taipei,2018,Machinery and transport equipment,318518
Chinese Taipei,2018,Office and telecom equipment,207763
Chinese Taipei,2018,Integrated circuits and electronic components,163723
Chinese Taipei,2018,Fuels and mining products,88542
Chinese Taipei,2018,Chemicals,75890
Chinese Taipei,2018,Fuels,65084
Chinese Taipei,2018,Electronic data processing and office equipment,31274
Chinese Taipei,2018,Transport equipment,26012
Chinese Taipei,2018,Agricultural products,23834
Chinese Taipei,2018,Other,83532
Chinese Taipei,2019,Manufactures,507391
Chinese Taipei,2019,Machinery and transport equipment,334813
Chinese Taipei,2019,Office and telecom equipment,222475
Chinese Taipei,2019,Integrated circuits and electronic components,170396
Chinese Taipei,2019,Fuels and mining products,79158
Chinese Taipei,2019,Chemicals,66582
Chinese Taipei,2019,Fuels,57279
Chinese Taipei,2019,Electronic data processing and office equipment,37580
Chinese Taipei,2019,Transport equipment,26103
Chinese Taipei,2019,Agricultural products,23358
Chinese Taipei,2019,Other,81908
Chinese Taipei,2020,Manufactures,546811
Chinese Taipei,2020,Machinery and transport equipment,378082
Chinese Taipei,2020,Office and telecom equipment,264657
Chinese Taipei,2020,Integrated circuits and electronic components,204689
Chinese Taipei,2020,Chemicals,62544
Chinese Taipei,2020,Fuels and mining products,57641
Chinese Taipei,2020,Electronic data processing and office equipment,43414
Chinese Taipei,2020,Fuels,35996
Chinese Taipei,2020,Transport equipment,25447
Chinese Taipei,2020,Agricultural products,22384
Chinese Taipei,2020,Other,80521
Chinese Taipei,2021,Manufactures,703017
Chinese Taipei,2021,Machinery and transport equipment,483400
Chinese Taipei,2021,Office and telecom equipment,336903
Chinese Taipei,2021,Integrated circuits and electronic components,260665
Chinese Taipei,2021,Fuels and mining products,93155
Chinese Taipei,2021,Chemicals,85117
Chinese Taipei,2021,Fuels,60013
Chinese Taipei,2021,Electronic data processing and office equipment,56283
Chinese Taipei,2021,Transport equipment,31440
Chinese Taipei,2021,Agricultural products,26812
Chinese Taipei,2021,Other,103246
Chinese Taipei,2022,Manufactures,753438
Chinese Taipei,2022,Machinery and transport equipment,540055
Chinese Taipei,2022,Office and telecom equipment,375238
Chinese Taipei,2022,Integrated circuits and electronic components,292238
Chinese Taipei,2022,Fuels and mining products,125879
Chinese Taipei,2022,Fuels,95787
Chinese Taipei,2022,Chemicals,83157
Chinese Taipei,2022,Electronic data processing and office equipment,61327
Chinese Taipei,2022,Transport equipment,34395
Chinese Taipei,2022,Agricultural products,27863
Chinese Taipei,2022,Other,107675
Chinese Taipei,2023,Manufactures,661712
Chinese Taipei,2023,Machinery and transport equipment,485560
Chinese Taipei,2023,Office and telecom equipment,347070
Chinese Taipei,2023,Integrated circuits and electronic components,254848
Chinese Taipei,2023,Fuels and mining products,94501
Chinese Taipei,2023,Fuels,70060
Chinese Taipei,2023,Electronic data processing and office equipment,68945
Chinese Taipei,2023,Chemicals,64852
Chinese Taipei,2023,Transport equipment,30278
Chinese Taipei,2023,Agricultural products,25453
Chinese Taipei,2023,Other,98980
Chinese Taipei,2024,Manufactures,445920
Chinese Taipei,2024,Office and telecom equipment,412875
Chinese Taipei,2024,Fuels and mining products,72259
Chinese Taipei,2024,Textiles,6045
Chinese Taipei,2025,Manufactures,1131
Colombia,2018,Manufactures,47771
Colombia,2018,Fuels and mining products,29114
Colombia,2018,Fuels,27746
Colombia,2018,Machinery and transport equipment,18935
Colombia,2018,Agricultural products,14215
Colombia,2018,Chemicals,13612
Colombia,2018,Food,12143
Colombia,2018,Transport equipment,6843
Colombia,2018,Office and telecom equipment,5293
Colombia,2018,Automotive products,4851
Colombia,2018,Other,14301
Colombia,2019,Manufactures,48110
Colombia,2019,Fuels and mining products,27366
Colombia,2019,Fuels,26124
Colombia,2019,Machinery and transport equipment,19717
Colombia,2019,Agricultural products,14375
Colombia,2019,Chemicals,13506
Colombia,2019,Food,12323
Colombia,2019,Transport equipment,7477
Colombia,2019,Office and telecom equipment,5446
Colombia,2019,Automotive products,5424
Colombia,2019,Other,14364
Colombia,2020,Manufactures,40033
Colombia,2020,Fuels and mining products,16257
Colombia,2020,Machinery and transport equipment,15731
Colombia,2020,Fuels,15106
Colombia,2020,Agricultural products,14856
Colombia,2020,Food,12940
Colombia,2020,Chemicals,12443
Colombia,2020,Transport equipment,4964
Colombia,2020,Office and telecom equipment,4923
Colombia,2020,Automotive products,3635
Colombia,2020,Other,12560
Colombia,2021,Manufactures,55392
Colombia,2021,Fuels and mining products,24781
Colombia,2021,Fuels,22931
Colombia,2021,Machinery and transport equipment,20361
Colombia,2021,Agricultural products,18453
Colombia,2021,Chemicals,18034
Colombia,2021,Food,15988
Colombia,2021,Transport equipment,7080
Colombia,2021,Office and telecom equipment,6084
Colombia,2021,Automotive products,4822
Colombia,2021,Other,17861
Colombia,2022,Manufactures,66996
Colombia,2022,Fuels and mining products,40560
Colombia,2022,Fuels,38404
Colombia,2022,Machinery and transport equipment,26342
Colombia,2022,Agricultural products,22867
Colombia,2022,Chemicals,20000
Colombia,2022,Food,19892
Colombia,2022,Transport equipment,10089
Colombia,2022,Office and telecom equipment,6860
Colombia,2022,Automotive products,6512
Colombia,2022,Other,19290
Colombia,2023,Manufactures,55182
Colombia,2023,Fuels and mining products,33642
Colombia,2023,Fuels,31729
Colombia,2023,Machinery and transport equipment,21781
Colombia,2023,Agricultural products,19649
Colombia,2023,Food,16886
Colombia,2023,Chemicals,16714
Colombia,2023,Transport equipment,8247
Colombia,2023,Office and telecom equipment,5367
Colombia,2023,Automotive products,5073
Colombia,2023,Other,15649
Comoros,2018,Manufactures,145
Comoros,2018,Agricultural products,119
Comoros,2018,Food,117
Comoros,2018,Machinery and transport equipment,64
Comoros,2018,Transport equipment,50
Comoros,2018,Automotive products,47
Comoros,2018,Chemicals,19
Comoros,2018,Iron and steel,11
Comoros,2018,Office and telecom equipment,4
Comoros,2018,Fuels and mining products,3
Comoros,2018,Other,13
Comoros,2019,Manufactures,116
Comoros,2019,Agricultural products,109
Comoros,2019,Food,107
Comoros,2019,Machinery and transport equipment,38
Comoros,2019,Transport equipment,25
Comoros,2019,Automotive products,23
Comoros,2019,Chemicals,21
Comoros,2019,Iron and steel,12
Comoros,2019,Fuels and mining products,11
Comoros,2019,Fuels,10
Comoros,2019,Other,10
Comoros,2020,Agricultural products,134
Comoros,2020,Food,131
Comoros,2020,Manufactures,127
Comoros,2020,Machinery and transport equipment,45
Comoros,2020,Transport equipment,29
Comoros,2020,Automotive products,27
Comoros,2020,Fuels and mining products,25
Comoros,2020,Fuels,24
Comoros,2020,Chemicals,15
Comoros,2020,Iron and steel,15
Comoros,2020,Other,18
Comoros,2021,Manufactures,178
Comoros,2021,Agricultural products,143
Comoros,2021,Food,141
Comoros,2021,Machinery and transport equipment,79
Comoros,2021,Transport equipment,43
Comoros,2021,Fuels and mining products,40
Comoros,2021,Fuels,37
Comoros,2021,Automotive products,35
Comoros,2021,Chemicals,19
Comoros,2021,Iron and steel,13
Comoros,2021,Other,37
Comoros,2022,Agricultural products,195
Comoros,2022,Food,192
Comoros,2022,Manufactures,187
Comoros,2022,Machinery and transport equipment,58
Comoros,2022,Transport equipment,33
Comoros,2022,Chemicals,29
Comoros,2022,Iron and steel,21
Comoros,2022,Fuels and mining products,15
Comoros,2022,Fuels,13
Comoros,2022,Automotive products,11
Comoros,2022,Other,31
Comoros,2023,Manufactures,195
Comoros,2023,Agricultural products,179
Comoros,2023,Food,177
Comoros,2023,Machinery and transport equipment,76
Comoros,2023,Transport equipment,22
Comoros,2023,Chemicals,21
Comoros,2023,Fuels and mining products,13
Comoros,2023,Iron and steel,13
Comoros,2023,Fuels,11
Comoros,2023,Automotive products,10
Comoros,2023,Other,32
Congo,2018,Fuels and mining products,9450
Congo,2018,Fuels,9320
Congo,2018,Manufactures,4350
Congo,2018,Machinery and transport equipment,3472
Congo,2018,Transport equipment,2777
Congo,2018,Agricultural products,833
Congo,2018,Food,565
Congo,2018,Chemicals,259
Congo,2018,Iron and steel,168
Congo,2018,Automotive products,104
Congo,2018,Other,192
Congo,2019,Fuels and mining products,4874
Congo,2019,Fuels,4762
Congo,2019,Manufactures,2009
Congo,2019,Machinery and transport equipment,1305
Congo,2019,Agricultural products,928
Congo,2019,Transport equipment,789
Congo,2019,Food,584
Congo,2019,Chemicals,257
Congo,2019,Iron and steel,92
Congo,2019,Automotive products,76
Congo,2019,Other,212
Congo,2020,Fuels and mining products,3806
Congo,2020,Fuels,3744
Congo,2020,Manufactures,2018
Congo,2020,Machinery and transport equipment,1446
Congo,2020,Transport equipment,1094
Congo,2020,Agricultural products,964
Congo,2020,Food,617
Congo,2020,Chemicals,236
Congo,2020,Automotive products,73
Congo,2020,Iron and steel,69
Congo,2020,Other,204
Congo,2021,Fuels and mining products,6633
Congo,2021,Fuels,5384
Congo,2021,Manufactures,1990
Congo,2021,Machinery and transport equipment,1199
Congo,2021,Agricultural products,1133
Congo,2021,Transport equipment,840
Congo,2021,Food,765
Congo,2021,Chemicals,390
Congo,2021,Automotive products,219
Congo,2021,Pharmaceuticals,81
Congo,2021,Other,181
Congo,2022,Fuels and mining products,7976
Congo,2022,Fuels,7807
Congo,2022,Manufactures,3237
Congo,2022,Machinery and transport equipment,1991
Congo,2022,Transport equipment,1544
Congo,2022,Agricultural products,1278
Congo,2022,Food,912
Congo,2022,Chemicals,527
Congo,2022,Iron and steel,166
Congo,2022,Automotive products,110
Congo,2022,Other,210
Congo,2023,Fuels and mining products,6782
Congo,2023,Fuels,6394
Congo,2023,Manufactures,4489
Congo,2023,Machinery and transport equipment,2834
Congo,2023,Transport equipment,1907
Congo,2023,Agricultural products,1350
Congo,2023,Food,972
Congo,2023,Chemicals,464
Congo,2023,Iron and steel,295
Congo,2023,Automotive products,190
Congo,2023,Other,224
Costa Rica,2018,Manufactures,18474
Costa Rica,2018,Agricultural products,7163
Costa Rica,2018,Food,6763
Costa Rica,2018,Machinery and transport equipment,5242
Costa Rica,2018,Chemicals,3809
Costa Rica,2018,Fuels and mining products,2143
Costa Rica,2018,Fuels,1673
Costa Rica,2018,Office and telecom equipment,1450
Costa Rica,2018,Transport equipment,1255
Costa Rica,2018,Pharmaceuticals,1121
Costa Rica,2018,Other,4140
Costa Rica,2019,Manufactures,18447
Costa Rica,2019,Agricultural products,6975
Costa Rica,2019,Food,6603
Costa Rica,2019,Machinery and transport equipment,4777
Costa Rica,2019,Chemicals,3876
Costa Rica,2019,Fuels and mining products,2097
Costa Rica,2019,Fuels,1645
Costa Rica,2019,Office and telecom equipment,1363
Costa Rica,2019,Pharmaceuticals,1164
Costa Rica,2019,Transport equipment,1054
Costa Rica,2019,Other,3739
Costa Rica,2020,Manufactures,17644
Costa Rica,2020,Agricultural products,7095
Costa Rica,2020,Food,6758
Costa Rica,2020,Machinery and transport equipment,4338
Costa Rica,2020,Chemicals,3783
Costa Rica,2020,Fuels and mining products,1314
Costa Rica,2020,Office and telecom equipment,1295
Costa Rica,2020,Pharmaceuticals,1248
Costa Rica,2020,Fuels,915
Costa Rica,2020,Transport equipment,804
Costa Rica,2020,Other,3249
Costa Rica,2021,Manufactures,22344
Costa Rica,2021,Agricultural products,8115
Costa Rica,2021,Food,7667
Costa Rica,2021,Machinery and transport equipment,5391
Costa Rica,2021,Chemicals,4475
Costa Rica,2021,Fuels and mining products,2275
Costa Rica,2021,Fuels,1677
Costa Rica,2021,Office and telecom equipment,1489
Costa Rica,2021,Iron and steel,1359
Costa Rica,2021,Pharmaceuticals,1246
Costa Rica,2021,Other,4228
Costa Rica,2022,Manufactures,24614
Costa Rica,2022,Agricultural products,8508
Costa Rica,2022,Food,8039
Costa Rica,2022,Machinery and transport equipment,6035
Costa Rica,2022,Chemicals,5150
Costa Rica,2022,Fuels and mining products,3289
Costa Rica,2022,Fuels,2660
Costa Rica,2022,Office and telecom equipment,1668
Costa Rica,2022,Pharmaceuticals,1384
Costa Rica,2022,Iron and steel,1285
Costa Rica,2022,Other,4778
Costa Rica,2023,Manufactures,27964
Costa Rica,2023,Agricultural products,9384
Costa Rica,2023,Food,8936
Costa Rica,2023,Machinery and transport equipment,7413
Costa Rica,2023,Chemicals,5135
Costa Rica,2023,Fuels and mining products,3216
Costa Rica,2023,Fuels,2566
Costa Rica,2023,Office and telecom equipment,1885
Costa Rica,2023,Transport equipment,1804
Costa Rica,2023,Automotive products,1586
Costa Rica,2023,Other,5381
Croatia,2018,Manufactures,31038
Croatia,2018,Machinery and transport equipment,11573
Croatia,2018,Agricultural products,7223
Croatia,2018,Fuels and mining products,7138
Croatia,2018,Chemicals,6118
Croatia,2018,Food,6010
Croatia,2018,Fuels,5681
Croatia,2018,Transport equipment,3900
Croatia,2018,Automotive products,2883
Croatia,2018,Pharmaceuticals,2473
Croatia,2018,Other,7450
Croatia,2019,Manufactures,31247
Croatia,2019,Machinery and transport equipment,12046
Croatia,2019,Agricultural products,7354
Croatia,2019,Fuels and mining products,6581
Croatia,2019,Chemicals,6348
Croatia,2019,Food,6208
Croatia,2019,Fuels,5110
Croatia,2019,Transport equipment,4397
Croatia,2019,Automotive products,3136
Croatia,2019,Pharmaceuticals,2647
Croatia,2019,Other,7307
Croatia,2020,Manufactures,30499
Croatia,2020,Machinery and transport equipment,11205
Croatia,2020,Agricultural products,7406
Croatia,2020,Chemicals,6775
Croatia,2020,Food,6345
Croatia,2020,Fuels and mining products,5806
Croatia,2020,Fuels,4251
Croatia,2020,Transport equipment,3540
Croatia,2020,Pharmaceuticals,3072
Croatia,2020,Automotive products,2347
Croatia,2020,Other,7158
Croatia,2021,Manufactures,36834
Croatia,2021,Machinery and transport equipment,13368
Croatia,2021,Fuels and mining products,10173
Croatia,2021,Agricultural products,9112
Croatia,2021,Chemicals,7938
Croatia,2021,Fuels,7804
Croatia,2021,Food,7698
Croatia,2021,Transport equipment,4055
Croatia,2021,Pharmaceuticals,3061
Croatia,2021,Automotive products,2767
Croatia,2021,Other,8583
Croatia,2022,Manufactures,40094
Croatia,2022,Fuels and mining products,19138
Croatia,2022,Fuels,16527
Croatia,2022,Machinery and transport equipment,14759
Croatia,2022,Agricultural products,10460
Croatia,2022,Food,8849
Croatia,2022,Chemicals,8233
Croatia,2022,Transport equipment,4538
Croatia,2022,Automotive products,2996
Croatia,2022,Pharmaceuticals,2924
Croatia,2022,Other,9394
Croatia,2023,Manufactures,44111
Croatia,2023,Machinery and transport equipment,17681
Croatia,2023,Fuels and mining products,12393
Croatia,2023,Agricultural products,11482
Croatia,2023,Fuels,10103
Croatia,2023,Food,10091
Croatia,2023,Chemicals,8456
Croatia,2023,Transport equipment,6215
Croatia,2023,Automotive products,4065
Croatia,2023,Pharmaceuticals,3155
Croatia,2023,Other,9771
Cuba,2018,Manufactures,5879
Cuba,2018,Fuels and mining products,3707
Cuba,2018,Fuels,3383
Cuba,2018,Agricultural products,3002
Cuba,2018,Food,2931
Cuba,2018,Machinery and transport equipment,2622
Cuba,2018,Chemicals,1229
Cuba,2018,Transport equipment,697
Cuba,2018,Automotive products,507
Cuba,2018,Office and telecom equipment,337
Cuba,2018,Other,1018
Cyprus,2018,Manufactures,10068
Cyprus,2018,Machinery and transport equipment,6382
Cyprus,2018,Transport equipment,5087
Cyprus,2018,Fuels and mining products,3593
Cyprus,2018,Fuels,3443
Cyprus,2018,Agricultural products,1920
Cyprus,2018,Food,1852
Cyprus,2018,Chemicals,1377
Cyprus,2018,Automotive products,729
Cyprus,2018,Pharmaceuticals,691
Cyprus,2018,Other,2091
Cyprus,2019,Manufactures,7821
Cyprus,2019,Machinery and transport equipment,4461
Cyprus,2019,Transport equipment,3298
Cyprus,2019,Fuels and mining products,2596
Cyprus,2019,Fuels,2467
Cyprus,2019,Agricultural products,1903
Cyprus,2019,Food,1836
Cyprus,2019,Chemicals,1383
Cyprus,2019,Automotive products,721
Cyprus,2019,Pharmaceuticals,721
Cyprus,2019,Other,1501
Cyprus,2020,Manufactures,7844
Cyprus,2020,Machinery and transport equipment,4443
Cyprus,2020,Transport equipment,3292
Cyprus,2020,Fuels and mining products,1934
Cyprus,2020,Agricultural products,1837
Cyprus,2020,Fuels,1802
Cyprus,2020,Food,1776
Cyprus,2020,Chemicals,1488
Cyprus,2020,Pharmaceuticals,842
Cyprus,2020,Automotive products,698
Cyprus,2020,Other,1467
Cyprus,2021,Manufactures,9062
Cyprus,2021,Machinery and transport equipment,4888
Cyprus,2021,Transport equipment,3446
Cyprus,2021,Fuels and mining products,2970
Cyprus,2021,Fuels,2748
Cyprus,2021,Agricultural products,2161
Cyprus,2021,Food,2085
Cyprus,2021,Chemicals,1850
Cyprus,2021,Pharmaceuticals,848
Cyprus,2021,Automotive products,613
Cyprus,2021,Other,1840
Cyprus,2022,Manufactures,9845
Cyprus,2022,Machinery and transport equipment,5400
Cyprus,2022,Fuels and mining products,4288
Cyprus,2022,Fuels,4047
Cyprus,2022,Transport equipment,3849
Cyprus,2022,Agricultural products,2373
Cyprus,2022,Food,2284
Cyprus,2022,Chemicals,1869
Cyprus,2022,Pharmaceuticals,876
Cyprus,2022,Automotive products,638
Cyprus,2022,Other,1939
Cyprus,2023,Manufactures,10999
Cyprus,2023,Machinery and transport equipment,6208
Cyprus,2023,Fuels and mining products,5034
Cyprus,2023,Fuels,4838
Cyprus,2023,Transport equipment,4564
Cyprus,2023,Agricultural products,2531
Cyprus,2023,Food,2453
Cyprus,2023,Chemicals,2041
Cyprus,2023,Automotive products,1041
Cyprus,2023,Pharmaceuticals,963
Cyprus,2023,Other,1952
Czech Republic,2018,Manufactures,338220
Czech Republic,2018,Machinery and transport equipment,204772
Czech Republic,2018,Transport equipment,72165
Czech Republic,2018,Automotive products,64715
Czech Republic,2018,Office and telecom equipment,59512
Czech Republic,2018,Chemicals,32832
Czech Republic,2018,Electronic data processing and office equipment,27260
Czech Republic,2018,Telecommunications equipment,26680
Czech Republic,2018,Fuels and mining products,23810
Czech Republic,2018,Agricultural products,23114
Czech Republic,2018,Other,72763
Czech Republic,2019,Manufactures,332102
Czech Republic,2019,Machinery and transport equipment,203435
Czech Republic,2019,Transport equipment,70004
Czech Republic,2019,Automotive products,63387
Czech Republic,2019,Office and telecom equipment,61974
Czech Republic,2019,Chemicals,33117
Czech Republic,2019,Telecommunications equipment,29490
Czech Republic,2019,Electronic data processing and office equipment,27502
Czech Republic,2019,Agricultural products,23106
Czech Republic,2019,Fuels and mining products,20858
Czech Republic,2019,Other,68549
Czech Republic,2020,Manufactures,320956
Czech Republic,2020,Machinery and transport equipment,197007
Czech Republic,2020,Office and telecom equipment,67284
Czech Republic,2020,Transport equipment,61473
Czech Republic,2020,Automotive products,55820
Czech Republic,2020,Chemicals,33467
Czech Republic,2020,Electronic data processing and office equipment,31027
Czech Republic,2020,Telecommunications equipment,30401
Czech Republic,2020,Agricultural products,23416
Czech Republic,2020,Food,19267
Czech Republic,2020,Other,60786
Czech Republic,2021,Manufactures,379055
Czech Republic,2021,Machinery and transport equipment,224272
Czech Republic,2021,Transport equipment,69810
Czech Republic,2021,Office and telecom equipment,69093
Czech Republic,2021,Automotive products,62972
Czech Republic,2021,Chemicals,43087
Czech Republic,2021,Electronic data processing and office equipment,33758
Czech Republic,2021,Telecommunications equipment,29243
Czech Republic,2021,Fuels and mining products,28341
Czech Republic,2021,Agricultural products,27778
Czech Republic,2021,Other,85755
Czech Republic,2022,Manufactures,402922
Czech Republic,2022,Machinery and transport equipment,241755
Czech Republic,2022,Office and telecom equipment,76433
Czech Republic,2022,Transport equipment,72652
Czech Republic,2022,Automotive products,65394
Czech Republic,2022,Chemicals,45034
Czech Republic,2022,Fuels and mining products,42583
Czech Republic,2022,Telecommunications equipment,38167
Czech Republic,2022,Electronic data processing and office equipment,31739
Czech Republic,2022,Fuels,31188
Czech Republic,2022,Other,103002
Czech Republic,2023,Manufactures,421462
Czech Republic,2023,Machinery and transport equipment,261008
Czech Republic,2023,Transport equipment,88787
Czech Republic,2023,Automotive products,80182
Czech Republic,2023,Office and telecom equipment,70162
Czech Republic,2023,Chemicals,43815
Czech Republic,2023,Telecommunications equipment,37511
Czech Republic,2023,Agricultural products,32818
Czech Republic,2023,Fuels and mining products,29749
Czech Republic,2023,Food,28019
Czech Republic,2023,Other,92169
Côte d'Ivoire,2018,Agricultural products,10179
Côte d'Ivoire,2018,Food,8990
Côte d'Ivoire,2018,Manufactures,7268
Côte d'Ivoire,2018,Fuels and mining products,4526
Côte d'Ivoire,2018,Fuels,4264
Côte d'Ivoire,2018,Machinery and transport equipment,2820
Côte d'Ivoire,2018,Chemicals,2074
Côte d'Ivoire,2018,Transport equipment,1072
Côte d'Ivoire,2018,Automotive products,677
Côte d'Ivoire,2018,Pharmaceuticals,392
Côte d'Ivoire,2018,Other,1354
Côte d'Ivoire,2019,Agricultural products,10373
Côte d'Ivoire,2019,Food,8966
Côte d'Ivoire,2019,Manufactures,7061
Côte d'Ivoire,2019,Fuels and mining products,4648
Côte d'Ivoire,2019,Fuels,4348
Côte d'Ivoire,2019,Machinery and transport equipment,2673
Côte d'Ivoire,2019,Chemicals,2113
Côte d'Ivoire,2019,Transport equipment,956
Côte d'Ivoire,2019,Automotive products,591
Côte d'Ivoire,2019,Office and telecom equipment,383
Côte d'Ivoire,2019,Other,1360
Côte d'Ivoire,2020,Agricultural products,10768
Côte d'Ivoire,2020,Food,9312
Côte d'Ivoire,2020,Manufactures,7110
Côte d'Ivoire,2020,Fuels and mining products,3631
Côte d'Ivoire,2020,Fuels,3321
Côte d'Ivoire,2020,Machinery and transport equipment,2532
Côte d'Ivoire,2020,Chemicals,2225
Côte d'Ivoire,2020,Transport equipment,790
Côte d'Ivoire,2020,Automotive products,664
Côte d'Ivoire,2020,Pharmaceuticals,407
Côte d'Ivoire,2020,Other,1232
Côte d'Ivoire,2021,Agricultural products,13439
Côte d'Ivoire,2021,Food,11265
Côte d'Ivoire,2021,Manufactures,9684
Côte d'Ivoire,2021,Fuels and mining products,4457
Côte d'Ivoire,2021,Fuels,4128
Côte d'Ivoire,2021,Machinery and transport equipment,3811
Côte d'Ivoire,2021,Chemicals,2766
Côte d'Ivoire,2021,Transport equipment,1788
Côte d'Ivoire,2021,Automotive products,1044
Côte d'Ivoire,2021,Iron and steel,578
Côte d'Ivoire,2021,Other,1547
Côte d'Ivoire,2022,Agricultural products,12946
Côte d'Ivoire,2022,Manufactures,11212
Côte d'Ivoire,2022,Food,10550
Côte d'Ivoire,2022,Fuels and mining products,8211
Côte d'Ivoire,2022,Fuels,7859
Côte d'Ivoire,2022,Machinery and transport equipment,4769
Côte d'Ivoire,2022,Chemicals,3031
Côte d'Ivoire,2022,Transport equipment,2395
Côte d'Ivoire,2022,Automotive products,992
Côte d'Ivoire,2022,Iron and steel,604
Côte d'Ivoire,2022,Other,1623
Côte d'Ivoire,2023,Agricultural products,13707
Côte d'Ivoire,2023,Manufactures,13020
Côte d'Ivoire,2023,Food,11302
Côte d'Ivoire,2023,Fuels and mining products,8029
Côte d'Ivoire,2023,Fuels,7699
Côte d'Ivoire,2023,Machinery and transport equipment,6372
Côte d'Ivoire,2023,Transport equipment,3708
Côte d'Ivoire,2023,Chemicals,3171
Côte d'Ivoire,2023,Automotive products,1043
Côte d'Ivoire,2023,Iron and steel,578
Côte d'Ivoire,2023,Other,1724
Democratic Republic of the Congo,2018,Manufactures,17037
Democratic Republic of the Congo,2018,Chemicals,11624
Democratic Republic of the Congo,2018,Fuels and mining products,9806
Democratic Republic of the Congo,2018,Machinery and transport equipment,2130
Democratic Republic of the Congo,2018,Agricultural products,955
Democratic Republic of the Congo,2018,Food,758
Democratic Republic of the Congo,2018,Transport equipment,644
Democratic Republic of the Congo,2018,Automotive products,480
Democratic Republic of the Congo,2018,Fuels,449
Democratic Republic of the Congo,2018,Iron and steel,247
Democratic Republic of the Congo,2018,Other,633
Democratic Republic of the Congo,2019,Manufactures,11313
Democratic Republic of the Congo,2019,Fuels and mining products,9825
Democratic Republic of the Congo,2019,Chemicals,5468
Democratic Republic of the Congo,2019,Machinery and transport equipment,2430
Democratic Republic of the Congo,2019,Agricultural products,973
Democratic Republic of the Congo,2019,Food,770
Democratic Republic of the Congo,2019,Transport equipment,603
Democratic Republic of the Congo,2019,Fuels,533
Democratic Republic of the Congo,2019,Pharmaceuticals,513
Democratic Republic of the Congo,2019,Automotive products,431
Democratic Republic of the Congo,2019,Other,813
Democratic Republic of the Congo,2020,Fuels and mining products,11329
Democratic Republic of the Congo,2020,Manufactures,8864
Democratic Republic of the Congo,2020,Chemicals,4184
Democratic Republic of the Congo,2020,Machinery and transport equipment,1974
Democratic Republic of the Congo,2020,Agricultural products,942
Democratic Republic of the Congo,2020,Food,768
Democratic Republic of the Congo,2020,Transport equipment,470
Democratic Republic of the Congo,2020,Fuels,426
Democratic Republic of the Congo,2020,Automotive products,330
Democratic Republic of the Congo,2020,Iron and steel,197
Democratic Republic of the Congo,2020,Other,601
Democratic Republic of the Congo,2021,Fuels and mining products,16180
Democratic Republic of the Congo,2021,Manufactures,11288
Democratic Republic of the Congo,2021,Chemicals,6920
Democratic Republic of the Congo,2021,Machinery and transport equipment,2388
Democratic Republic of the Congo,2021,Agricultural products,1124
Democratic Republic of the Congo,2021,Food,915
Democratic Republic of the Congo,2021,Transport equipment,645
Democratic Republic of the Congo,2021,Fuels,493
Democratic Republic of the Congo,2021,Automotive products,415
Democratic Republic of the Congo,2021,Pharmaceuticals,266
Democratic Republic of the Congo,2021,Other,756
Democratic Republic of the Congo,2022,Fuels and mining products,16991
Democratic Republic of the Congo,2022,Manufactures,8854
Democratic Republic of the Congo,2022,Chemicals,3717
Democratic Republic of the Congo,2022,Machinery and transport equipment,3068
Democratic Republic of the Congo,2022,Fuels,2858
Democratic Republic of the Congo,2022,Agricultural products,1212
Democratic Republic of the Congo,2022,Food,1018
Democratic Republic of the Congo,2022,Transport equipment,537
Democratic Republic of the Congo,2022,Iron and steel,363
Democratic Republic of the Congo,2022,Automotive products,302
Democratic Republic of the Congo,2022,Other,835
Democratic Republic of the Congo,2023,Fuels and mining products,17844
Democratic Republic of the Congo,2023,Manufactures,8927
Democratic Republic of the Congo,2023,Fuels,3880
Democratic Republic of the Congo,2023,Chemicals,3745
Democratic Republic of the Congo,2023,Machinery and transport equipment,3111
Democratic Republic of the Congo,2023,Agricultural products,1180
Democratic Republic of the Congo,2023,Food,1014
Democratic Republic of the Congo,2023,Transport equipment,623
Democratic Republic of the Congo,2023,Automotive products,366
Democratic Republic of the Congo,2023,Iron and steel,282
Democratic Republic of the Congo,2023,Other,869
Denmark,2018,Manufactures,153362
Denmark,2018,Machinery and transport equipment,64084
Denmark,2018,Agricultural products,40795
Denmark,2018,Chemicals,35975
Denmark,2018,Food,35025
Denmark,2018,Pharmaceuticals,20679
Denmark,2018,Transport equipment,18730
Denmark,2018,Fuels and mining products,16161
Denmark,2018,Fuels,12733
Denmark,2018,Office and telecom equipment,11117
Denmark,2018,Other,37599
Denmark,2019,Manufactures,151762
Denmark,2019,Machinery and transport equipment,62662
Denmark,2019,Agricultural products,39982
Denmark,2019,Chemicals,38493
Denmark,2019,Food,34650
Denmark,2019,Pharmaceuticals,23810
Denmark,2019,Transport equipment,15399
Denmark,2019,Fuels and mining products,15312
Denmark,2019,Fuels,12237
Denmark,2019,Office and telecom equipment,11193
Denmark,2019,Other,36832
Denmark,2020,Manufactures,154601
Denmark,2020,Machinery and transport equipment,60643
Denmark,2020,Chemicals,42549
Denmark,2020,Agricultural products,39784
Denmark,2020,Food,34853
Denmark,2020,Pharmaceuticals,26850
Denmark,2020,Transport equipment,13894
Denmark,2020,Office and telecom equipment,12459
Denmark,2020,Fuels and mining products,10238
Denmark,2020,Automotive products,9643
Denmark,2020,Other,35125
Denmark,2021,Manufactures,180173
Denmark,2021,Machinery and transport equipment,70081
Denmark,2021,Chemicals,47757
Denmark,2021,Agricultural products,44089
Denmark,2021,Food,38158
Denmark,2021,Pharmaceuticals,28683
Denmark,2021,Fuels and mining products,19762
Denmark,2021,Transport equipment,17898
Denmark,2021,Fuels,15069
Denmark,2021,Office and telecom equipment,14137
Denmark,2021,Other,45229
Denmark,2022,Manufactures,182602
Denmark,2022,Machinery and transport equipment,69945
Denmark,2022,Chemicals,48484
Denmark,2022,Agricultural products,45195
Denmark,2022,Food,39957
Denmark,2022,Fuels and mining products,31902
Denmark,2022,Pharmaceuticals,28482
Denmark,2022,Fuels,26783
Denmark,2022,Transport equipment,18001
Denmark,2022,Office and telecom equipment,14087
Denmark,2022,Other,46726
Denmark,2023,Manufactures,181746
Denmark,2023,Machinery and transport equipment,73004
Denmark,2023,Chemicals,48419
Denmark,2023,Agricultural products,46516
Denmark,2023,Food,41551
Denmark,2023,Pharmaceuticals,29083
Denmark,2023,Transport equipment,21570
Denmark,2023,Fuels and mining products,21537
Denmark,2023,Fuels,16351
Denmark,2023,Automotive products,13840
Denmark,2023,Other,45436
Djibouti,2021,Manufactures,3955
Djibouti,2021,Agricultural products,3499
Djibouti,2021,Food,3422
Djibouti,2021,Machinery and transport equipment,1986
Djibouti,2021,Transport equipment,1434
Djibouti,2021,Automotive products,1340
Djibouti,2021,Iron and steel,785
Djibouti,2021,Chemicals,751
Djibouti,2021,Fuels and mining products,334
Djibouti,2021,Fuels,287
Djibouti,2021,Other,211
Djibouti,2022,Manufactures,2472
Djibouti,2022,Agricultural products,2029
Djibouti,2022,Food,2016
Djibouti,2022,Machinery and transport equipment,1093
Djibouti,2022,Transport equipment,861
Djibouti,2022,Automotive products,803
Djibouti,2022,Chemicals,531
Djibouti,2022,Iron and steel,488
Djibouti,2022,Fuels and mining products,90
Djibouti,2022,Fuels,57
Djibouti,2022,Other,82
Djibouti,2023,Manufactures,2460
Djibouti,2023,Agricultural products,1993
Djibouti,2023,Food,1984
Djibouti,2023,Machinery and transport equipment,1149
Djibouti,2023,Transport equipment,808
Djibouti,2023,Automotive products,747
Djibouti,2023,Iron and steel,619
Djibouti,2023,Chemicals,526
Djibouti,2023,Fuels and mining products,73
Djibouti,2023,Textiles,50
Djibouti,2023,Other,113
Dominica,2018,Manufactures,210
Dominica,2018,Machinery and transport equipment,86
Dominica,2018,Agricultural products,67
Dominica,2018,Food,57
Dominica,2018,Fuels and mining products,36
Dominica,2018,Fuels,34
Dominica,2018,Transport equipment,27
Dominica,2018,Chemicals,24
Dominica,2018,Automotive products,23
Dominica,2018,Office and telecom equipment,17
Dominica,2018,Other,39
Dominica,2019,Manufactures,207
Dominica,2019,Machinery and transport equipment,76
Dominica,2019,Agricultural products,68
Dominica,2019,Food,62
Dominica,2019,Fuels and mining products,30
Dominica,2019,Fuels,28
Dominica,2019,Chemicals,27
Dominica,2019,Transport equipment,22
Dominica,2019,Automotive products,19
Dominica,2019,Office and telecom equipment,16
Dominica,2019,Other,37
Dominica,2020,Manufactures,125
Dominica,2020,Agricultural products,53
Dominica,2020,Food,52
Dominica,2020,Machinery and transport equipment,44
Dominica,2020,Chemicals,24
Dominica,2020,Fuels and mining products,15
Dominica,2020,Fuels,14
Dominica,2020,Transport equipment,12
Dominica,2020,Office and telecom equipment,11
Dominica,2020,Automotive products,9
Dominica,2020,Other,23
Dominica,2021,Manufactures,139
Dominica,2021,Agricultural products,54
Dominica,2021,Food,51
Dominica,2021,Machinery and transport equipment,49
Dominica,2021,Chemicals,26
Dominica,2021,Office and telecom equipment,13
Dominica,2021,Fuels and mining products,12
Dominica,2021,Transport equipment,11
Dominica,2021,Fuels,10
Dominica,2021,Automotive products,9
Dominica,2021,Other,31
Dominica,2022,Manufactures,156
Dominica,2022,Agricultural products,85
Dominica,2022,Food,79
Dominica,2022,Machinery and transport equipment,55
Dominica,2022,Fuels and mining products,45
Dominica,2022,Fuels,44
Dominica,2022,Chemicals,29
Dominica,2022,Office and telecom equipment,15
Dominica,2022,Transport equipment,15
Dominica,2022,Automotive products,11
Dominica,2022,Other,34
Dominica,2023,Manufactures,168
Dominica,2023,Agricultural products,90
Dominica,2023,Food,84
Dominica,2023,Machinery and transport equipment,67
Dominica,2023,Fuels and mining products,58
Dominica,2023,Fuels,56
Dominica,2023,Chemicals,28
Dominica,2023,Transport equipment,17
Dominica,2023,Automotive products,14
Dominica,2023,Office and telecom equipment,10
Dominica,2023,Other,28
Dominican Republic,2018,Manufactures,18292
Dominican Republic,2018,Machinery and transport equipment,6401
Dominican Republic,2018,Agricultural products,5949
Dominican Republic,2018,Food,5618
Dominican Republic,2018,Fuels and mining products,5248
Dominican Republic,2018,Fuels,4816
Dominican Republic,2018,Chemicals,3656
Dominican Republic,2018,Transport equipment,1680
Dominican Republic,2018,Automotive products,1412
Dominican Republic,2018,Office and telecom equipment,1207
Dominican Republic,2018,Other,5839
Dominican Republic,2019,Manufactures,18883
Dominican Republic,2019,Machinery and transport equipment,6708
Dominican Republic,2019,Agricultural products,6128
Dominican Republic,2019,Food,5814
Dominican Republic,2019,Fuels and mining products,4871
Dominican Republic,2019,Fuels,4451
Dominican Republic,2019,Chemicals,3609
Dominican Republic,2019,Transport equipment,1817
Dominican Republic,2019,Automotive products,1578
Dominican Republic,2019,Office and telecom equipment,1340
Dominican Republic,2019,Other,5943
Dominican Republic,2020,Manufactures,16659
Dominican Republic,2020,Agricultural products,5783
Dominican Republic,2020,Machinery and transport equipment,5713
Dominican Republic,2020,Food,5501
Dominican Republic,2020,Chemicals,3207
Dominican Republic,2020,Fuels and mining products,2702
Dominican Republic,2020,Fuels,2335
Dominican Republic,2020,Transport equipment,1433
Dominican Republic,2020,Office and telecom equipment,1296
Dominican Republic,2020,Pharmaceuticals,1195
Dominican Republic,2020,Other,5051
Dominican Republic,2021,Manufactures,22010
Dominican Republic,2021,Agricultural products,7089
Dominican Republic,2021,Machinery and transport equipment,6786
Dominican Republic,2021,Food,6734
Dominican Republic,2021,Chemicals,5730
Dominican Republic,2021,Fuels and mining products,5012
Dominican Republic,2021,Fuels,4343
Dominican Republic,2021,Pharmaceuticals,2750
Dominican Republic,2021,Transport equipment,2062
Dominican Republic,2021,Automotive products,1771
Dominican Republic,2021,Other,6520
Dominican Republic,2022,Manufactures,25744
Dominican Republic,2022,Agricultural products,8336
Dominican Republic,2022,Machinery and transport equipment,8104
Dominican Republic,2022,Food,7963
Dominican Republic,2022,Fuels and mining products,7480
Dominican Republic,2022,Fuels,6867
Dominican Republic,2022,Chemicals,4680
Dominican Republic,2022,Transport equipment,2202
Dominican Republic,2022,Iron and steel,2064
Dominican Republic,2022,Automotive products,1911
Dominican Republic,2022,Other,6371
Dominican Republic,2023,Manufactures,25174
Dominican Republic,2023,Machinery and transport equipment,8477
Dominican Republic,2023,Agricultural products,8065
Dominican Republic,2023,Food,7751
Dominican Republic,2023,Fuels and mining products,6238
Dominican Republic,2023,Fuels,5551
Dominican Republic,2023,Chemicals,4480
Dominican Republic,2023,Transport equipment,2544
Dominican Republic,2023,Automotive products,2176
Dominican Republic,2023,Pharmaceuticals,1653
Dominican Republic,2023,Other,5999
Ecuador,2018,Manufactures,16806
Ecuador,2018,Fuels and mining products,13974
Ecuador,2018,Agricultural products,13585
Ecuador,2018,Fuels,13358
Ecuador,2018,Food,12368
Ecuador,2018,Machinery and transport equipment,7259
Ecuador,2018,Chemicals,4203
Ecuador,2018,Transport equipment,2656
Ecuador,2018,Automotive products,2209
Ecuador,2018,Office and telecom equipment,1454
Ecuador,2018,Other,4355
Ecuador,2019,Manufactures,16315
Ecuador,2019,Agricultural products,14400
Ecuador,2019,Fuels and mining products,13669
Ecuador,2019,Fuels,13124
Ecuador,2019,Food,13111
Ecuador,2019,Machinery and transport equipment,7139
Ecuador,2019,Chemicals,3977
Ecuador,2019,Transport equipment,2724
Ecuador,2019,Automotive products,2056
Ecuador,2019,Office and telecom equipment,1362
Ecuador,2019,Other,4107
Ecuador,2020,Agricultural products,15097
Ecuador,2020,Food,13606
Ecuador,2020,Manufactures,13346
Ecuador,2020,Fuels and mining products,9107
Ecuador,2020,Fuels,8077
Ecuador,2020,Machinery and transport equipment,5297
Ecuador,2020,Chemicals,3859
Ecuador,2020,Transport equipment,1672
Ecuador,2020,Office and telecom equipment,1354
Ecuador,2020,Automotive products,1193
Ecuador,2020,Other,3841
Ecuador,2021,Manufactures,18294
Ecuador,2021,Agricultural products,17519
Ecuador,2021,Food,16114
Ecuador,2021,Fuels and mining products,15646
Ecuador,2021,Fuels,13470
Ecuador,2021,Machinery and transport equipment,6823
Ecuador,2021,Chemicals,5486
Ecuador,2021,Transport equipment,2296
Ecuador,2021,Automotive products,1804
Ecuador,2021,Pharmaceuticals,1561
Ecuador,2021,Other,5173
Ecuador,2022,Fuels and mining products,22278
Ecuador,2022,Manufactures,21484
Ecuador,2022,Agricultural products,20695
Ecuador,2022,Fuels,19632
Ecuador,2022,Food,19232
Ecuador,2022,Machinery and transport equipment,8383
Ecuador,2022,Chemicals,6160
Ecuador,2022,Transport equipment,3123
Ecuador,2022,Automotive products,2512
Ecuador,2022,Office and telecom equipment,1636
Ecuador,2022,Other,5407
Ecuador,2023,Agricultural products,21230
Ecuador,2023,Manufactures,19968
Ecuador,2023,Food,19790
Ecuador,2023,Fuels and mining products,19006
Ecuador,2023,Fuels,16439
Ecuador,2023,Machinery and transport equipment,8341
Ecuador,2023,Chemicals,5285
Ecuador,2023,Transport equipment,3069
Ecuador,2023,Automotive products,2579
Ecuador,2023,Office and telecom equipment,1639
Ecuador,2023,Other,5102
Egypt,2018,Manufactures,53942
Egypt,2018,Fuels and mining products,24056
Egypt,2018,Agricultural products,20180
Egypt,2018,Fuels,19511
Egypt,2018,Machinery and transport equipment,17745
Egypt,2018,Food,17659
Egypt,2018,Chemicals,14734
Egypt,2018,Iron and steel,5439
Egypt,2018,Transport equipment,4916
Egypt,2018,Automotive products,4595
Egypt,2018,Other,17251
Egypt,2019,Manufactures,53839
Egypt,2019,Fuels and mining products,23385
Egypt,2019,Agricultural products,22233
Egypt,2019,Food,19788
Egypt,2019,Fuels,18616
Egypt,2019,Machinery and transport equipment,18330
Egypt,2019,Chemicals,15179
Egypt,2019,Transport equipment,4899
Egypt,2019,Automotive products,4548
Egypt,2019,Textiles,4520
Egypt,2019,Other,17836
Egypt,2020,Manufactures,48297
Egypt,2020,Agricultural products,21412
Egypt,2020,Food,19365
Egypt,2020,Fuels and mining products,16971
Egypt,2020,Machinery and transport equipment,16185
Egypt,2020,Chemicals,14050
Egypt,2020,Fuels,12966
Egypt,2020,Transport equipment,5353
Egypt,2020,Automotive products,4650
Egypt,2020,Textiles,3749
Egypt,2020,Other,14248
Egypt,2021,Manufactures,59990
Egypt,2021,Fuels and mining products,30112
Egypt,2021,Agricultural products,23756
Egypt,2021,Fuels,23546
Egypt,2021,Food,21392
Egypt,2021,Machinery and transport equipment,20408
Egypt,2021,Chemicals,18548
Egypt,2021,Transport equipment,6849
Egypt,2021,Automotive products,4987
Egypt,2021,Office and telecom equipment,4788
Egypt,2021,Other,19622
Egypt,2022,Manufactures,72840
Egypt,2022,Fuels and mining products,41975
Egypt,2022,Fuels,33646
Egypt,2022,Agricultural products,31162
Egypt,2022,Food,28412
Egypt,2022,Chemicals,25804
Egypt,2022,Machinery and transport equipment,20575
Egypt,2022,Iron and steel,5603
Egypt,2022,Textiles,5246
Egypt,2022,Transport equipment,4980
Egypt,2022,Other,19460
Egypt,2023,Manufactures,66626
Egypt,2023,Agricultural products,28627
Egypt,2023,Fuels and mining products,27941
Egypt,2023,Food,26348
Egypt,2023,Chemicals,20679
Egypt,2023,Machinery and transport equipment,20172
Egypt,2023,Fuels,20016
Egypt,2023,Iron and steel,5994
Egypt,2023,Transport equipment,5813
Egypt,2023,Textiles,4797
Egypt,2023,Other,17322
El Salvador,2018,Manufactures,11796
El Salvador,2018,Agricultural products,3275
El Salvador,2018,Food,2984
El Salvador,2018,Clothing,2867
El Salvador,2018,Machinery and transport equipment,2573
El Salvador,2018,Fuels and mining products,2269
El Salvador,2018,Chemicals,2060
El Salvador,2018,Fuels,2053
El Salvador,2018,Textiles,1251
El Salvador,2018,Office and telecom equipment,646
El Salvador,2018,Other,2898
El Salvador,2019,Manufactures,11858
El Salvador,2019,Agricultural products,3549
El Salvador,2019,Food,3252
El Salvador,2019,Clothing,2789
El Salvador,2019,Machinery and transport equipment,2515
El Salvador,2019,Chemicals,2212
El Salvador,2019,Fuels and mining products,2071
El Salvador,2019,Fuels,1899
El Salvador,2019,Textiles,1230
El Salvador,2019,Office and telecom equipment,647
El Salvador,2019,Other,2982
El Salvador,2020,Manufactures,9960
El Salvador,2020,Agricultural products,3360
El Salvador,2020,Food,3134
El Salvador,2020,Machinery and transport equipment,2288
El Salvador,2020,Chemicals,2092
El Salvador,2020,Clothing,1948
El Salvador,2020,Fuels and mining products,1328
El Salvador,2020,Fuels,1173
El Salvador,2020,Textiles,991
El Salvador,2020,Pharmaceuticals,599
El Salvador,2020,Other,2050
El Salvador,2021,Manufactures,14565
El Salvador,2021,Agricultural products,3950
El Salvador,2021,Machinery and transport equipment,3637
El Salvador,2021,Food,3609
El Salvador,2021,Chemicals,2939
El Salvador,2021,Clothing,2775
El Salvador,2021,Fuels and mining products,2422
El Salvador,2021,Fuels,2174
El Salvador,2021,Textiles,1367
El Salvador,2021,Transport equipment,925
El Salvador,2021,Other,3922
El Salvador,2022,Manufactures,15912
El Salvador,2022,Agricultural products,4799
El Salvador,2022,Food,4373
El Salvador,2022,Machinery and transport equipment,3688
El Salvador,2022,Fuels and mining products,3457
El Salvador,2022,Chemicals,3451
El Salvador,2022,Fuels,3166
El Salvador,2022,Clothing,2882
El Salvador,2022,Textiles,1479
El Salvador,2022,Office and telecom equipment,1017
El Salvador,2022,Other,4517
El Salvador,2023,Manufactures,14090
El Salvador,2023,Agricultural products,4854
El Salvador,2023,Food,4518
El Salvador,2023,Machinery and transport equipment,3610
El Salvador,2023,Fuels and mining products,3152
El Salvador,2023,Chemicals,2925
El Salvador,2023,Fuels,2896
El Salvador,2023,Clothing,2394
El Salvador,2023,Transport equipment,1074
El Salvador,2023,Textiles,1061
El Salvador,2023,Other,4271
Estonia,2018,Manufactures,24036
Estonia,2018,Machinery and transport equipment,11781
Estonia,2018,Fuels and mining products,6130
Estonia,2018,Fuels,5368
Estonia,2018,Agricultural products,4851
Estonia,2018,Chemicals,3260
Estonia,2018,Food,3113
Estonia,2018,Office and telecom equipment,3063
Estonia,2018,Transport equipment,2880
Estonia,2018,Automotive products,2376
Estonia,2018,Other,5832
Estonia,2019,Manufactures,23153
Estonia,2019,Machinery and transport equipment,11138
Estonia,2019,Agricultural products,4877
Estonia,2019,Fuels and mining products,4860
Estonia,2019,Fuels,4167
Estonia,2019,Food,3282
Estonia,2019,Chemicals,3182
Estonia,2019,Transport equipment,3018
Estonia,2019,Office and telecom equipment,2557
Estonia,2019,Automotive products,2520
Estonia,2019,Other,5245
Estonia,2020,Manufactures,22822
Estonia,2020,Machinery and transport equipment,10766
Estonia,2020,Agricultural products,4905
Estonia,2020,Fuels and mining products,4358
Estonia,2020,Fuels,3725
Estonia,2020,Chemicals,3334
Estonia,2020,Food,3328
Estonia,2020,Office and telecom equipment,2861
Estonia,2020,Transport equipment,2545
Estonia,2020,Telecommunications equipment,2128
Estonia,2020,Other,5438
Estonia,2021,Manufactures,28946
Estonia,2021,Machinery and transport equipment,13692
Estonia,2021,Fuels and mining products,8329
Estonia,2021,Fuels,7337
Estonia,2021,Agricultural products,6192
Estonia,2021,Chemicals,4210
Estonia,2021,Office and telecom equipment,3848
Estonia,2021,Food,3758
Estonia,2021,Transport equipment,3531
Estonia,2021,Telecommunications equipment,2946
Estonia,2021,Other,7240
Estonia,2022,Manufactures,30038
Estonia,2022,Machinery and transport equipment,14098
Estonia,2022,Fuels and mining products,11006
Estonia,2022,Fuels,10129
Estonia,2022,Agricultural products,6748
Estonia,2022,Chemicals,4432
Estonia,2022,Food,4388
Estonia,2022,Transport equipment,3775
Estonia,2022,Office and telecom equipment,3377
Estonia,2022,Automotive products,2940
Estonia,2022,Other,6980
Estonia,2023,Manufactures,28990
Estonia,2023,Machinery and transport equipment,14807
Estonia,2023,Agricultural products,6505
Estonia,2023,Fuels and mining products,5413
Estonia,2023,Food,4666
Estonia,2023,Fuels,4621
Estonia,2023,Transport equipment,4431
Estonia,2023,Automotive products,3842
Estonia,2023,Chemicals,3829
Estonia,2023,Office and telecom equipment,3302
Estonia,2023,Other,6542
Eswatini,2018,Manufactures,2403
Eswatini,2018,Chemicals,1185
Eswatini,2018,Agricultural products,955
Eswatini,2018,Food,829
Eswatini,2018,Machinery and transport equipment,391
Eswatini,2018,Fuels and mining products,308
Eswatini,2018,Fuels,291
Eswatini,2018,Clothing,238
Eswatini,2018,Textiles,166
Eswatini,2018,Transport equipment,129
Eswatini,2018,Other,354
Eswatini,2019,Manufactures,2432
Eswatini,2019,Chemicals,1244
Eswatini,2019,Agricultural products,1040
Eswatini,2019,Food,909
Eswatini,2019,Machinery and transport equipment,384
Eswatini,2019,Fuels and mining products,330
Eswatini,2019,Fuels,310
Eswatini,2019,Clothing,246
Eswatini,2019,Textiles,163
Eswatini,2019,Transport equipment,147
Eswatini,2019,Other,323
Eswatini,2020,Manufactures,2082
Eswatini,2020,Chemicals,1096
Eswatini,2020,Agricultural products,984
Eswatini,2020,Food,867
Eswatini,2020,Machinery and transport equipment,299
Eswatini,2020,Fuels and mining products,275
Eswatini,2020,Fuels,253
Eswatini,2020,Clothing,206
Eswatini,2020,Textiles,144
Eswatini,2020,Transport equipment,105
Eswatini,2020,Other,272
Eswatini,2021,Manufactures,2585
Eswatini,2021,Chemicals,1300
Eswatini,2021,Agricultural products,1177
Eswatini,2021,Food,1002
Eswatini,2021,Machinery and transport equipment,416
Eswatini,2021,Fuels and mining products,407
Eswatini,2021,Fuels,382
Eswatini,2021,Clothing,271
Eswatini,2021,Textiles,192
Eswatini,2021,Transport equipment,118
Eswatini,2021,Other,349
Eswatini,2022,Manufactures,2407
Eswatini,2022,Chemicals,1280
Eswatini,2022,Agricultural products,1114
Eswatini,2022,Food,938
Eswatini,2022,Fuels and mining products,441
Eswatini,2022,Fuels,415
Eswatini,2022,Machinery and transport equipment,370
Eswatini,2022,Clothing,264
Eswatini,2022,Textiles,204
Eswatini,2022,Transport equipment,118
Eswatini,2022,Other,315
Eswatini,2023,Manufactures,2219
Eswatini,2023,Chemicals,1245
Eswatini,2023,Agricultural products,1189
Eswatini,2023,Food,1021
Eswatini,2023,Fuels and mining products,485
Eswatini,2023,Fuels,456
Eswatini,2023,Machinery and transport equipment,364
Eswatini,2023,Clothing,244
Eswatini,2023,Textiles,157
Eswatini,2023,Transport equipment,129
Eswatini,2023,Other,317
Ethiopia,2018,Manufactures,8108
Ethiopia,2018,Agricultural products,3994
Ethiopia,2018,Food,3692
Ethiopia,2018,Machinery and transport equipment,3400
Ethiopia,2018,Chemicals,1706
Ethiopia,2018,Fuels and mining products,1687
Ethiopia,2018,Fuels,1529
Ethiopia,2018,Transport equipment,776
Ethiopia,2018,Iron and steel,690
Ethiopia,2018,Automotive products,574
Ethiopia,2018,Other,1563
Ethiopia,2019,Manufactures,9687
Ethiopia,2019,Machinery and transport equipment,3910
Ethiopia,2019,Agricultural products,3686
Ethiopia,2019,Food,3228
Ethiopia,2019,Fuels and mining products,2738
Ethiopia,2019,Fuels,2560
Ethiopia,2019,Chemicals,2357
Ethiopia,2019,Transport equipment,972
Ethiopia,2019,Iron and steel,909
Ethiopia,2019,Automotive products,698
Ethiopia,2019,Other,2074
Ethiopia,2020,Manufactures,8780
Ethiopia,2020,Agricultural products,4447
Ethiopia,2020,Food,3914
Ethiopia,2020,Machinery and transport equipment,3528
Ethiopia,2020,Chemicals,2193
Ethiopia,2020,Fuels and mining products,1851
Ethiopia,2020,Fuels,1687
Ethiopia,2020,Transport equipment,842
Ethiopia,2020,Iron and steel,751
Ethiopia,2020,Automotive products,659
Ethiopia,2020,Other,2270
Ethiopia,2021,Manufactures,9060
Ethiopia,2021,Agricultural products,6406
Ethiopia,2021,Food,5808
Ethiopia,2021,Machinery and transport equipment,3699
Ethiopia,2021,Chemicals,2614
Ethiopia,2021,Fuels and mining products,1363
Ethiopia,2021,Transport equipment,1270
Ethiopia,2021,Fuels,1212
Ethiopia,2021,Automotive products,802
Ethiopia,2021,Pharmaceuticals,795
Ethiopia,2021,Other,2238
Ethiopia,2022,Manufactures,9989
Ethiopia,2022,Agricultural products,6806
Ethiopia,2022,Food,6068
Ethiopia,2022,Machinery and transport equipment,3700
Ethiopia,2022,Chemicals,3286
Ethiopia,2022,Fuels and mining products,1189
Ethiopia,2022,Transport equipment,1172
Ethiopia,2022,Fuels,1030
Ethiopia,2022,Automotive products,873
Ethiopia,2022,Pharmaceuticals,761
Ethiopia,2022,Other,2728
Ethiopia,2023,Manufactures,10019
Ethiopia,2023,Agricultural products,5011
Ethiopia,2023,Food,4383
Ethiopia,2023,Machinery and transport equipment,3717
Ethiopia,2023,Chemicals,3160
Ethiopia,2023,Fuels and mining products,2785
Ethiopia,2023,Fuels,2621
Ethiopia,2023,Transport equipment,867
Ethiopia,2023,Automotive products,703
Ethiopia,2023,Office and telecom equipment,688
Ethiopia,2023,Other,2554
Fiji,2018,Manufactures,1915
Fiji,2018,Agricultural products,938
Fiji,2018,Machinery and transport equipment,922
Fiji,2018,Food,881
Fiji,2018,Fuels and mining products,808
Fiji,2018,Fuels,763
Fiji,2018,Transport equipment,438
Fiji,2018,Chemicals,269
Fiji,2018,Automotive products,225
Fiji,2018,Office and telecom equipment,187
Fiji,2018,Other,471
Fiji,2019,Manufactures,2018
Fiji,2019,Machinery and transport equipment,1183
Fiji,2019,Agricultural products,884
Fiji,2019,Food,849
Fiji,2019,Fuels and mining products,740
Fiji,2019,Transport equipment,713
Fiji,2019,Fuels,708
Fiji,2019,Chemicals,224
Fiji,2019,Office and telecom equipment,203
Fiji,2019,Automotive products,143
Fiji,2019,Other,454
Fiji,2020,Manufactures,1184
Fiji,2020,Agricultural products,780
Fiji,2020,Food,738
Fiji,2020,Machinery and transport equipment,447
Fiji,2020,Fuels and mining products,431
Fiji,2020,Fuels,406
Fiji,2020,Chemicals,203
Fiji,2020,Transport equipment,167
Fiji,2020,Office and telecom equipment,107
Fiji,2020,Automotive products,82
Fiji,2020,Other,317
Fiji,2021,Manufactures,1516
Fiji,2021,Agricultural products,878
Fiji,2021,Food,812
Fiji,2021,Machinery and transport equipment,655
Fiji,2021,Fuels and mining products,468
Fiji,2021,Fuels,439
Fiji,2021,Transport equipment,310
Fiji,2021,Chemicals,271
Fiji,2021,Office and telecom equipment,141
Fiji,2021,Automotive products,104
Fiji,2021,Other,391
Fiji,2022,Manufactures,1809
Fiji,2022,Agricultural products,1147
Fiji,2022,Food,1095
Fiji,2022,Fuels and mining products,1028
Fiji,2022,Fuels,988
Fiji,2022,Machinery and transport equipment,694
Fiji,2022,Chemicals,344
Fiji,2022,Transport equipment,228
Fiji,2022,Automotive products,151
Fiji,2022,Office and telecom equipment,142
Fiji,2022,Other,459
Fiji,2023,Manufactures,1911
Fiji,2023,Agricultural products,1121
Fiji,2023,Food,1078
Fiji,2023,Fuels and mining products,1070
Fiji,2023,Fuels,1036
Fiji,2023,Machinery and transport equipment,830
Fiji,2023,Transport equipment,302
Fiji,2023,Chemicals,280
Fiji,2023,Automotive products,198
Fiji,2023,Office and telecom equipment,176
Fiji,2023,Other,454
Finland,2018,Manufactures,106284
Finland,2018,Machinery and transport equipment,50829
Finland,2018,Fuels and mining products,30612
Finland,2018,Fuels,19340
Finland,2018,Chemicals,16372
Finland,2018,Transport equipment,15680
Finland,2018,Agricultural products,15481
Finland,2018,Automotive products,12183
Finland,2018,Iron and steel,8131
Finland,2018,Food,7718
Finland,2018,Other,20954
Finland,2019,Manufactures,102902
Finland,2019,Machinery and transport equipment,50647
Finland,2019,Fuels and mining products,27962
Finland,2019,Fuels,18301
Finland,2019,Transport equipment,16559
Finland,2019,Chemicals,15149
Finland,2019,Agricultural products,14292
Finland,2019,Automotive products,11902
Finland,2019,Iron and steel,7643
Finland,2019,Food,7528
Finland,2019,Other,19314
Finland,2020,Manufactures,95953
Finland,2020,Machinery and transport equipment,47515
Finland,2020,Fuels and mining products,22688
Finland,2020,Chemicals,15340
Finland,2020,Transport equipment,14320
Finland,2020,Agricultural products,13662
Finland,2020,Fuels,12298
Finland,2020,Automotive products,10321
Finland,2020,Food,7902
Finland,2020,Office and telecom equipment,6115
Finland,2020,Other,18588
Finland,2021,Manufactures,116209
Finland,2021,Machinery and transport equipment,56558
Finland,2021,Fuels and mining products,32615
Finland,2021,Chemicals,18923
Finland,2021,Fuels,17744
Finland,2021,Transport equipment,17434
Finland,2021,Agricultural products,16928
Finland,2021,Automotive products,12400
Finland,2021,Iron and steel,8740
Finland,2021,Food,8383
Finland,2021,Other,22362
Finland,2022,Manufactures,118607
Finland,2022,Machinery and transport equipment,54651
Finland,2022,Fuels and mining products,45364
Finland,2022,Fuels,28523
Finland,2022,Chemicals,20431
Finland,2022,Agricultural products,17496
Finland,2022,Transport equipment,15842
Finland,2022,Automotive products,11031
Finland,2022,Iron and steel,10047
Finland,2022,Food,9510
Finland,2022,Other,23185
Finland,2023,Manufactures,112198
Finland,2023,Machinery and transport equipment,56419
Finland,2023,Fuels and mining products,33813
Finland,2023,Fuels,20243
Finland,2023,Chemicals,17830
Finland,2023,Transport equipment,16536
Finland,2023,Agricultural products,16257
Finland,2023,Automotive products,10507
Finland,2023,Food,9337
Finland,2023,Iron and steel,8143
Finland,2023,Other,22509
France,2018,Manufactures,967456
France,2018,Machinery and transport equipment,469572
France,2018,Transport equipment,224261
France,2018,Chemicals,197428
France,2018,Agricultural products,147357
France,2018,Food,133573
France,2018,Automotive products,131293
France,2018,Fuels and mining products,123122
France,2018,Fuels,94419
France,2018,Pharmaceuticals,64174
France,2018,Other,211079
France,2019,Manufactures,950052
France,2019,Machinery and transport equipment,461667
France,2019,Transport equipment,218357
France,2019,Chemicals,193330
France,2019,Agricultural products,142706
France,2019,Food,129996
France,2019,Automotive products,125735
France,2019,Fuels and mining products,109906
France,2019,Fuels,83639
France,2019,Pharmaceuticals,65568
France,2019,Other,198548
France,2020,Manufactures,834468
France,2020,Machinery and transport equipment,378482
France,2020,Chemicals,191230
France,2020,Transport equipment,166352
France,2020,Agricultural products,141175
France,2020,Food,129455
France,2020,Automotive products,107644
France,2020,Pharmaceuticals,72004
France,2020,Fuels and mining products,63783
France,2020,Office and telecom equipment,56460
France,2020,Other,171356
France,2021,Manufactures,983584
France,2021,Machinery and transport equipment,436010
France,2021,Chemicals,228087
France,2021,Transport equipment,186210
France,2021,Agricultural products,164577
France,2021,Food,149515
France,2021,Automotive products,123199
France,2021,Fuels and mining products,105760
France,2021,Pharmaceuticals,76933
France,2021,Fuels,71449
France,2021,Other,220076
France,2022,Manufactures,1017401
France,2022,Machinery and transport equipment,444262
France,2022,Chemicals,238425
France,2022,Fuels and mining products,228746
France,2022,Fuels,192720
France,2022,Transport equipment,185959
France,2022,Agricultural products,174509
France,2022,Food,158940
France,2022,Automotive products,118275
France,2022,Pharmaceuticals,73906
France,2022,Other,229316
France,2023,Manufactures,1060839
France,2023,Machinery and transport equipment,493674
France,2023,Chemicals,233838
France,2023,Transport equipment,216076
France,2023,Agricultural products,176903
France,2023,Fuels and mining products,173239
France,2023,Food,162893
France,2023,Automotive products,142879
France,2023,Fuels,140836
France,2023,Pharmaceuticals,77314
France,2023,Other,217057
French Polynesia,2018,Manufactures,1657
French Polynesia,2018,Machinery and transport equipment,992
French Polynesia,2018,Transport equipment,679
French Polynesia,2018,Agricultural products,492
French Polynesia,2018,Food,466
French Polynesia,2018,Fuels and mining products,230
French Polynesia,2018,Fuels,215
French Polynesia,2018,Chemicals,196
French Polynesia,2018,Automotive products,157
French Polynesia,2018,Office and telecom equipment,98
French Polynesia,2018,Other,278
French Polynesia,2019,Manufactures,1520
French Polynesia,2019,Machinery and transport equipment,879
French Polynesia,2019,Transport equipment,585
French Polynesia,2019,Agricultural products,493
French Polynesia,2019,Food,463
French Polynesia,2019,Fuels and mining products,223
French Polynesia,2019,Fuels,208
French Polynesia,2019,Chemicals,196
French Polynesia,2019,Automotive products,163
French Polynesia,2019,Office and telecom equipment,101
French Polynesia,2019,Other,276
French Polynesia,2020,Manufactures,1123
French Polynesia,2020,Machinery and transport equipment,511
French Polynesia,2020,Agricultural products,472
French Polynesia,2020,Food,445
French Polynesia,2020,Transport equipment,224
French Polynesia,2020,Chemicals,205
French Polynesia,2020,Fuels and mining products,174
French Polynesia,2020,Fuels,160
French Polynesia,2020,Automotive products,133
French Polynesia,2020,Office and telecom equipment,99
French Polynesia,2020,Other,281
French Polynesia,2021,Manufactures,1359
French Polynesia,2021,Machinery and transport equipment,642
French Polynesia,2021,Agricultural products,520
French Polynesia,2021,Food,481
French Polynesia,2021,Transport equipment,304
French Polynesia,2021,Chemicals,238
French Polynesia,2021,Fuels and mining products,219
French Polynesia,2021,Fuels,204
French Polynesia,2021,Automotive products,166
French Polynesia,2021,Pharmaceuticals,117
French Polynesia,2021,Other,328
French Polynesia,2022,Manufactures,1373
French Polynesia,2022,Agricultural products,608
French Polynesia,2022,Machinery and transport equipment,604
French Polynesia,2022,Food,566
French Polynesia,2022,Fuels and mining products,345
French Polynesia,2022,Fuels,327
French Polynesia,2022,Transport equipment,264
French Polynesia,2022,Chemicals,229
French Polynesia,2022,Automotive products,161
French Polynesia,2022,Office and telecom equipment,110
French Polynesia,2022,Other,341
French Polynesia,2023,Manufactures,1076
French Polynesia,2023,Machinery and transport equipment,441
French Polynesia,2023,Agricultural products,403
French Polynesia,2023,Food,382
French Polynesia,2023,Transport equipment,189
French Polynesia,2023,Chemicals,179
French Polynesia,2023,Office and telecom equipment,95
French Polynesia,2023,Pharmaceuticals,95
French Polynesia,2023,Automotive products,90
French Polynesia,2023,Telecommunications equipment,48
French Polynesia,2023,Other,152
Gabon,2018,Manufactures,5896
Gabon,2018,Fuels and mining products,5160
Gabon,2018,Fuels,4874
Gabon,2018,Machinery and transport equipment,4771
Gabon,2018,Transport equipment,2756
Gabon,2018,Agricultural products,1014
Gabon,2018,Food,592
Gabon,2018,Chemicals,276
Gabon,2018,Automotive products,200
Gabon,2018,Iron and steel,169
Gabon,2018,Other,253
Gabon,2019,Manufactures,5766
Gabon,2019,Fuels and mining products,4852
Gabon,2019,Machinery and transport equipment,4575
Gabon,2019,Fuels,4500
Gabon,2019,Transport equipment,3001
Gabon,2019,Agricultural products,963
Gabon,2019,Food,584
Gabon,2019,Chemicals,261
Gabon,2019,Iron and steel,185
Gabon,2019,Automotive products,165
Gabon,2019,Other,252
Gabon,2020,Manufactures,5188
Gabon,2020,Fuels and mining products,4520
Gabon,2020,Fuels,4049
Gabon,2020,Machinery and transport equipment,4017
Gabon,2020,Transport equipment,3250
Gabon,2020,Agricultural products,1113
Gabon,2020,Food,624
Gabon,2020,Chemicals,259
Gabon,2020,Iron and steel,221
Gabon,2020,Automotive products,148
Gabon,2020,Other,254
Gabon,2021,Manufactures,5522
Gabon,2021,Fuels and mining products,4928
Gabon,2021,Fuels,4358
Gabon,2021,Machinery and transport equipment,4165
Gabon,2021,Transport equipment,3454
Gabon,2021,Agricultural products,1201
Gabon,2021,Food,714
Gabon,2021,Chemicals,276
Gabon,2021,Iron and steel,203
Gabon,2021,Automotive products,190
Gabon,2021,Other,279
Gabon,2022,Fuels and mining products,6568
Gabon,2022,Fuels,5870
Gabon,2022,Manufactures,5267
Gabon,2022,Machinery and transport equipment,3496
Gabon,2022,Transport equipment,2362
Gabon,2022,Agricultural products,1296
Gabon,2022,Food,783
Gabon,2022,Chemicals,337
Gabon,2022,Iron and steel,311
Gabon,2022,Automotive products,191
Gabon,2022,Other,353
Gabon,2023,Manufactures,5480
Gabon,2023,Fuels and mining products,5149
Gabon,2023,Fuels,4569
Gabon,2023,Machinery and transport equipment,3899
Gabon,2023,Transport equipment,3019
Gabon,2023,Agricultural products,1285
Gabon,2023,Food,783
Gabon,2023,Chemicals,350
Gabon,2023,Iron and steel,302
Gabon,2023,Automotive products,236
Gabon,2023,Other,313
Georgia,2018,Manufactures,7665
Georgia,2018,Machinery and transport equipment,3331
Georgia,2018,Fuels and mining products,2511
Georgia,2018,Agricultural products,2355
Georgia,2018,Food,2254
Georgia,2018,Transport equipment,1586
Georgia,2018,Automotive products,1499
Georgia,2018,Fuels,1409
Georgia,2018,Chemicals,1347
Georgia,2018,Iron and steel,748
Georgia,2018,Other,1984
Georgia,2019,Manufactures,8241
Georgia,2019,Machinery and transport equipment,3823
Georgia,2019,Fuels and mining products,2759
Georgia,2019,Transport equipment,2220
Georgia,2019,Agricultural products,2200
Georgia,2019,Automotive products,2129
Georgia,2019,Food,2100
Georgia,2019,Chemicals,1442
Georgia,2019,Fuels,1319
Georgia,2019,Iron and steel,643
Georgia,2019,Other,1970
Georgia,2020,Manufactures,6508
Georgia,2020,Machinery and transport equipment,2734
Georgia,2020,Fuels and mining products,2548
Georgia,2020,Agricultural products,2178
Georgia,2020,Food,2100
Georgia,2020,Transport equipment,1529
Georgia,2020,Automotive products,1432
Georgia,2020,Chemicals,1319
Georgia,2020,Fuels,971
Georgia,2020,Iron and steel,534
Georgia,2020,Other,1604
Georgia,2021,Manufactures,8440
Georgia,2021,Machinery and transport equipment,3444
Georgia,2021,Fuels and mining products,3223
Georgia,2021,Agricultural products,2535
Georgia,2021,Food,2429
Georgia,2021,Transport equipment,1805
Georgia,2021,Automotive products,1722
Georgia,2021,Chemicals,1666
Georgia,2021,Fuels,1358
Georgia,2021,Iron and steel,910
Georgia,2021,Other,2349
Georgia,2022,Manufactures,11424
Georgia,2022,Machinery and transport equipment,5239
Georgia,2022,Fuels and mining products,4380
Georgia,2022,Agricultural products,3165
Georgia,2022,Transport equipment,3121
Georgia,2022,Food,3033
Georgia,2022,Automotive products,2964
Georgia,2022,Fuels,2130
Georgia,2022,Chemicals,1993
Georgia,2022,Iron and steel,1040
Georgia,2022,Other,2887
Georgia,2023,Manufactures,14982
Georgia,2023,Machinery and transport equipment,8611
Georgia,2023,Transport equipment,6194
Georgia,2023,Automotive products,6012
Georgia,2023,Agricultural products,3518
Georgia,2023,Food,3368
Georgia,2023,Fuels and mining products,2973
Georgia,2023,Chemicals,2156
Georgia,2023,Fuels,1904
Georgia,2023,Pharmaceuticals,794
Georgia,2023,Other,3072
Germany,2018,Manufactures,2325163
Germany,2018,Machinery and transport equipment,1260396
Germany,2018,Transport equipment,521987
Germany,2018,Chemicals,443226
Germany,2018,Automotive products,401210
Germany,2018,Fuels and mining products,246595
Germany,2018,Agricultural products,212892
Germany,2018,Office and telecom equipment,187361
Germany,2018,Food,183427
Germany,2018,Pharmaceuticals,155902
Germany,2018,Other,499883
Germany,2019,Manufactures,2225039
Germany,2019,Machinery and transport equipment,1214572
Germany,2019,Transport equipment,503425
Germany,2019,Chemicals,420403
Germany,2019,Automotive products,384950
Germany,2019,Fuels and mining products,233283
Germany,2019,Agricultural products,204831
Germany,2019,Food,178201
Germany,2019,Office and telecom equipment,175177
Germany,2019,Pharmaceuticals,150619
Germany,2019,Other,468172
Germany,2020,Manufactures,2089798
Germany,2020,Machinery and transport equipment,1103577
Germany,2020,Transport equipment,430620
Germany,2020,Chemicals,422994
Germany,2020,Automotive products,334074
Germany,2020,Agricultural products,207444
Germany,2020,Fuels and mining products,192819
Germany,2020,Food,182194
Germany,2020,Office and telecom equipment,173935
Germany,2020,Pharmaceuticals,166784
Germany,2020,Other,420770
Germany,2021,Manufactures,2452205
Germany,2021,Machinery and transport equipment,1267841
Germany,2021,Chemicals,516961
Germany,2021,Transport equipment,480955
Germany,2021,Automotive products,376492
Germany,2021,Fuels and mining products,284351
Germany,2021,Agricultural products,234115
Germany,2021,Food,200556
Germany,2021,Pharmaceuticals,200312
Germany,2021,Office and telecom equipment,199532
Germany,2021,Other,526782
Germany,2022,Manufactures,2534844
Germany,2022,Machinery and transport equipment,1281876
Germany,2022,Chemicals,573462
Germany,2022,Transport equipment,490450
Germany,2022,Fuels and mining products,404692
Germany,2022,Automotive products,385939
Germany,2022,Fuels,273002
Germany,2022,Agricultural products,245809
Germany,2022,Food,212140
Germany,2022,Pharmaceuticals,208274
Germany,2022,Other,589827
Germany,2023,Manufactures,2579309
Germany,2023,Machinery and transport equipment,1404734
Germany,2023,Transport equipment,555460
Germany,2023,Chemicals,515164
Germany,2023,Automotive products,442363
Germany,2023,Fuels and mining products,283296
Germany,2023,Agricultural products,257047
Germany,2023,Food,229557
Germany,2023,Office and telecom equipment,199915
Germany,2023,Pharmaceuticals,196026
Germany,2023,Other,545848
Ghana,2018,Manufactures,9492
Ghana,2018,Agricultural products,7215
Ghana,2018,Food,6840
Ghana,2018,Fuels and mining products,6153
Ghana,2018,Fuels,5476
Ghana,2018,Machinery and transport equipment,4258
Ghana,2018,Chemicals,1912
Ghana,2018,Transport equipment,1862
Ghana,2018,Automotive products,1708
Ghana,2018,Iron and steel,627
Ghana,2018,Other,1239
Ghana,2019,Manufactures,8619
Ghana,2019,Fuels and mining products,6277
Ghana,2019,Agricultural products,6066
Ghana,2019,Fuels,5615
Ghana,2019,Food,5504
Ghana,2019,Machinery and transport equipment,3781
Ghana,2019,Chemicals,1818
Ghana,2019,Transport equipment,1712
Ghana,2019,Automotive products,1566
Ghana,2019,Iron and steel,536
Ghana,2019,Other,1022
Ghana,2020,Manufactures,7827
Ghana,2020,Agricultural products,4867
Ghana,2020,Food,4593
Ghana,2020,Machinery and transport equipment,3440
Ghana,2020,Fuels and mining products,2163
Ghana,2020,Transport equipment,1696
Ghana,2020,Automotive products,1512
Ghana,2020,Fuels,1446
Ghana,2020,Chemicals,1286
Ghana,2020,Iron and steel,391
Ghana,2020,Other,1021
Ghana,2021,Manufactures,6981
Ghana,2021,Agricultural products,5315
Ghana,2021,Food,4893
Ghana,2021,Fuels and mining products,4476
Ghana,2021,Fuels,3977
Ghana,2021,Machinery and transport equipment,2983
Ghana,2021,Transport equipment,1663
Ghana,2021,Automotive products,1539
Ghana,2021,Chemicals,1283
Ghana,2021,Iron and steel,596
Ghana,2021,Other,662
Ghana,2022,Fuels and mining products,7622
Ghana,2022,Fuels,7197
Ghana,2022,Manufactures,7155
Ghana,2022,Agricultural products,5160
Ghana,2022,Food,4815
Ghana,2022,Machinery and transport equipment,2702
Ghana,2022,Chemicals,1794
Ghana,2022,Transport equipment,1181
Ghana,2022,Automotive products,1067
Ghana,2022,Iron and steel,698
Ghana,2022,Other,736
Ghana,2023,Manufactures,8306
Ghana,2023,Fuels and mining products,7279
Ghana,2023,Fuels,6502
Ghana,2023,Agricultural products,5280
Ghana,2023,Food,4865
Ghana,2023,Machinery and transport equipment,3042
Ghana,2023,Chemicals,2105
Ghana,2023,Transport equipment,1142
Ghana,2023,Automotive products,986
Ghana,2023,Iron and steel,865
Ghana,2023,Other,938
Greece,2018,Manufactures,46668
Greece,2018,Fuels and mining products,38586
Greece,2018,Fuels,32415
Greece,2018,Agricultural products,16540
Greece,2018,Food,15359
Greece,2018,Machinery and transport equipment,14915
Greece,2018,Chemicals,13592
Greece,2018,Pharmaceuticals,5537
Greece,2018,Office and telecom equipment,4018
Greece,2018,Transport equipment,3638
Greece,2018,Other,13557
Greece,2019,Manufactures,48141
Greece,2019,Fuels and mining products,34110
Greece,2019,Fuels,28643
Greece,2019,Agricultural products,16149
Greece,2019,Machinery and transport equipment,15341
Greece,2019,Food,14829
Greece,2019,Chemicals,14324
Greece,2019,Pharmaceuticals,5487
Greece,2019,Transport equipment,4063
Greece,2019,Office and telecom equipment,3872
Greece,2019,Other,13664
Greece,2020,Manufactures,49063
Greece,2020,Fuels and mining products,24040
Greece,2020,Fuels,18784
Greece,2020,Chemicals,17204
Greece,2020,Agricultural products,16431
Greece,2020,Food,15347
Greece,2020,Machinery and transport equipment,15020
Greece,2020,Pharmaceuticals,6990
Greece,2020,Office and telecom equipment,4254
Greece,2020,Transport equipment,3504
Greece,2020,Other,12773
Greece,2021,Manufactures,61522
Greece,2021,Fuels and mining products,41178
Greece,2021,Fuels,33351
Greece,2021,Machinery and transport equipment,20453
Greece,2021,Agricultural products,19947
Greece,2021,Chemicals,19676
Greece,2021,Food,18242
Greece,2021,Pharmaceuticals,7815
Greece,2021,Office and telecom equipment,5284
Greece,2021,Transport equipment,4449
Greece,2021,Other,16276
Greece,2022,Manufactures,68077
Greece,2022,Fuels and mining products,66532
Greece,2022,Fuels,57419
Greece,2022,Machinery and transport equipment,22970
Greece,2022,Agricultural products,22068
Greece,2022,Food,20401
Greece,2022,Chemicals,19519
Greece,2022,Pharmaceuticals,7051
Greece,2022,Office and telecom equipment,6886
Greece,2022,Transport equipment,5126
Greece,2022,Other,19713
Greece,2023,Manufactures,69409
Greece,2023,Fuels and mining products,50103
Greece,2023,Fuels,42435
Greece,2023,Machinery and transport equipment,25022
Greece,2023,Agricultural products,23802
Greece,2023,Food,22384
Greece,2023,Chemicals,19170
Greece,2023,Pharmaceuticals,7600
Greece,2023,Transport equipment,6596
Greece,2023,Office and telecom equipment,6504
Greece,2023,Other,19057
Greenland,2018,Agricultural products,760
Greenland,2018,Food,757
Greenland,2018,Manufactures,525
Greenland,2018,Machinery and transport equipment,291
Greenland,2018,Transport equipment,182
Greenland,2018,Fuels and mining products,141
Greenland,2018,Fuels,136
Greenland,2018,Chemicals,43
Greenland,2018,Office and telecom equipment,31
Greenland,2018,Clothing,23
Greenland,2018,Other,93
Greenland,2019,Agricultural products,845
Greenland,2019,Food,841
Greenland,2019,Manufactures,752
Greenland,2019,Machinery and transport equipment,495
Greenland,2019,Transport equipment,377
Greenland,2019,Fuels and mining products,150
Greenland,2019,Fuels,147
Greenland,2019,Automotive products,32
Greenland,2019,Chemicals,32
Greenland,2019,Office and telecom equipment,32
Greenland,2019,Other,79
Greenland,2020,Agricultural products,898
Greenland,2020,Food,894
Greenland,2020,Manufactures,758
Greenland,2020,Machinery and transport equipment,422
Greenland,2020,Transport equipment,257
Greenland,2020,Fuels and mining products,103
Greenland,2020,Fuels,99
Greenland,2020,Chemicals,51
Greenland,2020,Automotive products,45
Greenland,2020,Office and telecom equipment,45
Greenland,2020,Other,114
Greenland,2021,Agricultural products,912
Greenland,2021,Food,908
Greenland,2021,Manufactures,787
Greenland,2021,Machinery and transport equipment,441
Greenland,2021,Transport equipment,260
Greenland,2021,Fuels and mining products,154
Greenland,2021,Fuels,149
Greenland,2021,Office and telecom equipment,63
Greenland,2021,Chemicals,52
Greenland,2021,Automotive products,41
Greenland,2021,Other,127
Greenland,2022,Agricultural products,945
Greenland,2022,Food,940
Greenland,2022,Manufactures,651
Greenland,2022,Machinery and transport equipment,318
Greenland,2022,Fuels and mining products,270
Greenland,2022,Fuels,241
Greenland,2022,Transport equipment,157
Greenland,2022,Chemicals,47
Greenland,2022,Office and telecom equipment,38
Greenland,2022,Automotive products,34
Greenland,2022,Other,99
Greenland,2023,Agricultural products,959
Greenland,2023,Food,954
Greenland,2023,Manufactures,596
Greenland,2023,Machinery and transport equipment,298
Greenland,2023,Fuels and mining products,215
Greenland,2023,Fuels,199
Greenland,2023,Transport equipment,151
Greenland,2023,Chemicals,40
Greenland,2023,Automotive products,32
Greenland,2023,Office and telecom equipment,31
Greenland,2023,Other,77
Grenada,2018,Manufactures,270
Grenada,2018,Agricultural products,137
Grenada,2018,Food,127
Grenada,2018,Machinery and transport equipment,122
Grenada,2018,Fuels and mining products,90
Grenada,2018,Fuels,85
Grenada,2018,Transport equipment,39
Grenada,2018,Chemicals,37
Grenada,2018,Automotive products,30
Grenada,2018,Office and telecom equipment,30
Grenada,2018,Other,63
Grenada,2019,Manufactures,285
Grenada,2019,Agricultural products,145
Grenada,2019,Food,137
Grenada,2019,Machinery and transport equipment,109
Grenada,2019,Fuels and mining products,83
Grenada,2019,Fuels,78
Grenada,2019,Chemicals,37
Grenada,2019,Transport equipment,34
Grenada,2019,Automotive products,27
Grenada,2019,Office and telecom equipment,23
Grenada,2019,Other,53
Grenada,2020,Manufactures,237
Grenada,2020,Agricultural products,123
Grenada,2020,Food,116
Grenada,2020,Machinery and transport equipment,89
Grenada,2020,Fuels and mining products,57
Grenada,2020,Fuels,53
Grenada,2020,Chemicals,37
Grenada,2020,Transport equipment,28
Grenada,2020,Office and telecom equipment,23
Grenada,2020,Automotive products,22
Grenada,2020,Other,56
Grenada,2021,Manufactures,265
Grenada,2021,Agricultural products,143
Grenada,2021,Food,132
Grenada,2021,Machinery and transport equipment,93
Grenada,2021,Fuels and mining products,70
Grenada,2021,Fuels,65
Grenada,2021,Chemicals,42
Grenada,2021,Transport equipment,26
Grenada,2021,Office and telecom equipment,23
Grenada,2021,Automotive products,21
Grenada,2021,Other,59
Grenada,2022,Manufactures,313
Grenada,2022,Agricultural products,183
Grenada,2022,Food,170
Grenada,2022,Fuels and mining products,128
Grenada,2022,Fuels,119
Grenada,2022,Machinery and transport equipment,104
Grenada,2022,Chemicals,47
Grenada,2022,Transport equipment,33
Grenada,2022,Automotive products,27
Grenada,2022,Office and telecom equipment,23
Grenada,2022,Other,63
Grenada,2023,Manufactures,358
Grenada,2023,Agricultural products,179
Grenada,2023,Food,168
Grenada,2023,Machinery and transport equipment,135
Grenada,2023,Fuels and mining products,116
Grenada,2023,Fuels,107
Grenada,2023,Chemicals,52
Grenada,2023,Transport equipment,48
Grenada,2023,Automotive products,37
Grenada,2023,Office and telecom equipment,26
Grenada,2023,Other,70
Guatemala,2018,Manufactures,17611
Guatemala,2018,Agricultural products,8682
Guatemala,2018,Food,8032
Guatemala,2018,Machinery and transport equipment,4652
Guatemala,2018,Chemicals,4638
Guatemala,2018,Fuels and mining products,4088
Guatemala,2018,Fuels,3723
Guatemala,2018,Clothing,1790
Guatemala,2018,Transport equipment,1628
Guatemala,2018,Textiles,1266
Guatemala,2018,Other,5928
Guatemala,2019,Manufactures,17687
Guatemala,2019,Agricultural products,9193
Guatemala,2019,Food,8534
Guatemala,2019,Machinery and transport equipment,4833
Guatemala,2019,Chemicals,4604
Guatemala,2019,Fuels and mining products,4118
Guatemala,2019,Fuels,3786
Guatemala,2019,Clothing,1741
Guatemala,2019,Transport equipment,1630
Guatemala,2019,Office and telecom equipment,1363
Guatemala,2019,Other,6022
Guatemala,2020,Manufactures,17121
Guatemala,2020,Agricultural products,9819
Guatemala,2020,Food,9215
Guatemala,2020,Chemicals,4860
Guatemala,2020,Machinery and transport equipment,4435
Guatemala,2020,Fuels and mining products,2746
Guatemala,2020,Fuels,2425
Guatemala,2020,Clothing,1504
Guatemala,2020,Transport equipment,1387
Guatemala,2020,Office and telecom equipment,1349
Guatemala,2020,Other,5928
Guatemala,2021,Manufactures,24044
Guatemala,2021,Agricultural products,11338
Guatemala,2021,Food,10464
Guatemala,2021,Chemicals,6385
Guatemala,2021,Machinery and transport equipment,6381
Guatemala,2021,Fuels and mining products,4914
Guatemala,2021,Fuels,4380
Guatemala,2021,Transport equipment,2195
Guatemala,2021,Iron and steel,2104
Guatemala,2021,Clothing,2017
Guatemala,2021,Other,8181
Guatemala,2022,Manufactures,27580
Guatemala,2022,Agricultural products,13398
Guatemala,2022,Food,12368
Guatemala,2022,Chemicals,7666
Guatemala,2022,Machinery and transport equipment,7263
Guatemala,2022,Fuels and mining products,6734
Guatemala,2022,Fuels,6160
Guatemala,2022,Transport equipment,2415
Guatemala,2022,Clothing,2311
Guatemala,2022,Iron and steel,2207
Guatemala,2022,Other,9180
Guatemala,2023,Manufactures,25583
Guatemala,2023,Agricultural products,13005
Guatemala,2023,Food,12069
Guatemala,2023,Machinery and transport equipment,7894
Guatemala,2023,Chemicals,6823
Guatemala,2023,Fuels and mining products,5790
Guatemala,2023,Fuels,5333
Guatemala,2023,Transport equipment,2860
Guatemala,2023,Automotive products,2241
Guatemala,2023,Clothing,1980
Guatemala,2023,Other,8326
Guinea,2018,Fuels and mining products,4349
Guinea,2018,Fuels,1077
Guinea,2018,Manufactures,1026
Guinea,2018,Agricultural products,498
Guinea,2018,Food,485
Guinea,2018,Machinery and transport equipment,390
Guinea,2018,Chemicals,270
Guinea,2018,Transport equipment,238
Guinea,2018,Pharmaceuticals,140
Guinea,2018,Iron and steel,111
Guinea,2018,Other,99
Guinea,2019,Fuels and mining products,3841
Guinea,2019,Manufactures,1417
Guinea,2019,Fuels,1037
Guinea,2019,Machinery and transport equipment,695
Guinea,2019,Transport equipment,524
Guinea,2019,Agricultural products,451
Guinea,2019,Food,439
Guinea,2019,Chemicals,317
Guinea,2019,Automotive products,144
Guinea,2019,Pharmaceuticals,125
Guinea,2019,Other,91
Guinea,2020,Fuels and mining products,7510
Guinea,2020,Manufactures,1457
Guinea,2020,Fuels,1213
Guinea,2020,Machinery and transport equipment,599
Guinea,2020,Agricultural products,556
Guinea,2020,Food,542
Guinea,2020,Chemicals,410
Guinea,2020,Transport equipment,408
Guinea,2020,Pharmaceuticals,178
Guinea,2020,Iron and steel,134
Guinea,2020,Other,156
Guinea,2021,Fuels and mining products,10656
Guinea,2021,Fuels,1729
Guinea,2021,Manufactures,1724
Guinea,2021,Agricultural products,838
Guinea,2021,Food,810
Guinea,2021,Machinery and transport equipment,787
Guinea,2021,Transport equipment,577
Guinea,2021,Chemicals,448
Guinea,2021,Iron and steel,229
Guinea,2021,Pharmaceuticals,207
Guinea,2021,Other,233
Guinea,2022,Fuels and mining products,9479
Guinea,2022,Fuels,2757
Guinea,2022,Manufactures,1783
Guinea,2022,Machinery and transport equipment,955
Guinea,2022,Transport equipment,750
Guinea,2022,Agricultural products,675
Guinea,2022,Food,632
Guinea,2022,Chemicals,285
Guinea,2022,Iron and steel,219
Guinea,2022,Automotive products,162
Guinea,2022,Other,70
Guinea,2023,Fuels and mining products,4780
Guinea,2023,Manufactures,2825
Guinea,2023,Machinery and transport equipment,1876
Guinea,2023,Fuels,1541
Guinea,2023,Transport equipment,968
Guinea,2023,Agricultural products,777
Guinea,2023,Food,716
Guinea,2023,Chemicals,398
Guinea,2023,Automotive products,331
Guinea,2023,Iron and steel,238
Guinea,2023,Other,327
Guinea-Bissau,2018,Agricultural products,316
Guinea-Bissau,2018,Food,237
Guinea-Bissau,2018,Manufactures,64
Guinea-Bissau,2018,Fuels and mining products,30
Guinea-Bissau,2018,Fuels,29
Guinea-Bissau,2018,Machinery and transport equipment,28
Guinea-Bissau,2018,Automotive products,9
Guinea-Bissau,2018,Transport equipment,9
Guinea-Bissau,2018,Chemicals,8
Guinea-Bissau,2018,Office and telecom equipment,7
Guinea-Bissau,2018,Other,17
Guyana,2018,Manufactures,1597
Guyana,2018,Agricultural products,712
Guyana,2018,Fuels and mining products,703
Guyana,2018,Food,681
Guyana,2018,Machinery and transport equipment,644
Guyana,2018,Fuels,533
Guyana,2018,Chemicals,423
Guyana,2018,Transport equipment,152
Guyana,2018,Automotive products,112
Guyana,2018,Iron and steel,90
Guyana,2018,Other,189
Guyana,2019,Manufactures,3189
Guyana,2019,Machinery and transport equipment,1976
Guyana,2019,Transport equipment,1166
Guyana,2019,Fuels and mining products,789
Guyana,2019,Agricultural products,729
Guyana,2019,Food,701
Guyana,2019,Fuels,617
Guyana,2019,Chemicals,418
Guyana,2019,Iron and steel,182
Guyana,2019,Automotive products,104
Guyana,2019,Other,200
Guyana,2020,Manufactures,1980
Guyana,2020,Fuels and mining products,1713
Guyana,2020,Fuels,1606
Guyana,2020,Machinery and transport equipment,1042
Guyana,2020,Agricultural products,760
Guyana,2020,Food,740
Guyana,2020,Transport equipment,566
Guyana,2020,Chemicals,345
Guyana,2020,Iron and steel,157
Guyana,2020,Automotive products,130
Guyana,2020,Other,273
Guyana,2021,Fuels and mining products,3922
Guyana,2021,Fuels,3808
Guyana,2021,Manufactures,3190
Guyana,2021,Machinery and transport equipment,2344
Guyana,2021,Transport equipment,1881
Guyana,2021,Agricultural products,761
Guyana,2021,Food,736
Guyana,2021,Chemicals,284
Guyana,2021,Automotive products,176
Guyana,2021,Iron and steel,93
Guyana,2021,Other,260
Guyana,2022,Fuels and mining products,11287
Guyana,2022,Fuels,11141
Guyana,2022,Manufactures,1930
Guyana,2022,Machinery and transport equipment,924
Guyana,2022,Agricultural products,858
Guyana,2022,Food,830
Guyana,2022,Chemicals,303
Guyana,2022,Transport equipment,274
Guyana,2022,Automotive products,211
Guyana,2022,Iron and steel,202
Guyana,2022,Other,275
Guyana,2023,Fuels and mining products,8505
Guyana,2023,Fuels,8329
Guyana,2023,Manufactures,5998
Guyana,2023,Machinery and transport equipment,4198
Guyana,2023,Transport equipment,2626
Guyana,2023,Agricultural products,955
Guyana,2023,Food,936
Guyana,2023,Chemicals,495
Guyana,2023,Automotive products,414
Guyana,2023,Iron and steel,292
Guyana,2023,Other,314
Haiti,2018,Manufactures,3674
Haiti,2018,Agricultural products,1242
Haiti,2018,Food,1168
Haiti,2018,Clothing,897
Haiti,2018,Fuels and mining products,753
Haiti,2018,Machinery and transport equipment,730
Haiti,2018,Chemicals,729
Haiti,2018,Fuels,719
Haiti,2019,Manufactures,3525
Haiti,2019,Agricultural products,996
Haiti,2019,Clothing,971
Haiti,2019,Food,935
Haiti,2019,Fuels and mining products,802
Haiti,2019,Fuels,757
Haiti,2019,Machinery and transport equipment,516
Haiti,2019,Chemicals,440
Haiti,2020,Manufactures,2904
Haiti,2020,Agricultural products,937
Haiti,2020,Food,884
Haiti,2020,Clothing,747
Haiti,2020,Fuels and mining products,581
Haiti,2020,Fuels,547
Haiti,2020,Chemicals,532
Haiti,2020,Machinery and transport equipment,370
Haiti,2021,Manufactures,3743
Haiti,2021,Agricultural products,975
Haiti,2021,Clothing,930
Haiti,2021,Food,913
Haiti,2021,Fuels and mining products,667
Haiti,2021,Fuels,624
Haiti,2021,Chemicals,498
Haiti,2021,Machinery and transport equipment,498
Haiti,2022,Manufactures,3713
Haiti,2022,Agricultural products,1042
Haiti,2022,Food,981
Haiti,2022,Fuels and mining products,918
Haiti,2022,Clothing,899
Haiti,2022,Fuels,863
Haiti,2022,Machinery and transport equipment,417
Haiti,2022,Chemicals,328
Haiti,2023,Manufactures,1922
Haiti,2023,Agricultural products,829
Haiti,2023,Food,798
Haiti,2023,Clothing,718
Haiti,2023,Fuels and mining products,387
Haiti,2023,Fuels,349
Haiti,2023,Machinery and transport equipment,215
Haiti,2023,Chemicals,147
Honduras,2018,Manufactures,13223
Honduras,2018,Agricultural products,4647
Honduras,2018,Food,4474
Honduras,2018,Clothing,4364
Honduras,2018,Machinery and transport equipment,2621
Honduras,2018,Textiles,1856
Honduras,2018,Chemicals,1808
Honduras,2018,Fuels and mining products,1749
Honduras,2018,Fuels,1553
Honduras,2018,Transport equipment,818
Honduras,2018,Other,2726
Honduras,2019,Manufactures,12760
Honduras,2019,Clothing,4721
Honduras,2019,Agricultural products,4053
Honduras,2019,Food,3889
Honduras,2019,Machinery and transport equipment,2243
Honduras,2019,Textiles,1955
Honduras,2019,Fuels and mining products,1748
Honduras,2019,Fuels,1627
Honduras,2019,Chemicals,1619
Honduras,2019,Transport equipment,735
Honduras,2019,Other,2626
Honduras,2020,Manufactures,10752
Honduras,2020,Agricultural products,4759
Honduras,2020,Food,4610
Honduras,2020,Clothing,3250
Honduras,2020,Machinery and transport equipment,2244
Honduras,2020,Chemicals,1830
Honduras,2020,Textiles,1352
Honduras,2020,Fuels and mining products,1274
Honduras,2020,Fuels,1098
Honduras,2020,Transport equipment,580
Honduras,2020,Other,2317
Honduras,2021,Manufactures,16141
Honduras,2021,Agricultural products,5591
Honduras,2021,Food,5365
Honduras,2021,Clothing,4492
Honduras,2021,Machinery and transport equipment,3560
Honduras,2021,Chemicals,2083
Honduras,2021,Textiles,2051
Honduras,2021,Fuels and mining products,1825
Honduras,2021,Fuels,1672
Honduras,2021,Transport equipment,1000
Honduras,2021,Other,3673
Honduras,2022,Manufactures,18937
Honduras,2022,Agricultural products,7614
Honduras,2022,Food,7284
Honduras,2022,Clothing,5505
Honduras,2022,Fuels and mining products,3315
Honduras,2022,Chemicals,3039
Honduras,2022,Machinery and transport equipment,2968
Honduras,2022,Fuels,2934
Honduras,2022,Textiles,2461
Honduras,2022,Iron and steel,943
Honduras,2022,Other,2951
Honduras,2023,Manufactures,17311
Honduras,2023,Agricultural products,7675
Honduras,2023,Food,7387
Honduras,2023,Clothing,4285
Honduras,2023,Machinery and transport equipment,3771
Honduras,2023,Fuels and mining products,3164
Honduras,2023,Fuels,2837
Honduras,2023,Chemicals,2690
Honduras,2023,Textiles,1724
Honduras,2023,Transport equipment,1374
Honduras,2023,Other,3848
"Hong Kong, China",2018,Manufactures,1060118
"Hong Kong, China",2018,Machinery and transport equipment,788669
"Hong Kong, China",2018,Office and telecom equipment,623486
"Hong Kong, China",2018,Integrated circuits and electronic components,318203
"Hong Kong, China",2018,Telecommunications equipment,194000
"Hong Kong, China",2018,Electronic data processing and office equipment,111284
"Hong Kong, China",2018,Agricultural products,42911
"Hong Kong, China",2018,Food,41362
"Hong Kong, China",2018,Chemicals,37802
"Hong Kong, China",2018,Fuels and mining products,29759
"Hong Kong, China",2018,Other,80890
"Hong Kong, China",2019,Manufactures,1003308
"Hong Kong, China",2019,Machinery and transport equipment,749764
"Hong Kong, China",2019,Office and telecom equipment,592972
"Hong Kong, China",2019,Integrated circuits and electronic components,314402
"Hong Kong, China",2019,Telecommunications equipment,182120
"Hong Kong, China",2019,Electronic data processing and office equipment,96450
"Hong Kong, China",2019,Agricultural products,39524
"Hong Kong, China",2019,Food,38307
"Hong Kong, China",2019,Chemicals,34935
"Hong Kong, China",2019,Fuels and mining products,29056
"Hong Kong, China",2019,Other,72673
"Hong Kong, China",2020,Manufactures,994665
"Hong Kong, China",2020,Machinery and transport equipment,778519
"Hong Kong, China",2020,Office and telecom equipment,623171
"Hong Kong, China",2020,Integrated circuits and electronic components,352943
"Hong Kong, China",2020,Telecommunications equipment,169236
"Hong Kong, China",2020,Electronic data processing and office equipment,100993
"Hong Kong, China",2020,Chemicals,38161
"Hong Kong, China",2020,Agricultural products,33850
"Hong Kong, China",2020,Food,32894
"Hong Kong, China",2020,Fuels and mining products,27107
"Hong Kong, China",2020,Other,54237
"Hong Kong, China",2021,Manufactures,1241855
"Hong Kong, China",2021,Machinery and transport equipment,979181
"Hong Kong, China",2021,Office and telecom equipment,795471
"Hong Kong, China",2021,Integrated circuits and electronic components,470322
"Hong Kong, China",2021,Telecommunications equipment,193858
"Hong Kong, China",2021,Electronic data processing and office equipment,131291
"Hong Kong, China",2021,Chemicals,42206
"Hong Kong, China",2021,Fuels and mining products,40647
"Hong Kong, China",2021,Agricultural products,36792
"Hong Kong, China",2021,Food,35832
"Hong Kong, China",2021,Other,60987
"Hong Kong, China",2022,Manufactures,1137908
"Hong Kong, China",2022,Machinery and transport equipment,884474
"Hong Kong, China",2022,Office and telecom equipment,729602
"Hong Kong, China",2022,Integrated circuits and electronic components,473569
"Hong Kong, China",2022,Telecommunications equipment,140567
"Hong Kong, China",2022,Electronic data processing and office equipment,115466
"Hong Kong, China",2022,Fuels and mining products,35922
"Hong Kong, China",2022,Chemicals,33354
"Hong Kong, China",2022,Agricultural products,32636
"Hong Kong, China",2022,Food,31731
"Hong Kong, China",2022,Other,56905
"Hong Kong, China",2023,Manufactures,1054505
"Hong Kong, China",2023,Machinery and transport equipment,806361
"Hong Kong, China",2023,Office and telecom equipment,660729
"Hong Kong, China",2023,Integrated circuits and electronic components,429357
"Hong Kong, China",2023,Telecommunications equipment,137853
"Hong Kong, China",2023,Electronic data processing and office equipment,93519
"Hong Kong, China",2023,Fuels and mining products,37483
"Hong Kong, China",2023,Agricultural products,33201
"Hong Kong, China",2023,Chemicals,32620
"Hong Kong, China",2023,Food,32230
"Hong Kong, China",2023,Other,55749
"Hong Kong, China",2024,Manufactures,1140102
"Hong Kong, China",2024,Office and telecom equipment,746856
"Hong Kong, China",2024,Clothing,8972
Hungary,2018,Manufactures,200830
Hungary,2018,Machinery and transport equipment,124081
Hungary,2018,Transport equipment,43959
Hungary,2018,Automotive products,36529
Hungary,2018,Chemicals,30001
Hungary,2018,Office and telecom equipment,28189
Hungary,2018,Fuels and mining products,22016
Hungary,2018,Agricultural products,18174
Hungary,2018,Fuels,17028
Hungary,2018,Food,16280
Hungary,2018,Other,49137
Hungary,2019,Manufactures,201657
Hungary,2019,Machinery and transport equipment,127594
Hungary,2019,Transport equipment,44698
Hungary,2019,Automotive products,38267
Hungary,2019,Office and telecom equipment,31875
Hungary,2019,Chemicals,29598
Hungary,2019,Fuels and mining products,18970
Hungary,2019,Agricultural products,18354
Hungary,2019,Telecommunications equipment,17577
Hungary,2019,Food,16533
Hungary,2019,Other,49639
Hungary,2020,Manufactures,198589
Hungary,2020,Machinery and transport equipment,122788
Hungary,2020,Transport equipment,40093
Hungary,2020,Automotive products,34081
Hungary,2020,Chemicals,32476
Hungary,2020,Office and telecom equipment,32073
Hungary,2020,Agricultural products,18867
Hungary,2020,Telecommunications equipment,18051
Hungary,2020,Food,17341
Hungary,2020,Pharmaceuticals,14408
Hungary,2020,Other,46087
Hungary,2021,Manufactures,231191
Hungary,2021,Machinery and transport equipment,141659
Hungary,2021,Transport equipment,44291
Hungary,2021,Chemicals,38658
Hungary,2021,Automotive products,36871
Hungary,2021,Office and telecom equipment,35684
Hungary,2021,Fuels and mining products,25017
Hungary,2021,Agricultural products,22107
Hungary,2021,Telecommunications equipment,20522
Hungary,2021,Food,19905
Hungary,2021,Other,59717
Hungary,2022,Manufactures,243468
Hungary,2022,Machinery and transport equipment,148969
Hungary,2022,Transport equipment,45144
Hungary,2022,Fuels and mining products,41555
Hungary,2022,Chemicals,40756
Hungary,2022,Automotive products,36986
Hungary,2022,Fuels,35014
Hungary,2022,Office and telecom equipment,32990
Hungary,2022,Agricultural products,25230
Hungary,2022,Food,22903
Hungary,2022,Other,58268
Hungary,2023,Manufactures,262128
Hungary,2023,Machinery and transport equipment,163248
Hungary,2023,Transport equipment,53967
Hungary,2023,Automotive products,45712
Hungary,2023,Chemicals,42197
Hungary,2023,Office and telecom equipment,36166
Hungary,2023,Fuels and mining products,26590
Hungary,2023,Agricultural products,26468
Hungary,2023,Food,23994
Hungary,2023,Fuels,20303
Hungary,2023,Other,63267
Iceland,2018,Manufactures,5344
Iceland,2018,Fuels and mining products,4521
Iceland,2018,Agricultural products,3318
Iceland,2018,Food,3202
Iceland,2018,Machinery and transport equipment,2891
Iceland,2018,Fuels,1234
Iceland,2018,Transport equipment,1126
Iceland,2018,Automotive products,747
Iceland,2018,Chemicals,597
Iceland,2018,Office and telecom equipment,456
Iceland,2018,Other,1182
Iceland,2019,Manufactures,5008
Iceland,2019,Fuels and mining products,3466
Iceland,2019,Agricultural products,3282
Iceland,2019,Food,3192
Iceland,2019,Machinery and transport equipment,2668
Iceland,2019,Transport equipment,1054
Iceland,2019,Fuels,877
Iceland,2019,Chemicals,611
Iceland,2019,Automotive products,493
Iceland,2019,Office and telecom equipment,411
Iceland,2019,Other,1052
Iceland,2020,Manufactures,4436
Iceland,2020,Agricultural products,3172
Iceland,2020,Food,3084
Iceland,2020,Fuels and mining products,2636
Iceland,2020,Machinery and transport equipment,2105
Iceland,2020,Transport equipment,698
Iceland,2020,Chemicals,668
Iceland,2020,Automotive products,477
Iceland,2020,Fuels,413
Iceland,2020,Office and telecom equipment,372
Iceland,2020,Other,1030
Iceland,2021,Manufactures,6099
Iceland,2021,Fuels and mining products,3819
Iceland,2021,Agricultural products,3760
Iceland,2021,Food,3634
Iceland,2021,Machinery and transport equipment,3174
Iceland,2021,Transport equipment,1313
Iceland,2021,Chemicals,845
Iceland,2021,Automotive products,726
Iceland,2021,Fuels,661
Iceland,2021,Office and telecom equipment,626
Iceland,2021,Other,1506
Iceland,2022,Manufactures,7137
Iceland,2022,Fuels and mining products,5630
Iceland,2022,Agricultural products,4195
Iceland,2022,Food,4036
Iceland,2022,Machinery and transport equipment,3520
Iceland,2022,Fuels,1608
Iceland,2022,Transport equipment,1372
Iceland,2022,Automotive products,965
Iceland,2022,Chemicals,944
Iceland,2022,Office and telecom equipment,583
Iceland,2022,Other,1720
Iceland,2023,Manufactures,7325
Iceland,2023,Fuels and mining products,4654
Iceland,2023,Agricultural products,4092
Iceland,2023,Food,3951
Iceland,2023,Machinery and transport equipment,3778
Iceland,2023,Fuels,1418
Iceland,2023,Transport equipment,1409
Iceland,2023,Automotive products,1048
Iceland,2023,Chemicals,893
Iceland,2023,Office and telecom equipment,560
Iceland,2023,Other,1553
India,2018,Manufactures,469670
India,2018,Fuels and mining products,258742
India,2018,Fuels,217373
India,2018,Machinery and transport equipment,166603
India,2018,Chemicals,110176
India,2018,Agricultural products,67173
India,2018,Food,53419
India,2018,Office and telecom equipment,49585
India,2018,Transport equipment,43392
India,2018,Textiles,22643
India,2018,Other,131710
India,2019,Manufactures,469595
India,2019,Fuels and mining products,233543
India,2019,Fuels,197202
India,2019,Machinery and transport equipment,170907
India,2019,Chemicals,112636
India,2019,Agricultural products,65302
India,2019,Food,52691
India,2019,Office and telecom equipment,51014
India,2019,Transport equipment,43579
India,2019,Pharmaceuticals,22315
India,2019,Other,134089
India,2020,Manufactures,389735
India,2020,Fuels and mining products,164207
India,2020,Machinery and transport equipment,141078
India,2020,Fuels,131989
India,2020,Chemicals,105784
India,2020,Agricultural products,65060
India,2020,Food,55375
India,2020,Office and telecom equipment,45437
India,2020,Transport equipment,34273
India,2020,Pharmaceuticals,24488
India,2020,Other,111881
India,2021,Manufactures,541867
India,2021,Fuels and mining products,277001
India,2021,Fuels,226793
India,2021,Machinery and transport equipment,187156
India,2021,Chemicals,140498
India,2021,Agricultural products,88696
India,2021,Food,73509
India,2021,Office and telecom equipment,62588
India,2021,Transport equipment,42753
India,2021,Iron and steel,32823
India,2021,Other,156158
India,2022,Manufactures,608733
India,2022,Fuels and mining products,436369
India,2022,Fuels,375705
India,2022,Machinery and transport equipment,223075
India,2022,Chemicals,160829
India,2022,Agricultural products,101139
India,2022,Food,84756
India,2022,Office and telecom equipment,70270
India,2022,Transport equipment,50029
India,2022,Iron and steel,30536
India,2022,Other,166074
India,2023,Manufactures,599463
India,2023,Fuels and mining products,366804
India,2023,Fuels,309918
India,2023,Machinery and transport equipment,243477
India,2023,Chemicals,145899
India,2023,Agricultural products,92218
India,2023,Office and telecom equipment,83371
India,2023,Food,78867
India,2023,Transport equipment,55719
India,2023,Integrated circuits and electronic components,29170
India,2023,Other,177623
India,2024,Manufactures,327326
India,2024,Fuels and mining products,265522
India,2024,Chemicals,144066
India,2024,Agricultural products,97917
India,2024,Food,83388
India,2024,Iron and steel,27364
India,2024,Textiles,18764
India,2024,Clothing,16365
Indonesia,2018,Manufactures,199950
Indonesia,2018,Fuels and mining products,92835
Indonesia,2018,Machinery and transport equipment,81929
Indonesia,2018,Fuels,73588
Indonesia,2018,Agricultural products,70765
Indonesia,2018,Food,56131
Indonesia,2018,Chemicals,37676
Indonesia,2018,Transport equipment,21752
Indonesia,2018,Office and telecom equipment,19914
Indonesia,2018,Iron and steel,17232
Indonesia,2018,Other,56969
Indonesia,2019,Manufactures,193590
Indonesia,2019,Machinery and transport equipment,78699
Indonesia,2019,Fuels and mining products,72809
Indonesia,2019,Agricultural products,66077
Indonesia,2019,Fuels,57581
Indonesia,2019,Food,52231
Indonesia,2019,Chemicals,34406
Indonesia,2019,Transport equipment,20244
Indonesia,2019,Office and telecom equipment,19156
Indonesia,2019,Iron and steel,18869
Indonesia,2019,Other,54329
Indonesia,2020,Manufactures,172598
Indonesia,2020,Agricultural products,68268
Indonesia,2020,Machinery and transport equipment,67989
Indonesia,2020,Food,56391
Indonesia,2020,Fuels and mining products,55223
Indonesia,2020,Fuels,41281
Indonesia,2020,Chemicals,31158
Indonesia,2020,Office and telecom equipment,19072
Indonesia,2020,Iron and steel,18976
Indonesia,2020,Transport equipment,14695
Indonesia,2020,Other,46214
Indonesia,2021,Manufactures,231962
Indonesia,2021,Fuels and mining products,97601
Indonesia,2021,Agricultural products,93004
Indonesia,2021,Machinery and transport equipment,83568
Indonesia,2021,Food,77106
Indonesia,2021,Fuels,73948
Indonesia,2021,Chemicals,45955
Indonesia,2021,Iron and steel,33766
Indonesia,2021,Office and telecom equipment,23717
Indonesia,2021,Transport equipment,20068
Indonesia,2021,Other,62157
Indonesia,2022,Manufactures,272282
Indonesia,2022,Fuels and mining products,148697
Indonesia,2022,Fuels,115888
Indonesia,2022,Machinery and transport equipment,103086
Indonesia,2022,Agricultural products,102370
Indonesia,2022,Food,85753
Indonesia,2022,Chemicals,49152
Indonesia,2022,Iron and steel,43539
Indonesia,2022,Office and telecom equipment,27241
Indonesia,2022,Transport equipment,26834
Indonesia,2022,Other,69247
Indonesia,2023,Manufactures,254562
Indonesia,2023,Fuels and mining products,129506
Indonesia,2023,Machinery and transport equipment,103167
Indonesia,2023,Fuels,99602
Indonesia,2023,Agricultural products,91089
Indonesia,2023,Food,77095
Indonesia,2023,Iron and steel,40628
Indonesia,2023,Chemicals,39738
Indonesia,2023,Transport equipment,28354
Indonesia,2023,Office and telecom equipment,25925
Indonesia,2023,Other,65670
Indonesia,2024,Agricultural products,61881
Indonesia,2024,Food,51689
Indonesia,2024,Iron and steel,27060
Indonesia,2024,Clothing,8726
Indonesia,2024,Textiles,6961
Iran,2018,Fuels and mining products,64231
Iran,2018,Fuels,60953
Iran,2018,Manufactures,52027
Iran,2018,Chemicals,18497
Iran,2018,Agricultural products,18017
Iran,2018,Machinery and transport equipment,16714
Iran,2018,Food,16360
Iran,2018,Iron and steel,6380
Iran,2018,Transport equipment,3413
Iran,2018,Office and telecom equipment,2619
Iran,2018,Other,8975
Iran,2019,Manufactures,42443
Iran,2019,Fuels and mining products,23580
Iran,2019,Fuels,19524
Iran,2019,Agricultural products,18811
Iran,2019,Food,17185
Iran,2019,Chemicals,14776
Iran,2019,Machinery and transport equipment,13461
Iran,2019,Iron and steel,5616
Iran,2019,Office and telecom equipment,2296
Iran,2019,Transport equipment,2104
Iran,2019,Other,6751
Iran,2020,Manufactures,39137
Iran,2020,Agricultural products,18318
Iran,2020,Food,16758
Iran,2020,Chemicals,13486
Iran,2020,Machinery and transport equipment,12772
Iran,2020,Fuels and mining products,10633
Iran,2020,Fuels,8245
Iran,2020,Iron and steel,5278
Iran,2020,Office and telecom equipment,3612
Iran,2020,Telecommunications equipment,2961
Iran,2020,Other,5731
Iran,2021,Manufactures,53269
Iran,2021,Fuels and mining products,30408
Iran,2021,Fuels,26156
Iran,2021,Agricultural products,22104
Iran,2021,Food,20416
Iran,2021,Chemicals,19184
Iran,2021,Machinery and transport equipment,17070
Iran,2021,Iron and steel,8783
Iran,2021,Office and telecom equipment,5921
Iran,2021,Telecommunications equipment,4981
Iran,2021,Other,8312
Iran,2022,Manufactures,59557
Iran,2022,Fuels and mining products,46580
Iran,2022,Fuels,40166
Iran,2022,Agricultural products,23994
Iran,2022,Chemicals,22316
Iran,2022,Food,21994
Iran,2022,Machinery and transport equipment,18680
Iran,2022,Iron and steel,8871
Iran,2022,Office and telecom equipment,5559
Iran,2022,Telecommunications equipment,4339
Iran,2022,Other,11886
Iran,2023,Manufactures,59637
Iran,2023,Fuels and mining products,49010
Iran,2023,Fuels,42247
Iran,2023,Agricultural products,24933
Iran,2023,Food,22767
Iran,2023,Machinery and transport equipment,20812
Iran,2023,Chemicals,18952
Iran,2023,Iron and steel,8951
Iran,2023,Office and telecom equipment,5640
Iran,2023,Telecommunications equipment,3997
Iran,2023,Other,10547
Iraq,2018,Fuels and mining products,88286
Iraq,2018,Fuels,87730
Iraq,2018,Manufactures,31724
Iraq,2018,Machinery and transport equipment,12132
Iraq,2018,Agricultural products,11285
Iraq,2018,Food,10977
Iraq,2018,Chemicals,4397
Iraq,2018,Transport equipment,3703
Iraq,2018,Automotive products,2618
Iraq,2018,Clothing,2180
Iraq,2018,Other,6998
Iraq,2019,Fuels and mining products,80985
Iraq,2019,Fuels,80338
Iraq,2019,Manufactures,38784
Iraq,2019,Machinery and transport equipment,13902
Iraq,2019,Agricultural products,12435
Iraq,2019,Food,12075
Iraq,2019,Chemicals,5159
Iraq,2019,Transport equipment,4292
Iraq,2019,Automotive products,3387
Iraq,2019,Iron and steel,2768
Iraq,2019,Other,7037
Iraq,2020,Fuels and mining products,45326
Iraq,2020,Fuels,44632
Iraq,2020,Manufactures,35684
Iraq,2020,Machinery and transport equipment,12209
Iraq,2020,Agricultural products,11645
Iraq,2020,Food,11278
Iraq,2020,Chemicals,5128
Iraq,2020,Transport equipment,2862
Iraq,2020,Iron and steel,2421
Iraq,2020,Automotive products,2189
Iraq,2020,Other,7302
Iraq,2021,Fuels and mining products,73464
Iraq,2021,Fuels,72789
Iraq,2021,Manufactures,27555
Iraq,2021,Agricultural products,9716
Iraq,2021,Food,9357
Iraq,2021,Machinery and transport equipment,8833
Iraq,2021,Chemicals,4173
Iraq,2021,Iron and steel,2308
Iraq,2021,Transport equipment,2211
Iraq,2021,Automotive products,1685
Iraq,2021,Other,5442
Iraq,2022,Fuels and mining products,117783
Iraq,2022,Fuels,116805
Iraq,2022,Manufactures,37779
Iraq,2022,Agricultural products,13926
Iraq,2022,Food,13426
Iraq,2022,Machinery and transport equipment,12315
Iraq,2022,Chemicals,5466
Iraq,2022,Transport equipment,3235
Iraq,2022,Iron and steel,3219
Iraq,2022,Automotive products,2514
Iraq,2022,Other,6725
Iraq,2023,Fuels and mining products,103241
Iraq,2023,Fuels,102320
Iraq,2023,Manufactures,42102
Iraq,2023,Agricultural products,15346
Iraq,2023,Food,14947
Iraq,2023,Machinery and transport equipment,14902
Iraq,2023,Chemicals,6074
Iraq,2023,Transport equipment,5113
Iraq,2023,Iron and steel,3576
Iraq,2023,Automotive products,3515
Iraq,2023,Other,7134
Ireland,2018,Manufactures,231123
Ireland,2018,Chemicals,125038
Ireland,2018,Machinery and transport equipment,69526
Ireland,2018,Pharmaceuticals,68691
Ireland,2018,Transport equipment,36707
Ireland,2018,Agricultural products,26865
Ireland,2018,Food,25593
Ireland,2018,Office and telecom equipment,18841
Ireland,2018,Fuels and mining products,11172
Ireland,2018,Electronic data processing and office equipment,10385
Ireland,2018,Other,25747
Ireland,2019,Manufactures,231066
Ireland,2019,Chemicals,123641
Ireland,2019,Machinery and transport equipment,70853
Ireland,2019,Pharmaceuticals,64044
Ireland,2019,Transport equipment,33578
Ireland,2019,Agricultural products,26522
Ireland,2019,Food,25319
Ireland,2019,Office and telecom equipment,23290
Ireland,2019,Electronic data processing and office equipment,11488
Ireland,2019,Fuels and mining products,9915
Ireland,2019,Other,27994
Ireland,2020,Manufactures,242433
Ireland,2020,Chemicals,142133
Ireland,2020,Pharmaceuticals,81457
Ireland,2020,Machinery and transport equipment,63328
Ireland,2020,Agricultural products,26877
Ireland,2020,Food,25681
Ireland,2020,Transport equipment,23975
Ireland,2020,Office and telecom equipment,23958
Ireland,2020,Electronic data processing and office equipment,11173
Ireland,2020,Integrated circuits and electronic components,9241
Ireland,2020,Other,24117
Ireland,2021,Manufactures,269266
Ireland,2021,Chemicals,147673
Ireland,2021,Pharmaceuticals,85719
Ireland,2021,Machinery and transport equipment,75844
Ireland,2021,Office and telecom equipment,30001
Ireland,2021,Agricultural products,28758
Ireland,2021,Food,27050
Ireland,2021,Transport equipment,26854
Ireland,2021,Integrated circuits and electronic components,15944
Ireland,2021,Fuels and mining products,11591
Ireland,2021,Other,33458
Ireland,2022,Manufactures,310533
Ireland,2022,Chemicals,176904
Ireland,2022,Pharmaceuticals,95544
Ireland,2022,Machinery and transport equipment,83921
Ireland,2022,Office and telecom equipment,34307
Ireland,2022,Agricultural products,31394
Ireland,2022,Food,29743
Ireland,2022,Transport equipment,26813
Ireland,2022,Fuels and mining products,19408
Ireland,2022,Integrated circuits and electronic components,19164
Ireland,2022,Other,42814
Ireland,2023,Manufactures,311069
Ireland,2023,Chemicals,176834
Ireland,2023,Pharmaceuticals,97476
Ireland,2023,Machinery and transport equipment,83851
Ireland,2023,Transport equipment,34538
Ireland,2023,Agricultural products,32220
Ireland,2023,Food,30759
Ireland,2023,Office and telecom equipment,24856
Ireland,2023,Fuels and mining products,15533
Ireland,2023,Fuels,12637
Ireland,2023,Other,37733
Israel,2018,Manufactures,114737
Israel,2018,Machinery and transport equipment,43236
Israel,2018,Chemicals,24242
Israel,2018,Office and telecom equipment,14018
Israel,2018,Fuels and mining products,13021
Israel,2018,Fuels,11209
Israel,2018,Transport equipment,11152
Israel,2018,Agricultural products,9461
Israel,2018,Food,8293
Israel,2018,Pharmaceuticals,8163
Israel,2018,Other,26403
Israel,2019,Manufactures,111976
Israel,2019,Machinery and transport equipment,44939
Israel,2019,Chemicals,24547
Israel,2019,Transport equipment,13393
Israel,2019,Office and telecom equipment,12657
Israel,2019,Fuels and mining products,12108
Israel,2019,Fuels,10458
Israel,2019,Agricultural products,9589
Israel,2019,Food,8544
Israel,2019,Automotive products,6918
Israel,2019,Other,24285
Israel,2020,Manufactures,98660
Israel,2020,Machinery and transport equipment,41077
Israel,2020,Chemicals,22818
Israel,2020,Office and telecom equipment,14631
Israel,2020,Agricultural products,9848
Israel,2020,Transport equipment,9315
Israel,2020,Food,8833
Israel,2020,Fuels and mining products,8533
Israel,2020,Fuels,6869
Israel,2020,Automotive products,5754
Israel,2020,Other,25638
Israel,2021,Manufactures,123176
Israel,2021,Machinery and transport equipment,49963
Israel,2021,Chemicals,24106
Israel,2021,Office and telecom equipment,18152
Israel,2021,Fuels and mining products,13792
Israel,2021,Agricultural products,12091
Israel,2021,Fuels,11384
Israel,2021,Transport equipment,11366
Israel,2021,Food,10794
Israel,2021,Automotive products,7416
Israel,2021,Other,31765
Israel,2022,Manufactures,141690
Israel,2022,Machinery and transport equipment,56768
Israel,2022,Chemicals,30458
Israel,2022,Fuels and mining products,21217
Israel,2022,Office and telecom equipment,20796
Israel,2022,Fuels,18515
Israel,2022,Transport equipment,14629
Israel,2022,Agricultural products,13499
Israel,2022,Food,12202
Israel,2022,Automotive products,9011
Israel,2022,Other,36323
Israel,2023,Manufactures,112312
Israel,2023,Machinery and transport equipment,49026
Israel,2023,Chemicals,21907
Israel,2023,Office and telecom equipment,17803
Israel,2023,Fuels and mining products,16130
Israel,2023,Fuels,14088
Israel,2023,Transport equipment,11923
Israel,2023,Agricultural products,11763
Israel,2023,Food,10775
Israel,2023,Automotive products,8515
Israel,2023,Other,29461
Italy,2018,Manufactures,800153
Italy,2018,Machinery and transport equipment,340495
Italy,2018,Chemicals,153737
Italy,2018,Fuels and mining products,124365
Italy,2018,Transport equipment,124040
Italy,2018,Agricultural products,111662
Italy,2018,Food,96934
Italy,2018,Automotive products,93497
Italy,2018,Fuels,88025
Italy,2018,Pharmaceuticals,59603
Italy,2018,Other,179659
Italy,2019,Manufactures,772896
Italy,2019,Machinery and transport equipment,323775
Italy,2019,Chemicals,154746
Italy,2019,Transport equipment,112209
Italy,2019,Fuels and mining products,111251
Italy,2019,Agricultural products,109195
Italy,2019,Food,96132
Italy,2019,Automotive products,87006
Italy,2019,Fuels,76612
Italy,2019,Pharmaceuticals,66648
Italy,2019,Other,171812
Italy,2020,Manufactures,709010
Italy,2020,Machinery and transport equipment,293907
Italy,2020,Chemicals,157012
Italy,2020,Agricultural products,109071
Italy,2020,Food,97781
Italy,2020,Transport equipment,94521
Italy,2020,Fuels and mining products,81106
Italy,2020,Automotive products,71832
Italy,2020,Pharmaceuticals,69861
Italy,2020,Fuels,46926
Italy,2020,Other,160306
Italy,2021,Manufactures,879877
Italy,2021,Machinery and transport equipment,360895
Italy,2021,Chemicals,184322
Italy,2021,Fuels and mining products,148560
Italy,2021,Agricultural products,129303
Italy,2021,Transport equipment,116338
Italy,2021,Food,113876
Italy,2021,Fuels,95184
Italy,2021,Automotive products,84968
Italy,2021,Pharmaceuticals,72701
Italy,2021,Other,203960
Italy,2022,Manufactures,947308
Italy,2022,Machinery and transport equipment,375059
Italy,2022,Fuels and mining products,238673
Italy,2022,Chemicals,211955
Italy,2022,Fuels,182742
Italy,2022,Agricultural products,139853
Italy,2022,Food,122131
Italy,2022,Transport equipment,113624
Italy,2022,Pharmaceuticals,88462
Italy,2022,Automotive products,84065
Italy,2022,Other,223693
Italy,2023,Manufactures,972075
Italy,2023,Machinery and transport equipment,413010
Italy,2023,Chemicals,206439
Italy,2023,Fuels and mining products,169615
Italy,2023,Agricultural products,148857
Italy,2023,Transport equipment,136775
Italy,2023,Food,133382
Italy,2023,Fuels,121722
Italy,2023,Automotive products,106099
Italy,2023,Pharmaceuticals,92559
Italy,2023,Other,211931
Jamaica,2018,Manufactures,3544
Jamaica,2018,Fuels and mining products,3157
Jamaica,2018,Fuels,1890
Jamaica,2018,Machinery and transport equipment,1442
Jamaica,2018,Agricultural products,1419
Jamaica,2018,Food,1348
Jamaica,2018,Chemicals,804
Jamaica,2018,Transport equipment,569
Jamaica,2018,Automotive products,473
Jamaica,2018,Office and telecom equipment,223
Jamaica,2018,Other,666
Jamaica,2019,Manufactures,3528
Jamaica,2019,Fuels and mining products,2929
Jamaica,2019,Fuels,2095
Jamaica,2019,Agricultural products,1569
Jamaica,2019,Food,1505
Jamaica,2019,Machinery and transport equipment,1493
Jamaica,2019,Chemicals,689
Jamaica,2019,Transport equipment,600
Jamaica,2019,Automotive products,544
Jamaica,2019,Office and telecom equipment,236
Jamaica,2019,Other,688
Jamaica,2020,Manufactures,2786
Jamaica,2020,Fuels and mining products,1755
Jamaica,2020,Agricultural products,1463
Jamaica,2020,Food,1394
Jamaica,2020,Fuels,1208
Jamaica,2020,Machinery and transport equipment,1129
Jamaica,2020,Chemicals,605
Jamaica,2020,Transport equipment,458
Jamaica,2020,Automotive products,409
Jamaica,2020,Office and telecom equipment,231
Jamaica,2020,Other,612
Jamaica,2021,Manufactures,3134
Jamaica,2021,Fuels and mining products,2550
Jamaica,2021,Fuels,2053
Jamaica,2021,Agricultural products,1758
Jamaica,2021,Food,1671
Jamaica,2021,Machinery and transport equipment,1213
Jamaica,2021,Chemicals,684
Jamaica,2021,Transport equipment,498
Jamaica,2021,Automotive products,420
Jamaica,2021,Office and telecom equipment,241
Jamaica,2021,Other,747
Jamaica,2022,Fuels and mining products,3758
Jamaica,2022,Manufactures,3749
Jamaica,2022,Fuels,3411
Jamaica,2022,Agricultural products,2107
Jamaica,2022,Food,2025
Jamaica,2022,Machinery and transport equipment,1373
Jamaica,2022,Chemicals,831
Jamaica,2022,Transport equipment,532
Jamaica,2022,Automotive products,472
Jamaica,2022,Office and telecom equipment,239
Jamaica,2022,Other,790
Jamaica,2023,Manufactures,3983
Jamaica,2023,Fuels and mining products,3507
Jamaica,2023,Fuels,2908
Jamaica,2023,Agricultural products,2095
Jamaica,2023,Food,2026
Jamaica,2023,Machinery and transport equipment,1647
Jamaica,2023,Chemicals,786
Jamaica,2023,Transport equipment,668
Jamaica,2023,Automotive products,617
Jamaica,2023,Office and telecom equipment,253
Jamaica,2023,Other,794
Japan,2018,Manufactures,1073657
Japan,2018,Machinery and transport equipment,640825
Japan,2018,Fuels and mining products,254778
Japan,2018,Transport equipment,231937
Japan,2018,Fuels,188145
Japan,2018,Automotive products,183058
Japan,2018,Chemicals,155948
Japan,2018,Office and telecom equipment,155700
Japan,2018,Agricultural products,94761
Japan,2018,Food,77510
Japan,2018,Other,275012
Japan,2019,Manufactures,1037485
Japan,2019,Machinery and transport equipment,615777
Japan,2019,Fuels and mining products,232724
Japan,2019,Transport equipment,226030
Japan,2019,Automotive products,175863
Japan,2019,Fuels,169632
Japan,2019,Chemicals,153054
Japan,2019,Office and telecom equipment,151710
Japan,2019,Agricultural products,94247
Japan,2019,Food,77976
Japan,2019,Other,269309
Japan,2020,Manufactures,949533
Japan,2020,Machinery and transport equipment,554837
Japan,2020,Transport equipment,181744
Japan,2020,Fuels and mining products,179456
Japan,2020,Chemicals,151581
Japan,2020,Office and telecom equipment,151530
Japan,2020,Automotive products,143720
Japan,2020,Fuels,113108
Japan,2020,Agricultural products,88498
Japan,2020,Food,74919
Japan,2020,Other,263879
Japan,2021,Manufactures,1096925
Japan,2021,Machinery and transport equipment,636431
Japan,2021,Fuels and mining products,263861
Japan,2021,Transport equipment,203149
Japan,2021,Chemicals,182932
Japan,2021,Office and telecom equipment,170938
Japan,2021,Fuels,164956
Japan,2021,Automotive products,160496
Japan,2021,Agricultural products,99645
Japan,2021,Food,82781
Japan,2021,Other,304131
Japan,2022,Manufactures,1090997
Japan,2022,Machinery and transport equipment,622232
Japan,2022,Fuels and mining products,367027
Japan,2022,Fuels,272904
Japan,2022,Transport equipment,194858
Japan,2022,Chemicals,188326
Japan,2022,Office and telecom equipment,168177
Japan,2022,Automotive products,156207
Japan,2022,Agricultural products,107381
Japan,2022,Food,88859
Japan,2022,Other,306648
Japan,2023,Manufactures,1007415
Japan,2023,Machinery and transport equipment,615618
Japan,2023,Fuels and mining products,284489
Japan,2023,Transport equipment,221132
Japan,2023,Fuels,207391
Japan,2023,Automotive products,181229
Japan,2023,Chemicals,158717
Japan,2023,Office and telecom equipment,154451
Japan,2023,Agricultural products,96694
Japan,2023,Food,81197
Japan,2023,Other,275857
Japan,2024,Manufactures,1008324
Japan,2024,Fuels and mining products,221916
Japan,2024,Chemicals,153790
Japan,2024,Automotive products,150921
Japan,2024,Office and telecom equipment,93488
Japan,2024,Agricultural products,82130
Japan,2024,Food,70732
Japan,2024,Iron and steel,28991
Japan,2024,Clothing,24674
Japan,2024,Textiles,13292
Japan,2025,Manufactures,976
Jordan,2018,Manufactures,16930
Jordan,2018,Machinery and transport equipment,5472
Jordan,2018,Agricultural products,5285
Jordan,2018,Fuels and mining products,5227
Jordan,2018,Food,5034
Jordan,2018,Chemicals,4588
Jordan,2018,Fuels,4346
Jordan,2018,Transport equipment,2277
Jordan,2018,Clothing,2138
Jordan,2018,Automotive products,1749
Jordan,2018,Other,5226
Jordan,2019,Manufactures,16925
Jordan,2019,Machinery and transport equipment,5282
Jordan,2019,Agricultural products,5100
Jordan,2019,Food,4877
Jordan,2019,Chemicals,4716
Jordan,2019,Fuels and mining products,4486
Jordan,2019,Fuels,3628
Jordan,2019,Clothing,2294
Jordan,2019,Transport equipment,2113
Jordan,2019,Automotive products,1437
Jordan,2019,Other,5235
Jordan,2020,Manufactures,15368
Jordan,2020,Agricultural products,5419
Jordan,2020,Food,5187
Jordan,2020,Chemicals,5071
Jordan,2020,Machinery and transport equipment,4172
Jordan,2020,Fuels and mining products,2660
Jordan,2020,Clothing,1994
Jordan,2020,Fuels,1868
Jordan,2020,Transport equipment,1729
Jordan,2020,Automotive products,1364
Jordan,2020,Other,4751
Jordan,2021,Manufactures,18523
Jordan,2021,Chemicals,6319
Jordan,2021,Agricultural products,6117
Jordan,2021,Food,5848
Jordan,2021,Machinery and transport equipment,4758
Jordan,2021,Fuels and mining products,3926
Jordan,2021,Fuels,2739
Jordan,2021,Clothing,2246
Jordan,2021,Transport equipment,1985
Jordan,2021,Automotive products,1658
Jordan,2021,Other,5434
Jordan,2022,Manufactures,22887
Jordan,2022,Chemicals,8179
Jordan,2022,Agricultural products,7601
Jordan,2022,Food,7244
Jordan,2022,Fuels and mining products,6134
Jordan,2022,Machinery and transport equipment,5330
Jordan,2022,Fuels,4245
Jordan,2022,Clothing,2683
Jordan,2022,Transport equipment,2243
Jordan,2022,Automotive products,1803
Jordan,2022,Other,5984
Jordan,2023,Manufactures,22883
Jordan,2023,Chemicals,7643
Jordan,2023,Agricultural products,7159
Jordan,2023,Food,6832
Jordan,2023,Machinery and transport equipment,6231
Jordan,2023,Fuels and mining products,5226
Jordan,2023,Fuels,3526
Jordan,2023,Transport equipment,2987
Jordan,2023,Automotive products,2453
Jordan,2023,Clothing,2430
Jordan,2023,Other,5875
Kazakhstan,2018,Fuels and mining products,53635
Kazakhstan,2018,Fuels,44915
Kazakhstan,2018,Manufactures,32493
Kazakhstan,2018,Machinery and transport equipment,12929
Kazakhstan,2018,Agricultural products,6993
Kazakhstan,2018,Food,6619
Kazakhstan,2018,Chemicals,6377
Kazakhstan,2018,Iron and steel,6224
Kazakhstan,2018,Transport equipment,3476
Kazakhstan,2018,Office and telecom equipment,2159
Kazakhstan,2018,Other,6547
Kazakhstan,2019,Fuels and mining products,49678
Kazakhstan,2019,Fuels,40001
Kazakhstan,2019,Manufactures,37901
Kazakhstan,2019,Machinery and transport equipment,17436
Kazakhstan,2019,Agricultural products,7485
Kazakhstan,2019,Food,7125
Kazakhstan,2019,Chemicals,6768
Kazakhstan,2019,Iron and steel,5854
Kazakhstan,2019,Transport equipment,4440
Kazakhstan,2019,Automotive products,2488
Kazakhstan,2019,Other,7192
Kazakhstan,2020,Manufactures,37901
Kazakhstan,2020,Fuels and mining products,34806
Kazakhstan,2020,Fuels,28813
Kazakhstan,2020,Machinery and transport equipment,17054
Kazakhstan,2020,Agricultural products,7594
Kazakhstan,2020,Food,7312
Kazakhstan,2020,Chemicals,7175
Kazakhstan,2020,Iron and steel,5037
Kazakhstan,2020,Transport equipment,4076
Kazakhstan,2020,Office and telecom equipment,2405
Kazakhstan,2020,Other,7740
Kazakhstan,2021,Fuels and mining products,44290
Kazakhstan,2021,Manufactures,42900
Kazakhstan,2021,Fuels,36321
Kazakhstan,2021,Machinery and transport equipment,17193
Kazakhstan,2021,Agricultural products,8937
Kazakhstan,2021,Food,8551
Kazakhstan,2021,Chemicals,8457
Kazakhstan,2021,Iron and steel,7221
Kazakhstan,2021,Transport equipment,5241
Kazakhstan,2021,Office and telecom equipment,4070
Kazakhstan,2021,Other,11470
Kazakhstan,2022,Fuels and mining products,62110
Kazakhstan,2022,Manufactures,55000
Kazakhstan,2022,Fuels,53443
Kazakhstan,2022,Machinery and transport equipment,23054
Kazakhstan,2022,Agricultural products,11805
Kazakhstan,2022,Food,11425
Kazakhstan,2022,Chemicals,11001
Kazakhstan,2022,Iron and steel,8201
Kazakhstan,2022,Transport equipment,7508
Kazakhstan,2022,Automotive products,5475
Kazakhstan,2022,Other,15347
Kazakhstan,2023,Manufactures,65847
Kazakhstan,2023,Fuels and mining products,61427
Kazakhstan,2023,Fuels,48216
Kazakhstan,2023,Machinery and transport equipment,29418
Kazakhstan,2023,Chemicals,12409
Kazakhstan,2023,Agricultural products,11665
Kazakhstan,2023,Transport equipment,11558
Kazakhstan,2023,Food,11205
Kazakhstan,2023,Automotive products,8499
Kazakhstan,2023,Iron and steel,7465
Kazakhstan,2023,Other,16636
Kenya,2018,Manufactures,12693
Kenya,2018,Agricultural products,6298
Kenya,2018,Food,5296
Kenya,2018,Machinery and transport equipment,4803
Kenya,2018,Fuels and mining products,4303
Kenya,2018,Fuels,3772
Kenya,2018,Chemicals,3021
Kenya,2018,Transport equipment,1767
Kenya,2018,Automotive products,1104
Kenya,2018,Iron and steel,1092
Kenya,2018,Other,3134
Kenya,2019,Manufactures,12533
Kenya,2019,Agricultural products,6115
Kenya,2019,Food,5068
Kenya,2019,Machinery and transport equipment,4998
Kenya,2019,Fuels and mining products,4263
Kenya,2019,Fuels,3760
Kenya,2019,Chemicals,2855
Kenya,2019,Transport equipment,1955
Kenya,2019,Iron and steel,1120
Kenya,2019,Automotive products,1077
Kenya,2019,Other,3129
Kenya,2020,Manufactures,11764
Kenya,2020,Agricultural products,6497
Kenya,2020,Food,5498
Kenya,2020,Machinery and transport equipment,4196
Kenya,2020,Fuels and mining products,3106
Kenya,2020,Chemicals,3096
Kenya,2020,Fuels,2582
Kenya,2020,Transport equipment,1424
Kenya,2020,Iron and steel,1127
Kenya,2020,Automotive products,928
Kenya,2020,Other,3356
Kenya,2021,Manufactures,14477
Kenya,2021,Agricultural products,7414
Kenya,2021,Food,6146
Kenya,2021,Machinery and transport equipment,5017
Kenya,2021,Fuels and mining products,4400
Kenya,2021,Fuels,3789
Kenya,2021,Chemicals,3724
Kenya,2021,Transport equipment,1991
Kenya,2021,Iron and steel,1599
Kenya,2021,Automotive products,1107
Kenya,2021,Other,3646
Kenya,2022,Manufactures,13696
Kenya,2022,Agricultural products,7925
Kenya,2022,Food,6776
Kenya,2022,Fuels and mining products,6737
Kenya,2022,Fuels,6032
Kenya,2022,Machinery and transport equipment,4009
Kenya,2022,Chemicals,3992
Kenya,2022,Iron and steel,1499
Kenya,2022,Transport equipment,1329
Kenya,2022,Pharmaceuticals,941
Kenya,2022,Other,3339
Kenya,2023,Manufactures,11929
Kenya,2023,Agricultural products,7917
Kenya,2023,Food,6752
Kenya,2023,Fuels and mining products,5802
Kenya,2023,Fuels,5204
Kenya,2023,Chemicals,3599
Kenya,2023,Machinery and transport equipment,3591
Kenya,2023,Transport equipment,1232
Kenya,2023,Iron and steel,1069
Kenya,2023,Automotive products,839
Kenya,2023,Other,3095
Kiribati,2018,Agricultural products,51
Kiribati,2018,Food,45
Kiribati,2018,Manufactures,43
Kiribati,2018,Machinery and transport equipment,19
Kiribati,2018,Fuels and mining products,17
Kiribati,2018,Fuels,16
Kiribati,2018,Transport equipment,6
Kiribati,2018,Chemicals,5
Kiribati,2018,Office and telecom equipment,5
Kiribati,2018,Automotive products,4
Kiribati,2018,Other,9
Kiribati,2019,Manufactures,65
Kiribati,2019,Agricultural products,50
Kiribati,2019,Food,47
Kiribati,2019,Machinery and transport equipment,33
Kiribati,2019,Fuels and mining products,21
Kiribati,2019,Fuels,18
Kiribati,2019,Transport equipment,17
Kiribati,2019,Textiles,8
Kiribati,2019,Automotive products,6
Kiribati,2019,Office and telecom equipment,6
Kiribati,2019,Other,12
Kiribati,2020,Agricultural products,57
Kiribati,2020,Food,56
Kiribati,2020,Manufactures,44
Kiribati,2020,Machinery and transport equipment,21
Kiribati,2020,Fuels and mining products,16
Kiribati,2020,Fuels,15
Kiribati,2020,Transport equipment,9
Kiribati,2020,Automotive products,5
Kiribati,2020,Chemicals,5
Kiribati,2020,Office and telecom equipment,4
Kiribati,2020,Other,8
Kiribati,2021,Agricultural products,85
Kiribati,2021,Food,81
Kiribati,2021,Manufactures,75
Kiribati,2021,Machinery and transport equipment,31
Kiribati,2021,Fuels,22
Kiribati,2021,Fuels and mining products,22
Kiribati,2021,Transport equipment,12
Kiribati,2021,Chemicals,8
Kiribati,2021,Office and telecom equipment,8
Kiribati,2021,Automotive products,7
Kiribati,2021,Other,17
Kiribati,2022,Manufactures,131
Kiribati,2022,Machinery and transport equipment,90
Kiribati,2022,Transport equipment,70
Kiribati,2022,Agricultural products,61
Kiribati,2022,Food,57
Kiribati,2022,Fuels and mining products,9
Kiribati,2022,Chemicals,8
Kiribati,2022,Textiles,8
Kiribati,2022,Automotive products,7
Kiribati,2022,Fuels,7
Kiribati,2022,Other,15
Kiribati,2023,Manufactures,181
Kiribati,2023,Agricultural products,119
Kiribati,2023,Food,114
Kiribati,2023,Machinery and transport equipment,98
Kiribati,2023,Transport equipment,62
Kiribati,2023,Fuels and mining products,20
Kiribati,2023,Fuels,16
Kiribati,2023,Chemicals,14
Kiribati,2023,Office and telecom equipment,10
Kiribati,2023,Automotive products,9
Kiribati,2023,Other,27
"Korea, Republic of",2018,Manufactures,844235
"Korea, Republic of",2018,Machinery and transport equipment,514745
"Korea, Republic of",2018,Fuels and mining products,242918
"Korea, Republic of",2018,Office and telecom equipment,231498
"Korea, Republic of",2018,Fuels,194942
"Korea, Republic of",2018,Integrated circuits and electronic components,155044
"Korea, Republic of",2018,Chemicals,135431
"Korea, Republic of",2018,Transport equipment,114896
"Korea, Republic of",2018,Automotive products,80262
"Korea, Republic of",2018,Agricultural products,51818
"Korea, Republic of",2018,Other,197722
"Korea, Republic of",2019,Manufactures,777924
"Korea, Republic of",2019,Machinery and transport equipment,473944
"Korea, Republic of",2019,Fuels and mining products,215763
"Korea, Republic of",2019,Office and telecom equipment,205153
"Korea, Republic of",2019,Fuels,169520
"Korea, Republic of",2019,Chemicals,125719
"Korea, Republic of",2019,Integrated circuits and electronic components,125065
"Korea, Republic of",2019,Transport equipment,115840
"Korea, Republic of",2019,Automotive products,81993
"Korea, Republic of",2019,Telecommunications equipment,52650
"Korea, Republic of",2019,Other,196985
"Korea, Republic of",2020,Manufactures,768682
"Korea, Republic of",2020,Machinery and transport equipment,478928
"Korea, Republic of",2020,Office and telecom equipment,209770
"Korea, Republic of",2020,Fuels and mining products,159035
"Korea, Republic of",2020,Integrated circuits and electronic components,133144
"Korea, Republic of",2020,Chemicals,124783
"Korea, Republic of",2020,Fuels,112007
"Korea, Republic of",2020,Transport equipment,106251
"Korea, Republic of",2020,Automotive products,73785
"Korea, Republic of",2020,Agricultural products,49697
"Korea, Republic of",2020,Other,190502
"Korea, Republic of",2021,Manufactures,945513
"Korea, Republic of",2021,Machinery and transport equipment,579036
"Korea, Republic of",2021,Office and telecom equipment,260605
"Korea, Republic of",2021,Fuels and mining products,250423
"Korea, Republic of",2021,Fuels,177584
"Korea, Republic of",2021,Integrated circuits and electronic components,171013
"Korea, Republic of",2021,Chemicals,165975
"Korea, Republic of",2021,Transport equipment,125366
"Korea, Republic of",2021,Automotive products,88365
"Korea, Republic of",2021,Agricultural products,60731
"Korea, Republic of",2021,Other,233500
"Korea, Republic of",2022,Manufactures,990812
"Korea, Republic of",2022,Machinery and transport equipment,585344
"Korea, Republic of",2022,Fuels and mining products,354659
"Korea, Republic of",2022,Fuels,283430
"Korea, Republic of",2022,Office and telecom equipment,273726
"Korea, Republic of",2022,Integrated circuits and electronic components,202564
"Korea, Republic of",2022,Chemicals,181392
"Korea, Republic of",2022,Transport equipment,130757
"Korea, Republic of",2022,Automotive products,98134
"Korea, Republic of",2022,Agricultural products,67184
"Korea, Republic of",2022,Other,224327
"Korea, Republic of",2023,Manufactures,924705
"Korea, Republic of",2023,Machinery and transport equipment,551269
"Korea, Republic of",2023,Fuels and mining products,285400
"Korea, Republic of",2023,Fuels,225396
"Korea, Republic of",2023,Office and telecom equipment,216226
"Korea, Republic of",2023,Chemicals,165540
"Korea, Republic of",2023,Integrated circuits and electronic components,155189
"Korea, Republic of",2023,Transport equipment,152485
"Korea, Republic of",2023,Automotive products,115967
"Korea, Republic of",2023,Agricultural products,61825
"Korea, Republic of",2023,Other,202187
"Korea, Republic of",2024,Manufactures,973397
"Korea, Republic of",2024,Office and telecom equipment,274138
"Korea, Republic of",2024,Fuels and mining products,204280
"Korea, Republic of",2024,Chemicals,94065
"Korea, Republic of",2024,Automotive products,93221
"Korea, Republic of",2024,Agricultural products,45392
"Korea, Republic of",2024,Iron and steel,42433
"Korea, Republic of",2024,Food,39730
"Korea, Republic of",2024,Clothing,13164
"Korea, Republic of",2024,Textiles,6841
"Korea, Republic of",2025,Manufactures,927
"Kuwait, the State of",2018,Fuels and mining products,66930
"Kuwait, the State of",2018,Fuels,65599
"Kuwait, the State of",2018,Manufactures,33800
"Kuwait, the State of",2018,Machinery and transport equipment,15071
"Kuwait, the State of",2018,Chemicals,7242
"Kuwait, the State of",2018,Agricultural products,6247
"Kuwait, the State of",2018,Food,6032
"Kuwait, the State of",2018,Transport equipment,5679
"Kuwait, the State of",2018,Automotive products,4863
"Kuwait, the State of",2018,Office and telecom equipment,2784
"Kuwait, the State of",2018,Other,7924
"Kuwait, the State of",2019,Fuels and mining products,59952
"Kuwait, the State of",2019,Fuels,58871
"Kuwait, the State of",2019,Manufactures,31256
"Kuwait, the State of",2019,Machinery and transport equipment,13817
"Kuwait, the State of",2019,Chemicals,6671
"Kuwait, the State of",2019,Agricultural products,6133
"Kuwait, the State of",2019,Food,5919
"Kuwait, the State of",2019,Transport equipment,5728
"Kuwait, the State of",2019,Automotive products,5379
"Kuwait, the State of",2019,Office and telecom equipment,2643
"Kuwait, the State of",2019,Other,7660
"Kuwait, the State of",2020,Fuels and mining products,36742
"Kuwait, the State of",2020,Fuels,35972
"Kuwait, the State of",2020,Manufactures,24833
"Kuwait, the State of",2020,Machinery and transport equipment,10360
"Kuwait, the State of",2020,Agricultural products,6228
"Kuwait, the State of",2020,Food,6074
"Kuwait, the State of",2020,Chemicals,5780
"Kuwait, the State of",2020,Transport equipment,4355
"Kuwait, the State of",2020,Automotive products,4122
"Kuwait, the State of",2020,Office and telecom equipment,2362
"Kuwait, the State of",2020,Other,7163
"Kuwait, the State of",2021,Fuels and mining products,59051
"Kuwait, the State of",2021,Fuels,58024
"Kuwait, the State of",2021,Manufactures,28776
"Kuwait, the State of",2021,Machinery and transport equipment,11158
"Kuwait, the State of",2021,Chemicals,6460
"Kuwait, the State of",2021,Agricultural products,5881
"Kuwait, the State of",2021,Food,5674
"Kuwait, the State of",2021,Transport equipment,5259
"Kuwait, the State of",2021,Automotive products,4949
"Kuwait, the State of",2021,Office and telecom equipment,2329
"Kuwait, the State of",2021,Other,7818
"Kuwait, the State of",2022,Fuels and mining products,95394
"Kuwait, the State of",2022,Fuels,94342
"Kuwait, the State of",2022,Manufactures,31721
"Kuwait, the State of",2022,Machinery and transport equipment,12650
"Kuwait, the State of",2022,Chemicals,7259
"Kuwait, the State of",2022,Agricultural products,7071
"Kuwait, the State of",2022,Food,6832
"Kuwait, the State of",2022,Transport equipment,5758
"Kuwait, the State of",2022,Automotive products,5403
"Kuwait, the State of",2022,Office and telecom equipment,2556
"Kuwait, the State of",2022,Other,8343
"Kuwait, the State of",2023,Fuels and mining products,79371
"Kuwait, the State of",2023,Fuels,78379
"Kuwait, the State of",2023,Manufactures,33583
"Kuwait, the State of",2023,Machinery and transport equipment,14744
"Kuwait, the State of",2023,Chemicals,7501
"Kuwait, the State of",2023,Transport equipment,7306
"Kuwait, the State of",2023,Agricultural products,7068
"Kuwait, the State of",2023,Food,6870
"Kuwait, the State of",2023,Automotive products,6770
"Kuwait, the State of",2023,Office and telecom equipment,2838
"Kuwait, the State of",2023,Other,8512
Kyrgyz Republic,2018,Manufactures,4223
Kyrgyz Republic,2018,Fuels and mining products,1370
Kyrgyz Republic,2018,Machinery and transport equipment,1145
Kyrgyz Republic,2018,Fuels,1040
Kyrgyz Republic,2018,Agricultural products,853
Kyrgyz Republic,2018,Food,784
Kyrgyz Republic,2018,Chemicals,574
Kyrgyz Republic,2018,Clothing,541
Kyrgyz Republic,2018,Textiles,410
Kyrgyz Republic,2018,Transport equipment,325
Kyrgyz Republic,2018,Other,1057
Kyrgyz Republic,2019,Manufactures,3978
Kyrgyz Republic,2019,Machinery and transport equipment,1188
Kyrgyz Republic,2019,Fuels and mining products,1140
Kyrgyz Republic,2019,Agricultural products,1004
Kyrgyz Republic,2019,Food,920
Kyrgyz Republic,2019,Fuels,821
Kyrgyz Republic,2019,Chemicals,613
Kyrgyz Republic,2019,Textiles,374
Kyrgyz Republic,2019,Clothing,330
Kyrgyz Republic,2019,Transport equipment,282
Kyrgyz Republic,2019,Other,1192
Kyrgyz Republic,2020,Manufactures,2618
Kyrgyz Republic,2020,Machinery and transport equipment,838
Kyrgyz Republic,2020,Agricultural products,834
Kyrgyz Republic,2020,Fuels and mining products,798
Kyrgyz Republic,2020,Food,770
Kyrgyz Republic,2020,Fuels,566
Kyrgyz Republic,2020,Chemicals,506
Kyrgyz Republic,2020,Transport equipment,264
Kyrgyz Republic,2020,Iron and steel,224
Kyrgyz Republic,2020,Textiles,212
Kyrgyz Republic,2020,Other,913
Kyrgyz Republic,2021,Manufactures,4232
Kyrgyz Republic,2021,Fuels and mining products,1397
Kyrgyz Republic,2021,Machinery and transport equipment,1318
Kyrgyz Republic,2021,Agricultural products,1237
Kyrgyz Republic,2021,Food,1151
Kyrgyz Republic,2021,Fuels,999
Kyrgyz Republic,2021,Chemicals,652
Kyrgyz Republic,2021,Textiles,474
Kyrgyz Republic,2021,Transport equipment,454
Kyrgyz Republic,2021,Clothing,436
Kyrgyz Republic,2021,Other,1384
Kyrgyz Republic,2022,Manufactures,8721
Kyrgyz Republic,2022,Machinery and transport equipment,2809
Kyrgyz Republic,2022,Agricultural products,1673
Kyrgyz Republic,2022,Fuels and mining products,1598
Kyrgyz Republic,2022,Food,1585
Kyrgyz Republic,2022,Textiles,1505
Kyrgyz Republic,2022,Fuels,1276
Kyrgyz Republic,2022,Transport equipment,962
Kyrgyz Republic,2022,Chemicals,874
Kyrgyz Republic,2022,Automotive products,811
Kyrgyz Republic,2022,Other,2540
Kyrgyz Republic,2023,Manufactures,11154
Kyrgyz Republic,2023,Machinery and transport equipment,7103
Kyrgyz Republic,2023,Transport equipment,3550
Kyrgyz Republic,2023,Automotive products,3304
Kyrgyz Republic,2023,Agricultural products,1582
Kyrgyz Republic,2023,Fuels and mining products,1500
Kyrgyz Republic,2023,Food,1492
Kyrgyz Republic,2023,Fuels,1094
Kyrgyz Republic,2023,Chemicals,911
Kyrgyz Republic,2023,Textiles,778
Kyrgyz Republic,2023,Other,2471
Lao People's Democratic Republic,2018,Manufactures,5252
Lao People's Democratic Republic,2018,Fuels and mining products,3591
Lao People's Democratic Republic,2018,Machinery and transport equipment,2831
Lao People's Democratic Republic,2018,Agricultural products,2276
Lao People's Democratic Republic,2018,Fuels,2254
Lao People's Democratic Republic,2018,Food,1723
Lao People's Democratic Republic,2018,Office and telecom equipment,1007
Lao People's Democratic Republic,2018,Chemicals,648
Lao People's Democratic Republic,2018,Telecommunications equipment,645
Lao People's Democratic Republic,2018,Transport equipment,641
Lao People's Democratic Republic,2018,Other,1600
Lao People's Democratic Republic,2019,Manufactures,5061
Lao People's Democratic Republic,2019,Fuels and mining products,3461
Lao People's Democratic Republic,2019,Agricultural products,2887
Lao People's Democratic Republic,2019,Machinery and transport equipment,2292
Lao People's Democratic Republic,2019,Fuels,2274
Lao People's Democratic Republic,2019,Food,2222
Lao People's Democratic Republic,2019,Chemicals,792
Lao People's Democratic Republic,2019,Office and telecom equipment,702
Lao People's Democratic Republic,2019,Transport equipment,569
Lao People's Democratic Republic,2019,Automotive products,446
Lao People's Democratic Republic,2019,Other,1524
Lao People's Democratic Republic,2020,Manufactures,4189
Lao People's Democratic Republic,2020,Agricultural products,3047
Lao People's Democratic Republic,2020,Fuels and mining products,2406
Lao People's Democratic Republic,2020,Food,2387
Lao People's Democratic Republic,2020,Machinery and transport equipment,1868
Lao People's Democratic Republic,2020,Fuels,1544
Lao People's Democratic Republic,2020,Chemicals,679
Lao People's Democratic Republic,2020,Office and telecom equipment,523
Lao People's Democratic Republic,2020,Transport equipment,458
Lao People's Democratic Republic,2020,Automotive products,357
Lao People's Democratic Republic,2020,Other,1205
Lao People's Democratic Republic,2021,Manufactures,5124
Lao People's Democratic Republic,2021,Agricultural products,3403
Lao People's Democratic Republic,2021,Fuels and mining products,3279
Lao People's Democratic Republic,2021,Fuels,2488
Lao People's Democratic Republic,2021,Food,2421
Lao People's Democratic Republic,2021,Machinery and transport equipment,1970
Lao People's Democratic Republic,2021,Chemicals,792
Lao People's Democratic Republic,2021,Transport equipment,689
Lao People's Democratic Republic,2021,Automotive products,505
Lao People's Democratic Republic,2021,Office and telecom equipment,439
Lao People's Democratic Republic,2021,Other,1176
Lao People's Democratic Republic,2022,Manufactures,6460
Lao People's Democratic Republic,2022,Agricultural products,4523
Lao People's Democratic Republic,2022,Fuels and mining products,3608
Lao People's Democratic Republic,2022,Food,3099
Lao People's Democratic Republic,2022,Fuels,2848
Lao People's Democratic Republic,2022,Machinery and transport equipment,2374
Lao People's Democratic Republic,2022,Chemicals,1373
Lao People's Democratic Republic,2022,Transport equipment,657
Lao People's Democratic Republic,2022,Office and telecom equipment,621
Lao People's Democratic Republic,2022,Automotive products,468
Lao People's Democratic Republic,2022,Other,1507
Lao People's Democratic Republic,2023,Manufactures,7138
Lao People's Democratic Republic,2023,Agricultural products,4538
Lao People's Democratic Republic,2023,Fuels and mining products,3843
Lao People's Democratic Republic,2023,Food,3436
Lao People's Democratic Republic,2023,Fuels,2981
Lao People's Democratic Republic,2023,Machinery and transport equipment,2687
Lao People's Democratic Republic,2023,Chemicals,1822
Lao People's Democratic Republic,2023,Transport equipment,944
Lao People's Democratic Republic,2023,Automotive products,667
Lao People's Democratic Republic,2023,Office and telecom equipment,420
Lao People's Democratic Republic,2023,Other,1424
Latvia,2018,Manufactures,23246
Latvia,2018,Machinery and transport equipment,10434
Latvia,2018,Agricultural products,8641
Latvia,2018,Food,6205
Latvia,2018,Chemicals,3792
Latvia,2018,Fuels and mining products,3389
Latvia,2018,Transport equipment,3093
Latvia,2018,Fuels,2790
Latvia,2018,Office and telecom equipment,2765
Latvia,2018,Automotive products,2129
Latvia,2018,Other,6591
Latvia,2019,Manufactures,22209
Latvia,2019,Machinery and transport equipment,9589
Latvia,2019,Agricultural products,8972
Latvia,2019,Food,6650
Latvia,2019,Chemicals,3789
Latvia,2019,Transport equipment,3157
Latvia,2019,Fuels and mining products,2835
Latvia,2019,Office and telecom equipment,2729
Latvia,2019,Fuels,2346
Latvia,2019,Automotive products,1993
Latvia,2019,Other,6395
Latvia,2020,Manufactures,22319
Latvia,2020,Agricultural products,9499
Latvia,2020,Machinery and transport equipment,9465
Latvia,2020,Food,7185
Latvia,2020,Chemicals,3982
Latvia,2020,Office and telecom equipment,3384
Latvia,2020,Telecommunications equipment,2454
Latvia,2020,Transport equipment,2368
Latvia,2020,Fuels and mining products,2193
Latvia,2020,Fuels,1696
Latvia,2020,Other,6159
Latvia,2021,Manufactures,28602
Latvia,2021,Machinery and transport equipment,11604
Latvia,2021,Agricultural products,11260
Latvia,2021,Food,7634
Latvia,2021,Chemicals,5498
Latvia,2021,Fuels and mining products,4602
Latvia,2021,Fuels,3731
Latvia,2021,Office and telecom equipment,3631
Latvia,2021,Transport equipment,3400
Latvia,2021,Telecommunications equipment,2354
Latvia,2021,Other,8349
Latvia,2022,Manufactures,30020
Latvia,2022,Agricultural products,13117
Latvia,2022,Machinery and transport equipment,12521
Latvia,2022,Fuels and mining products,9483
Latvia,2022,Food,9424
Latvia,2022,Fuels,8688
Latvia,2022,Chemicals,6071
Latvia,2022,Transport equipment,3704
Latvia,2022,Office and telecom equipment,3506
Latvia,2022,Automotive products,2415
Latvia,2022,Other,7862
Latvia,2023,Manufactures,30126
Latvia,2023,Machinery and transport equipment,13528
Latvia,2023,Agricultural products,13171
Latvia,2023,Food,10428
Latvia,2023,Chemicals,5645
Latvia,2023,Fuels and mining products,5473
Latvia,2023,Fuels,4625
Latvia,2023,Transport equipment,4511
Latvia,2023,Office and telecom equipment,3482
Latvia,2023,Automotive products,2944
Latvia,2023,Other,7801
Lebanese Republic,2018,Manufactures,12889
Lebanese Republic,2018,Fuels and mining products,4730
Lebanese Republic,2018,Machinery and transport equipment,4362
Lebanese Republic,2018,Agricultural products,4301
Lebanese Republic,2018,Fuels,4093
Lebanese Republic,2018,Food,4069
Lebanese Republic,2018,Chemicals,3183
Lebanese Republic,2018,Transport equipment,1857
Lebanese Republic,2018,Automotive products,1610
Lebanese Republic,2018,Pharmaceuticals,1392
Lebanese Republic,2018,Other,2844
Lebanese Republic,2019,Manufactures,10415
Lebanese Republic,2019,Fuels and mining products,7042
Lebanese Republic,2019,Fuels,6588
Lebanese Republic,2019,Agricultural products,3864
Lebanese Republic,2019,Food,3679
Lebanese Republic,2019,Machinery and transport equipment,3288
Lebanese Republic,2019,Chemicals,2855
Lebanese Republic,2019,Transport equipment,1353
Lebanese Republic,2019,Pharmaceuticals,1303
Lebanese Republic,2019,Automotive products,1115
Lebanese Republic,2019,Other,2206
Lebanese Republic,2020,Manufactures,6762
Lebanese Republic,2020,Fuels and mining products,3624
Lebanese Republic,2020,Fuels,3239
Lebanese Republic,2020,Agricultural products,3066
Lebanese Republic,2020,Food,2954
Lebanese Republic,2020,Chemicals,2331
Lebanese Republic,2020,Machinery and transport equipment,1899
Lebanese Republic,2020,Pharmaceuticals,1236
Lebanese Republic,2020,Transport equipment,696
Lebanese Republic,2020,Automotive products,499
Lebanese Republic,2020,Other,1029
Lebanese Republic,2021,Manufactures,8907
Lebanese Republic,2021,Fuels and mining products,4565
Lebanese Republic,2021,Fuels,3940
Lebanese Republic,2021,Agricultural products,3445
Lebanese Republic,2021,Food,3292
Lebanese Republic,2021,Machinery and transport equipment,2943
Lebanese Republic,2021,Chemicals,2211
Lebanese Republic,2021,Transport equipment,1496
Lebanese Republic,2021,Automotive products,1280
Lebanese Republic,2021,Pharmaceuticals,946
Lebanese Republic,2021,Other,1627
Lebanese Republic,2022,Manufactures,11852
Lebanese Republic,2022,Fuels and mining products,6476
Lebanese Republic,2022,Fuels,5796
Lebanese Republic,2022,Machinery and transport equipment,5134
Lebanese Republic,2022,Agricultural products,3725
Lebanese Republic,2022,Food,3500
Lebanese Republic,2022,Transport equipment,2418
Lebanese Republic,2022,Chemicals,2267
Lebanese Republic,2022,Automotive products,2020
Lebanese Republic,2022,Office and telecom equipment,1021
Lebanese Republic,2022,Other,2656
Lebanese Republic,2023,Manufactures,10403
Lebanese Republic,2023,Fuels and mining products,5904
Lebanese Republic,2023,Fuels,5323
Lebanese Republic,2023,Machinery and transport equipment,4380
Lebanese Republic,2023,Agricultural products,3843
Lebanese Republic,2023,Food,3638
Lebanese Republic,2023,Transport equipment,2142
Lebanese Republic,2023,Chemicals,1977
Lebanese Republic,2023,Automotive products,1806
Lebanese Republic,2023,Pharmaceuticals,670
Lebanese Republic,2023,Other,2261
Lesotho,2018,Manufactures,1818
Lesotho,2018,Clothing,538
Lesotho,2018,Agricultural products,455
Lesotho,2018,Machinery and transport equipment,433
Lesotho,2018,Food,398
Lesotho,2018,Textiles,299
Lesotho,2018,Fuels and mining products,233
Lesotho,2018,Fuels,217
Lesotho,2018,Transport equipment,135
Lesotho,2018,Automotive products,127
Lesotho,2018,Other,334
Lesotho,2019,Manufactures,1813
Lesotho,2019,Clothing,532
Lesotho,2019,Agricultural products,459
Lesotho,2019,Machinery and transport equipment,407
Lesotho,2019,Food,390
Lesotho,2019,Textiles,303
Lesotho,2019,Fuels and mining products,210
Lesotho,2019,Fuels,204
Lesotho,2019,Chemicals,127
Lesotho,2019,Transport equipment,116
Lesotho,2019,Other,309
Lesotho,2020,Manufactures,1528
Lesotho,2020,Agricultural products,437
Lesotho,2020,Clothing,389
Lesotho,2020,Food,365
Lesotho,2020,Machinery and transport equipment,272
Lesotho,2020,Textiles,230
Lesotho,2020,Fuels and mining products,151
Lesotho,2020,Fuels,143
Lesotho,2020,Chemicals,126
Lesotho,2020,Transport equipment,73
Lesotho,2020,Other,218
Lesotho,2021,Manufactures,1825
Lesotho,2021,Agricultural products,540
Lesotho,2021,Clothing,525
Lesotho,2021,Food,453
Lesotho,2021,Machinery and transport equipment,360
Lesotho,2021,Textiles,327
Lesotho,2021,Fuels and mining products,235
Lesotho,2021,Fuels,226
Lesotho,2021,Chemicals,137
Lesotho,2021,Transport equipment,101
Lesotho,2021,Other,278
Lesotho,2022,Manufactures,1692
Lesotho,2022,Agricultural products,733
Lesotho,2022,Food,574
Lesotho,2022,Clothing,453
Lesotho,2022,Machinery and transport equipment,342
Lesotho,2022,Fuels and mining products,323
Lesotho,2022,Fuels,314
Lesotho,2022,Textiles,296
Lesotho,2022,Chemicals,144
Lesotho,2022,Transport equipment,86
Lesotho,2022,Other,251
Lesotho,2023,Manufactures,1655
Lesotho,2023,Agricultural products,588
Lesotho,2023,Food,502
Lesotho,2023,Machinery and transport equipment,433
Lesotho,2023,Clothing,358
Lesotho,2023,Fuels and mining products,300
Lesotho,2023,Fuels,291
Lesotho,2023,Textiles,226
Lesotho,2023,Chemicals,130
Lesotho,2023,Transport equipment,123
Lesotho,2023,Other,230
Liberia,2018,Fuels and mining products,542
Liberia,2018,Fuels,510
Liberia,2018,Agricultural products,461
Liberia,2018,Food,357
Liberia,2018,Manufactures,297
Liberia,2018,Chemicals,114
Liberia,2018,Machinery and transport equipment,102
Liberia,2018,Iron and steel,56
Liberia,2018,Office and telecom equipment,38
Liberia,2018,Transport equipment,32
Liberia,2018,Other,104
Liberia,2019,Agricultural products,478
Liberia,2019,Manufactures,417
Liberia,2019,Food,363
Liberia,2019,Fuels and mining products,347
Liberia,2019,Fuels,256
Liberia,2019,Machinery and transport equipment,234
Liberia,2019,Chemicals,122
Liberia,2019,Transport equipment,91
Liberia,2019,Automotive products,75
Liberia,2019,Iron and steel,42
Liberia,2019,Other,84
Liberia,2020,Fuels and mining products,495
Liberia,2020,Agricultural products,428
Liberia,2020,Manufactures,371
Liberia,2020,Food,320
Liberia,2020,Fuels,306
Liberia,2020,Machinery and transport equipment,189
Liberia,2020,Chemicals,128
Liberia,2020,Transport equipment,89
Liberia,2020,Automotive products,73
Liberia,2020,Pharmaceuticals,40
Liberia,2020,Other,80
Liberia,2021,Agricultural products,638
Liberia,2021,Manufactures,529
Liberia,2021,Food,481
Liberia,2021,Fuels and mining products,342
Liberia,2021,Fuels,327
Liberia,2021,Machinery and transport equipment,261
Liberia,2021,Chemicals,191
Liberia,2021,Transport equipment,176
Liberia,2021,Automotive products,143
Liberia,2021,Pharmaceuticals,65
Liberia,2021,Other,120
Liberia,2022,Agricultural products,684
Liberia,2022,Fuels and mining products,627
Liberia,2022,Fuels,609
Liberia,2022,Food,503
Liberia,2022,Manufactures,417
Liberia,2022,Machinery and transport equipment,203
Liberia,2022,Transport equipment,162
Liberia,2022,Automotive products,152
Liberia,2022,Chemicals,140
Liberia,2022,Iron and steel,55
Liberia,2022,Other,130
Liberia,2023,Fuels and mining products,706
Liberia,2023,Fuels,690
Liberia,2023,Manufactures,688
Liberia,2023,Agricultural products,671
Liberia,2023,Food,538
Liberia,2023,Machinery and transport equipment,473
Liberia,2023,Transport equipment,246
Liberia,2023,Automotive products,215
Liberia,2023,Chemicals,121
Liberia,2023,Iron and steel,62
Liberia,2023,Other,151
Libya,2018,Fuels and mining products,31236
Libya,2018,Fuels,30860
Libya,2018,Manufactures,7747
Libya,2018,Agricultural products,3647
Libya,2018,Food,3587
Libya,2018,Machinery and transport equipment,3214
Libya,2018,Chemicals,1342
Libya,2018,Office and telecom equipment,1108
Libya,2018,Telecommunications equipment,986
Libya,2018,Transport equipment,847
Libya,2018,Other,2567
Libya,2019,Fuels and mining products,30185
Libya,2019,Fuels,29706
Libya,2019,Manufactures,9507
Libya,2019,Machinery and transport equipment,4177
Libya,2019,Agricultural products,3491
Libya,2019,Food,3414
Libya,2019,Transport equipment,1537
Libya,2019,Automotive products,1445
Libya,2019,Chemicals,1310
Libya,2019,Office and telecom equipment,918
Libya,2019,Other,2687
Libya,2020,Fuels and mining products,7648
Libya,2020,Fuels,7529
Libya,2020,Manufactures,6729
Libya,2020,Agricultural products,2703
Libya,2020,Food,2640
Libya,2020,Machinery and transport equipment,2424
Libya,2020,Chemicals,1040
Libya,2020,Transport equipment,841
Libya,2020,Automotive products,756
Libya,2020,Clothing,492
Libya,2020,Other,1478
Libya,2021,Fuels and mining products,30744
Libya,2021,Fuels,30334
Libya,2021,Manufactures,8992
Libya,2021,Agricultural products,3333
Libya,2021,Machinery and transport equipment,3269
Libya,2021,Food,3244
Libya,2021,Chemicals,1595
Libya,2021,Transport equipment,1046
Libya,2021,Automotive products,975
Libya,2021,Clothing,482
Libya,2021,Other,1769
Libya,2022,Fuels and mining products,38630
Libya,2022,Fuels,38171
Libya,2022,Manufactures,8382
Libya,2022,Agricultural products,3312
Libya,2022,Food,3225
Libya,2022,Machinery and transport equipment,2828
Libya,2022,Chemicals,1569
Libya,2022,Transport equipment,926
Libya,2022,Automotive products,819
Libya,2022,Clothing,498
Libya,2022,Other,1623
Libya,2023,Fuels and mining products,27832
Libya,2023,Fuels,27385
Libya,2023,Manufactures,6675
Libya,2023,Machinery and transport equipment,2376
Libya,2023,Agricultural products,2312
Libya,2023,Food,2246
Libya,2023,Chemicals,1069
Libya,2023,Transport equipment,814
Libya,2023,Automotive products,740
Libya,2023,Iron and steel,357
Libya,2023,Other,1250
Lithuania,2018,Manufactures,43722
Lithuania,2018,Machinery and transport equipment,16783
Lithuania,2018,Fuels and mining products,13575
Lithuania,2018,Fuels,12202
Lithuania,2018,Agricultural products,11715
Lithuania,2018,Chemicals,10476
Lithuania,2018,Food,9771
Lithuania,2018,Transport equipment,5110
Lithuania,2018,Automotive products,3930
Lithuania,2018,Office and telecom equipment,2891
Lithuania,2018,Other,9162
Lithuania,2019,Manufactures,43767
Lithuania,2019,Machinery and transport equipment,16986
Lithuania,2019,Fuels and mining products,12354
Lithuania,2019,Agricultural products,12018
Lithuania,2019,Fuels,10973
Lithuania,2019,Chemicals,10543
Lithuania,2019,Food,10124
Lithuania,2019,Transport equipment,5575
Lithuania,2019,Automotive products,4331
Lithuania,2019,Office and telecom equipment,2906
Lithuania,2019,Other,9102
Lithuania,2020,Manufactures,44375
Lithuania,2020,Machinery and transport equipment,16404
Lithuania,2020,Agricultural products,12944
Lithuania,2020,Chemicals,11308
Lithuania,2020,Food,11100
Lithuania,2020,Fuels and mining products,7516
Lithuania,2020,Fuels,6058
Lithuania,2020,Transport equipment,4568
Lithuania,2020,Automotive products,3450
Lithuania,2020,Office and telecom equipment,3275
Lithuania,2020,Other,9699
Lithuania,2021,Manufactures,56247
Lithuania,2021,Machinery and transport equipment,20094
Lithuania,2021,Chemicals,15318
Lithuania,2021,Agricultural products,14289
Lithuania,2021,Fuels and mining products,13791
Lithuania,2021,Food,11789
Lithuania,2021,Fuels,11430
Lithuania,2021,Transport equipment,6284
Lithuania,2021,Automotive products,4786
Lithuania,2021,Office and telecom equipment,3893
Lithuania,2021,Other,11700
Lithuania,2022,Manufactures,58912
Lithuania,2022,Fuels and mining products,25426
Lithuania,2022,Fuels,23540
Lithuania,2022,Machinery and transport equipment,21392
Lithuania,2022,Agricultural products,16371
Lithuania,2022,Chemicals,16008
Lithuania,2022,Food,13731
Lithuania,2022,Transport equipment,7585
Lithuania,2022,Automotive products,5945
Lithuania,2022,Office and telecom equipment,4153
Lithuania,2022,Other,12049
Lithuania,2023,Manufactures,56313
Lithuania,2023,Machinery and transport equipment,23053
Lithuania,2023,Fuels and mining products,17424
Lithuania,2023,Agricultural products,16314
Lithuania,2023,Fuels,15988
Lithuania,2023,Food,14265
Lithuania,2023,Chemicals,13216
Lithuania,2023,Transport equipment,8726
Lithuania,2023,Automotive products,7011
Lithuania,2023,Office and telecom equipment,4462
Lithuania,2023,Other,11931
Luxembourg,2018,Manufactures,30256
Luxembourg,2018,Machinery and transport equipment,12249
Luxembourg,2018,Agricultural products,5036
Luxembourg,2018,Transport equipment,5027
Luxembourg,2018,Chemicals,4931
Luxembourg,2018,Fuels and mining products,4667
Luxembourg,2018,Food,4334
Luxembourg,2018,Automotive products,3932
Luxembourg,2018,Iron and steel,3545
Luxembourg,2018,Fuels,2405
Luxembourg,2018,Other,5874
Luxembourg,2019,Manufactures,31181
Luxembourg,2019,Machinery and transport equipment,15130
Luxembourg,2019,Transport equipment,5418
Luxembourg,2019,Agricultural products,4721
Luxembourg,2019,Chemicals,4503
Luxembourg,2019,Office and telecom equipment,4278
Luxembourg,2019,Fuels and mining products,4197
Luxembourg,2019,Automotive products,4172
Luxembourg,2019,Food,4101
Luxembourg,2019,Telecommunications equipment,3605
Luxembourg,2019,Other,8068
Luxembourg,2020,Manufactures,26540
Luxembourg,2020,Machinery and transport equipment,11350
Luxembourg,2020,Transport equipment,5142
Luxembourg,2020,Agricultural products,4693
Luxembourg,2020,Chemicals,4468
Luxembourg,2020,Food,4177
Luxembourg,2020,Automotive products,3834
Luxembourg,2020,Fuels and mining products,3205
Luxembourg,2020,Iron and steel,2436
Luxembourg,2020,Fuels,1470
Luxembourg,2020,Other,4505
Luxembourg,2021,Manufactures,31929
Luxembourg,2021,Machinery and transport equipment,13295
Luxembourg,2021,Transport equipment,5798
Luxembourg,2021,Chemicals,5593
Luxembourg,2021,Agricultural products,5352
Luxembourg,2021,Fuels and mining products,5120
Luxembourg,2021,Food,4670
Luxembourg,2021,Automotive products,3954
Luxembourg,2021,Iron and steel,3242
Luxembourg,2021,Fuels,2446
Luxembourg,2021,Other,5275
Luxembourg,2022,Manufactures,31585
Luxembourg,2022,Machinery and transport equipment,12086
Luxembourg,2022,Fuels and mining products,6952
Luxembourg,2022,Chemicals,5916
Luxembourg,2022,Agricultural products,5398
Luxembourg,2022,Transport equipment,5019
Luxembourg,2022,Food,4780
Luxembourg,2022,Fuels,4244
Luxembourg,2022,Automotive products,3911
Luxembourg,2022,Iron and steel,3368
Luxembourg,2022,Other,4781
Luxembourg,2023,Manufactures,31039
Luxembourg,2023,Machinery and transport equipment,13244
Luxembourg,2023,Transport equipment,6083
Luxembourg,2023,Agricultural products,5876
Luxembourg,2023,Fuels and mining products,5485
Luxembourg,2023,Food,5322
Luxembourg,2023,Chemicals,5277
Luxembourg,2023,Automotive products,4683
Luxembourg,2023,Fuels,3350
Luxembourg,2023,Iron and steel,2734
Luxembourg,2023,Other,4782
"Macao, China",2018,Manufactures,9255
"Macao, China",2018,Machinery and transport equipment,2758
"Macao, China",2018,Agricultural products,2010
"Macao, China",2018,Food,1990
"Macao, China",2018,Chemicals,1255
"Macao, China",2018,Fuels and mining products,965
"Macao, China",2018,Fuels,901
"Macao, China",2018,Clothing,764
"Macao, China",2018,Office and telecom equipment,415
"Macao, China",2018,Transport equipment,409
"Macao, China",2018,Other,1110
"Macao, China",2019,Manufactures,9268
"Macao, China",2019,Machinery and transport equipment,2181
"Macao, China",2019,Agricultural products,2071
"Macao, China",2019,Food,2047
"Macao, China",2019,Chemicals,1648
"Macao, China",2019,Office and telecom equipment,1397
"Macao, China",2019,Telecommunications equipment,1022
"Macao, China",2019,Clothing,877
"Macao, China",2019,Fuels and mining products,659
"Macao, China",2019,Fuels,610
"Macao, China",2019,Other,1468
"Macao, China",2020,Manufactures,10096
"Macao, China",2020,Chemicals,3287
"Macao, China",2020,Machinery and transport equipment,1985
"Macao, China",2020,Agricultural products,1752
"Macao, China",2020,Food,1732
"Macao, China",2020,Office and telecom equipment,1253
"Macao, China",2020,Clothing,935
"Macao, China",2020,Telecommunications equipment,785
"Macao, China",2020,Fuels and mining products,554
"Macao, China",2020,Fuels,479
"Macao, China",2020,Other,1492
"Macao, China",2021,Manufactures,17485
"Macao, China",2021,Chemicals,4579
"Macao, China",2021,Machinery and transport equipment,4140
"Macao, China",2021,Office and telecom equipment,3300
"Macao, China",2021,Telecommunications equipment,2656
"Macao, China",2021,Agricultural products,2225
"Macao, China",2021,Food,2205
"Macao, China",2021,Clothing,1533
"Macao, China",2021,Fuels and mining products,728
"Macao, China",2021,Fuels,614
"Macao, China",2021,Other,1944
"Macao, China",2022,Manufactures,14978
"Macao, China",2022,Chemicals,3668
"Macao, China",2022,Machinery and transport equipment,3369
"Macao, China",2022,Agricultural products,2785
"Macao, China",2022,Food,2769
"Macao, China",2022,Office and telecom equipment,2576
"Macao, China",2022,Telecommunications equipment,1785
"Macao, China",2022,Clothing,1337
"Macao, China",2022,Fuels and mining products,848
"Macao, China",2022,Fuels,764
"Macao, China",2022,Other,2097
"Macao, China",2023,Manufactures,14402
"Macao, China",2023,Agricultural products,3303
"Macao, China",2023,Food,3283
"Macao, China",2023,Machinery and transport equipment,2957
"Macao, China",2023,Chemicals,2753
"Macao, China",2023,Office and telecom equipment,2084
"Macao, China",2023,Clothing,1349
"Macao, China",2023,Telecommunications equipment,1196
"Macao, China",2023,Fuels and mining products,964
"Macao, China",2023,Fuels,885
"Macao, China",2023,Other,2243
Madagascar,2018,Manufactures,3249
Madagascar,2018,Agricultural products,2197
Madagascar,2018,Food,2020
Madagascar,2018,Fuels and mining products,1638
Madagascar,2018,Machinery and transport equipment,865
Madagascar,2018,Fuels,756
Madagascar,2018,Clothing,565
Madagascar,2018,Chemicals,530
Madagascar,2018,Textiles,484
Madagascar,2018,Transport equipment,305
Madagascar,2018,Other,697
Madagascar,2019,Manufactures,3118
Madagascar,2019,Agricultural products,1809
Madagascar,2019,Food,1621
Madagascar,2019,Fuels and mining products,1584
Madagascar,2019,Machinery and transport equipment,777
Madagascar,2019,Fuels,766
Madagascar,2019,Clothing,557
Madagascar,2019,Chemicals,521
Madagascar,2019,Textiles,455
Madagascar,2019,Transport equipment,300
Madagascar,2019,Other,667
Madagascar,2020,Manufactures,2654
Madagascar,2020,Agricultural products,1688
Madagascar,2020,Food,1535
Madagascar,2020,Fuels and mining products,812
Madagascar,2020,Machinery and transport equipment,649
Madagascar,2020,Chemicals,475
Madagascar,2020,Fuels,436
Madagascar,2020,Clothing,433
Madagascar,2020,Textiles,430
Madagascar,2020,Transport equipment,232
Madagascar,2020,Other,563
Madagascar,2021,Manufactures,3327
Madagascar,2021,Agricultural products,2098
Madagascar,2021,Food,1941
Madagascar,2021,Fuels and mining products,1699
Madagascar,2021,Machinery and transport equipment,807
Madagascar,2021,Fuels,718
Madagascar,2021,Chemicals,607
Madagascar,2021,Textiles,578
Madagascar,2021,Clothing,541
Madagascar,2021,Transport equipment,235
Madagascar,2021,Other,694
Madagascar,2022,Manufactures,3989
Madagascar,2022,Fuels and mining products,2786
Madagascar,2022,Agricultural products,2401
Madagascar,2022,Food,2252
Madagascar,2022,Fuels,1241
Madagascar,2022,Machinery and transport equipment,908
Madagascar,2022,Chemicals,724
Madagascar,2022,Textiles,703
Madagascar,2022,Clothing,620
Madagascar,2022,Transport equipment,268
Madagascar,2022,Other,842
Madagascar,2023,Manufactures,3572
Madagascar,2023,Fuels and mining products,2431
Madagascar,2023,Agricultural products,1903
Madagascar,2023,Food,1764
Madagascar,2023,Fuels,1071
Madagascar,2023,Machinery and transport equipment,954
Madagascar,2023,Textiles,582
Madagascar,2023,Chemicals,573
Madagascar,2023,Clothing,538
Madagascar,2023,Transport equipment,291
Madagascar,2023,Other,806
Malawi,2018,Manufactures,2058
Malawi,2018,Agricultural products,1120
Malawi,2018,Food,1041
Malawi,2018,Machinery and transport equipment,685
Malawi,2018,Chemicals,604
Malawi,2018,Fuels and mining products,329
Malawi,2018,Fuels,301
Malawi,2018,Transport equipment,235
Malawi,2018,Automotive products,188
Malawi,2018,Pharmaceuticals,135
Malawi,2018,Other,377
Malawi,2019,Manufactures,2303
Malawi,2019,Agricultural products,1219
Malawi,2019,Food,1142
Malawi,2019,Machinery and transport equipment,789
Malawi,2019,Chemicals,659
Malawi,2019,Fuels and mining products,259
Malawi,2019,Transport equipment,247
Malawi,2019,Fuels,232
Malawi,2019,Automotive products,194
Malawi,2019,Office and telecom equipment,188
Malawi,2019,Other,525
Malawi,2020,Manufactures,2003
Malawi,2020,Agricultural products,1184
Malawi,2020,Food,1104
Malawi,2020,Chemicals,683
Malawi,2020,Machinery and transport equipment,557
Malawi,2020,Fuels and mining products,245
Malawi,2020,Fuels,214
Malawi,2020,Transport equipment,206
Malawi,2020,Automotive products,175
Malawi,2020,Pharmaceuticals,164
Malawi,2020,Other,366
Malawi,2021,Manufactures,2461
Malawi,2021,Agricultural products,1321
Malawi,2021,Food,1223
Malawi,2021,Chemicals,913
Malawi,2021,Machinery and transport equipment,706
Malawi,2021,Fuels and mining products,297
Malawi,2021,Fuels,258
Malawi,2021,Pharmaceuticals,251
Malawi,2021,Transport equipment,232
Malawi,2021,Automotive products,174
Malawi,2021,Other,494
Malawi,2022,Manufactures,1213
Malawi,2022,Agricultural products,973
Malawi,2022,Food,918
Malawi,2022,Chemicals,505
Malawi,2022,Machinery and transport equipment,346
Malawi,2022,Fuels and mining products,295
Malawi,2022,Fuels,274
Malawi,2022,Transport equipment,106
Malawi,2022,Automotive products,86
Malawi,2022,Pharmaceuticals,67
Malawi,2022,Other,208
Malawi,2023,Manufactures,2187
Malawi,2023,Agricultural products,1263
Malawi,2023,Food,1145
Malawi,2023,Chemicals,912
Malawi,2023,Fuels and mining products,645
Malawi,2023,Machinery and transport equipment,608
Malawi,2023,Fuels,603
Malawi,2023,Transport equipment,208
Malawi,2023,Pharmaceuticals,177
Malawi,2023,Automotive products,148
Malawi,2023,Other,313
Malaysia,2018,Manufactures,320811
Malaysia,2018,Machinery and transport equipment,208021
Malaysia,2018,Office and telecom equipment,137355
Malaysia,2018,Integrated circuits and electronic components,98060
Malaysia,2018,Fuels and mining products,92861
Malaysia,2018,Fuels,70325
Malaysia,2018,Agricultural products,46868
Malaysia,2018,Chemicals,41779
Malaysia,2018,Food,38843
Malaysia,2018,Electronic data processing and office equipment,24936
Malaysia,2018,Other,64608
Malaysia,2019,Manufactures,307006
Malaysia,2019,Machinery and transport equipment,194580
Malaysia,2019,Office and telecom equipment,127062
Malaysia,2019,Integrated circuits and electronic components,92843
Malaysia,2019,Fuels and mining products,86559
Malaysia,2019,Fuels,64509
Malaysia,2019,Agricultural products,46086
Malaysia,2019,Chemicals,40676
Malaysia,2019,Food,38142
Malaysia,2019,Electronic data processing and office equipment,19925
Malaysia,2019,Other,63717
Malaysia,2020,Manufactures,302178
Malaysia,2020,Machinery and transport equipment,194472
Malaysia,2020,Office and telecom equipment,132310
Malaysia,2020,Integrated circuits and electronic components,99592
Malaysia,2020,Fuels and mining products,69733
Malaysia,2020,Fuels,49284
Malaysia,2020,Agricultural products,48154
Malaysia,2020,Food,40523
Malaysia,2020,Chemicals,35871
Malaysia,2020,Electronic data processing and office equipment,19095
Malaysia,2020,Other,61434
Malaysia,2021,Manufactures,371105
Malaysia,2021,Machinery and transport equipment,232959
Malaysia,2021,Office and telecom equipment,161738
Malaysia,2021,Integrated circuits and electronic components,122198
Malaysia,2021,Fuels and mining products,95959
Malaysia,2021,Fuels,67100
Malaysia,2021,Agricultural products,63670
Malaysia,2021,Food,53432
Malaysia,2021,Chemicals,48747
Malaysia,2021,Electronic data processing and office equipment,23728
Malaysia,2021,Other,74246
Malaysia,2022,Manufactures,422831
Malaysia,2022,Machinery and transport equipment,280966
Malaysia,2022,Office and telecom equipment,192330
Malaysia,2022,Integrated circuits and electronic components,152061
Malaysia,2022,Fuels and mining products,144894
Malaysia,2022,Fuels,115069
Malaysia,2022,Agricultural products,70255
Malaysia,2022,Food,61484
Malaysia,2022,Chemicals,54150
Malaysia,2022,Electronic data processing and office equipment,21209
Malaysia,2022,Other,75253
Malaysia,2023,Manufactures,384671
Malaysia,2023,Machinery and transport equipment,257122
Malaysia,2023,Office and telecom equipment,176957
Malaysia,2023,Integrated circuits and electronic components,138361
Malaysia,2023,Fuels and mining products,128593
Malaysia,2023,Fuels,102390
Malaysia,2023,Agricultural products,59429
Malaysia,2023,Food,51989
Malaysia,2023,Chemicals,46311
Malaysia,2023,Electronic data processing and office equipment,19576
Malaysia,2023,Other,73304
Malaysia,2024,Office and telecom equipment,121242
Maldives,2018,Manufactures,1764
Maldives,2018,Agricultural products,765
Maldives,2018,Machinery and transport equipment,728
Maldives,2018,Food,689
Maldives,2018,Fuels and mining products,613
Maldives,2018,Fuels,465
Maldives,2018,Transport equipment,213
Maldives,2018,Chemicals,195
Maldives,2018,Office and telecom equipment,138
Maldives,2018,Iron and steel,112
Maldives,2018,Other,272
Maldives,2019,Manufactures,1710
Maldives,2019,Agricultural products,779
Maldives,2019,Food,716
Maldives,2019,Machinery and transport equipment,698
Maldives,2019,Fuels and mining products,552
Maldives,2019,Fuels,466
Maldives,2019,Transport equipment,241
Maldives,2019,Chemicals,210
Maldives,2019,Office and telecom equipment,122
Maldives,2019,Iron and steel,83
Maldives,2019,Other,255
Maldives,2020,Manufactures,1077
Maldives,2020,Agricultural products,595
Maldives,2020,Food,555
Maldives,2020,Machinery and transport equipment,410
Maldives,2020,Fuels and mining products,329
Maldives,2020,Fuels,264
Maldives,2020,Chemicals,184
Maldives,2020,Office and telecom equipment,98
Maldives,2020,Transport equipment,82
Maldives,2020,Telecommunications equipment,62
Maldives,2020,Other,189
Maldives,2021,Manufactures,1421
Maldives,2021,Agricultural products,765
Maldives,2021,Food,731
Maldives,2021,Machinery and transport equipment,613
Maldives,2021,Fuels and mining products,538
Maldives,2021,Fuels,455
Maldives,2021,Chemicals,233
Maldives,2021,Transport equipment,165
Maldives,2021,Office and telecom equipment,146
Maldives,2021,Telecommunications equipment,91
Maldives,2021,Other,270
Maldives,2022,Manufactures,1832
Maldives,2022,Fuels and mining products,937
Maldives,2022,Agricultural products,904
Maldives,2022,Food,849
Maldives,2022,Fuels,835
Maldives,2022,Machinery and transport equipment,826
Maldives,2022,Transport equipment,278
Maldives,2022,Chemicals,258
Maldives,2022,Office and telecom equipment,155
Maldives,2022,Iron and steel,113
Maldives,2022,Other,343
Maldives,2023,Manufactures,1860
Maldives,2023,Fuels and mining products,901
Maldives,2023,Agricultural products,888
Maldives,2023,Food,846
Maldives,2023,Machinery and transport equipment,841
Maldives,2023,Fuels,760
Maldives,2023,Transport equipment,273
Maldives,2023,Chemicals,241
Maldives,2023,Office and telecom equipment,153
Maldives,2023,Iron and steel,108
Maldives,2023,Other,348
Mali,2018,Manufactures,2757
Mali,2018,Agricultural products,1442
Mali,2018,Fuels and mining products,1387
Mali,2018,Fuels,1357
Mali,2018,Machinery and transport equipment,1033
Mali,2018,Food,936
Mali,2018,Chemicals,700
Mali,2018,Transport equipment,351
Mali,2018,Pharmaceuticals,220
Mali,2018,Automotive products,208
Mali,2018,Other,550
Mali,2019,Manufactures,3011
Mali,2019,Fuels and mining products,1532
Mali,2019,Fuels,1502
Mali,2019,Agricultural products,1478
Mali,2019,Machinery and transport equipment,1156
Mali,2019,Food,1019
Mali,2019,Chemicals,761
Mali,2019,Transport equipment,401
Mali,2019,Automotive products,262
Mali,2019,Office and telecom equipment,252
Mali,2019,Other,722
Mali,2020,Manufactures,3482
Mali,2020,Agricultural products,1599
Mali,2020,Machinery and transport equipment,1467
Mali,2020,Food,1273
Mali,2020,Chemicals,663
Mali,2020,Fuels and mining products,591
Mali,2020,Transport equipment,583
Mali,2020,Fuels,548
Mali,2020,Textiles,361
Mali,2020,Pharmaceuticals,313
Mali,2020,Other,828
Mali,2021,Manufactures,3914
Mali,2021,Agricultural products,1798
Mali,2021,Machinery and transport equipment,1668
Mali,2021,Food,1419
Mali,2021,Fuels and mining products,1339
Mali,2021,Fuels,1218
Mali,2021,Chemicals,752
Mali,2021,Transport equipment,648
Mali,2021,Textiles,356
Mali,2021,Office and telecom equipment,326
Mali,2021,Other,1166
Mali,2022,Manufactures,3515
Mali,2022,Fuels and mining products,2405
Mali,2022,Fuels,2309
Mali,2022,Agricultural products,1873
Mali,2022,Food,1432
Mali,2022,Machinery and transport equipment,1402
Mali,2022,Chemicals,696
Mali,2022,Transport equipment,437
Mali,2022,Textiles,323
Mali,2022,Office and telecom equipment,312
Mali,2022,Other,1028
Mali,2023,Manufactures,3238
Mali,2023,Fuels and mining products,3008
Mali,2023,Fuels,2888
Mali,2023,Machinery and transport equipment,1364
Mali,2023,Agricultural products,1343
Mali,2023,Food,1072
Mali,2023,Chemicals,641
Mali,2023,Transport equipment,451
Mali,2023,Office and telecom equipment,293
Mali,2023,Automotive products,255
Mali,2023,Other,935
Malta,2018,Manufactures,6256
Malta,2018,Machinery and transport equipment,3453
Malta,2018,Fuels and mining products,2355
Malta,2018,Fuels,2303
Malta,2018,Transport equipment,1386
Malta,2018,Agricultural products,1308
Malta,2018,Food,1286
Malta,2018,Chemicals,1093
Malta,2018,Office and telecom equipment,1060
Malta,2018,Integrated circuits and electronic components,860
Malta,2018,Other,1337
Malta,2019,Manufactures,7485
Malta,2019,Machinery and transport equipment,4541
Malta,2019,Transport equipment,2560
Malta,2019,Fuels and mining products,1866
Malta,2019,Fuels,1810
Malta,2019,Agricultural products,1160
Malta,2019,Food,1138
Malta,2019,Chemicals,1108
Malta,2019,Office and telecom equipment,1051
Malta,2019,Integrated circuits and electronic components,874
Malta,2019,Other,1307
Malta,2020,Manufactures,6321
Malta,2020,Machinery and transport equipment,3242
Malta,2020,Transport equipment,1429
Malta,2020,Chemicals,1248
Malta,2020,Fuels and mining products,1131
Malta,2020,Agricultural products,1087
Malta,2020,Fuels,1071
Malta,2020,Food,1066
Malta,2020,Office and telecom equipment,1058
Malta,2020,Integrated circuits and electronic components,862
Malta,2020,Other,1448
Malta,2021,Manufactures,7412
Malta,2021,Machinery and transport equipment,3929
Malta,2021,Transport equipment,1914
Malta,2021,Fuels and mining products,1600
Malta,2021,Fuels,1515
Malta,2021,Chemicals,1473
Malta,2021,Agricultural products,1167
Malta,2021,Food,1142
Malta,2021,Office and telecom equipment,1121
Malta,2021,Pharmaceuticals,906
Malta,2021,Other,1672
Malta,2022,Manufactures,8436
Malta,2022,Machinery and transport equipment,4990
Malta,2022,Transport equipment,2366
Malta,2022,Fuels and mining products,1889
Malta,2022,Fuels,1785
Malta,2022,Office and telecom equipment,1605
Malta,2022,Agricultural products,1426
Malta,2022,Food,1397
Malta,2022,Chemicals,1378
Malta,2022,Integrated circuits and electronic components,1367
Malta,2022,Other,1653
Malta,2023,Manufactures,8651
Malta,2023,Machinery and transport equipment,4895
Malta,2023,Transport equipment,1922
Malta,2023,Office and telecom equipment,1904
Malta,2023,Integrated circuits and electronic components,1665
Malta,2023,Fuels and mining products,1635
Malta,2023,Fuels,1535
Malta,2023,Agricultural products,1519
Malta,2023,Food,1491
Malta,2023,Chemicals,1399
Malta,2023,Other,1883
Mauritania,2018,Fuels and mining products,1787
Mauritania,2018,Agricultural products,1694
Mauritania,2018,Food,1682
Mauritania,2018,Manufactures,1553
Mauritania,2018,Fuels,1042
Mauritania,2018,Machinery and transport equipment,827
Mauritania,2018,Transport equipment,258
Mauritania,2018,Chemicals,162
Mauritania,2018,Automotive products,126
Mauritania,2018,Iron and steel,100
Mauritania,2018,Other,189
Mauritania,2019,Fuels and mining products,2177
Mauritania,2019,Agricultural products,1784
Mauritania,2019,Manufactures,1778
Mauritania,2019,Food,1775
Mauritania,2019,Fuels,1044
Mauritania,2019,Machinery and transport equipment,1030
Mauritania,2019,Transport equipment,553
Mauritania,2019,Automotive products,179
Mauritania,2019,Chemicals,159
Mauritania,2019,Iron and steel,124
Mauritania,2019,Other,153
Mauritania,2020,Fuels and mining products,2017
Mauritania,2020,Agricultural products,1647
Mauritania,2020,Food,1639
Mauritania,2020,Manufactures,1170
Mauritania,2020,Fuels,804
Mauritania,2020,Machinery and transport equipment,566
Mauritania,2020,Transport equipment,200
Mauritania,2020,Chemicals,185
Mauritania,2020,Automotive products,143
Mauritania,2020,Iron and steel,68
Mauritania,2020,Other,130
Mauritania,2021,Fuels and mining products,3098
Mauritania,2021,Agricultural products,1831
Mauritania,2021,Food,1824
Mauritania,2021,Manufactures,1734
Mauritania,2021,Fuels,1026
Mauritania,2021,Machinery and transport equipment,829
Mauritania,2021,Chemicals,414
Mauritania,2021,Transport equipment,358
Mauritania,2021,Automotive products,291
Mauritania,2021,Pharmaceuticals,259
Mauritania,2021,Other,197
Mauritania,2022,Fuels and mining products,3533
Mauritania,2022,Agricultural products,2308
Mauritania,2022,Food,2281
Mauritania,2022,Fuels,2034
Mauritania,2022,Manufactures,1888
Mauritania,2022,Machinery and transport equipment,757
Mauritania,2022,Iron and steel,345
Mauritania,2022,Transport equipment,281
Mauritania,2022,Chemicals,238
Mauritania,2022,Automotive products,222
Mauritania,2022,Other,212
Mauritania,2023,Fuels and mining products,3318
Mauritania,2023,Agricultural products,2056
Mauritania,2023,Food,2038
Mauritania,2023,Manufactures,1979
Mauritania,2023,Fuels,1753
Mauritania,2023,Machinery and transport equipment,932
Mauritania,2023,Chemicals,303
Mauritania,2023,Transport equipment,285
Mauritania,2023,Automotive products,217
Mauritania,2023,Iron and steel,171
Mauritania,2023,Other,328
Mauritius,2018,Manufactures,4346
Mauritius,2018,Agricultural products,2051
Mauritius,2018,Food,1910
Mauritius,2018,Machinery and transport equipment,1383
Mauritius,2018,Fuels and mining products,1223
Mauritius,2018,Fuels,1154
Mauritius,2018,Clothing,712
Mauritius,2018,Chemicals,580
Mauritius,2018,Transport equipment,440
Mauritius,2018,Office and telecom equipment,410
Mauritius,2018,Other,1426
Mauritius,2019,Manufactures,4337
Mauritius,2019,Agricultural products,1990
Mauritius,2019,Food,1844
Mauritius,2019,Machinery and transport equipment,1402
Mauritius,2019,Fuels and mining products,1131
Mauritius,2019,Fuels,1052
Mauritius,2019,Clothing,656
Mauritius,2019,Chemicals,573
Mauritius,2019,Transport equipment,509
Mauritius,2019,Automotive products,391
Mauritius,2019,Other,1367
Mauritius,2020,Manufactures,3267
Mauritius,2020,Agricultural products,1756
Mauritius,2020,Food,1657
Mauritius,2020,Machinery and transport equipment,997
Mauritius,2020,Fuels and mining products,725
Mauritius,2020,Fuels,637
Mauritius,2020,Chemicals,503
Mauritius,2020,Clothing,473
Mauritius,2020,Transport equipment,357
Mauritius,2020,Textiles,280
Mauritius,2020,Other,1048
Mauritius,2021,Manufactures,3971
Mauritius,2021,Agricultural products,1815
Mauritius,2021,Food,1701
Mauritius,2021,Machinery and transport equipment,1079
Mauritius,2021,Fuels and mining products,1009
Mauritius,2021,Fuels,875
Mauritius,2021,Chemicals,679
Mauritius,2021,Clothing,516
Mauritius,2021,Transport equipment,380
Mauritius,2021,Textiles,338
Mauritius,2021,Other,1304
Mauritius,2022,Manufactures,4537
Mauritius,2022,Agricultural products,2251
Mauritius,2022,Food,2097
Mauritius,2022,Fuels and mining products,1667
Mauritius,2022,Fuels,1514
Mauritius,2022,Machinery and transport equipment,1357
Mauritius,2022,Chemicals,668
Mauritius,2022,Clothing,548
Mauritius,2022,Transport equipment,485
Mauritius,2022,Automotive products,392
Mauritius,2022,Other,1457
Mauritius,2023,Manufactures,4375
Mauritius,2023,Agricultural products,2309
Mauritius,2023,Food,2193
Mauritius,2023,Machinery and transport equipment,1569
Mauritius,2023,Fuels and mining products,1394
Mauritius,2023,Fuels,1291
Mauritius,2023,Transport equipment,665
Mauritius,2023,Chemicals,630
Mauritius,2023,Automotive products,550
Mauritius,2023,Clothing,463
Mauritius,2023,Other,1316
Mexico,2018,Manufactures,711695
Mexico,2018,Machinery and transport equipment,490286
Mexico,2018,Transport equipment,190112
Mexico,2018,Automotive products,173427
Mexico,2018,Office and telecom equipment,137105
Mexico,2018,Fuels and mining products,97249
Mexico,2018,Fuels,75233
Mexico,2018,Agricultural products,64628
Mexico,2018,Chemicals,62228
Mexico,2018,Telecommunications equipment,59783
Mexico,2018,Other,176668
Mexico,2019,Manufactures,718384
Mexico,2019,Machinery and transport equipment,499909
Mexico,2019,Transport equipment,199092
Mexico,2019,Automotive products,179001
Mexico,2019,Office and telecom equipment,139445
Mexico,2019,Fuels and mining products,85749
Mexico,2019,Agricultural products,66740
Mexico,2019,Fuels,64694
Mexico,2019,Food,61554
Mexico,2019,Chemicals,59884
Mexico,2019,Other,178435
Mexico,2020,Manufactures,631008
Mexico,2020,Machinery and transport equipment,432525
Mexico,2020,Transport equipment,160540
Mexico,2020,Automotive products,145447
Mexico,2020,Office and telecom equipment,129940
Mexico,2020,Agricultural products,66987
Mexico,2020,Fuels and mining products,62870
Mexico,2020,Food,62483
Mexico,2020,Chemicals,57036
Mexico,2020,Electronic data processing and office equipment,54914
Mexico,2020,Other,150167
Mexico,2021,Manufactures,752429
Mexico,2021,Machinery and transport equipment,504242
Mexico,2021,Transport equipment,183192
Mexico,2021,Automotive products,163846
Mexico,2021,Office and telecom equipment,149655
Mexico,2021,Fuels and mining products,96108
Mexico,2021,Agricultural products,80608
Mexico,2021,Food,74906
Mexico,2021,Chemicals,73384
Mexico,2021,Fuels,69869
Mexico,2021,Other,196187
Mexico,2022,Manufactures,877069
Mexico,2022,Machinery and transport equipment,595828
Mexico,2022,Transport equipment,206047
Mexico,2022,Automotive products,185088
Mexico,2022,Office and telecom equipment,160962
Mexico,2022,Fuels and mining products,126928
Mexico,2022,Fuels,98710
Mexico,2022,Agricultural products,92104
Mexico,2022,Food,85361
Mexico,2022,Chemicals,85268
Mexico,2022,Other,215976
Mexico,2023,Manufactures,912078
Mexico,2023,Machinery and transport equipment,626688
Mexico,2023,Transport equipment,250451
Mexico,2023,Automotive products,226244
Mexico,2023,Office and telecom equipment,148425
Mexico,2023,Fuels and mining products,100481
Mexico,2023,Agricultural products,93241
Mexico,2023,Food,87417
Mexico,2023,Chemicals,80918
Mexico,2023,Fuels,73772
Mexico,2023,Other,204368
Mexico,2024,Manufactures,971358
Mexico,2024,Automotive products,238746
Mexico,2024,Office and telecom equipment,171326
Mexico,2024,Agricultural products,99419
Mexico,2024,Food,93522
Mexico,2024,Chemicals,64012
Mexico,2024,Iron and steel,16929
Mexico,2024,Textiles,7251
"Moldova, Republic of",2018,Manufactures,5328
"Moldova, Republic of",2018,Machinery and transport equipment,1977
"Moldova, Republic of",2018,Agricultural products,1970
"Moldova, Republic of",2018,Food,1875
"Moldova, Republic of",2018,Chemicals,944
"Moldova, Republic of",2018,Fuels and mining products,864
"Moldova, Republic of",2018,Fuels,707
"Moldova, Republic of",2018,Clothing,450
"Moldova, Republic of",2018,Textiles,367
"Moldova, Republic of",2018,Transport equipment,348
"Moldova, Republic of",2018,Other,1235
"Moldova, Republic of",2019,Manufactures,5476
"Moldova, Republic of",2019,Machinery and transport equipment,2077
"Moldova, Republic of",2019,Agricultural products,2060
"Moldova, Republic of",2019,Food,1968
"Moldova, Republic of",2019,Chemicals,987
"Moldova, Republic of",2019,Fuels and mining products,789
"Moldova, Republic of",2019,Fuels,645
"Moldova, Republic of",2019,Clothing,418
"Moldova, Republic of",2019,Transport equipment,385
"Moldova, Republic of",2019,Pharmaceuticals,376
"Moldova, Republic of",2019,Other,1287
"Moldova, Republic of",2020,Manufactures,5209
"Moldova, Republic of",2020,Machinery and transport equipment,1971
"Moldova, Republic of",2020,Agricultural products,1942
"Moldova, Republic of",2020,Food,1851
"Moldova, Republic of",2020,Chemicals,947
"Moldova, Republic of",2020,Fuels and mining products,556
"Moldova, Republic of",2020,Fuels,433
"Moldova, Republic of",2020,Transport equipment,393
"Moldova, Republic of",2020,Clothing,379
"Moldova, Republic of",2020,Textiles,317
"Moldova, Republic of",2020,Other,1263
"Moldova, Republic of",2021,Manufactures,6542
"Moldova, Republic of",2021,Agricultural products,2492
"Moldova, Republic of",2021,Machinery and transport equipment,2461
"Moldova, Republic of",2021,Food,2363
"Moldova, Republic of",2021,Fuels and mining products,1279
"Moldova, Republic of",2021,Chemicals,1186
"Moldova, Republic of",2021,Fuels,1088
"Moldova, Republic of",2021,Transport equipment,545
"Moldova, Republic of",2021,Automotive products,493
"Moldova, Republic of",2021,Clothing,476
"Moldova, Republic of",2021,Other,1614
"Moldova, Republic of",2022,Manufactures,6953
"Moldova, Republic of",2022,Fuels and mining products,3313
"Moldova, Republic of",2022,Agricultural products,3260
"Moldova, Republic of",2022,Fuels,3174
"Moldova, Republic of",2022,Food,3133
"Moldova, Republic of",2022,Machinery and transport equipment,2726
"Moldova, Republic of",2022,Chemicals,1227
"Moldova, Republic of",2022,Transport equipment,672
"Moldova, Republic of",2022,Automotive products,594
"Moldova, Republic of",2022,Clothing,500
"Moldova, Republic of",2022,Other,1649
"Moldova, Republic of",2023,Manufactures,7106
"Moldova, Republic of",2023,Agricultural products,3043
"Moldova, Republic of",2023,Machinery and transport equipment,2969
"Moldova, Republic of",2023,Food,2924
"Moldova, Republic of",2023,Fuels and mining products,2542
"Moldova, Republic of",2023,Fuels,2418
"Moldova, Republic of",2023,Chemicals,1218
"Moldova, Republic of",2023,Transport equipment,725
"Moldova, Republic of",2023,Automotive products,648
"Moldova, Republic of",2023,Clothing,493
"Moldova, Republic of",2023,Other,1730
Mongolia,2018,Fuels and mining products,7487
Mongolia,2018,Fuels,4525
Mongolia,2018,Manufactures,3986
Mongolia,2018,Machinery and transport equipment,2237
Mongolia,2018,Agricultural products,1266
Mongolia,2018,Transport equipment,960
Mongolia,2018,Food,872
Mongolia,2018,Automotive products,776
Mongolia,2018,Chemicals,448
Mongolia,2018,Office and telecom equipment,252
Mongolia,2018,Other,743
Mongolia,2019,Fuels and mining products,7831
Mongolia,2019,Fuels,4845
Mongolia,2019,Manufactures,4293
Mongolia,2019,Machinery and transport equipment,2511
Mongolia,2019,Transport equipment,1282
Mongolia,2019,Agricultural products,1204
Mongolia,2019,Automotive products,979
Mongolia,2019,Food,798
Mongolia,2019,Chemicals,452
Mongolia,2019,Iron and steel,280
Mongolia,2019,Other,655
Mongolia,2020,Fuels and mining products,6327
Mongolia,2020,Manufactures,3688
Mongolia,2020,Fuels,3271
Mongolia,2020,Machinery and transport equipment,1942
Mongolia,2020,Agricultural products,1050
Mongolia,2020,Transport equipment,904
Mongolia,2020,Food,788
Mongolia,2020,Automotive products,668
Mongolia,2020,Chemicals,445
Mongolia,2020,Iron and steel,307
Mongolia,2020,Other,662
Mongolia,2021,Fuels and mining products,8970
Mongolia,2021,Manufactures,4617
Mongolia,2021,Fuels,4386
Mongolia,2021,Machinery and transport equipment,2507
Mongolia,2021,Agricultural products,1490
Mongolia,2021,Transport equipment,1287
Mongolia,2021,Food,1117
Mongolia,2021,Automotive products,891
Mongolia,2021,Chemicals,670
Mongolia,2021,Iron and steel,333
Mongolia,2021,Other,1007
Mongolia,2022,Fuels and mining products,12667
Mongolia,2022,Fuels,8715
Mongolia,2022,Manufactures,5708
Mongolia,2022,Machinery and transport equipment,3048
Mongolia,2022,Agricultural products,1782
Mongolia,2022,Transport equipment,1782
Mongolia,2022,Food,1270
Mongolia,2022,Automotive products,1120
Mongolia,2022,Chemicals,737
Mongolia,2022,Iron and steel,482
Mongolia,2022,Other,1056
Mongolia,2023,Fuels and mining products,15417
Mongolia,2023,Fuels,11399
Mongolia,2023,Manufactures,6285
Mongolia,2023,Machinery and transport equipment,3572
Mongolia,2023,Agricultural products,1990
Mongolia,2023,Transport equipment,1780
Mongolia,2023,Food,1538
Mongolia,2023,Automotive products,1303
Mongolia,2023,Chemicals,632
Mongolia,2023,Iron and steel,443
Mongolia,2023,Other,1077
Montenegro,2018,Manufactures,2099
Montenegro,2018,Machinery and transport equipment,795
Montenegro,2018,Agricultural products,735
Montenegro,2018,Food,686
Montenegro,2018,Fuels and mining products,629
Montenegro,2018,Fuels,419
Montenegro,2018,Chemicals,331
Montenegro,2018,Transport equipment,280
Montenegro,2018,Automotive products,223
Montenegro,2018,Pharmaceuticals,127
Montenegro,2018,Other,488
Montenegro,2019,Manufactures,2007
Montenegro,2019,Agricultural products,753
Montenegro,2019,Food,694
Montenegro,2019,Machinery and transport equipment,693
Montenegro,2019,Fuels and mining products,605
Montenegro,2019,Fuels,417
Montenegro,2019,Chemicals,339
Montenegro,2019,Transport equipment,241
Montenegro,2019,Automotive products,210
Montenegro,2019,Pharmaceuticals,145
Montenegro,2019,Other,472
Montenegro,2020,Manufactures,1722
Montenegro,2020,Agricultural products,642
Montenegro,2020,Machinery and transport equipment,598
Montenegro,2020,Food,590
Montenegro,2020,Fuels and mining products,425
Montenegro,2020,Chemicals,345
Montenegro,2020,Fuels,258
Montenegro,2020,Transport equipment,168
Montenegro,2020,Pharmaceuticals,161
Montenegro,2020,Automotive products,145
Montenegro,2020,Other,419
Montenegro,2021,Manufactures,1948
Montenegro,2021,Agricultural products,829
Montenegro,2021,Food,766
Montenegro,2021,Fuels and mining products,670
Montenegro,2021,Machinery and transport equipment,651
Montenegro,2021,Fuels,431
Montenegro,2021,Chemicals,424
Montenegro,2021,Transport equipment,211
Montenegro,2021,Pharmaceuticals,210
Montenegro,2021,Automotive products,176
Montenegro,2021,Other,453
Montenegro,2022,Manufactures,2218
Montenegro,2022,Fuels and mining products,1259
Montenegro,2022,Agricultural products,959
Montenegro,2022,Food,894
Montenegro,2022,Fuels,876
Montenegro,2022,Machinery and transport equipment,818
Montenegro,2022,Chemicals,408
Montenegro,2022,Transport equipment,304
Montenegro,2022,Automotive products,242
Montenegro,2022,Pharmaceuticals,197
Montenegro,2022,Other,546
Montenegro,2023,Manufactures,2768
Montenegro,2023,Agricultural products,1164
Montenegro,2023,Food,1092
Montenegro,2023,Machinery and transport equipment,1033
Montenegro,2023,Fuels and mining products,900
Montenegro,2023,Fuels,691
Montenegro,2023,Chemicals,513
Montenegro,2023,Transport equipment,424
Montenegro,2023,Automotive products,357
Montenegro,2023,Pharmaceuticals,252
Montenegro,2023,Other,601
Montserrat,2018,Manufactures,20
Montserrat,2018,Fuels and mining products,11
Montserrat,2018,Machinery and transport equipment,10
Montserrat,2018,Agricultural products,8
Montserrat,2018,Food,7
Montserrat,2018,Fuels,7
Montserrat,2018,Automotive products,3
Montserrat,2018,Transport equipment,3
Montserrat,2018,Chemicals,2
Montserrat,2018,Office and telecom equipment,2
Montserrat,2018,Other,2
Montserrat,2019,Manufactures,20
Montserrat,2019,Fuels and mining products,11
Montserrat,2019,Machinery and transport equipment,9
Montserrat,2019,Agricultural products,8
Montserrat,2019,Food,7
Montserrat,2019,Fuels,5
Montserrat,2019,Automotive products,3
Montserrat,2019,Transport equipment,3
Montserrat,2019,Chemicals,2
Montserrat,2019,Office and telecom equipment,2
Montserrat,2019,Other,2
Montserrat,2020,Manufactures,19
Montserrat,2020,Fuels and mining products,10
Montserrat,2020,Machinery and transport equipment,9
Montserrat,2020,Agricultural products,8
Montserrat,2020,Food,7
Montserrat,2020,Fuels,4
Montserrat,2020,Chemicals,3
Montserrat,2020,Automotive products,2
Montserrat,2020,Office and telecom equipment,2
Montserrat,2020,Transport equipment,2
Montserrat,2020,Other,3
Montserrat,2021,Manufactures,22
Montserrat,2021,Fuels and mining products,14
Montserrat,2021,Machinery and transport equipment,11
Montserrat,2021,Agricultural products,9
Montserrat,2021,Food,8
Montserrat,2021,Fuels,7
Montserrat,2021,Automotive products,3
Montserrat,2021,Transport equipment,3
Montserrat,2021,Chemicals,2
Montserrat,2021,Office and telecom equipment,2
Montserrat,2021,Other,2
Montserrat,2022,Manufactures,22
Montserrat,2022,Fuels and mining products,15
Montserrat,2022,Fuels,9
Montserrat,2022,Machinery and transport equipment,9
Montserrat,2022,Agricultural products,8
Montserrat,2022,Food,8
Montserrat,2022,Chemicals,3
Montserrat,2022,Automotive products,2
Montserrat,2022,Office and telecom equipment,2
Montserrat,2022,Transport equipment,2
Montserrat,2022,Other,4
Montserrat,2023,Manufactures,30
Montserrat,2023,Machinery and transport equipment,16
Montserrat,2023,Fuels and mining products,14
Montserrat,2023,Agricultural products,9
Montserrat,2023,Food,9
Montserrat,2023,Fuels,8
Montserrat,2023,Transport equipment,5
Montserrat,2023,Automotive products,3
Montserrat,2023,Chemicals,3
Montserrat,2023,Office and telecom equipment,2
Montserrat,2023,Other,5
Morocco,2018,Manufactures,54267
Morocco,2018,Machinery and transport equipment,26524
Morocco,2018,Fuels and mining products,12977
Morocco,2018,Transport equipment,12390
Morocco,2018,Agricultural products,12338
Morocco,2018,Food,11239
Morocco,2018,Chemicals,10268
Morocco,2018,Automotive products,9596
Morocco,2018,Fuels,9013
Morocco,2018,Clothing,3871
Morocco,2018,Other,11198
Morocco,2019,Manufactures,55129
Morocco,2019,Machinery and transport equipment,27842
Morocco,2019,Transport equipment,12829
Morocco,2019,Agricultural products,12699
Morocco,2019,Fuels and mining products,11935
Morocco,2019,Food,11638
Morocco,2019,Chemicals,9921
Morocco,2019,Automotive products,9631
Morocco,2019,Fuels,8329
Morocco,2019,Clothing,3746
Morocco,2019,Other,11625
Morocco,2020,Manufactures,48935
Morocco,2020,Machinery and transport equipment,23758
Morocco,2020,Agricultural products,13526
Morocco,2020,Food,12569
Morocco,2020,Transport equipment,10608
Morocco,2020,Chemicals,10057
Morocco,2020,Fuels and mining products,8480
Morocco,2020,Automotive products,8084
Morocco,2020,Fuels,5351
Morocco,2020,Textiles,3091
Morocco,2020,Other,10729
Morocco,2021,Manufactures,64457
Morocco,2021,Machinery and transport equipment,29550
Morocco,2021,Agricultural products,15831
Morocco,2021,Chemicals,15459
Morocco,2021,Food,14633
Morocco,2021,Transport equipment,14421
Morocco,2021,Fuels and mining products,13520
Morocco,2021,Automotive products,11448
Morocco,2021,Fuels,8570
Morocco,2021,Textiles,4049
Morocco,2021,Other,13672
Morocco,2022,Manufactures,72838
Morocco,2022,Machinery and transport equipment,29740
Morocco,2022,Fuels and mining products,21817
Morocco,2022,Chemicals,19098
Morocco,2022,Agricultural products,18567
Morocco,2022,Food,17364
Morocco,2022,Fuels,15296
Morocco,2022,Transport equipment,13354
Morocco,2022,Automotive products,12729
Morocco,2022,Textiles,4214
Morocco,2022,Other,14576
Morocco,2023,Manufactures,74213
Morocco,2023,Machinery and transport equipment,36327
Morocco,2023,Agricultural products,18591
Morocco,2023,Food,17417
Morocco,2023,Fuels and mining products,17351
Morocco,2023,Transport equipment,16580
Morocco,2023,Automotive products,15650
Morocco,2023,Chemicals,13369
Morocco,2023,Fuels,12399
Morocco,2023,Textiles,4434
Morocco,2023,Other,15371
Mozambique,2018,Fuels and mining products,6184
Mozambique,2018,Manufactures,4839
Mozambique,2018,Fuels,3986
Mozambique,2018,Agricultural products,2741
Mozambique,2018,Food,2504
Mozambique,2018,Machinery and transport equipment,1880
Mozambique,2018,Chemicals,904
Mozambique,2018,Transport equipment,690
Mozambique,2018,Automotive products,511
Mozambique,2018,Textiles,272
Mozambique,2018,Other,963
Mozambique,2019,Fuels and mining products,5174
Mozambique,2019,Manufactures,5041
Mozambique,2019,Fuels,3580
Mozambique,2019,Agricultural products,2264
Mozambique,2019,Machinery and transport equipment,2153
Mozambique,2019,Food,2081
Mozambique,2019,Chemicals,1088
Mozambique,2019,Transport equipment,715
Mozambique,2019,Automotive products,539
Mozambique,2019,Iron and steel,281
Mozambique,2019,Other,955
Mozambique,2020,Manufactures,4357
Mozambique,2020,Fuels and mining products,3722
Mozambique,2020,Fuels,2296
Mozambique,2020,Agricultural products,2145
Mozambique,2020,Food,2017
Mozambique,2020,Machinery and transport equipment,1705
Mozambique,2020,Chemicals,1109
Mozambique,2020,Transport equipment,574
Mozambique,2020,Automotive products,390
Mozambique,2020,Pharmaceuticals,300
Mozambique,2020,Other,776
Mozambique,2021,Fuels and mining products,6004
Mozambique,2021,Manufactures,5700
Mozambique,2021,Fuels,3919
Mozambique,2021,Agricultural products,2744
Mozambique,2021,Food,2585
Mozambique,2021,Machinery and transport equipment,2078
Mozambique,2021,Chemicals,1440
Mozambique,2021,Transport equipment,759
Mozambique,2021,Automotive products,521
Mozambique,2021,Iron and steel,372
Mozambique,2021,Other,946
Mozambique,2022,Manufactures,10527
Mozambique,2022,Fuels and mining products,9591
Mozambique,2022,Fuels,7005
Mozambique,2022,Machinery and transport equipment,6840
Mozambique,2022,Transport equipment,5469
Mozambique,2022,Agricultural products,2837
Mozambique,2022,Food,2667
Mozambique,2022,Chemicals,1675
Mozambique,2022,Automotive products,543
Mozambique,2022,Iron and steel,374
Mozambique,2022,Other,1118
Mozambique,2023,Fuels and mining products,8970
Mozambique,2023,Fuels,6921
Mozambique,2023,Manufactures,6566
Mozambique,2023,Agricultural products,2801
Mozambique,2023,Machinery and transport equipment,2681
Mozambique,2023,Food,2657
Mozambique,2023,Chemicals,1590
Mozambique,2023,Transport equipment,830
Mozambique,2023,Automotive products,619
Mozambique,2023,Iron and steel,347
Mozambique,2023,Other,1147
Myanmar,2018,Manufactures,19641
Myanmar,2018,Fuels and mining products,8739
Myanmar,2018,Fuels,7633
Myanmar,2018,Agricultural products,7565
Myanmar,2018,Food,7142
Myanmar,2018,Machinery and transport equipment,5855
Myanmar,2018,Clothing,4360
Myanmar,2018,Transport equipment,2497
Myanmar,2018,Chemicals,2264
Myanmar,2018,Textiles,1794
Myanmar,2018,Other,4341
Myanmar,2019,Manufactures,20280
Myanmar,2019,Fuels and mining products,9295
Myanmar,2019,Fuels,8150
Myanmar,2019,Agricultural products,7008
Myanmar,2019,Food,6524
Myanmar,2019,Machinery and transport equipment,5335
Myanmar,2019,Clothing,5136
Myanmar,2019,Chemicals,2405
Myanmar,2019,Textiles,2039
Myanmar,2019,Transport equipment,1967
Myanmar,2019,Other,4022
Myanmar,2020,Manufactures,19476
Myanmar,2020,Agricultural products,7739
Myanmar,2020,Fuels and mining products,7422
Myanmar,2020,Food,7191
Myanmar,2020,Fuels,6165
Myanmar,2020,Machinery and transport equipment,6071
Myanmar,2020,Clothing,4701
Myanmar,2020,Chemicals,2302
Myanmar,2020,Textiles,1818
Myanmar,2020,Iron and steel,1804
Myanmar,2020,Other,4423
Myanmar,2021,Manufactures,14693
Myanmar,2021,Agricultural products,8030
Myanmar,2021,Food,7404
Myanmar,2021,Fuels and mining products,6755
Myanmar,2021,Fuels,6106
Myanmar,2021,Clothing,3961
Myanmar,2021,Machinery and transport equipment,3408
Myanmar,2021,Chemicals,2023
Myanmar,2021,Textiles,1576
Myanmar,2021,Transport equipment,1184
Myanmar,2021,Other,2920
Myanmar,2022,Manufactures,17464
Myanmar,2022,Fuels and mining products,9628
Myanmar,2022,Fuels,9211
Myanmar,2022,Agricultural products,7372
Myanmar,2022,Food,6700
Myanmar,2022,Clothing,5679
Myanmar,2022,Machinery and transport equipment,2904
Myanmar,2022,Chemicals,2512
Myanmar,2022,Textiles,2256
Myanmar,2022,Iron and steel,1030
Myanmar,2022,Other,2252
Myanmar,2023,Manufactures,15306
Myanmar,2023,Fuels and mining products,9314
Myanmar,2023,Fuels,8961
Myanmar,2023,Agricultural products,6575
Myanmar,2023,Food,6182
Myanmar,2023,Clothing,4491
Myanmar,2023,Machinery and transport equipment,3428
Myanmar,2023,Chemicals,2079
Myanmar,2023,Textiles,1984
Myanmar,2023,Transport equipment,1350
Myanmar,2023,Other,2330
Namibia,2018,Manufactures,7981
Namibia,2018,Fuels and mining products,5131
Namibia,2018,Machinery and transport equipment,3584
Namibia,2018,Transport equipment,2519
Namibia,2018,Agricultural products,2304
Namibia,2018,Food,2215
Namibia,2018,Fuels,901
Namibia,2018,Chemicals,873
Namibia,2018,Automotive products,676
Namibia,2018,Office and telecom equipment,277
Namibia,2018,Other,830
Namibia,2019,Manufactures,5468
Namibia,2019,Fuels and mining products,3013
Namibia,2019,Agricultural products,2092
Namibia,2019,Food,2001
Namibia,2019,Machinery and transport equipment,1336
Namibia,2019,Fuels,995
Namibia,2019,Chemicals,763
Namibia,2019,Transport equipment,468
Namibia,2019,Automotive products,311
Namibia,2019,Office and telecom equipment,209
Namibia,2019,Other,747
Namibia,2020,Manufactures,4345
Namibia,2020,Fuels and mining products,2468
Namibia,2020,Agricultural products,1675
Namibia,2020,Food,1588
Namibia,2020,Machinery and transport equipment,1053
Namibia,2020,Chemicals,813
Namibia,2020,Fuels,663
Namibia,2020,Transport equipment,363
Namibia,2020,Automotive products,272
Namibia,2020,Office and telecom equipment,186
Namibia,2020,Other,656
Namibia,2021,Manufactures,5537
Namibia,2021,Fuels and mining products,2766
Namibia,2021,Agricultural products,2031
Namibia,2021,Food,1927
Namibia,2021,Machinery and transport equipment,1373
Namibia,2021,Fuels,1024
Namibia,2021,Chemicals,1001
Namibia,2021,Transport equipment,478
Namibia,2021,Automotive products,377
Namibia,2021,Office and telecom equipment,243
Namibia,2021,Other,887
Namibia,2022,Manufactures,6931
Namibia,2022,Fuels and mining products,4034
Namibia,2022,Agricultural products,2201
Namibia,2022,Food,2083
Namibia,2022,Machinery and transport equipment,1881
Namibia,2022,Fuels,1850
Namibia,2022,Chemicals,1191
Namibia,2022,Transport equipment,700
Namibia,2022,Automotive products,431
Namibia,2022,Office and telecom equipment,281
Namibia,2022,Other,864
Namibia,2023,Manufactures,6344
Namibia,2023,Fuels and mining products,3605
Namibia,2023,Agricultural products,2113
Namibia,2023,Food,2006
Namibia,2023,Machinery and transport equipment,1926
Namibia,2023,Fuels,1873
Namibia,2023,Chemicals,904
Namibia,2023,Transport equipment,619
Namibia,2023,Automotive products,439
Namibia,2023,Office and telecom equipment,339
Namibia,2023,Other,890
Nepal,2018,Manufactures,8285
Nepal,2018,Machinery and transport equipment,3139
Nepal,2018,Fuels and mining products,2680
Nepal,2018,Agricultural products,2359
Nepal,2018,Food,2166
Nepal,2018,Fuels,2161
Nepal,2018,Iron and steel,1460
Nepal,2018,Chemicals,1323
Nepal,2018,Transport equipment,1218
Nepal,2018,Automotive products,598
Nepal,2018,Other,2204
Nepal,2019,Manufactures,7747
Nepal,2019,Machinery and transport equipment,2883
Nepal,2019,Agricultural products,2684
Nepal,2019,Fuels and mining products,2602
Nepal,2019,Food,2513
Nepal,2019,Fuels,2145
Nepal,2019,Chemicals,1308
Nepal,2019,Iron and steel,1147
Nepal,2019,Transport equipment,966
Nepal,2019,Office and telecom equipment,562
Nepal,2019,Other,2294
Nepal,2020,Manufactures,5933
Nepal,2020,Agricultural products,2794
Nepal,2020,Food,2664
Nepal,2020,Machinery and transport equipment,2059
Nepal,2020,Fuels and mining products,1696
Nepal,2020,Fuels,1412
Nepal,2020,Chemicals,1129
Nepal,2020,Iron and steel,943
Nepal,2020,Transport equipment,599
Nepal,2020,Office and telecom equipment,485
Nepal,2020,Other,1754
Nepal,2021,Manufactures,9548
Nepal,2021,Agricultural products,4636
Nepal,2021,Food,4435
Nepal,2021,Machinery and transport equipment,3314
Nepal,2021,Fuels and mining products,2953
Nepal,2021,Fuels,2395
Nepal,2021,Chemicals,1924
Nepal,2021,Iron and steel,1543
Nepal,2021,Transport equipment,1038
Nepal,2021,Office and telecom equipment,773
Nepal,2021,Other,3062
Nepal,2022,Manufactures,7789
Nepal,2022,Fuels and mining products,3490
Nepal,2022,Agricultural products,3309
Nepal,2022,Fuels,3157
Nepal,2022,Food,3111
Nepal,2022,Machinery and transport equipment,2414
Nepal,2022,Chemicals,1725
Nepal,2022,Iron and steel,1214
Nepal,2022,Textiles,652
Nepal,2022,Transport equipment,583
Nepal,2022,Other,2016
Nepal,2023,Manufactures,7866
Nepal,2023,Fuels and mining products,3047
Nepal,2023,Fuels,2767
Nepal,2023,Machinery and transport equipment,2381
Nepal,2023,Agricultural products,2159
Nepal,2023,Food,1988
Nepal,2023,Chemicals,1340
Nepal,2023,Iron and steel,1217
Nepal,2023,Textiles,771
Nepal,2023,Transport equipment,671
Nepal,2023,Other,2208
Netherlands,2018,Manufactures,916150
Netherlands,2018,Machinery and transport equipment,451537
Netherlands,2018,Fuels and mining products,260572
Netherlands,2018,Office and telecom equipment,220716
Netherlands,2018,Chemicals,209321
Netherlands,2018,Fuels,208099
Netherlands,2018,Agricultural products,190421
Netherlands,2018,Food,161518
Netherlands,2018,Telecommunications equipment,97232
Netherlands,2018,Electronic data processing and office equipment,89413
Netherlands,2018,Other,317143
Netherlands,2019,Manufactures,916585
Netherlands,2019,Machinery and transport equipment,453959
Netherlands,2019,Fuels and mining products,235466
Netherlands,2019,Office and telecom equipment,213572
Netherlands,2019,Chemicals,209406
Netherlands,2019,Fuels,190354
Netherlands,2019,Agricultural products,186806
Netherlands,2019,Food,159223
Netherlands,2019,Telecommunications equipment,88792
Netherlands,2019,Electronic data processing and office equipment,86221
Netherlands,2019,Other,334129
Netherlands,2020,Manufactures,910046
Netherlands,2020,Machinery and transport equipment,456509
Netherlands,2020,Office and telecom equipment,227643
Netherlands,2020,Chemicals,210797
Netherlands,2020,Agricultural products,191364
Netherlands,2020,Food,163583
Netherlands,2020,Fuels and mining products,162528
Netherlands,2020,Fuels,122642
Netherlands,2020,Telecommunications equipment,93923
Netherlands,2020,Electronic data processing and office equipment,93744
Netherlands,2020,Other,316066
Netherlands,2021,Manufactures,1090650
Netherlands,2021,Machinery and transport equipment,525522
Netherlands,2021,Fuels and mining products,283877
Netherlands,2021,Chemicals,259942
Netherlands,2021,Office and telecom equipment,256512
Netherlands,2021,Fuels,220963
Netherlands,2021,Agricultural products,219590
Netherlands,2021,Food,184305
Netherlands,2021,Electronic data processing and office equipment,108035
Netherlands,2021,Telecommunications equipment,99874
Netherlands,2021,Other,361429
Netherlands,2022,Manufactures,1168811
Netherlands,2022,Machinery and transport equipment,552788
Netherlands,2022,Fuels and mining products,455592
Netherlands,2022,Fuels,385377
Netherlands,2022,Chemicals,288747
Netherlands,2022,Office and telecom equipment,265535
Netherlands,2022,Agricultural products,232726
Netherlands,2022,Food,198674
Netherlands,2022,Electronic data processing and office equipment,106848
Netherlands,2022,Pharmaceuticals,99764
Netherlands,2022,Other,391266
Netherlands,2023,Manufactures,1169400
Netherlands,2023,Machinery and transport equipment,583784
Netherlands,2023,Fuels and mining products,363711
Netherlands,2023,Fuels,305569
Netherlands,2023,Chemicals,266924
Netherlands,2023,Office and telecom equipment,263426
Netherlands,2023,Agricultural products,237427
Netherlands,2023,Food,204880
Netherlands,2023,Pharmaceuticals,107335
Netherlands,2023,Electronic data processing and office equipment,104923
Netherlands,2023,Other,413389
"Netherlands, Kingdom of, with respect to Aruba",2018,Manufactures,819
"Netherlands, Kingdom of, with respect to Aruba",2018,Agricultural products,382
"Netherlands, Kingdom of, with respect to Aruba",2018,Food,378
"Netherlands, Kingdom of, with respect to Aruba",2018,Machinery and transport equipment,281
"Netherlands, Kingdom of, with respect to Aruba",2018,Fuels and mining products,218
"Netherlands, Kingdom of, with respect to Aruba",2018,Fuels,201
"Netherlands, Kingdom of, with respect to Aruba",2018,Chemicals,124
"Netherlands, Kingdom of, with respect to Aruba",2018,Transport equipment,98
"Netherlands, Kingdom of, with respect to Aruba",2018,Automotive products,84
"Netherlands, Kingdom of, with respect to Aruba",2018,Office and telecom equipment,68
"Netherlands, Kingdom of, with respect to Aruba",2018,Other,173
"Netherlands, Kingdom of, with respect to Aruba",2019,Manufactures,776
"Netherlands, Kingdom of, with respect to Aruba",2019,Agricultural products,416
"Netherlands, Kingdom of, with respect to Aruba",2019,Food,410
"Netherlands, Kingdom of, with respect to Aruba",2019,Machinery and transport equipment,315
"Netherlands, Kingdom of, with respect to Aruba",2019,Fuels and mining products,137
"Netherlands, Kingdom of, with respect to Aruba",2019,Chemicals,124
"Netherlands, Kingdom of, with respect to Aruba",2019,Fuels,119
"Netherlands, Kingdom of, with respect to Aruba",2019,Transport equipment,92
"Netherlands, Kingdom of, with respect to Aruba",2019,Automotive products,78
"Netherlands, Kingdom of, with respect to Aruba",2019,Office and telecom equipment,57
"Netherlands, Kingdom of, with respect to Aruba",2019,Other,166
"Netherlands, Kingdom of, with respect to Aruba",2020,Manufactures,540
"Netherlands, Kingdom of, with respect to Aruba",2020,Agricultural products,324
"Netherlands, Kingdom of, with respect to Aruba",2020,Food,320
"Netherlands, Kingdom of, with respect to Aruba",2020,Machinery and transport equipment,204
"Netherlands, Kingdom of, with respect to Aruba",2020,Chemicals,115
"Netherlands, Kingdom of, with respect to Aruba",2020,Fuels and mining products,82
"Netherlands, Kingdom of, with respect to Aruba",2020,Fuels,71
"Netherlands, Kingdom of, with respect to Aruba",2020,Office and telecom equipment,53
"Netherlands, Kingdom of, with respect to Aruba",2020,Transport equipment,46
"Netherlands, Kingdom of, with respect to Aruba",2020,Automotive products,38
"Netherlands, Kingdom of, with respect to Aruba",2020,Other,137
"Netherlands, Kingdom of, with respect to Aruba",2021,Manufactures,609
"Netherlands, Kingdom of, with respect to Aruba",2021,Agricultural products,453
"Netherlands, Kingdom of, with respect to Aruba",2021,Food,449
"Netherlands, Kingdom of, with respect to Aruba",2021,Machinery and transport equipment,201
"Netherlands, Kingdom of, with respect to Aruba",2021,Chemicals,134
"Netherlands, Kingdom of, with respect to Aruba",2021,Fuels and mining products,113
"Netherlands, Kingdom of, with respect to Aruba",2021,Fuels,100
"Netherlands, Kingdom of, with respect to Aruba",2021,Transport equipment,60
"Netherlands, Kingdom of, with respect to Aruba",2021,Automotive products,52
"Netherlands, Kingdom of, with respect to Aruba",2021,Office and telecom equipment,51
"Netherlands, Kingdom of, with respect to Aruba",2021,Other,159
"Netherlands, Kingdom of, with respect to Aruba",2022,Manufactures,803
"Netherlands, Kingdom of, with respect to Aruba",2022,Agricultural products,550
"Netherlands, Kingdom of, with respect to Aruba",2022,Food,545
"Netherlands, Kingdom of, with respect to Aruba",2022,Machinery and transport equipment,274
"Netherlands, Kingdom of, with respect to Aruba",2022,Fuels and mining products,219
"Netherlands, Kingdom of, with respect to Aruba",2022,Fuels,199
"Netherlands, Kingdom of, with respect to Aruba",2022,Chemicals,134
"Netherlands, Kingdom of, with respect to Aruba",2022,Transport equipment,87
"Netherlands, Kingdom of, with respect to Aruba",2022,Automotive products,75
"Netherlands, Kingdom of, with respect to Aruba",2022,Office and telecom equipment,67
"Netherlands, Kingdom of, with respect to Aruba",2022,Other,191
"Netherlands, Kingdom of, with respect to Aruba",2023,Manufactures,804
"Netherlands, Kingdom of, with respect to Aruba",2023,Agricultural products,552
"Netherlands, Kingdom of, with respect to Aruba",2023,Food,547
"Netherlands, Kingdom of, with respect to Aruba",2023,Machinery and transport equipment,319
"Netherlands, Kingdom of, with respect to Aruba",2023,Fuels and mining products,154
"Netherlands, Kingdom of, with respect to Aruba",2023,Chemicals,137
"Netherlands, Kingdom of, with respect to Aruba",2023,Fuels,131
"Netherlands, Kingdom of, with respect to Aruba",2023,Transport equipment,120
"Netherlands, Kingdom of, with respect to Aruba",2023,Automotive products,105
"Netherlands, Kingdom of, with respect to Aruba",2023,Clothing,59
"Netherlands, Kingdom of, with respect to Aruba",2023,Other,187
New Caledonia,2018,Manufactures,2601
New Caledonia,2018,Fuels and mining products,1614
New Caledonia,2018,Iron and steel,1037
New Caledonia,2018,Machinery and transport equipment,861
New Caledonia,2018,Fuels,706
New Caledonia,2018,Agricultural products,499
New Caledonia,2018,Food,390
New Caledonia,2018,Chemicals,317
New Caledonia,2018,Transport equipment,311
New Caledonia,2018,Automotive products,240
New Caledonia,2018,Other,393
New Caledonia,2019,Manufactures,2663
New Caledonia,2019,Fuels and mining products,1478
New Caledonia,2019,Machinery and transport equipment,1050
New Caledonia,2019,Iron and steel,904
New Caledonia,2019,Fuels,635
New Caledonia,2019,Transport equipment,608
New Caledonia,2019,Agricultural products,484
New Caledonia,2019,Food,396
New Caledonia,2019,Chemicals,268
New Caledonia,2019,Automotive products,260
New Caledonia,2019,Other,366
New Caledonia,2020,Manufactures,2388
New Caledonia,2020,Fuels and mining products,1418
New Caledonia,2020,Machinery and transport equipment,836
New Caledonia,2020,Iron and steel,832
New Caledonia,2020,Agricultural products,487
New Caledonia,2020,Fuels,476
New Caledonia,2020,Food,405
New Caledonia,2020,Transport equipment,360
New Caledonia,2020,Chemicals,253
New Caledonia,2020,Automotive products,225
New Caledonia,2020,Other,414
New Caledonia,2021,Manufactures,2490
New Caledonia,2021,Fuels and mining products,1583
New Caledonia,2021,Machinery and transport equipment,894
New Caledonia,2021,Iron and steel,807
New Caledonia,2021,Agricultural products,523
New Caledonia,2021,Fuels,490
New Caledonia,2021,Food,430
New Caledonia,2021,Transport equipment,310
New Caledonia,2021,Chemicals,276
New Caledonia,2021,Automotive products,255
New Caledonia,2021,Other,456
New Caledonia,2022,Manufactures,2902
New Caledonia,2022,Fuels and mining products,2463
New Caledonia,2022,Iron and steel,1299
New Caledonia,2022,Fuels,1047
New Caledonia,2022,Machinery and transport equipment,895
New Caledonia,2022,Agricultural products,570
New Caledonia,2022,Food,418
New Caledonia,2022,Transport equipment,311
New Caledonia,2022,Automotive products,264
New Caledonia,2022,Chemicals,261
New Caledonia,2022,Other,397
New Caledonia,2023,Manufactures,2614
New Caledonia,2023,Fuels and mining products,2136
New Caledonia,2023,Iron and steel,952
New Caledonia,2023,Machinery and transport equipment,912
New Caledonia,2023,Fuels,848
New Caledonia,2023,Agricultural products,572
New Caledonia,2023,Food,456
New Caledonia,2023,Transport equipment,435
New Caledonia,2023,Automotive products,293
New Caledonia,2023,Chemicals,282
New Caledonia,2023,Other,392
New Zealand,2018,Manufactures,39058
New Zealand,2018,Agricultural products,34164
New Zealand,2018,Food,28909
New Zealand,2018,Machinery and transport equipment,19517
New Zealand,2018,Fuels and mining products,8060
New Zealand,2018,Transport equipment,7856
New Zealand,2018,Chemicals,6293
New Zealand,2018,Fuels,6031
New Zealand,2018,Automotive products,5824
New Zealand,2018,Office and telecom equipment,3676
New Zealand,2018,Other,8194
New Zealand,2019,Manufactures,37973
New Zealand,2019,Agricultural products,34596
New Zealand,2019,Food,29837
New Zealand,2019,Machinery and transport equipment,18923
New Zealand,2019,Transport equipment,7261
New Zealand,2019,Fuels and mining products,7046
New Zealand,2019,Chemicals,6068
New Zealand,2019,Fuels,5245
New Zealand,2019,Automotive products,5200
New Zealand,2019,Office and telecom equipment,3640
New Zealand,2019,Other,7954
New Zealand,2020,Manufactures,34809
New Zealand,2020,Agricultural products,34173
New Zealand,2020,Food,30019
New Zealand,2020,Machinery and transport equipment,16204
New Zealand,2020,Chemicals,6462
New Zealand,2020,Transport equipment,5731
New Zealand,2020,Fuels and mining products,5120
New Zealand,2020,Automotive products,3853
New Zealand,2020,Fuels,3538
New Zealand,2020,Office and telecom equipment,3485
New Zealand,2020,Other,7643
New Zealand,2021,Manufactures,46084
New Zealand,2021,Agricultural products,39814
New Zealand,2021,Food,34223
New Zealand,2021,Machinery and transport equipment,22127
New Zealand,2021,Transport equipment,8500
New Zealand,2021,Chemicals,8079
New Zealand,2021,Fuels and mining products,6898
New Zealand,2021,Automotive products,6664
New Zealand,2021,Fuels,4504
New Zealand,2021,Office and telecom equipment,4357
New Zealand,2021,Other,9856
New Zealand,2022,Manufactures,47964
New Zealand,2022,Agricultural products,40293
New Zealand,2022,Food,35202
New Zealand,2022,Machinery and transport equipment,22960
New Zealand,2022,Fuels and mining products,9668
New Zealand,2022,Chemicals,9267
New Zealand,2022,Transport equipment,8576
New Zealand,2022,Fuels,7041
New Zealand,2022,Automotive products,6532
New Zealand,2022,Office and telecom equipment,4369
New Zealand,2022,Other,10100
New Zealand,2023,Manufactures,43597
New Zealand,2023,Agricultural products,36741
New Zealand,2023,Food,32457
New Zealand,2023,Machinery and transport equipment,22823
New Zealand,2023,Fuels and mining products,10024
New Zealand,2023,Transport equipment,8932
New Zealand,2023,Fuels,7842
New Zealand,2023,Chemicals,7327
New Zealand,2023,Automotive products,6431
New Zealand,2023,Office and telecom equipment,4100
New Zealand,2023,Other,8931
Nicaragua,2018,Manufactures,7320
Nicaragua,2018,Agricultural products,3508
Nicaragua,2018,Food,3391
Nicaragua,2018,Clothing,1883
Nicaragua,2018,Machinery and transport equipment,1797
Nicaragua,2018,Fuels and mining products,1164
Nicaragua,2018,Chemicals,1077
Nicaragua,2018,Fuels,1062
Nicaragua,2018,Textiles,991
Nicaragua,2018,Pharmaceuticals,395
Nicaragua,2018,Other,1130
Nicaragua,2019,Manufactures,7004
Nicaragua,2019,Agricultural products,3566
Nicaragua,2019,Food,3440
Nicaragua,2019,Clothing,2013
Nicaragua,2019,Machinery and transport equipment,1520
Nicaragua,2019,Chemicals,1056
Nicaragua,2019,Fuels and mining products,1040
Nicaragua,2019,Textiles,980
Nicaragua,2019,Fuels,963
Nicaragua,2019,Pharmaceuticals,394
Nicaragua,2019,Other,901
Nicaragua,2020,Manufactures,6365
Nicaragua,2020,Agricultural products,3700
Nicaragua,2020,Food,3557
Nicaragua,2020,Clothing,1548
Nicaragua,2020,Machinery and transport equipment,1504
Nicaragua,2020,Chemicals,1097
Nicaragua,2020,Textiles,906
Nicaragua,2020,Fuels and mining products,730
Nicaragua,2020,Fuels,655
Nicaragua,2020,Pharmaceuticals,408
Nicaragua,2020,Other,1016
Nicaragua,2021,Manufactures,8978
Nicaragua,2021,Agricultural products,4549
Nicaragua,2021,Food,4339
Nicaragua,2021,Machinery and transport equipment,2326
Nicaragua,2021,Clothing,2255
Nicaragua,2021,Fuels and mining products,1920
Nicaragua,2021,Fuels,1784
Nicaragua,2021,Chemicals,1400
Nicaragua,2021,Textiles,1005
Nicaragua,2021,Pharmaceuticals,560
Nicaragua,2021,Other,1549
Nicaragua,2022,Manufactures,10441
Nicaragua,2022,Agricultural products,5208
Nicaragua,2022,Food,4947
Nicaragua,2022,Clothing,2925
Nicaragua,2022,Machinery and transport equipment,2554
Nicaragua,2022,Fuels and mining products,2028
Nicaragua,2022,Fuels,1897
Nicaragua,2022,Chemicals,1582
Nicaragua,2022,Textiles,1122
Nicaragua,2022,Pharmaceuticals,544
Nicaragua,2022,Other,1828
Nicaragua,2023,Manufactures,10303
Nicaragua,2023,Agricultural products,5130
Nicaragua,2023,Food,4938
Nicaragua,2023,Machinery and transport equipment,2973
Nicaragua,2023,Clothing,2545
Nicaragua,2023,Fuels and mining products,1729
Nicaragua,2023,Fuels,1584
Nicaragua,2023,Chemicals,1566
Nicaragua,2023,Textiles,801
Nicaragua,2023,Transport equipment,740
Nicaragua,2023,Other,2045
Niger,2018,Manufactures,1636
Niger,2018,Agricultural products,961
Niger,2018,Machinery and transport equipment,961
Niger,2018,Food,936
Niger,2018,Fuels and mining products,559
Niger,2018,Transport equipment,529
Niger,2018,Fuels,326
Niger,2018,Automotive products,184
Niger,2018,Chemicals,168
Niger,2018,Iron and steel,77
Niger,2018,Other,264
Niger,2019,Manufactures,1747
Niger,2019,Agricultural products,985
Niger,2019,Machinery and transport equipment,984
Niger,2019,Food,947
Niger,2019,Fuels and mining products,598
Niger,2019,Transport equipment,487
Niger,2019,Fuels,337
Niger,2019,Chemicals,245
Niger,2019,Automotive products,181
Niger,2019,Pharmaceuticals,110
Niger,2019,Other,373
Niger,2020,Manufactures,1781
Niger,2020,Agricultural products,1053
Niger,2020,Food,1022
Niger,2020,Machinery and transport equipment,942
Niger,2020,Fuels and mining products,592
Niger,2020,Transport equipment,570
Niger,2020,Chemicals,379
Niger,2020,Fuels,300
Niger,2020,Pharmaceuticals,262
Niger,2020,Automotive products,197
Niger,2020,Other,296
Niger,2021,Manufactures,1518
Niger,2021,Agricultural products,1220
Niger,2021,Food,1183
Niger,2021,Machinery and transport equipment,819
Niger,2021,Fuels and mining products,601
Niger,2021,Transport equipment,476
Niger,2021,Fuels,386
Niger,2021,Chemicals,255
Niger,2021,Automotive products,205
Niger,2021,Iron and steel,131
Niger,2021,Other,302
Niger,2022,Manufactures,2168
Niger,2022,Machinery and transport equipment,1107
Niger,2022,Agricultural products,1045
Niger,2022,Food,1015
Niger,2022,Transport equipment,573
Niger,2022,Fuels and mining products,523
Niger,2022,Fuels,362
Niger,2022,Iron and steel,274
Niger,2022,Chemicals,263
Niger,2022,Automotive products,139
Niger,2022,Other,342
Niger,2023,Manufactures,2232
Niger,2023,Machinery and transport equipment,1456
Niger,2023,Transport equipment,840
Niger,2023,Agricultural products,676
Niger,2023,Food,653
Niger,2023,Fuels and mining products,534
Niger,2023,Fuels,313
Niger,2023,Chemicals,195
Niger,2023,Iron and steel,137
Niger,2023,Automotive products,99
Niger,2023,Other,311
Nigeria,2018,Fuels and mining products,70312
Nigeria,2018,Fuels,69619
Nigeria,2018,Manufactures,26871
Nigeria,2018,Machinery and transport equipment,16924
Nigeria,2018,Transport equipment,8358
Nigeria,2018,Agricultural products,6363
Nigeria,2018,Food,5939
Nigeria,2018,Chemicals,5214
Nigeria,2018,Automotive products,1807
Nigeria,2018,Office and telecom equipment,1334
Nigeria,2018,Other,3525
Nigeria,2019,Fuels and mining products,54690
Nigeria,2019,Fuels,54019
Nigeria,2019,Manufactures,40166
Nigeria,2019,Machinery and transport equipment,24869
Nigeria,2019,Transport equipment,9851
Nigeria,2019,Agricultural products,6081
Nigeria,2019,Chemicals,5712
Nigeria,2019,Food,5661
Nigeria,2019,Automotive products,4076
Nigeria,2019,Office and telecom equipment,1779
Nigeria,2019,Other,4873
Nigeria,2020,Fuels and mining products,39111
Nigeria,2020,Fuels,38627
Nigeria,2020,Manufactures,22871
Nigeria,2020,Machinery and transport equipment,13327
Nigeria,2020,Agricultural products,6205
Nigeria,2020,Food,5926
Nigeria,2020,Chemicals,5489
Nigeria,2020,Transport equipment,5352
Nigeria,2020,Automotive products,1958
Nigeria,2020,Pharmaceuticals,1375
Nigeria,2020,Other,3086
Nigeria,2021,Fuels and mining products,58924
Nigeria,2021,Fuels,57894
Nigeria,2021,Manufactures,30393
Nigeria,2021,Machinery and transport equipment,15982
Nigeria,2021,Agricultural products,9392
Nigeria,2021,Food,8924
Nigeria,2021,Chemicals,8206
Nigeria,2021,Transport equipment,5452
Nigeria,2021,Automotive products,2652
Nigeria,2021,Office and telecom equipment,1483
Nigeria,2021,Other,4852
Nigeria,2022,Fuels and mining products,82621
Nigeria,2022,Fuels,81349
Nigeria,2022,Manufactures,30415
Nigeria,2022,Machinery and transport equipment,14557
Nigeria,2022,Chemicals,9165
Nigeria,2022,Agricultural products,9106
Nigeria,2022,Food,8678
Nigeria,2022,Transport equipment,4377
Nigeria,2022,Automotive products,2373
Nigeria,2022,Office and telecom equipment,1582
Nigeria,2022,Other,4520
Nigeria,2023,Fuels and mining products,71375
Nigeria,2023,Fuels,70193
Nigeria,2023,Manufactures,23214
Nigeria,2023,Machinery and transport equipment,12601
Nigeria,2023,Agricultural products,8841
Nigeria,2023,Food,8305
Nigeria,2023,Chemicals,5717
Nigeria,2023,Transport equipment,4495
Nigeria,2023,Automotive products,3475
Nigeria,2023,Office and telecom equipment,1287
Nigeria,2023,Other,3065
North Macedonia,2018,Manufactures,11592
North Macedonia,2018,Machinery and transport equipment,4210
North Macedonia,2018,Fuels and mining products,2729
North Macedonia,2018,Chemicals,2725
North Macedonia,2018,Agricultural products,1627
North Macedonia,2018,Food,1525
North Macedonia,2018,Iron and steel,1176
North Macedonia,2018,Fuels,1035
North Macedonia,2018,Transport equipment,873
North Macedonia,2018,Automotive products,812
North Macedonia,2018,Other,2269
North Macedonia,2019,Manufactures,11858
North Macedonia,2019,Machinery and transport equipment,4429
North Macedonia,2019,Fuels and mining products,3083
North Macedonia,2019,Chemicals,2865
North Macedonia,2019,Agricultural products,1684
North Macedonia,2019,Food,1585
North Macedonia,2019,Iron and steel,1135
North Macedonia,2019,Fuels,1116
North Macedonia,2019,Transport equipment,896
North Macedonia,2019,Automotive products,826
North Macedonia,2019,Other,2180
North Macedonia,2020,Manufactures,11193
North Macedonia,2020,Machinery and transport equipment,4124
North Macedonia,2020,Chemicals,2828
North Macedonia,2020,Fuels and mining products,2476
North Macedonia,2020,Agricultural products,1662
North Macedonia,2020,Food,1563
North Macedonia,2020,Iron and steel,1050
North Macedonia,2020,Fuels,780
North Macedonia,2020,Transport equipment,761
North Macedonia,2020,Automotive products,675
North Macedonia,2020,Other,2177
North Macedonia,2021,Manufactures,14107
North Macedonia,2021,Machinery and transport equipment,4913
North Macedonia,2021,Chemicals,4024
North Macedonia,2021,Fuels and mining products,3542
North Macedonia,2021,Agricultural products,1912
North Macedonia,2021,Food,1796
North Macedonia,2021,Iron and steel,1558
North Macedonia,2021,Fuels,1354
North Macedonia,2021,Transport equipment,793
North Macedonia,2021,Automotive products,689
North Macedonia,2021,Other,2503
North Macedonia,2022,Manufactures,14621
North Macedonia,2022,Fuels and mining products,4832
North Macedonia,2022,Chemicals,4711
North Macedonia,2022,Machinery and transport equipment,4499
North Macedonia,2022,Fuels,2641
North Macedonia,2022,Agricultural products,2005
North Macedonia,2022,Food,1885
North Macedonia,2022,Iron and steel,1523
North Macedonia,2022,Transport equipment,899
North Macedonia,2022,Automotive products,811
North Macedonia,2022,Other,2811
North Macedonia,2023,Manufactures,14997
North Macedonia,2023,Machinery and transport equipment,5228
North Macedonia,2023,Chemicals,4512
North Macedonia,2023,Fuels and mining products,3822
North Macedonia,2023,Agricultural products,2193
North Macedonia,2023,Food,2078
North Macedonia,2023,Fuels,1936
North Macedonia,2023,Transport equipment,1198
North Macedonia,2023,Iron and steel,1154
North Macedonia,2023,Automotive products,1101
North Macedonia,2023,Other,2931
Norway,2018,Fuels and mining products,95219
Norway,2018,Manufactures,86091
Norway,2018,Fuels,81971
Norway,2018,Machinery and transport equipment,43582
Norway,2018,Agricultural products,22961
Norway,2018,Food,21002
Norway,2018,Transport equipment,16967
Norway,2018,Chemicals,15735
Norway,2018,Automotive products,10108
Norway,2018,Office and telecom equipment,7153
Norway,2018,Other,17683
Norway,2019,Manufactures,85663
Norway,2019,Fuels and mining products,75843
Norway,2019,Fuels,63949
Norway,2019,Machinery and transport equipment,44756
Norway,2019,Agricultural products,22812
Norway,2019,Food,20936
Norway,2019,Transport equipment,16870
Norway,2019,Chemicals,14788
Norway,2019,Automotive products,10263
Norway,2019,Office and telecom equipment,7053
Norway,2019,Other,17235
Norway,2020,Manufactures,80729
Norway,2020,Fuels and mining products,55822
Norway,2020,Fuels,44395
Norway,2020,Machinery and transport equipment,41484
Norway,2020,Agricultural products,22440
Norway,2020,Food,20633
Norway,2020,Transport equipment,15722
Norway,2020,Chemicals,14317
Norway,2020,Automotive products,9296
Norway,2020,Office and telecom equipment,6868
Norway,2020,Other,17069
Norway,2021,Fuels and mining products,127956
Norway,2021,Fuels,111897
Norway,2021,Manufactures,97047
Norway,2021,Machinery and transport equipment,49691
Norway,2021,Agricultural products,27711
Norway,2021,Food,25300
Norway,2021,Transport equipment,20649
Norway,2021,Chemicals,18481
Norway,2021,Automotive products,12559
Norway,2021,Office and telecom equipment,8106
Norway,2021,Other,19937
Norway,2022,Fuels and mining products,223314
Norway,2022,Fuels,204660
Norway,2022,Manufactures,96797
Norway,2022,Machinery and transport equipment,47651
Norway,2022,Agricultural products,29527
Norway,2022,Food,27222
Norway,2022,Chemicals,20038
Norway,2022,Transport equipment,19185
Norway,2022,Automotive products,12953
Norway,2022,Office and telecom equipment,7969
Norway,2022,Other,20378
Norway,2023,Fuels and mining products,144374
Norway,2023,Fuels,129078
Norway,2023,Manufactures,91798
Norway,2023,Machinery and transport equipment,46883
Norway,2023,Agricultural products,29646
Norway,2023,Food,27675
Norway,2023,Chemicals,17625
Norway,2023,Transport equipment,16310
Norway,2023,Automotive products,11385
Norway,2023,Office and telecom equipment,7900
Norway,2023,Other,19108
Norway,2024,Fuels and mining products,119891
Oman,2018,Fuels and mining products,34278
Oman,2018,Fuels,30404
Oman,2018,Manufactures,26918
Oman,2018,Machinery and transport equipment,11451
Oman,2018,Agricultural products,5844
Oman,2018,Food,5713
Oman,2018,Chemicals,5389
Oman,2018,Transport equipment,4073
Oman,2018,Iron and steel,3909
Oman,2018,Automotive products,2881
Oman,2018,Other,4142
Oman,2019,Fuels and mining products,30866
Oman,2019,Fuels,27115
Oman,2019,Manufactures,24781
Oman,2019,Machinery and transport equipment,10873
Oman,2019,Agricultural products,6075
Oman,2019,Food,5963
Oman,2019,Chemicals,5211
Oman,2019,Transport equipment,4848
Oman,2019,Automotive products,3401
Oman,2019,Iron and steel,3245
Oman,2019,Other,3805
Oman,2020,Manufactures,30154
Oman,2020,Fuels and mining products,24556
Oman,2020,Fuels,20568
Oman,2020,Machinery and transport equipment,14708
Oman,2020,Transport equipment,7377
Oman,2020,Agricultural products,6576
Oman,2020,Food,6414
Oman,2020,Chemicals,6228
Oman,2020,Automotive products,4635
Oman,2020,Iron and steel,3253
Oman,2020,Other,5482
Oman,2021,Fuels and mining products,36295
Oman,2021,Manufactures,30898
Oman,2021,Fuels,30528
Oman,2021,Machinery and transport equipment,11919
Oman,2021,Chemicals,8968
Oman,2021,Agricultural products,7602
Oman,2021,Food,7421
Oman,2021,Transport equipment,5779
Oman,2021,Automotive products,4650
Oman,2021,Iron and steel,4235
Oman,2021,Other,4714
Oman,2022,Fuels and mining products,62713
Oman,2022,Fuels,55844
Oman,2022,Manufactures,32534
Oman,2022,Chemicals,11197
Oman,2022,Machinery and transport equipment,10888
Oman,2022,Agricultural products,8342
Oman,2022,Food,8135
Oman,2022,Transport equipment,4691
Oman,2022,Iron and steel,4592
Oman,2022,Automotive products,3699
Oman,2022,Other,4743
Oman,2023,Fuels and mining products,56342
Oman,2023,Fuels,50371
Oman,2023,Manufactures,30678
Oman,2023,Machinery and transport equipment,12492
Oman,2023,Chemicals,9222
Oman,2023,Agricultural products,8243
Oman,2023,Food,8058
Oman,2023,Transport equipment,5117
Oman,2023,Iron and steel,4689
Oman,2023,Automotive products,3858
Oman,2023,Other,5319
Pakistan,2018,Manufactures,49098
Pakistan,2018,Fuels and mining products,20569
Pakistan,2018,Fuels,17652
Pakistan,2018,Machinery and transport equipment,14655
Pakistan,2018,Agricultural products,13833
Pakistan,2018,Food,10879
Pakistan,2018,Chemicals,10334
Pakistan,2018,Textiles,9699
Pakistan,2018,Clothing,6077
Pakistan,2018,Transport equipment,4114
Pakistan,2018,Other,11145
Pakistan,2019,Manufactures,43129
Pakistan,2019,Fuels and mining products,17558
Pakistan,2019,Fuels,14759
Pakistan,2019,Agricultural products,12546
Pakistan,2019,Machinery and transport equipment,11790
Pakistan,2019,Food,10179
Pakistan,2019,Chemicals,9029
Pakistan,2019,Textiles,9026
Pakistan,2019,Clothing,6455
Pakistan,2019,Transport equipment,2742
Pakistan,2019,Other,9391
Pakistan,2020,Manufactures,40014
Pakistan,2020,Agricultural products,14192
Pakistan,2020,Fuels and mining products,13498
Pakistan,2020,Food,11088
Pakistan,2020,Machinery and transport equipment,10768
Pakistan,2020,Fuels,10504
Pakistan,2020,Chemicals,8669
Pakistan,2020,Textiles,8232
Pakistan,2020,Clothing,6282
Pakistan,2020,Office and telecom equipment,2980
Pakistan,2020,Other,9387
Pakistan,2021,Manufactures,58197
Pakistan,2021,Fuels and mining products,23992
Pakistan,2021,Fuels,19520
Pakistan,2021,Agricultural products,18617
Pakistan,2021,Machinery and transport equipment,16589
Pakistan,2021,Chemicals,14606
Pakistan,2021,Food,14313
Pakistan,2021,Textiles,10757
Pakistan,2021,Clothing,8620
Pakistan,2021,Transport equipment,4697
Pakistan,2021,Other,18491
Pakistan,2022,Manufactures,52488
Pakistan,2022,Fuels and mining products,29285
Pakistan,2022,Fuels,25117
Pakistan,2022,Agricultural products,19060
Pakistan,2022,Food,14624
Pakistan,2022,Chemicals,12777
Pakistan,2022,Machinery and transport equipment,11570
Pakistan,2022,Textiles,10699
Pakistan,2022,Clothing,9669
Pakistan,2022,Transport equipment,3306
Pakistan,2022,Other,10603
Pakistan,2023,Manufactures,41084
Pakistan,2023,Fuels and mining products,19987
Pakistan,2023,Agricultural products,17364
Pakistan,2023,Fuels,16881
Pakistan,2023,Food,14294
Pakistan,2023,Chemicals,9404
Pakistan,2023,Textiles,9282
Pakistan,2023,Clothing,8134
Pakistan,2023,Machinery and transport equipment,8056
Pakistan,2023,Office and telecom equipment,2958
Pakistan,2023,Other,8975
Pakistan,2024,Clothing,9278
Pakistan,2024,Textiles,8400
Palau,2018,Manufactures,79
Palau,2018,Agricultural products,42
Palau,2018,Food,38
Palau,2018,Fuels and mining products,38
Palau,2018,Fuels,37
Palau,2018,Machinery and transport equipment,34
Palau,2018,Chemicals,12
Palau,2018,Transport equipment,11
Palau,2018,Automotive products,8
Palau,2018,Office and telecom equipment,5
Palau,2018,Other,14
Palau,2019,Manufactures,92
Palau,2019,Agricultural products,36
Palau,2019,Fuels,36
Palau,2019,Fuels and mining products,36
Palau,2019,Food,34
Palau,2019,Machinery and transport equipment,34
Palau,2019,Office and telecom equipment,18
Palau,2019,Chemicals,14
Palau,2019,Telecommunications equipment,14
Palau,2019,Transport equipment,8
Palau,2019,Other,18
Palau,2020,Manufactures,96
Palau,2020,Machinery and transport equipment,36
Palau,2020,Agricultural products,28
Palau,2020,Food,26
Palau,2020,Fuels and mining products,18
Palau,2020,Fuels,17
Palau,2020,Chemicals,12
Palau,2020,Office and telecom equipment,12
Palau,2020,Transport equipment,12
Palau,2020,Clothing,7
Palau,2020,Other,26
Palau,2021,Manufactures,102
Palau,2021,Machinery and transport equipment,44
Palau,2021,Fuels and mining products,31
Palau,2021,Fuels,30
Palau,2021,Agricultural products,22
Palau,2021,Food,20
Palau,2021,Office and telecom equipment,20
Palau,2021,Telecommunications equipment,13
Palau,2021,Chemicals,12
Palau,2021,Pharmaceuticals,12
Palau,2021,Other,29
Palau,2022,Manufactures,117
Palau,2022,Machinery and transport equipment,89
Palau,2022,Fuels,68
Palau,2022,Fuels and mining products,68
Palau,2022,Transport equipment,35
Palau,2022,Agricultural products,24
Palau,2022,Food,23
Palau,2022,Office and telecom equipment,21
Palau,2022,Chemicals,13
Palau,2022,Pharmaceuticals,10
Palau,2022,Other,32
Palau,2023,Manufactures,136
Palau,2023,Machinery and transport equipment,112
Palau,2023,Fuels,83
Palau,2023,Fuels and mining products,83
Palau,2023,Transport equipment,50
Palau,2023,Agricultural products,21
Palau,2023,Food,20
Palau,2023,Chemicals,14
Palau,2023,Office and telecom equipment,12
Palau,2023,Automotive products,6
Palau,2023,Other,26
Panama,2018,Manufactures,28380
Panama,2018,Chemicals,9866
Panama,2018,Machinery and transport equipment,8074
Panama,2018,Pharmaceuticals,4951
Panama,2018,Agricultural products,3359
Panama,2018,Food,3249
Panama,2018,Office and telecom equipment,3227
Panama,2018,Clothing,2789
Panama,2018,Fuels and mining products,2592
Panama,2018,Fuels,2407
Panama,2018,Other,7467
Panama,2019,Manufactures,25982
Panama,2019,Machinery and transport equipment,8360
Panama,2019,Chemicals,7305
Panama,2019,Pharmaceuticals,3745
Panama,2019,Office and telecom equipment,3519
Panama,2019,Agricultural products,3363
Panama,2019,Food,3271
Panama,2019,Clothing,2831
Panama,2019,Fuels and mining products,2495
Panama,2019,Fuels,2338
Panama,2019,Other,7649
Panama,2020,Manufactures,18984
Panama,2020,Machinery and transport equipment,6473
Panama,2020,Chemicals,5715
Panama,2020,Pharmaceuticals,3612
Panama,2020,Office and telecom equipment,3321
Panama,2020,Agricultural products,3037
Panama,2020,Food,2963
Panama,2020,Clothing,1658
Panama,2020,Telecommunications equipment,1646
Panama,2020,Electronic data processing and office equipment,1611
Panama,2020,Other,4630
Panama,2021,Manufactures,24695
Panama,2021,Machinery and transport equipment,8442
Panama,2021,Chemicals,6655
Panama,2021,Pharmaceuticals,3959
Panama,2021,Office and telecom equipment,3597
Panama,2021,Agricultural products,3149
Panama,2021,Food,3040
Panama,2021,Clothing,3030
Panama,2021,Fuels and mining products,2133
Panama,2021,Telecommunications equipment,2051
Panama,2021,Other,5953
Panama,2022,Manufactures,26178
Panama,2022,Machinery and transport equipment,8640
Panama,2022,Chemicals,7731
Panama,2022,Pharmaceuticals,4265
Panama,2022,Office and telecom equipment,3761
Panama,2022,Agricultural products,3652
Panama,2022,Food,3524
Panama,2022,Fuels and mining products,3280
Panama,2022,Clothing,3138
Panama,2022,Fuels,2351
Panama,2022,Other,6665
Panama,2023,Manufactures,29033
Panama,2023,Chemicals,14964
Panama,2023,Machinery and transport equipment,7957
Panama,2023,Pharmaceuticals,4790
Panama,2023,Office and telecom equipment,3578
Panama,2023,Agricultural products,3464
Panama,2023,Food,3344
Panama,2023,Fuels and mining products,3025
Panama,2023,Clothing,2915
Panama,2023,Telecommunications equipment,2147
Panama,2023,Other,6183
Papua New Guinea,2019,Fuels and mining products,9239
Papua New Guinea,2019,Fuels,4942
Papua New Guinea,2019,Manufactures,2722
Papua New Guinea,2019,Agricultural products,2359
Papua New Guinea,2019,Food,1976
Papua New Guinea,2019,Machinery and transport equipment,1880
Papua New Guinea,2019,Transport equipment,479
Papua New Guinea,2019,Chemicals,465
Papua New Guinea,2019,Automotive products,262
Papua New Guinea,2019,Office and telecom equipment,193
Papua New Guinea,2019,Other,541
Papua New Guinea,2020,Fuels and mining products,7322
Papua New Guinea,2020,Fuels,4838
Papua New Guinea,2020,Agricultural products,2927
Papua New Guinea,2020,Food,2573
Papua New Guinea,2020,Manufactures,2416
Papua New Guinea,2020,Machinery and transport equipment,1535
Papua New Guinea,2020,Chemicals,379
Papua New Guinea,2020,Transport equipment,344
Papua New Guinea,2020,Office and telecom equipment,225
Papua New Guinea,2020,Automotive products,173
Papua New Guinea,2020,Other,504
Papua New Guinea,2021,Fuels and mining products,7645
Papua New Guinea,2021,Fuels,4944
Papua New Guinea,2021,Manufactures,3077
Papua New Guinea,2021,Agricultural products,3042
Papua New Guinea,2021,Food,2695
Papua New Guinea,2021,Machinery and transport equipment,1634
Papua New Guinea,2021,Transport equipment,461
Papua New Guinea,2021,Chemicals,438
Papua New Guinea,2021,Automotive products,256
Papua New Guinea,2021,Office and telecom equipment,217
Papua New Guinea,2021,Other,558
Papua New Guinea,2022,Fuels and mining products,11881
Papua New Guinea,2022,Fuels,8467
Papua New Guinea,2022,Manufactures,3804
Papua New Guinea,2022,Agricultural products,3641
Papua New Guinea,2022,Food,3300
Papua New Guinea,2022,Machinery and transport equipment,1840
Papua New Guinea,2022,Transport equipment,582
Papua New Guinea,2022,Chemicals,552
Papua New Guinea,2022,Automotive products,346
Papua New Guinea,2022,Office and telecom equipment,324
Papua New Guinea,2022,Other,714
Papua New Guinea,2023,Fuels and mining products,9468
Papua New Guinea,2023,Fuels,6499
Papua New Guinea,2023,Manufactures,3656
Papua New Guinea,2023,Agricultural products,3071
Papua New Guinea,2023,Food,2775
Papua New Guinea,2023,Machinery and transport equipment,1920
Papua New Guinea,2023,Transport equipment,636
Papua New Guinea,2023,Automotive products,422
Papua New Guinea,2023,Chemicals,393
Papua New Guinea,2023,Office and telecom equipment,226
Papua New Guinea,2023,Other,567
Paraguay,2018,Manufactures,11218
Paraguay,2018,Agricultural products,7029
Paraguay,2018,Food,6795
Paraguay,2018,Machinery and transport equipment,5416
Paraguay,2018,Fuels and mining products,4116
Paraguay,2018,Fuels,3949
Paraguay,2018,Chemicals,2501
Paraguay,2018,Office and telecom equipment,1966
Paraguay,2018,Transport equipment,1528
Paraguay,2018,Telecommunications equipment,1292
Paraguay,2018,Other,3110
Paraguay,2019,Manufactures,10424
Paraguay,2019,Agricultural products,6034
Paraguay,2019,Food,5836
Paraguay,2019,Machinery and transport equipment,5407
Paraguay,2019,Fuels and mining products,3367
Paraguay,2019,Fuels,3204
Paraguay,2019,Office and telecom equipment,2543
Paraguay,2019,Chemicals,2392
Paraguay,2019,Telecommunications equipment,2005
Paraguay,2019,Transport equipment,1102
Paraguay,2019,Other,2626
Paraguay,2020,Manufactures,8867
Paraguay,2020,Agricultural products,6670
Paraguay,2020,Food,6460
Paraguay,2020,Machinery and transport equipment,4088
Paraguay,2020,Fuels and mining products,3189
Paraguay,2020,Fuels,3001
Paraguay,2020,Chemicals,2204
Paraguay,2020,Office and telecom equipment,1660
Paraguay,2020,Telecommunications equipment,1346
Paraguay,2020,Transport equipment,892
Paraguay,2020,Other,2186
Paraguay,2021,Manufactures,11816
Paraguay,2021,Agricultural products,8548
Paraguay,2021,Food,8313
Paraguay,2021,Machinery and transport equipment,5378
Paraguay,2021,Fuels and mining products,3733
Paraguay,2021,Fuels,3401
Paraguay,2021,Chemicals,2955
Paraguay,2021,Office and telecom equipment,2006
Paraguay,2021,Telecommunications equipment,1436
Paraguay,2021,Transport equipment,1192
Paraguay,2021,Other,3090
Paraguay,2022,Manufactures,13442
Paraguay,2022,Agricultural products,7679
Paraguay,2022,Food,7417
Paraguay,2022,Machinery and transport equipment,5906
Paraguay,2022,Fuels and mining products,4675
Paraguay,2022,Fuels,4255
Paraguay,2022,Chemicals,3656
Paraguay,2022,Office and telecom equipment,2176
Paraguay,2022,Telecommunications equipment,1530
Paraguay,2022,Transport equipment,1273
Paraguay,2022,Other,3409
Paraguay,2023,Manufactures,14060
Paraguay,2023,Agricultural products,9903
Paraguay,2023,Food,9576
Paraguay,2023,Machinery and transport equipment,6922
Paraguay,2023,Fuels and mining products,4011
Paraguay,2023,Fuels,3679
Paraguay,2023,Chemicals,3431
Paraguay,2023,Office and telecom equipment,3095
Paraguay,2023,Telecommunications equipment,2419
Paraguay,2023,Transport equipment,1264
Paraguay,2023,Other,3458
Peru,2018,Manufactures,34722
Peru,2018,Fuels and mining products,33587
Peru,2018,Agricultural products,15672
Peru,2018,Food,14622
Peru,2018,Machinery and transport equipment,13967
Peru,2018,Fuels,11123
Peru,2018,Chemicals,7770
Peru,2018,Transport equipment,4397
Peru,2018,Office and telecom equipment,3725
Peru,2018,Automotive products,3554
Peru,2018,Other,10014
Peru,2019,Manufactures,34787
Peru,2019,Fuels and mining products,30700
Peru,2019,Agricultural products,16170
Peru,2019,Food,15240
Peru,2019,Machinery and transport equipment,14267
Peru,2019,Fuels,9134
Peru,2019,Chemicals,7749
Peru,2019,Transport equipment,4437
Peru,2019,Automotive products,3677
Peru,2019,Office and telecom equipment,3662
Peru,2019,Other,9852
Peru,2020,Manufactures,30455
Peru,2020,Fuels and mining products,22025
Peru,2020,Agricultural products,15868
Peru,2020,Food,15131
Peru,2020,Machinery and transport equipment,11870
Peru,2020,Chemicals,7398
Peru,2020,Fuels,4728
Peru,2020,Office and telecom equipment,3444
Peru,2020,Transport equipment,3061
Peru,2020,Automotive products,2475
Peru,2020,Other,9339
Peru,2021,Manufactures,41631
Peru,2021,Fuels and mining products,38057
Peru,2021,Agricultural products,19737
Peru,2021,Food,18641
Peru,2021,Machinery and transport equipment,16469
Peru,2021,Fuels,10357
Peru,2021,Chemicals,9885
Peru,2021,Transport equipment,4937
Peru,2021,Office and telecom equipment,4603
Peru,2021,Automotive products,3902
Peru,2021,Other,12646
Peru,2022,Manufactures,45657
Peru,2022,Fuels and mining products,43657
Peru,2022,Agricultural products,21718
Peru,2022,Food,20394
Peru,2022,Fuels,17312
Peru,2022,Machinery and transport equipment,16780
Peru,2022,Chemicals,11701
Peru,2022,Transport equipment,5287
Peru,2022,Automotive products,4459
Peru,2022,Office and telecom equipment,4305
Peru,2022,Other,13030
Peru,2023,Fuels and mining products,47590
Peru,2023,Manufactures,40204
Peru,2023,Agricultural products,20336
Peru,2023,Food,19353
Peru,2023,Machinery and transport equipment,16584
Peru,2023,Fuels,13674
Peru,2023,Chemicals,9320
Peru,2023,Transport equipment,5405
Peru,2023,Automotive products,4643
Peru,2023,Office and telecom equipment,3658
Peru,2023,Other,10560
Philippines,2018,Manufactures,139937
Philippines,2018,Machinery and transport equipment,98853
Philippines,2018,Office and telecom equipment,52673
Philippines,2018,Integrated circuits and electronic components,34677
Philippines,2018,Fuels and mining products,20881
Philippines,2018,Agricultural products,20116
Philippines,2018,Food,18718
Philippines,2018,Transport equipment,16110
Philippines,2018,Fuels,14979
Philippines,2018,Electronic data processing and office equipment,12600
Philippines,2018,Other,36952
Philippines,2019,Manufactures,139471
Philippines,2019,Machinery and transport equipment,101316
Philippines,2019,Office and telecom equipment,59360
Philippines,2019,Integrated circuits and electronic components,39673
Philippines,2019,Agricultural products,22129
Philippines,2019,Fuels and mining products,20727
Philippines,2019,Food,20537
Philippines,2019,Transport equipment,15504
Philippines,2019,Fuels,15120
Philippines,2019,Electronic data processing and office equipment,13766
Philippines,2019,Other,37102
Philippines,2020,Manufactures,118977
Philippines,2020,Machinery and transport equipment,87534
Philippines,2020,Office and telecom equipment,56666
Philippines,2020,Integrated circuits and electronic components,40670
Philippines,2020,Agricultural products,20511
Philippines,2020,Food,19189
Philippines,2020,Fuels and mining products,15113
Philippines,2020,Chemicals,11837
Philippines,2020,Electronic data processing and office equipment,11355
Philippines,2020,Transport equipment,9337
Philippines,2020,Other,27344
Philippines,2021,Manufactures,147729
Philippines,2021,Machinery and transport equipment,100976
Philippines,2021,Office and telecom equipment,62766
Philippines,2021,Integrated circuits and electronic components,43264
Philippines,2021,Agricultural products,24977
Philippines,2021,Fuels and mining products,24792
Philippines,2021,Food,23041
Philippines,2021,Chemicals,16847
Philippines,2021,Fuels,16310
Philippines,2021,Electronic data processing and office equipment,14195
Philippines,2021,Other,35493
Philippines,2022,Manufactures,157150
Philippines,2022,Machinery and transport equipment,108194
Philippines,2022,Office and telecom equipment,67391
Philippines,2022,Integrated circuits and electronic components,50760
Philippines,2022,Fuels and mining products,36206
Philippines,2022,Agricultural products,29703
Philippines,2022,Food,27556
Philippines,2022,Fuels,26914
Philippines,2022,Chemicals,17080
Philippines,2022,Transport equipment,13824
Philippines,2022,Other,36736
Philippines,2023,Manufactures,145101
Philippines,2023,Machinery and transport equipment,100012
Philippines,2023,Office and telecom equipment,57178
Philippines,2023,Integrated circuits and electronic components,43744
Philippines,2023,Fuels and mining products,33507
Philippines,2023,Agricultural products,26365
Philippines,2023,Food,24741
Philippines,2023,Fuels,21980
Philippines,2023,Transport equipment,15546
Philippines,2023,Chemicals,14783
Philippines,2023,Other,33424
Poland,2018,Manufactures,416513
Poland,2018,Machinery and transport equipment,192040
Poland,2018,Transport equipment,76479
Poland,2018,Agricultural products,64285
Poland,2018,Chemicals,60382
Poland,2018,Automotive products,58544
Poland,2018,Food,56242
Poland,2018,Fuels and mining products,46912
Poland,2018,Office and telecom equipment,35695
Poland,2018,Fuels,29589
Poland,2018,Other,89819
Poland,2019,Manufactures,419714
Poland,2019,Machinery and transport equipment,198134
Poland,2019,Transport equipment,76896
Poland,2019,Agricultural products,64425
Poland,2019,Chemicals,60142
Poland,2019,Automotive products,58858
Poland,2019,Food,56925
Poland,2019,Fuels and mining products,42850
Poland,2019,Office and telecom equipment,36591
Poland,2019,Fuels,25920
Poland,2019,Other,89189
Poland,2020,Manufactures,426908
Poland,2020,Machinery and transport equipment,197173
Poland,2020,Agricultural products,69395
Poland,2020,Transport equipment,66272
Poland,2020,Chemicals,64415
Poland,2020,Food,62264
Poland,2020,Automotive products,50117
Poland,2020,Office and telecom equipment,42323
Poland,2020,Fuels and mining products,34770
Poland,2020,Telecommunications equipment,22026
Poland,2020,Other,95401
Poland,2021,Manufactures,539940
Poland,2021,Machinery and transport equipment,244550
Poland,2021,Chemicals,83649
Poland,2021,Transport equipment,80399
Poland,2021,Agricultural products,80203
Poland,2021,Food,71057
Poland,2021,Automotive products,58161
Poland,2021,Fuels and mining products,54106
Poland,2021,Office and telecom equipment,51515
Poland,2021,Telecommunications equipment,28398
Poland,2021,Other,127641
Poland,2022,Manufactures,553440
Poland,2022,Machinery and transport equipment,247312
Poland,2022,Chemicals,90465
Poland,2022,Agricultural products,89998
Poland,2022,Transport equipment,82652
Poland,2022,Food,80335
Poland,2022,Fuels and mining products,78619
Poland,2022,Automotive products,61322
Poland,2022,Fuels,51686
Poland,2022,Office and telecom equipment,49393
Poland,2022,Other,127584
Poland,2023,Manufactures,572780
Poland,2023,Machinery and transport equipment,275763
Poland,2023,Transport equipment,102681
Poland,2023,Agricultural products,97093
Poland,2023,Food,88835
Poland,2023,Chemicals,86305
Poland,2023,Automotive products,79590
Poland,2023,Fuels and mining products,69156
Poland,2023,Office and telecom equipment,45874
Poland,2023,Fuels,45365
Poland,2023,Other,121316
Portugal,2018,Manufactures,113514
Portugal,2018,Machinery and transport equipment,47280
Portugal,2018,Agricultural products,24064
Portugal,2018,Transport equipment,23367
Portugal,2018,Food,20805
Portugal,2018,Automotive products,20033
Portugal,2018,Fuels and mining products,19484
Portugal,2018,Chemicals,18068
Portugal,2018,Fuels,15418
Portugal,2018,Office and telecom equipment,7134
Portugal,2018,Other,27390
Portugal,2019,Manufactures,115185
Portugal,2019,Machinery and transport equipment,50487
Portugal,2019,Transport equipment,26794
Portugal,2019,Agricultural products,23180
Portugal,2019,Automotive products,20813
Portugal,2019,Food,20081
Portugal,2019,Chemicals,18069
Portugal,2019,Fuels and mining products,17818
Portugal,2019,Fuels,14332
Portugal,2019,Office and telecom equipment,7790
Portugal,2019,Other,27396
Portugal,2020,Manufactures,103034
Portugal,2020,Machinery and transport equipment,42761
Portugal,2020,Agricultural products,22882
Portugal,2020,Food,20146
Portugal,2020,Transport equipment,19908
Portugal,2020,Chemicals,17930
Portugal,2020,Automotive products,16542
Portugal,2020,Fuels and mining products,12840
Portugal,2020,Fuels,9576
Portugal,2020,Office and telecom equipment,7748
Portugal,2020,Other,26270
Portugal,2021,Manufactures,125431
Portugal,2021,Machinery and transport equipment,49115
Portugal,2021,Agricultural products,27148
Portugal,2021,Food,23538
Portugal,2021,Chemicals,23511
Portugal,2021,Transport equipment,21512
Portugal,2021,Fuels and mining products,20609
Portugal,2021,Automotive products,18106
Portugal,2021,Fuels,15615
Portugal,2021,Office and telecom equipment,9310
Portugal,2021,Other,32885
Portugal,2022,Manufactures,135573
Portugal,2022,Machinery and transport equipment,53100
Portugal,2022,Fuels and mining products,31667
Portugal,2022,Agricultural products,30114
Portugal,2022,Fuels,26287
Portugal,2022,Food,26065
Portugal,2022,Chemicals,25450
Portugal,2022,Transport equipment,23487
Portugal,2022,Automotive products,19411
Portugal,2022,Office and telecom equipment,10819
Portugal,2022,Other,35720
Portugal,2023,Manufactures,140572
Portugal,2023,Machinery and transport equipment,58870
Portugal,2023,Agricultural products,32257
Portugal,2023,Food,28531
Portugal,2023,Transport equipment,27400
Portugal,2023,Chemicals,24697
Portugal,2023,Fuels and mining products,23909
Portugal,2023,Automotive products,23315
Portugal,2023,Fuels,18798
Portugal,2023,Office and telecom equipment,10607
Portugal,2023,Other,35324
Qatar,2018,Fuels and mining products,77108
Qatar,2018,Fuels,73570
Qatar,2018,Manufactures,32110
Qatar,2018,Machinery and transport equipment,15251
Qatar,2018,Chemicals,8124
Qatar,2018,Transport equipment,7637
Qatar,2018,Agricultural products,3557
Qatar,2018,Food,3396
Qatar,2018,Automotive products,2265
Qatar,2018,Iron and steel,1845
Qatar,2018,Other,5011
Qatar,2019,Fuels and mining products,66564
Qatar,2019,Fuels,63127
Qatar,2019,Manufactures,28179
Qatar,2019,Machinery and transport equipment,12896
Qatar,2019,Chemicals,6648
Qatar,2019,Transport equipment,4997
Qatar,2019,Agricultural products,3330
Qatar,2019,Food,3186
Qatar,2019,Iron and steel,2027
Qatar,2019,Automotive products,1899
Qatar,2019,Other,5030
Qatar,2020,Fuels and mining products,44728
Qatar,2020,Fuels,42351
Qatar,2020,Manufactures,25667
Qatar,2020,Machinery and transport equipment,12070
Qatar,2020,Chemicals,6287
Qatar,2020,Transport equipment,4784
Qatar,2020,Agricultural products,3226
Qatar,2020,Food,3109
Qatar,2020,Office and telecom equipment,1529
Qatar,2020,Iron and steel,1347
Qatar,2020,Other,4712
Qatar,2021,Fuels and mining products,77856
Qatar,2021,Fuels,73886
Qatar,2021,Manufactures,29740
Qatar,2021,Machinery and transport equipment,12957
Qatar,2021,Chemicals,8448
Qatar,2021,Transport equipment,4958
Qatar,2021,Agricultural products,3220
Qatar,2021,Food,3069
Qatar,2021,Automotive products,2215
Qatar,2021,Office and telecom equipment,1985
Qatar,2021,Other,5455
Qatar,2022,Fuels and mining products,119754
Qatar,2022,Fuels,114898
Qatar,2022,Manufactures,32043
Qatar,2022,Machinery and transport equipment,12644
Qatar,2022,Chemicals,9714
Qatar,2022,Agricultural products,4314
Qatar,2022,Food,4090
Qatar,2022,Transport equipment,3857
Qatar,2022,Automotive products,2502
Qatar,2022,Office and telecom equipment,1827
Qatar,2022,Other,5864
Qatar,2023,Fuels and mining products,89202
Qatar,2023,Fuels,85337
Qatar,2023,Manufactures,31750
Qatar,2023,Machinery and transport equipment,14697
Qatar,2023,Chemicals,7816
Qatar,2023,Transport equipment,5180
Qatar,2023,Agricultural products,3741
Qatar,2023,Food,3600
Qatar,2023,Automotive products,2353
Qatar,2023,Iron and steel,2193
Qatar,2023,Other,5915
Romania,2018,Manufactures,142763
Romania,2018,Machinery and transport equipment,74887
Romania,2018,Transport equipment,28952
Romania,2018,Automotive products,25040
Romania,2018,Agricultural products,18840
Romania,2018,Food,16227
Romania,2018,Chemicals,15835
Romania,2018,Fuels and mining products,15150
Romania,2018,Fuels,10832
Romania,2018,Office and telecom equipment,8435
Romania,2018,Other,30308
Romania,2019,Manufactures,138723
Romania,2019,Machinery and transport equipment,72284
Romania,2019,Transport equipment,27630
Romania,2019,Automotive products,23948
Romania,2019,Agricultural products,19298
Romania,2019,Food,16931
Romania,2019,Chemicals,16254
Romania,2019,Fuels and mining products,14629
Romania,2019,Fuels,10502
Romania,2019,Office and telecom equipment,8385
Romania,2019,Other,29284
Romania,2020,Manufactures,131441
Romania,2020,Machinery and transport equipment,68395
Romania,2020,Transport equipment,24602
Romania,2020,Automotive products,21056
Romania,2020,Agricultural products,19862
Romania,2020,Food,17636
Romania,2020,Chemicals,16991
Romania,2020,Fuels and mining products,10481
Romania,2020,Office and telecom equipment,8624
Romania,2020,Fuels,6565
Romania,2020,Other,28626
Romania,2021,Manufactures,159077
Romania,2021,Machinery and transport equipment,80059
Romania,2021,Transport equipment,27756
Romania,2021,Agricultural products,25752
Romania,2021,Automotive products,23458
Romania,2021,Food,22684
Romania,2021,Chemicals,21995
Romania,2021,Fuels and mining products,17830
Romania,2021,Fuels,11865
Romania,2021,Office and telecom equipment,9974
Romania,2021,Other,35236
Romania,2022,Manufactures,168453
Romania,2022,Machinery and transport equipment,83996
Romania,2022,Fuels and mining products,30322
Romania,2022,Transport equipment,29345
Romania,2022,Agricultural products,28941
Romania,2022,Food,25736
Romania,2022,Automotive products,25090
Romania,2022,Fuels,24028
Romania,2022,Chemicals,23854
Romania,2022,Office and telecom equipment,11399
Romania,2022,Other,37627
Romania,2023,Manufactures,177208
Romania,2023,Machinery and transport equipment,93661
Romania,2023,Transport equipment,33972
Romania,2023,Agricultural products,29653
Romania,2023,Automotive products,29276
Romania,2023,Food,27049
Romania,2023,Fuels and mining products,22624
Romania,2023,Chemicals,22539
Romania,2023,Fuels,16897
Romania,2023,Office and telecom equipment,12132
Romania,2023,Other,37589
Russian Federation,2018,Manufactures,286512
Russian Federation,2018,Fuels and mining products,272333
Russian Federation,2018,Fuels,239945
Russian Federation,2018,Machinery and transport equipment,126523
Russian Federation,2018,Agricultural products,65612
Russian Federation,2018,Chemicals,56397
Russian Federation,2018,Food,53165
Russian Federation,2018,Transport equipment,42742
Russian Federation,2018,Iron and steel,31213
Russian Federation,2018,Automotive products,28273
Russian Federation,2018,Other,76800
Russian Federation,2019,Manufactures,286194
Russian Federation,2019,Fuels and mining products,257587
Russian Federation,2019,Fuels,223642
Russian Federation,2019,Machinery and transport equipment,127230
Russian Federation,2019,Agricultural products,64948
Russian Federation,2019,Chemicals,60308
Russian Federation,2019,Food,53478
Russian Federation,2019,Transport equipment,43100
Russian Federation,2019,Automotive products,28964
Russian Federation,2019,Office and telecom equipment,26601
Russian Federation,2019,Other,81018
Russian Federation,2020,Manufactures,254489
Russian Federation,2020,Fuels and mining products,179553
Russian Federation,2020,Fuels,143615
Russian Federation,2020,Machinery and transport equipment,111344
Russian Federation,2020,Agricultural products,66566
Russian Federation,2020,Food,56008
Russian Federation,2020,Chemicals,52410
Russian Federation,2020,Transport equipment,28121
Russian Federation,2020,Office and telecom equipment,26096
Russian Federation,2020,Automotive products,22521
Russian Federation,2020,Other,73390
Russian Federation,2021,Manufactures,343003
Russian Federation,2021,Fuels and mining products,259680
Russian Federation,2021,Fuels,214696
Russian Federation,2021,Machinery and transport equipment,147712
Russian Federation,2021,Agricultural products,78533
Russian Federation,2021,Chemicals,73515
Russian Federation,2021,Food,64281
Russian Federation,2021,Transport equipment,43647
Russian Federation,2021,Iron and steel,36172
Russian Federation,2021,Office and telecom equipment,32775
Russian Federation,2021,Other,96727
Russian Federation,2022,Fuels and mining products,411419
Russian Federation,2022,Fuels,372782
Russian Federation,2022,Manufactures,267459
Russian Federation,2022,Machinery and transport equipment,110159
Russian Federation,2022,Chemicals,72780
Russian Federation,2022,Agricultural products,65914
Russian Federation,2022,Food,53559
Russian Federation,2022,Transport equipment,32361
Russian Federation,2022,Iron and steel,24996
Russian Federation,2022,Office and telecom equipment,23222
Russian Federation,2022,Other,62817
Russian Federation,2023,Fuels and mining products,272283
Russian Federation,2023,Manufactures,249937
Russian Federation,2023,Fuels,245622
Russian Federation,2023,Machinery and transport equipment,116383
Russian Federation,2023,Agricultural products,68112
Russian Federation,2023,Food,59437
Russian Federation,2023,Chemicals,56251
Russian Federation,2023,Transport equipment,34945
Russian Federation,2023,Office and telecom equipment,20176
Russian Federation,2023,Automotive products,19644
Russian Federation,2023,Other,64820
Russian Federation,2024,Fuels and mining products,263200
Russian Federation,2024,Iron and steel,14040
Rwanda,2018,Manufactures,1447
Rwanda,2018,Agricultural products,1004
Rwanda,2018,Food,959
Rwanda,2018,Fuels and mining products,942
Rwanda,2018,Fuels,693
Rwanda,2018,Machinery and transport equipment,677
Rwanda,2018,Chemicals,341
Rwanda,2018,Office and telecom equipment,209
Rwanda,2018,Telecommunications equipment,130
Rwanda,2018,Iron and steel,126
Rwanda,2018,Other,428
Rwanda,2019,Manufactures,1655
Rwanda,2019,Agricultural products,991
Rwanda,2019,Food,935
Rwanda,2019,Fuels and mining products,843
Rwanda,2019,Machinery and transport equipment,703
Rwanda,2019,Fuels,684
Rwanda,2019,Chemicals,373
Rwanda,2019,Office and telecom equipment,176
Rwanda,2019,Iron and steel,140
Rwanda,2019,Telecommunications equipment,123
Rwanda,2019,Other,467
Rwanda,2020,Manufactures,1601
Rwanda,2020,Agricultural products,1094
Rwanda,2020,Food,1036
Rwanda,2020,Machinery and transport equipment,741
Rwanda,2020,Fuels and mining products,610
Rwanda,2020,Fuels,475
Rwanda,2020,Chemicals,433
Rwanda,2020,Office and telecom equipment,190
Rwanda,2020,Iron and steel,189
Rwanda,2020,Transport equipment,166
Rwanda,2020,Other,529
Rwanda,2021,Manufactures,1962
Rwanda,2021,Agricultural products,1395
Rwanda,2021,Food,1327
Rwanda,2021,Machinery and transport equipment,810
Rwanda,2021,Fuels and mining products,736
Rwanda,2021,Fuels,522
Rwanda,2021,Chemicals,472
Rwanda,2021,Iron and steel,232
Rwanda,2021,Office and telecom equipment,219
Rwanda,2021,Transport equipment,184
Rwanda,2021,Other,600
Rwanda,2022,Agricultural products,1874
Rwanda,2022,Manufactures,1816
Rwanda,2022,Food,1795
Rwanda,2022,Fuels and mining products,1341
Rwanda,2022,Fuels,985
Rwanda,2022,Chemicals,601
Rwanda,2022,Machinery and transport equipment,559
Rwanda,2022,Iron and steel,274
Rwanda,2022,Office and telecom equipment,220
Rwanda,2022,Transport equipment,197
Rwanda,2022,Other,721
Rwanda,2023,Manufactures,1895
Rwanda,2023,Agricultural products,1623
Rwanda,2023,Food,1552
Rwanda,2023,Fuels and mining products,1187
Rwanda,2023,Fuels,901
Rwanda,2023,Machinery and transport equipment,746
Rwanda,2023,Chemicals,563
Rwanda,2023,Office and telecom equipment,290
Rwanda,2023,Transport equipment,284
Rwanda,2023,Iron and steel,275
Rwanda,2023,Other,857
Saint Kitts and Nevis,2018,Manufactures,271
Saint Kitts and Nevis,2018,Machinery and transport equipment,99
Saint Kitts and Nevis,2018,Agricultural products,94
Saint Kitts and Nevis,2018,Food,88
Saint Kitts and Nevis,2018,Chemicals,24
Saint Kitts and Nevis,2018,Transport equipment,23
Saint Kitts and Nevis,2018,Office and telecom equipment,21
Saint Kitts and Nevis,2018,Automotive products,20
Saint Kitts and Nevis,2018,Iron and steel,15
Saint Kitts and Nevis,2018,Telecommunications equipment,15
Saint Kitts and Nevis,2018,Other,39
Saint Kitts and Nevis,2019,Manufactures,247
Saint Kitts and Nevis,2019,Agricultural products,98
Saint Kitts and Nevis,2019,Food,91
Saint Kitts and Nevis,2019,Machinery and transport equipment,84
Saint Kitts and Nevis,2019,Transport equipment,28
Saint Kitts and Nevis,2019,Chemicals,25
Saint Kitts and Nevis,2019,Automotive products,24
Saint Kitts and Nevis,2019,Office and telecom equipment,20
Saint Kitts and Nevis,2019,Telecommunications equipment,15
Saint Kitts and Nevis,2019,Fuels and mining products,14
Saint Kitts and Nevis,2019,Other,45
Saint Kitts and Nevis,2020,Manufactures,215
Saint Kitts and Nevis,2020,Machinery and transport equipment,94
Saint Kitts and Nevis,2020,Agricultural products,92
Saint Kitts and Nevis,2020,Food,89
Saint Kitts and Nevis,2020,Transport equipment,44
Saint Kitts and Nevis,2020,Chemicals,25
Saint Kitts and Nevis,2020,Office and telecom equipment,22
Saint Kitts and Nevis,2020,Telecommunications equipment,15
Saint Kitts and Nevis,2020,Automotive products,13
Saint Kitts and Nevis,2020,Iron and steel,6
Saint Kitts and Nevis,2020,Other,27
Saint Kitts and Nevis,2021,Manufactures,186
Saint Kitts and Nevis,2021,Agricultural products,95
Saint Kitts and Nevis,2021,Food,91
Saint Kitts and Nevis,2021,Machinery and transport equipment,75
Saint Kitts and Nevis,2021,Chemicals,30
Saint Kitts and Nevis,2021,Transport equipment,22
Saint Kitts and Nevis,2021,Office and telecom equipment,18
Saint Kitts and Nevis,2021,Telecommunications equipment,14
Saint Kitts and Nevis,2021,Automotive products,12
Saint Kitts and Nevis,2021,Pharmaceuticals,8
Saint Kitts and Nevis,2021,Other,27
Saint Kitts and Nevis,2022,Manufactures,212
Saint Kitts and Nevis,2022,Agricultural products,118
Saint Kitts and Nevis,2022,Food,117
Saint Kitts and Nevis,2022,Machinery and transport equipment,80
Saint Kitts and Nevis,2022,Transport equipment,43
Saint Kitts and Nevis,2022,Chemicals,35
Saint Kitts and Nevis,2022,Automotive products,15
Saint Kitts and Nevis,2022,Office and telecom equipment,15
Saint Kitts and Nevis,2022,Fuels and mining products,12
Saint Kitts and Nevis,2022,Iron and steel,11
Saint Kitts and Nevis,2022,Other,42
Saint Kitts and Nevis,2023,Manufactures,211
Saint Kitts and Nevis,2023,Agricultural products,124
Saint Kitts and Nevis,2023,Food,122
Saint Kitts and Nevis,2023,Machinery and transport equipment,75
Saint Kitts and Nevis,2023,Transport equipment,46
Saint Kitts and Nevis,2023,Chemicals,31
Saint Kitts and Nevis,2023,Automotive products,25
Saint Kitts and Nevis,2023,Fuels and mining products,14
Saint Kitts and Nevis,2023,Office and telecom equipment,12
Saint Kitts and Nevis,2023,Clothing,10
Saint Kitts and Nevis,2023,Other,35
Saint Lucia,2018,Manufactures,348
Saint Lucia,2018,Agricultural products,217
Saint Lucia,2018,Food,208
Saint Lucia,2018,Fuels and mining products,154
Saint Lucia,2018,Fuels,145
Saint Lucia,2018,Machinery and transport equipment,136
Saint Lucia,2018,Chemicals,58
Saint Lucia,2018,Transport equipment,48
Saint Lucia,2018,Automotive products,41
Saint Lucia,2018,Office and telecom equipment,33
Saint Lucia,2018,Other,79
Saint Lucia,2019,Manufactures,349
Saint Lucia,2019,Agricultural products,214
Saint Lucia,2019,Food,206
Saint Lucia,2019,Machinery and transport equipment,153
Saint Lucia,2019,Fuels and mining products,116
Saint Lucia,2019,Fuels,107
Saint Lucia,2019,Chemicals,54
Saint Lucia,2019,Transport equipment,53
Saint Lucia,2019,Automotive products,45
Saint Lucia,2019,Office and telecom equipment,37
Saint Lucia,2019,Other,77
Saint Lucia,2020,Manufactures,304
Saint Lucia,2020,Agricultural products,184
Saint Lucia,2020,Food,175
Saint Lucia,2020,Machinery and transport equipment,131
Saint Lucia,2020,Fuels and mining products,71
Saint Lucia,2020,Fuels,63
Saint Lucia,2020,Chemicals,55
Saint Lucia,2020,Transport equipment,41
Saint Lucia,2020,Automotive products,34
Saint Lucia,2020,Office and telecom equipment,30
Saint Lucia,2020,Other,63
Saint Lucia,2021,Manufactures,344
Saint Lucia,2021,Agricultural products,210
Saint Lucia,2021,Food,195
Saint Lucia,2021,Machinery and transport equipment,144
Saint Lucia,2021,Fuels and mining products,107
Saint Lucia,2021,Fuels,92
Saint Lucia,2021,Chemicals,74
Saint Lucia,2021,Transport equipment,52
Saint Lucia,2021,Automotive products,46
Saint Lucia,2021,Office and telecom equipment,36
Saint Lucia,2021,Other,85
Saint Lucia,2022,Manufactures,386
Saint Lucia,2022,Agricultural products,310
Saint Lucia,2022,Food,253
Saint Lucia,2022,Fuels and mining products,198
Saint Lucia,2022,Fuels,175
Saint Lucia,2022,Machinery and transport equipment,164
Saint Lucia,2022,Chemicals,64
Saint Lucia,2022,Transport equipment,61
Saint Lucia,2022,Automotive products,57
Saint Lucia,2022,Office and telecom equipment,40
Saint Lucia,2022,Other,78
Saint Lucia,2023,Manufactures,460
Saint Lucia,2023,Agricultural products,261
Saint Lucia,2023,Food,246
Saint Lucia,2023,Machinery and transport equipment,216
Saint Lucia,2023,Fuels and mining products,182
Saint Lucia,2023,Fuels,156
Saint Lucia,2023,Transport equipment,83
Saint Lucia,2023,Automotive products,76
Saint Lucia,2023,Chemicals,67
Saint Lucia,2023,Office and telecom equipment,50
Saint Lucia,2023,Other,97
Saint Vincent and the Grenadines,2018,Manufactures,217
Saint Vincent and the Grenadines,2018,Agricultural products,128
Saint Vincent and the Grenadines,2018,Food,122
Saint Vincent and the Grenadines,2018,Machinery and transport equipment,71
Saint Vincent and the Grenadines,2018,Fuels and mining products,52
Saint Vincent and the Grenadines,2018,Fuels,50
Saint Vincent and the Grenadines,2018,Chemicals,29
Saint Vincent and the Grenadines,2018,Transport equipment,24
Saint Vincent and the Grenadines,2018,Automotive products,17
Saint Vincent and the Grenadines,2018,Iron and steel,16
Saint Vincent and the Grenadines,2018,Other,49
Saint Vincent and the Grenadines,2019,Manufactures,203
Saint Vincent and the Grenadines,2019,Agricultural products,129
Saint Vincent and the Grenadines,2019,Food,122
Saint Vincent and the Grenadines,2019,Machinery and transport equipment,75
Saint Vincent and the Grenadines,2019,Fuels and mining products,41
Saint Vincent and the Grenadines,2019,Fuels,39
Saint Vincent and the Grenadines,2019,Chemicals,27
Saint Vincent and the Grenadines,2019,Transport equipment,23
Saint Vincent and the Grenadines,2019,Automotive products,17
Saint Vincent and the Grenadines,2019,Office and telecom equipment,15
Saint Vincent and the Grenadines,2019,Other,40
Saint Vincent and the Grenadines,2020,Manufactures,210
Saint Vincent and the Grenadines,2020,Agricultural products,129
Saint Vincent and the Grenadines,2020,Food,121
Saint Vincent and the Grenadines,2020,Machinery and transport equipment,90
Saint Vincent and the Grenadines,2020,Fuels and mining products,38
Saint Vincent and the Grenadines,2020,Fuels,36
Saint Vincent and the Grenadines,2020,Transport equipment,33
Saint Vincent and the Grenadines,2020,Chemicals,28
Saint Vincent and the Grenadines,2020,Office and telecom equipment,17
Saint Vincent and the Grenadines,2020,Automotive products,15
Saint Vincent and the Grenadines,2020,Other,40
Saint Vincent and the Grenadines,2021,Manufactures,221
Saint Vincent and the Grenadines,2021,Agricultural products,137
Saint Vincent and the Grenadines,2021,Food,130
Saint Vincent and the Grenadines,2021,Machinery and transport equipment,80
Saint Vincent and the Grenadines,2021,Fuels and mining products,48
Saint Vincent and the Grenadines,2021,Fuels,46
Saint Vincent and the Grenadines,2021,Chemicals,35
Saint Vincent and the Grenadines,2021,Transport equipment,21
Saint Vincent and the Grenadines,2021,Office and telecom equipment,16
Saint Vincent and the Grenadines,2021,Automotive products,15
Saint Vincent and the Grenadines,2021,Other,50
Saint Vincent and the Grenadines,2022,Manufactures,248
Saint Vincent and the Grenadines,2022,Agricultural products,162
Saint Vincent and the Grenadines,2022,Food,153
Saint Vincent and the Grenadines,2022,Machinery and transport equipment,85
Saint Vincent and the Grenadines,2022,Fuels and mining products,72
Saint Vincent and the Grenadines,2022,Fuels,70
Saint Vincent and the Grenadines,2022,Chemicals,38
Saint Vincent and the Grenadines,2022,Transport equipment,23
Saint Vincent and the Grenadines,2022,Office and telecom equipment,19
Saint Vincent and the Grenadines,2022,Automotive products,17
Saint Vincent and the Grenadines,2022,Other,54
Saint Vincent and the Grenadines,2023,Manufactures,291
Saint Vincent and the Grenadines,2023,Agricultural products,158
Saint Vincent and the Grenadines,2023,Food,149
Saint Vincent and the Grenadines,2023,Machinery and transport equipment,106
Saint Vincent and the Grenadines,2023,Fuels and mining products,49
Saint Vincent and the Grenadines,2023,Fuels,46
Saint Vincent and the Grenadines,2023,Chemicals,38
Saint Vincent and the Grenadines,2023,Transport equipment,29
Saint Vincent and the Grenadines,2023,Automotive products,22
Saint Vincent and the Grenadines,2023,Iron and steel,19
Saint Vincent and the Grenadines,2023,Other,55
Samoa,2018,Manufactures,185
Samoa,2018,Agricultural products,142
Samoa,2018,Food,132
Samoa,2018,Fuels and mining products,82
Samoa,2018,Fuels,79
Samoa,2018,Machinery and transport equipment,70
Samoa,2018,Chemicals,27
Samoa,2018,Transport equipment,27
Samoa,2018,Automotive products,26
Samoa,2018,Office and telecom equipment,13
Samoa,2018,Other,36
Samoa,2019,Manufactures,213
Samoa,2019,Agricultural products,141
Samoa,2019,Food,132
Samoa,2019,Machinery and transport equipment,90
Samoa,2019,Fuels and mining products,82
Samoa,2019,Fuels,78
Samoa,2019,Transport equipment,37
Samoa,2019,Automotive products,35
Samoa,2019,Chemicals,26
Samoa,2019,Office and telecom equipment,16
Samoa,2019,Other,45
Samoa,2020,Manufactures,145
Samoa,2020,Agricultural products,144
Samoa,2020,Food,132
Samoa,2020,Fuels and mining products,55
Samoa,2020,Fuels,51
Samoa,2020,Machinery and transport equipment,48
Samoa,2020,Chemicals,25
Samoa,2020,Transport equipment,15
Samoa,2020,Automotive products,14
Samoa,2020,Office and telecom equipment,14
Samoa,2020,Other,40
Samoa,2021,Manufactures,187
Samoa,2021,Agricultural products,146
Samoa,2021,Food,134
Samoa,2021,Machinery and transport equipment,70
Samoa,2021,Fuels and mining products,65
Samoa,2021,Fuels,62
Samoa,2021,Chemicals,29
Samoa,2021,Transport equipment,29
Samoa,2021,Automotive products,24
Samoa,2021,Office and telecom equipment,12
Samoa,2021,Other,39
Samoa,2022,Manufactures,213
Samoa,2022,Agricultural products,163
Samoa,2022,Food,153
Samoa,2022,Fuels and mining products,106
Samoa,2022,Fuels,103
Samoa,2022,Machinery and transport equipment,87
Samoa,2022,Transport equipment,45
Samoa,2022,Chemicals,31
Samoa,2022,Automotive products,21
Samoa,2022,Office and telecom equipment,13
Samoa,2022,Other,46
Samoa,2023,Manufactures,213
Samoa,2023,Agricultural products,169
Samoa,2023,Food,159
Samoa,2023,Fuels and mining products,128
Samoa,2023,Fuels,125
Samoa,2023,Machinery and transport equipment,79
Samoa,2023,Transport equipment,35
Samoa,2023,Automotive products,31
Samoa,2023,Chemicals,31
Samoa,2023,Office and telecom equipment,10
Samoa,2023,Other,41
Sao Tomé and Principe,2018,Manufactures,72
Sao Tomé and Principe,2018,Agricultural products,54
Sao Tomé and Principe,2018,Food,52
Sao Tomé and Principe,2018,Fuels and mining products,34
Sao Tomé and Principe,2018,Machinery and transport equipment,34
Sao Tomé and Principe,2018,Fuels,33
Sao Tomé and Principe,2018,Transport equipment,11
Sao Tomé and Principe,2018,Chemicals,8
Sao Tomé and Principe,2018,Automotive products,7
Sao Tomé and Principe,2018,Office and telecom equipment,6
Sao Tomé and Principe,2018,Other,10
Sao Tomé and Principe,2019,Manufactures,65
Sao Tomé and Principe,2019,Agricultural products,57
Sao Tomé and Principe,2019,Food,55
Sao Tomé and Principe,2019,Fuels and mining products,36
Sao Tomé and Principe,2019,Fuels,34
Sao Tomé and Principe,2019,Machinery and transport equipment,29
Sao Tomé and Principe,2019,Transport equipment,12
Sao Tomé and Principe,2019,Chemicals,9
Sao Tomé and Principe,2019,Automotive products,8
Sao Tomé and Principe,2019,Office and telecom equipment,6
Sao Tomé and Principe,2019,Other,12
Sao Tomé and Principe,2020,Manufactures,64
Sao Tomé and Principe,2020,Agricultural products,59
Sao Tomé and Principe,2020,Food,57
Sao Tomé and Principe,2020,Machinery and transport equipment,28
Sao Tomé and Principe,2020,Fuels and mining products,27
Sao Tomé and Principe,2020,Fuels,25
Sao Tomé and Principe,2020,Chemicals,10
Sao Tomé and Principe,2020,Transport equipment,10
Sao Tomé and Principe,2020,Automotive products,7
Sao Tomé and Principe,2020,Office and telecom equipment,6
Sao Tomé and Principe,2020,Other,10
Sao Tomé and Principe,2021,Agricultural products,79
Sao Tomé and Principe,2021,Food,76
Sao Tomé and Principe,2021,Manufactures,73
Sao Tomé and Principe,2021,Fuels and mining products,34
Sao Tomé and Principe,2021,Fuels,33
Sao Tomé and Principe,2021,Machinery and transport equipment,32
Sao Tomé and Principe,2021,Transport equipment,13
Sao Tomé and Principe,2021,Chemicals,12
Sao Tomé and Principe,2021,Automotive products,8
Sao Tomé and Principe,2021,Office and telecom equipment,7
Sao Tomé and Principe,2021,Other,15
Sao Tomé and Principe,2022,Manufactures,79
Sao Tomé and Principe,2022,Agricultural products,72
Sao Tomé and Principe,2022,Food,70
Sao Tomé and Principe,2022,Fuels and mining products,63
Sao Tomé and Principe,2022,Fuels,61
Sao Tomé and Principe,2022,Machinery and transport equipment,38
Sao Tomé and Principe,2022,Chemicals,11
Sao Tomé and Principe,2022,Transport equipment,11
Sao Tomé and Principe,2022,Automotive products,8
Sao Tomé and Principe,2022,Office and telecom equipment,7
Sao Tomé and Principe,2022,Other,13
Sao Tomé and Principe,2023,Agricultural products,76
Sao Tomé and Principe,2023,Food,74
Sao Tomé and Principe,2023,Manufactures,68
Sao Tomé and Principe,2023,Fuels and mining products,55
Sao Tomé and Principe,2023,Fuels,54
Sao Tomé and Principe,2023,Machinery and transport equipment,33
Sao Tomé and Principe,2023,Chemicals,10
Sao Tomé and Principe,2023,Transport equipment,10
Sao Tomé and Principe,2023,Automotive products,8
Sao Tomé and Principe,2023,Office and telecom equipment,6
Sao Tomé and Principe,2023,Other,11
"Saudi Arabia, Kingdom of",2018,Fuels and mining products,243712
"Saudi Arabia, Kingdom of",2018,Fuels,235559
"Saudi Arabia, Kingdom of",2018,Manufactures,149017
"Saudi Arabia, Kingdom of",2018,Machinery and transport equipment,57080
"Saudi Arabia, Kingdom of",2018,Chemicals,56187
"Saudi Arabia, Kingdom of",2018,Transport equipment,25882
"Saudi Arabia, Kingdom of",2018,Agricultural products,24665
"Saudi Arabia, Kingdom of",2018,Food,23212
"Saudi Arabia, Kingdom of",2018,Automotive products,12789
"Saudi Arabia, Kingdom of",2018,Office and telecom equipment,10743
"Saudi Arabia, Kingdom of",2018,Other,29359
"Saudi Arabia, Kingdom of",2019,Fuels and mining products,211272
"Saudi Arabia, Kingdom of",2019,Fuels,204377
"Saudi Arabia, Kingdom of",2019,Manufactures,146669
"Saudi Arabia, Kingdom of",2019,Machinery and transport equipment,56544
"Saudi Arabia, Kingdom of",2019,Chemicals,52529
"Saudi Arabia, Kingdom of",2019,Transport equipment,25374
"Saudi Arabia, Kingdom of",2019,Agricultural products,24655
"Saudi Arabia, Kingdom of",2019,Food,23213
"Saudi Arabia, Kingdom of",2019,Automotive products,14754
"Saudi Arabia, Kingdom of",2019,Office and telecom equipment,11733
"Saudi Arabia, Kingdom of",2019,Other,30918
"Saudi Arabia, Kingdom of",2020,Manufactures,138038
"Saudi Arabia, Kingdom of",2020,Fuels and mining products,130871
"Saudi Arabia, Kingdom of",2020,Fuels,123400
"Saudi Arabia, Kingdom of",2020,Machinery and transport equipment,55128
"Saudi Arabia, Kingdom of",2020,Chemicals,47034
"Saudi Arabia, Kingdom of",2020,Agricultural products,25429
"Saudi Arabia, Kingdom of",2020,Transport equipment,25184
"Saudi Arabia, Kingdom of",2020,Food,23921
"Saudi Arabia, Kingdom of",2020,Automotive products,14517
"Saudi Arabia, Kingdom of",2020,Office and telecom equipment,10854
"Saudi Arabia, Kingdom of",2020,Other,29527
"Saudi Arabia, Kingdom of",2021,Fuels and mining products,218167
"Saudi Arabia, Kingdom of",2021,Fuels,209551
"Saudi Arabia, Kingdom of",2021,Manufactures,168397
"Saudi Arabia, Kingdom of",2021,Chemicals,64144
"Saudi Arabia, Kingdom of",2021,Machinery and transport equipment,61774
"Saudi Arabia, Kingdom of",2021,Agricultural products,29061
"Saudi Arabia, Kingdom of",2021,Transport equipment,29050
"Saudi Arabia, Kingdom of",2021,Food,27186
"Saudi Arabia, Kingdom of",2021,Automotive products,16597
"Saudi Arabia, Kingdom of",2021,Office and telecom equipment,12568
"Saudi Arabia, Kingdom of",2021,Other,35140
"Saudi Arabia, Kingdom of",2022,Fuels and mining products,352101
"Saudi Arabia, Kingdom of",2022,Fuels,340582
"Saudi Arabia, Kingdom of",2022,Manufactures,197568
"Saudi Arabia, Kingdom of",2022,Chemicals,74700
"Saudi Arabia, Kingdom of",2022,Machinery and transport equipment,72323
"Saudi Arabia, Kingdom of",2022,Agricultural products,35803
"Saudi Arabia, Kingdom of",2022,Transport equipment,33692
"Saudi Arabia, Kingdom of",2022,Food,33224
"Saudi Arabia, Kingdom of",2022,Automotive products,20201
"Saudi Arabia, Kingdom of",2022,Office and telecom equipment,13770
"Saudi Arabia, Kingdom of",2022,Other,38975
"Saudi Arabia, Kingdom of",2023,Fuels and mining products,274999
"Saudi Arabia, Kingdom of",2023,Fuels,263632
"Saudi Arabia, Kingdom of",2023,Manufactures,202781
"Saudi Arabia, Kingdom of",2023,Machinery and transport equipment,90122
"Saudi Arabia, Kingdom of",2023,Chemicals,60261
"Saudi Arabia, Kingdom of",2023,Transport equipment,41459
"Saudi Arabia, Kingdom of",2023,Agricultural products,34920
"Saudi Arabia, Kingdom of",2023,Food,32882
"Saudi Arabia, Kingdom of",2023,Automotive products,26326
"Saudi Arabia, Kingdom of",2023,Office and telecom equipment,17932
"Saudi Arabia, Kingdom of",2023,Other,43975
"Saudi Arabia, Kingdom of",2024,Fuels and mining products,242000
Senegal,2018,Manufactures,4822
Senegal,2018,Fuels and mining products,3243
Senegal,2018,Agricultural products,3056
Senegal,2018,Food,2869
Senegal,2018,Fuels,2826
Senegal,2018,Machinery and transport equipment,1817
Senegal,2018,Chemicals,1232
Senegal,2018,Transport equipment,736
Senegal,2018,Iron and steel,552
Senegal,2018,Automotive products,498
Senegal,2018,Other,904
Senegal,2019,Manufactures,5108
Senegal,2019,Fuels and mining products,3364
Senegal,2019,Agricultural products,3145
Senegal,2019,Food,2973
Senegal,2019,Fuels,2938
Senegal,2019,Machinery and transport equipment,2123
Senegal,2019,Chemicals,1330
Senegal,2019,Transport equipment,834
Senegal,2019,Iron and steel,517
Senegal,2019,Automotive products,470
Senegal,2019,Other,984
Senegal,2020,Manufactures,4819
Senegal,2020,Agricultural products,3277
Senegal,2020,Food,3108
Senegal,2020,Fuels and mining products,2810
Senegal,2020,Fuels,2437
Senegal,2020,Machinery and transport equipment,1844
Senegal,2020,Chemicals,1287
Senegal,2020,Transport equipment,665
Senegal,2020,Iron and steel,449
Senegal,2020,Automotive products,389
Senegal,2020,Other,1049
Senegal,2021,Manufactures,6170
Senegal,2021,Agricultural products,3851
Senegal,2021,Fuels and mining products,3840
Senegal,2021,Food,3650
Senegal,2021,Fuels,3256
Senegal,2021,Machinery and transport equipment,2189
Senegal,2021,Chemicals,1725
Senegal,2021,Transport equipment,711
Senegal,2021,Iron and steel,686
Senegal,2021,Automotive products,523
Senegal,2021,Other,1131
Senegal,2022,Manufactures,7025
Senegal,2022,Fuels and mining products,5665
Senegal,2022,Fuels,4859
Senegal,2022,Agricultural products,4071
Senegal,2022,Food,3811
Senegal,2022,Machinery and transport equipment,2488
Senegal,2022,Chemicals,2116
Senegal,2022,Transport equipment,940
Senegal,2022,Iron and steel,787
Senegal,2022,Automotive products,438
Senegal,2022,Other,954
Senegal,2023,Manufactures,6407
Senegal,2023,Fuels and mining products,5266
Senegal,2023,Fuels,4668
Senegal,2023,Agricultural products,3826
Senegal,2023,Food,3612
Senegal,2023,Machinery and transport equipment,2961
Senegal,2023,Chemicals,1769
Senegal,2023,Transport equipment,1225
Senegal,2023,Automotive products,686
Senegal,2023,Iron and steel,680
Senegal,2023,Other,1030
Serbia,2018,Manufactures,29618
Serbia,2018,Machinery and transport equipment,12056
Serbia,2018,Fuels and mining products,6117
Serbia,2018,Agricultural products,5894
Serbia,2018,Chemicals,5364
Serbia,2018,Food,5247
Serbia,2018,Transport equipment,3638
Serbia,2018,Fuels,3580
Serbia,2018,Automotive products,3035
Serbia,2018,Iron and steel,1932
Serbia,2018,Other,5732
Serbia,2019,Manufactures,30727
Serbia,2019,Machinery and transport equipment,12584
Serbia,2019,Agricultural products,6200
Serbia,2019,Fuels and mining products,6128
Serbia,2019,Food,5594
Serbia,2019,Chemicals,5482
Serbia,2019,Transport equipment,3540
Serbia,2019,Fuels,3399
Serbia,2019,Automotive products,2465
Serbia,2019,Iron and steel,2001
Serbia,2019,Other,6001
Serbia,2020,Manufactures,30609
Serbia,2020,Machinery and transport equipment,12430
Serbia,2020,Agricultural products,6932
Serbia,2020,Food,6361
Serbia,2020,Chemicals,6053
Serbia,2020,Fuels and mining products,4668
Serbia,2020,Transport equipment,2780
Serbia,2020,Fuels,2376
Serbia,2020,Automotive products,1991
Serbia,2020,Pharmaceuticals,1592
Serbia,2020,Other,6513
Serbia,2021,Manufactures,38815
Serbia,2021,Machinery and transport equipment,15463
Serbia,2021,Agricultural products,8399
Serbia,2021,Fuels and mining products,7860
Serbia,2021,Chemicals,7795
Serbia,2021,Food,7625
Serbia,2021,Fuels,3808
Serbia,2021,Transport equipment,3415
Serbia,2021,Iron and steel,2501
Serbia,2021,Automotive products,2420
Serbia,2021,Other,7873
Serbia,2022,Manufactures,42756
Serbia,2022,Machinery and transport equipment,16834
Serbia,2022,Fuels and mining products,13568
Serbia,2022,Agricultural products,9006
Serbia,2022,Chemicals,8908
Serbia,2022,Fuels,8856
Serbia,2022,Food,8157
Serbia,2022,Transport equipment,3732
Serbia,2022,Iron and steel,2662
Serbia,2022,Automotive products,2425
Serbia,2022,Other,8368
Serbia,2023,Manufactures,44072
Serbia,2023,Machinery and transport equipment,18919
Serbia,2023,Fuels and mining products,12014
Serbia,2023,Agricultural products,9171
Serbia,2023,Food,8455
Serbia,2023,Chemicals,8125
Serbia,2023,Fuels,7438
Serbia,2023,Transport equipment,4331
Serbia,2023,Automotive products,3035
Serbia,2023,Iron and steel,2114
Serbia,2023,Other,8671
Seychelles,2018,Manufactures,668
Seychelles,2018,Agricultural products,634
Seychelles,2018,Food,623
Seychelles,2018,Fuels and mining products,401
Seychelles,2018,Fuels,393
Seychelles,2018,Machinery and transport equipment,377
Seychelles,2018,Transport equipment,235
Seychelles,2018,Chemicals,58
Seychelles,2018,Office and telecom equipment,34
Seychelles,2018,Automotive products,26
Seychelles,2018,Other,85
Seychelles,2019,Manufactures,732
Seychelles,2019,Agricultural products,620
Seychelles,2019,Food,606
Seychelles,2019,Machinery and transport equipment,421
Seychelles,2019,Fuels and mining products,327
Seychelles,2019,Fuels,319
Seychelles,2019,Transport equipment,271
Seychelles,2019,Chemicals,62
Seychelles,2019,Automotive products,54
Seychelles,2019,Office and telecom equipment,35
Seychelles,2019,Other,102
Seychelles,2020,Agricultural products,640
Seychelles,2020,Food,631
Seychelles,2020,Manufactures,551
Seychelles,2020,Machinery and transport equipment,301
Seychelles,2020,Fuels and mining products,242
Seychelles,2020,Fuels,231
Seychelles,2020,Transport equipment,199
Seychelles,2020,Chemicals,51
Seychelles,2020,Office and telecom equipment,30
Seychelles,2020,Iron and steel,25
Seychelles,2020,Other,85
Seychelles,2021,Agricultural products,666
Seychelles,2021,Food,655
Seychelles,2021,Manufactures,638
Seychelles,2021,Fuels and mining products,290
Seychelles,2021,Fuels,284
Seychelles,2021,Machinery and transport equipment,262
Seychelles,2021,Transport equipment,143
Seychelles,2021,Chemicals,94
Seychelles,2021,Iron and steel,55
Seychelles,2021,Office and telecom equipment,38
Seychelles,2021,Other,86
Seychelles,2022,Manufactures,1039
Seychelles,2022,Machinery and transport equipment,805
Seychelles,2022,Transport equipment,710
Seychelles,2022,Agricultural products,560
Seychelles,2022,Food,552
Seychelles,2022,Fuels and mining products,299
Seychelles,2022,Fuels,292
Seychelles,2022,Chemicals,45
Seychelles,2022,Office and telecom equipment,32
Seychelles,2022,Automotive products,23
Seychelles,2022,Other,74
Seychelles,2023,Manufactures,766
Seychelles,2023,Agricultural products,672
Seychelles,2023,Food,661
Seychelles,2023,Fuels and mining products,553
Seychelles,2023,Fuels,504
Seychelles,2023,Machinery and transport equipment,351
Seychelles,2023,Transport equipment,147
Seychelles,2023,Chemicals,85
Seychelles,2023,Automotive products,73
Seychelles,2023,Office and telecom equipment,44
Seychelles,2023,Other,121
Sierra Leone,2018,Manufactures,678
Sierra Leone,2018,Agricultural products,448
Sierra Leone,2018,Food,413
Sierra Leone,2018,Fuels and mining products,402
Sierra Leone,2018,Machinery and transport equipment,311
Sierra Leone,2018,Transport equipment,120
Sierra Leone,2018,Chemicals,102
Sierra Leone,2018,Automotive products,97
Sierra Leone,2018,Iron and steel,43
Sierra Leone,2018,Pharmaceuticals,25
Sierra Leone,2018,Other,68
Sierra Leone,2019,Manufactures,1136
Sierra Leone,2019,Agricultural products,634
Sierra Leone,2019,Food,496
Sierra Leone,2019,Machinery and transport equipment,414
Sierra Leone,2019,Fuels and mining products,351
Sierra Leone,2019,Chemicals,163
Sierra Leone,2019,Transport equipment,142
Sierra Leone,2019,Automotive products,75
Sierra Leone,2019,Iron and steel,60
Sierra Leone,2019,Pharmaceuticals,54
Sierra Leone,2019,Other,179
Sierra Leone,2020,Manufactures,1438
Sierra Leone,2020,Agricultural products,829
Sierra Leone,2020,Food,713
Sierra Leone,2020,Machinery and transport equipment,497
Sierra Leone,2020,Chemicals,305
Sierra Leone,2020,Fuels and mining products,279
Sierra Leone,2020,Transport equipment,155
Sierra Leone,2020,Pharmaceuticals,152
Sierra Leone,2020,Automotive products,101
Sierra Leone,2020,Iron and steel,97
Sierra Leone,2020,Other,257
Sierra Leone,2021,Manufactures,1251
Sierra Leone,2021,Agricultural products,671
Sierra Leone,2021,Food,530
Sierra Leone,2021,Fuels and mining products,522
Sierra Leone,2021,Machinery and transport equipment,437
Sierra Leone,2021,Chemicals,202
Sierra Leone,2021,Transport equipment,186
Sierra Leone,2021,Fuels,121
Sierra Leone,2021,Automotive products,111
Sierra Leone,2021,Iron and steel,94
Sierra Leone,2021,Other,243
Sierra Leone,2022,Manufactures,1369
Sierra Leone,2022,Fuels and mining products,881
Sierra Leone,2022,Agricultural products,668
Sierra Leone,2022,Food,573
Sierra Leone,2022,Machinery and transport equipment,539
Sierra Leone,2022,Chemicals,260
Sierra Leone,2022,Transport equipment,226
Sierra Leone,2022,Fuels,124
Sierra Leone,2022,Pharmaceuticals,117
Sierra Leone,2022,Iron and steel,97
Sierra Leone,2022,Other,246
Sierra Leone,2023,Manufactures,1362
Sierra Leone,2023,Fuels and mining products,1086
Sierra Leone,2023,Machinery and transport equipment,684
Sierra Leone,2023,Agricultural products,595
Sierra Leone,2023,Food,575
Sierra Leone,2023,Chemicals,230
Sierra Leone,2023,Transport equipment,204
Sierra Leone,2023,Pharmaceuticals,110
Sierra Leone,2023,Automotive products,106
Sierra Leone,2023,Fuels,84
Sierra Leone,2023,Other,254
Singapore,2018,Manufactures,548642
Singapore,2018,Machinery and transport equipment,370474
Singapore,2018,Office and telecom equipment,224396
Singapore,2018,Integrated circuits and electronic components,163495
Singapore,2018,Fuels and mining products,149462
Singapore,2018,Fuels,141893
Singapore,2018,Chemicals,87602
Singapore,2018,Electronic data processing and office equipment,35999
Singapore,2018,Transport equipment,34636
Singapore,2018,Agricultural products,30660
Singapore,2018,Other,85076
Singapore,2019,Manufactures,539962
Singapore,2019,Machinery and transport equipment,365738
Singapore,2019,Office and telecom equipment,215117
Singapore,2019,Integrated circuits and electronic components,152729
Singapore,2019,Fuels and mining products,129754
Singapore,2019,Fuels,123132
Singapore,2019,Chemicals,83399
Singapore,2019,Transport equipment,36915
Singapore,2019,Electronic data processing and office equipment,35964
Singapore,2019,Agricultural products,30157
Singapore,2019,Other,84974
Singapore,2020,Manufactures,531749
Singapore,2020,Machinery and transport equipment,369879
Singapore,2020,Office and telecom equipment,238501
Singapore,2020,Integrated circuits and electronic components,175090
Singapore,2020,Fuels and mining products,86038
Singapore,2020,Fuels,79313
Singapore,2020,Chemicals,78499
Singapore,2020,Electronic data processing and office equipment,36753
Singapore,2020,Agricultural products,29007
Singapore,2020,Telecommunications equipment,26658
Singapore,2020,Other,79309
Singapore,2021,Manufactures,641297
Singapore,2021,Machinery and transport equipment,450222
Singapore,2021,Office and telecom equipment,299719
Singapore,2021,Integrated circuits and electronic components,227316
Singapore,2021,Fuels and mining products,132117
Singapore,2021,Fuels,121237
Singapore,2021,Chemicals,93194
Singapore,2021,Electronic data processing and office equipment,42059
Singapore,2021,Agricultural products,32998
Singapore,2021,Telecommunications equipment,30342
Singapore,2021,Other,84155
Singapore,2022,Manufactures,703698
Singapore,2022,Machinery and transport equipment,499618
Singapore,2022,Office and telecom equipment,318876
Singapore,2022,Integrated circuits and electronic components,249935
Singapore,2022,Fuels and mining products,181292
Singapore,2022,Fuels,170878
Singapore,2022,Chemicals,96647
Singapore,2022,Electronic data processing and office equipment,35659
Singapore,2022,Agricultural products,35058
Singapore,2022,Telecommunications equipment,33282
Singapore,2022,Other,95179
Singapore,2023,Manufactures,648664
Singapore,2023,Machinery and transport equipment,456887
Singapore,2023,Office and telecom equipment,278340
Singapore,2023,Integrated circuits and electronic components,211066
Singapore,2023,Fuels and mining products,155321
Singapore,2023,Fuels,146175
Singapore,2023,Chemicals,89467
Singapore,2023,Telecommunications equipment,35852
Singapore,2023,Agricultural products,33292
Singapore,2023,Electronic data processing and office equipment,31421
Singapore,2023,Other,94145
Singapore,2024,Manufactures,379459
Singapore,2024,Office and telecom equipment,325867
Singapore,2024,Fuels and mining products,92459
Singapore,2024,Chemicals,51352
Singapore,2025,Manufactures,1116
Slovak Republic,2018,Manufactures,160901
Slovak Republic,2018,Machinery and transport equipment,102634
Slovak Republic,2018,Transport equipment,49879
Slovak Republic,2018,Automotive products,47059
Slovak Republic,2018,Office and telecom equipment,25448
Slovak Republic,2018,Telecommunications equipment,21271
Slovak Republic,2018,Fuels and mining products,14472
Slovak Republic,2018,Chemicals,11779
Slovak Republic,2018,Agricultural products,10344
Slovak Republic,2018,Fuels,9677
Slovak Republic,2018,Other,28304
Slovak Republic,2019,Manufactures,155901
Slovak Republic,2019,Machinery and transport equipment,101721
Slovak Republic,2019,Transport equipment,51375
Slovak Republic,2019,Automotive products,48646
Slovak Republic,2019,Office and telecom equipment,22940
Slovak Republic,2019,Telecommunications equipment,19036
Slovak Republic,2019,Fuels and mining products,12662
Slovak Republic,2019,Chemicals,11053
Slovak Republic,2019,Agricultural products,10218
Slovak Republic,2019,Food,8430
Slovak Republic,2019,Other,26532
Slovak Republic,2020,Manufactures,148541
Slovak Republic,2020,Machinery and transport equipment,98752
Slovak Republic,2020,Transport equipment,50027
Slovak Republic,2020,Automotive products,47483
Slovak Republic,2020,Office and telecom equipment,21633
Slovak Republic,2020,Telecommunications equipment,17665
Slovak Republic,2020,Chemicals,10972
Slovak Republic,2020,Agricultural products,10512
Slovak Republic,2020,Fuels and mining products,10208
Slovak Republic,2020,Food,8805
Slovak Republic,2020,Other,23345
Slovak Republic,2021,Manufactures,177449
Slovak Republic,2021,Machinery and transport equipment,113809
Slovak Republic,2021,Transport equipment,55482
Slovak Republic,2021,Automotive products,52481
Slovak Republic,2021,Office and telecom equipment,24496
Slovak Republic,2021,Telecommunications equipment,19502
Slovak Republic,2021,Fuels and mining products,17020
Slovak Republic,2021,Chemicals,14002
Slovak Republic,2021,Agricultural products,12765
Slovak Republic,2021,Fuels,10891
Slovak Republic,2021,Other,34083
Slovak Republic,2022,Manufactures,180691
Slovak Republic,2022,Machinery and transport equipment,113372
Slovak Republic,2022,Transport equipment,56304
Slovak Republic,2022,Automotive products,52967
Slovak Republic,2022,Fuels and mining products,24810
Slovak Republic,2022,Office and telecom equipment,21414
Slovak Republic,2022,Fuels,18863
Slovak Republic,2022,Telecommunications equipment,16778
Slovak Republic,2022,Chemicals,14863
Slovak Republic,2022,Agricultural products,14554
Slovak Republic,2022,Other,35851
Slovak Republic,2023,Manufactures,197417
Slovak Republic,2023,Machinery and transport equipment,131394
Slovak Republic,2023,Transport equipment,71356
Slovak Republic,2023,Automotive products,66706
Slovak Republic,2023,Office and telecom equipment,20995
Slovak Republic,2023,Fuels and mining products,17239
Slovak Republic,2023,Telecommunications equipment,16305
Slovak Republic,2023,Agricultural products,15056
Slovak Republic,2023,Chemicals,13899
Slovak Republic,2023,Food,13123
Slovak Republic,2023,Other,34850
Slovenia,2018,Manufactures,68391
Slovenia,2018,Machinery and transport equipment,33191
Slovenia,2018,Transport equipment,18010
Slovenia,2018,Automotive products,16616
Slovenia,2018,Chemicals,12599
Slovenia,2018,Fuels and mining products,10155
Slovenia,2018,Agricultural products,7782
Slovenia,2018,Fuels,6026
Slovenia,2018,Pharmaceuticals,5699
Slovenia,2018,Food,5645
Slovenia,2018,Other,11050
Slovenia,2019,Manufactures,71025
Slovenia,2019,Machinery and transport equipment,32675
Slovenia,2019,Transport equipment,17675
Slovenia,2019,Chemicals,16827
Slovenia,2019,Automotive products,16130
Slovenia,2019,Fuels and mining products,10363
Slovenia,2019,Pharmaceuticals,10061
Slovenia,2019,Agricultural products,7452
Slovenia,2019,Fuels,6593
Slovenia,2019,Food,5596
Slovenia,2019,Other,10723
Slovenia,2020,Manufactures,72060
Slovenia,2020,Machinery and transport equipment,30287
Slovenia,2020,Chemicals,20977
Slovenia,2020,Transport equipment,14946
Slovenia,2020,Pharmaceuticals,14074
Slovenia,2020,Automotive products,13550
Slovenia,2020,Agricultural products,7377
Slovenia,2020,Fuels and mining products,7335
Slovenia,2020,Food,5674
Slovenia,2020,Fuels,4061
Slovenia,2020,Other,10317
Slovenia,2021,Manufactures,92969
Slovenia,2021,Machinery and transport equipment,38391
Slovenia,2021,Chemicals,27901
Slovenia,2021,Transport equipment,18356
Slovenia,2021,Automotive products,16469
Slovenia,2021,Pharmaceuticals,16342
Slovenia,2021,Fuels and mining products,12674
Slovenia,2021,Agricultural products,9064
Slovenia,2021,Fuels,7426
Slovenia,2021,Food,6993
Slovenia,2021,Other,15823
Slovenia,2022,Manufactures,108380
Slovenia,2022,Machinery and transport equipment,41099
Slovenia,2022,Chemicals,38792
Slovenia,2022,Pharmaceuticals,24534
Slovenia,2022,Fuels and mining products,20622
Slovenia,2022,Transport equipment,19705
Slovenia,2022,Automotive products,17534
Slovenia,2022,Fuels,14625
Slovenia,2022,Agricultural products,10151
Slovenia,2022,Food,7807
Slovenia,2022,Other,17514
Slovenia,2023,Manufactures,118978
Slovenia,2023,Chemicals,48440
Slovenia,2023,Machinery and transport equipment,43313
Slovenia,2023,Pharmaceuticals,29113
Slovenia,2023,Transport equipment,21355
Slovenia,2023,Automotive products,19244
Slovenia,2023,Fuels and mining products,14350
Slovenia,2023,Agricultural products,11124
Slovenia,2023,Fuels,9685
Slovenia,2023,Food,8945
Slovenia,2023,Other,16737
Solomon Islands,2018,Agricultural products,669
Solomon Islands,2018,Manufactures,374
Solomon Islands,2018,Food,248
Solomon Islands,2018,Machinery and transport equipment,210
Solomon Islands,2018,Fuels and mining products,124
Solomon Islands,2018,Fuels,101
Solomon Islands,2018,Transport equipment,97
Solomon Islands,2018,Automotive products,41
Solomon Islands,2018,Chemicals,30
Solomon Islands,2018,Iron and steel,17
Solomon Islands,2018,Other,46
Solomon Islands,2019,Agricultural products,522
Solomon Islands,2019,Manufactures,324
Solomon Islands,2019,Food,206
Solomon Islands,2019,Machinery and transport equipment,167
Solomon Islands,2019,Fuels and mining products,152
Solomon Islands,2019,Fuels,111
Solomon Islands,2019,Transport equipment,50
Solomon Islands,2019,Chemicals,29
Solomon Islands,2019,Automotive products,28
Solomon Islands,2019,Office and telecom equipment,22
Solomon Islands,2019,Other,58
Solomon Islands,2020,Agricultural products,459
Solomon Islands,2020,Manufactures,271
Solomon Islands,2020,Food,207
Solomon Islands,2020,Fuels and mining products,110
Solomon Islands,2020,Machinery and transport equipment,97
Solomon Islands,2020,Fuels,80
Solomon Islands,2020,Transport equipment,31
Solomon Islands,2020,Chemicals,27
Solomon Islands,2020,Automotive products,23
Solomon Islands,2020,Iron and steel,20
Solomon Islands,2020,Other,56
Solomon Islands,2021,Agricultural products,453
Solomon Islands,2021,Manufactures,311
Solomon Islands,2021,Food,193
Solomon Islands,2021,Machinery and transport equipment,120
Solomon Islands,2021,Fuels and mining products,109
Solomon Islands,2021,Fuels,88
Solomon Islands,2021,Transport equipment,45
Solomon Islands,2021,Automotive products,27
Solomon Islands,2021,Chemicals,26
Solomon Islands,2021,Iron and steel,24
Solomon Islands,2021,Other,55
Solomon Islands,2022,Agricultural products,432
Solomon Islands,2022,Manufactures,344
Solomon Islands,2022,Food,215
Solomon Islands,2022,Fuels and mining products,142
Solomon Islands,2022,Fuels,137
Solomon Islands,2022,Machinery and transport equipment,121
Solomon Islands,2022,Chemicals,40
Solomon Islands,2022,Transport equipment,37
Solomon Islands,2022,Automotive products,29
Solomon Islands,2022,Iron and steel,25
Solomon Islands,2022,Other,63
Solomon Islands,2023,Manufactures,559
Solomon Islands,2023,Agricultural products,528
Solomon Islands,2023,Food,303
Solomon Islands,2023,Machinery and transport equipment,235
Solomon Islands,2023,Fuels and mining products,143
Solomon Islands,2023,Fuels,111
Solomon Islands,2023,Transport equipment,76
Solomon Islands,2023,Automotive products,56
Solomon Islands,2023,Chemicals,48
Solomon Islands,2023,Office and telecom equipment,38
Solomon Islands,2023,Other,99
South Africa,2018,Manufactures,99159
South Africa,2018,Fuels and mining products,53242
South Africa,2018,Machinery and transport equipment,47285
South Africa,2018,Fuels,27206
South Africa,2018,Transport equipment,20531
South Africa,2018,Agricultural products,19831
South Africa,2018,Chemicals,18491
South Africa,2018,Automotive products,17569
South Africa,2018,Food,16765
South Africa,2018,Office and telecom equipment,8732
South Africa,2018,Other,24002
South Africa,2019,Manufactures,95262
South Africa,2019,Fuels and mining products,50729
South Africa,2019,Machinery and transport equipment,47237
South Africa,2019,Fuels,23608
South Africa,2019,Transport equipment,21209
South Africa,2019,Agricultural products,18489
South Africa,2019,Automotive products,18048
South Africa,2019,Chemicals,17314
South Africa,2019,Food,15979
South Africa,2019,Office and telecom equipment,8369
South Africa,2019,Other,22349
South Africa,2020,Manufactures,78016
South Africa,2020,Fuels and mining products,45144
South Africa,2020,Machinery and transport equipment,36545
South Africa,2020,Agricultural products,18341
South Africa,2020,Fuels,16519
South Africa,2020,Chemicals,16436
South Africa,2020,Food,15900
South Africa,2020,Transport equipment,14579
South Africa,2020,Automotive products,12489
South Africa,2020,Office and telecom equipment,6772
South Africa,2020,Other,18796
South Africa,2021,Manufactures,103246
South Africa,2021,Fuels and mining products,74428
South Africa,2021,Machinery and transport equipment,46809
South Africa,2021,Fuels,25980
South Africa,2021,Chemicals,22146
South Africa,2021,Agricultural products,21452
South Africa,2021,Transport equipment,19391
South Africa,2021,Food,18401
South Africa,2021,Automotive products,16495
South Africa,2021,Office and telecom equipment,8618
South Africa,2021,Other,25561
South Africa,2022,Manufactures,112697
South Africa,2022,Fuels and mining products,83982
South Africa,2022,Machinery and transport equipment,52682
South Africa,2022,Fuels,42854
South Africa,2022,Chemicals,23601
South Africa,2022,Agricultural products,23183
South Africa,2022,Transport equipment,22077
South Africa,2022,Food,19743
South Africa,2022,Automotive products,18715
South Africa,2022,Office and telecom equipment,9025
South Africa,2022,Other,25863
South Africa,2023,Manufactures,109841
South Africa,2023,Fuels and mining products,68903
South Africa,2023,Machinery and transport equipment,56319
South Africa,2023,Fuels,34303
South Africa,2023,Transport equipment,23605
South Africa,2023,Agricultural products,22815
South Africa,2023,Automotive products,20284
South Africa,2023,Food,19685
South Africa,2023,Chemicals,19657
South Africa,2023,Office and telecom equipment,9083
South Africa,2023,Other,24727
Spain,2018,Manufactures,501148
Spain,2018,Machinery and transport equipment,232651
Spain,2018,Transport equipment,129569
Spain,2018,Fuels and mining products,111738
Spain,2018,Automotive products,110184
Spain,2018,Agricultural products,108823
Spain,2018,Chemicals,102064
Spain,2018,Food,100619
Spain,2018,Fuels,83244
Spain,2018,Clothing,35044
Spain,2018,Other,104746
Spain,2019,Manufactures,486995
Spain,2019,Machinery and transport equipment,224781
Spain,2019,Transport equipment,124461
Spain,2019,Agricultural products,107089
Spain,2019,Automotive products,103624
Spain,2019,Chemicals,100647
Spain,2019,Food,99327
Spain,2019,Fuels and mining products,98040
Spain,2019,Fuels,73426
Spain,2019,Clothing,35543
Spain,2019,Other,102688
Spain,2020,Manufactures,445417
Spain,2020,Machinery and transport equipment,200326
Spain,2020,Agricultural products,108162
Spain,2020,Transport equipment,103972
Spain,2020,Food,101009
Spain,2020,Chemicals,98929
Spain,2020,Automotive products,87580
Spain,2020,Fuels and mining products,66524
Spain,2020,Fuels,45037
Spain,2020,Pharmaceuticals,32722
Spain,2020,Other,101716
Spain,2021,Manufactures,544718
Spain,2021,Machinery and transport equipment,227530
Spain,2021,Chemicals,134685
Spain,2021,Agricultural products,127612
Spain,2021,Food,118093
Spain,2021,Transport equipment,113364
Spain,2021,Fuels and mining products,111376
Spain,2021,Automotive products,94294
Spain,2021,Fuels,78049
Spain,2021,Pharmaceuticals,47340
Spain,2021,Other,125285
Spain,2022,Manufactures,589613
Spain,2022,Machinery and transport equipment,240041
Spain,2022,Fuels and mining products,170155
Spain,2022,Chemicals,152160
Spain,2022,Agricultural products,136892
Spain,2022,Fuels,135877
Spain,2022,Food,126590
Spain,2022,Transport equipment,118836
Spain,2022,Automotive products,96073
Spain,2022,Pharmaceuticals,53992
Spain,2022,Other,136463
Spain,2023,Manufactures,602953
Spain,2023,Machinery and transport equipment,273442
Spain,2023,Agricultural products,142900
Spain,2023,Transport equipment,142831
Spain,2023,Chemicals,136936
Spain,2023,Food,133887
Spain,2023,Fuels and mining products,132257
Spain,2023,Automotive products,120438
Spain,2023,Fuels,102875
Spain,2023,Pharmaceuticals,46757
Spain,2023,Other,128056
Sri Lanka,2018,Manufactures,22470
Sri Lanka,2018,Agricultural products,6176
Sri Lanka,2018,Machinery and transport equipment,5992
Sri Lanka,2018,Food,5481
Sri Lanka,2018,Clothing,5461
Sri Lanka,2018,Fuels and mining products,4667
Sri Lanka,2018,Fuels,4253
Sri Lanka,2018,Textiles,3111
Sri Lanka,2018,Transport equipment,2653
Sri Lanka,2018,Chemicals,2554
Sri Lanka,2018,Other,5345
Sri Lanka,2019,Manufactures,21389
Sri Lanka,2019,Agricultural products,5724
Sri Lanka,2019,Clothing,5707
Sri Lanka,2019,Food,5049
Sri Lanka,2019,Machinery and transport equipment,4828
Sri Lanka,2019,Fuels and mining products,4139
Sri Lanka,2019,Fuels,3775
Sri Lanka,2019,Textiles,3168
Sri Lanka,2019,Chemicals,2409
Sri Lanka,2019,Transport equipment,1659
Sri Lanka,2019,Other,4167
Sri Lanka,2020,Manufactures,17097
Sri Lanka,2020,Agricultural products,5755
Sri Lanka,2020,Food,5068
Sri Lanka,2020,Clothing,4520
Sri Lanka,2020,Machinery and transport equipment,3607
Sri Lanka,2020,Fuels and mining products,2688
Sri Lanka,2020,Textiles,2686
Sri Lanka,2020,Chemicals,2389
Sri Lanka,2020,Fuels,2378
Sri Lanka,2020,Office and telecom equipment,824
Sri Lanka,2020,Other,3266
Sri Lanka,2021,Manufactures,21942
Sri Lanka,2021,Agricultural products,6693
Sri Lanka,2021,Food,5829
Sri Lanka,2021,Clothing,5576
Sri Lanka,2021,Machinery and transport equipment,4596
Sri Lanka,2021,Fuels and mining products,3870
Sri Lanka,2021,Textiles,3483
Sri Lanka,2021,Fuels,3422
Sri Lanka,2021,Chemicals,3116
Sri Lanka,2021,Office and telecom equipment,1239
Sri Lanka,2021,Other,4112
Sri Lanka,2022,Manufactures,19554
Sri Lanka,2022,Agricultural products,6122
Sri Lanka,2022,Clothing,6056
Sri Lanka,2022,Food,5353
Sri Lanka,2022,Fuels and mining products,4544
Sri Lanka,2022,Fuels,4186
Sri Lanka,2022,Textiles,3456
Sri Lanka,2022,Machinery and transport equipment,3016
Sri Lanka,2022,Chemicals,2640
Sri Lanka,2022,Office and telecom equipment,523
Sri Lanka,2022,Other,2031
Sri Lanka,2023,Manufactures,17091
Sri Lanka,2023,Agricultural products,6084
Sri Lanka,2023,Food,5500
Sri Lanka,2023,Clothing,4866
Sri Lanka,2023,Fuels and mining products,4712
Sri Lanka,2023,Fuels,4418
Sri Lanka,2023,Machinery and transport equipment,2859
Sri Lanka,2023,Textiles,2704
Sri Lanka,2023,Chemicals,2366
Sri Lanka,2023,Pharmaceuticals,625
Sri Lanka,2023,Other,2003
Sudan,2018,Agricultural products,5263
Sudan,2018,Food,4938
Sudan,2018,Manufactures,3334
Sudan,2018,Fuels and mining products,1955
Sudan,2018,Fuels,1857
Sudan,2018,Machinery and transport equipment,1421
Sudan,2018,Transport equipment,1211
Sudan,2018,Chemicals,1187
Sudan,2018,Automotive products,941
Sudan,2018,Pharmaceuticals,416
Sudan,2018,Other,1041
Sudan,2019,Agricultural products,5392
Sudan,2019,Food,5066
Sudan,2019,Manufactures,3602
Sudan,2019,Machinery and transport equipment,1482
Sudan,2019,Transport equipment,1312
Sudan,2019,Fuels and mining products,1205
Sudan,2019,Chemicals,1142
Sudan,2019,Fuels,1023
Sudan,2019,Automotive products,1009
Sudan,2019,Textiles,457
Sudan,2019,Other,1152
Sudan,2020,Agricultural products,5726
Sudan,2020,Food,5416
Sudan,2020,Manufactures,3744
Sudan,2020,Machinery and transport equipment,1740
Sudan,2020,Transport equipment,1625
Sudan,2020,Automotive products,1304
Sudan,2020,Chemicals,1043
Sudan,2020,Fuels and mining products,772
Sudan,2020,Fuels,635
Sudan,2020,Textiles,521
Sudan,2020,Other,986
Sudan,2021,Agricultural products,6197
Sudan,2021,Food,5847
Sudan,2021,Manufactures,3561
Sudan,2021,Machinery and transport equipment,1551
Sudan,2021,Transport equipment,1317
Sudan,2021,Chemicals,1159
Sudan,2021,Fuels and mining products,1025
Sudan,2021,Automotive products,1007
Sudan,2021,Fuels,823
Sudan,2021,Textiles,446
Sudan,2021,Other,989
Sudan,2022,Manufactures,7064
Sudan,2022,Agricultural products,6669
Sudan,2022,Food,5934
Sudan,2022,Chemicals,2011
Sudan,2022,Machinery and transport equipment,1996
Sudan,2022,Fuels and mining products,831
Sudan,2022,Fuels,750
Sudan,2022,Transport equipment,630
Sudan,2022,Pharmaceuticals,627
Sudan,2022,Textiles,465
Sudan,2022,Other,1334
Sudan,2023,Agricultural products,6173
Sudan,2023,Food,5693
Sudan,2023,Manufactures,4083
Sudan,2023,Machinery and transport equipment,1173
Sudan,2023,Chemicals,1030
Sudan,2023,Fuels and mining products,843
Sudan,2023,Fuels,806
Sudan,2023,Pharmaceuticals,444
Sudan,2023,Transport equipment,360
Sudan,2023,Textiles,317
Sudan,2023,Other,914
Suriname,2018,Manufactures,1064
Suriname,2018,Machinery and transport equipment,614
Suriname,2018,Agricultural products,578
Suriname,2018,Food,368
Suriname,2018,Chemicals,160
Suriname,2018,Transport equipment,147
Suriname,2018,Fuels and mining products,111
Suriname,2018,Automotive products,101
Suriname,2018,Fuels,99
Suriname,2018,Iron and steel,35
Suriname,2018,Other,101
Suriname,2019,Manufactures,1107
Suriname,2019,Machinery and transport equipment,610
Suriname,2019,Agricultural products,552
Suriname,2019,Food,381
Suriname,2019,Transport equipment,207
Suriname,2019,Fuels and mining products,203
Suriname,2019,Fuels,190
Suriname,2019,Automotive products,161
Suriname,2019,Chemicals,134
Suriname,2019,Iron and steel,38
Suriname,2019,Other,109
Suriname,2020,Manufactures,1229
Suriname,2020,Machinery and transport equipment,715
Suriname,2020,Agricultural products,451
Suriname,2020,Food,361
Suriname,2020,Fuels and mining products,212
Suriname,2020,Fuels,199
Suriname,2020,Chemicals,193
Suriname,2020,Transport equipment,137
Suriname,2020,Automotive products,92
Suriname,2020,Iron and steel,39
Suriname,2020,Other,92
Suriname,2021,Manufactures,1126
Suriname,2021,Machinery and transport equipment,623
Suriname,2021,Agricultural products,448
Suriname,2021,Food,375
Suriname,2021,Fuels and mining products,236
Suriname,2021,Fuels,208
Suriname,2021,Chemicals,181
Suriname,2021,Transport equipment,178
Suriname,2021,Automotive products,107
Suriname,2021,Iron and steel,47
Suriname,2021,Other,107
Suriname,2022,Manufactures,1600
Suriname,2022,Machinery and transport equipment,874
Suriname,2022,Agricultural products,498
Suriname,2022,Food,411
Suriname,2022,Fuels and mining products,391
Suriname,2022,Fuels,360
Suriname,2022,Chemicals,245
Suriname,2022,Transport equipment,241
Suriname,2022,Automotive products,124
Suriname,2022,Iron and steel,75
Suriname,2022,Other,127
Suriname,2023,Manufactures,1374
Suriname,2023,Machinery and transport equipment,723
Suriname,2023,Agricultural products,502
Suriname,2023,Food,423
Suriname,2023,Transport equipment,257
Suriname,2023,Chemicals,256
Suriname,2023,Fuels and mining products,240
Suriname,2023,Fuels,203
Suriname,2023,Automotive products,143
Suriname,2023,Iron and steel,63
Suriname,2023,Other,109
Sweden,2018,Manufactures,247421
Sweden,2018,Machinery and transport equipment,132806
Sweden,2018,Transport equipment,52936
Sweden,2018,Fuels and mining products,45667
Sweden,2018,Automotive products,45485
Sweden,2018,Chemicals,38792
Sweden,2018,Agricultural products,37570
Sweden,2018,Fuels,33413
Sweden,2018,Food,28755
Sweden,2018,Office and telecom equipment,24719
Sweden,2018,Other,61786
Sweden,2019,Manufactures,239256
Sweden,2019,Machinery and transport equipment,126134
Sweden,2019,Transport equipment,50340
Sweden,2019,Automotive products,43038
Sweden,2019,Chemicals,39661
Sweden,2019,Fuels and mining products,39055
Sweden,2019,Agricultural products,35833
Sweden,2019,Fuels,27798
Sweden,2019,Food,27601
Sweden,2019,Office and telecom equipment,23588
Sweden,2019,Other,61743
Sweden,2020,Manufactures,232533
Sweden,2020,Machinery and transport equipment,119814
Sweden,2020,Transport equipment,43589
Sweden,2020,Chemicals,41401
Sweden,2020,Automotive products,38079
Sweden,2020,Agricultural products,36126
Sweden,2020,Fuels and mining products,30889
Sweden,2020,Food,28004
Sweden,2020,Office and telecom equipment,24535
Sweden,2020,Fuels,19137
Sweden,2020,Other,62603
Sweden,2021,Manufactures,278258
Sweden,2021,Machinery and transport equipment,142967
Sweden,2021,Transport equipment,51778
Sweden,2021,Fuels and mining products,49726
Sweden,2021,Chemicals,47909
Sweden,2021,Automotive products,44752
Sweden,2021,Agricultural products,42335
Sweden,2021,Fuels,32138
Sweden,2021,Food,31263
Sweden,2021,Office and telecom equipment,28346
Sweden,2021,Other,73155
Sweden,2022,Manufactures,286268
Sweden,2022,Machinery and transport equipment,140342
Sweden,2022,Fuels and mining products,67896
Sweden,2022,Chemicals,52483
Sweden,2022,Transport equipment,51342
Sweden,2022,Fuels,50092
Sweden,2022,Agricultural products,44767
Sweden,2022,Automotive products,44470
Sweden,2022,Food,33548
Sweden,2022,Office and telecom equipment,27959
Sweden,2022,Other,77764
Sweden,2023,Manufactures,289243
Sweden,2023,Machinery and transport equipment,153799
Sweden,2023,Transport equipment,60976
Sweden,2023,Fuels and mining products,54759
Sweden,2023,Automotive products,53344
Sweden,2023,Chemicals,50712
Sweden,2023,Agricultural products,44791
Sweden,2023,Fuels,37562
Sweden,2023,Food,34999
Sweden,2023,Office and telecom equipment,27211
Sweden,2023,Other,73722
Switzerland,2018,Manufactures,414139
Switzerland,2018,Chemicals,160111
Switzerland,2018,Pharmaceuticals,107494
Switzerland,2018,Machinery and transport equipment,97956
Switzerland,2018,Transport equipment,25748
Switzerland,2018,Agricultural products,23713
Switzerland,2018,Fuels and mining products,23482
Switzerland,2018,Food,21678
Switzerland,2018,Automotive products,16388
Switzerland,2018,Office and telecom equipment,14607
Switzerland,2018,Other,45898
Switzerland,2019,Manufactures,419878
Switzerland,2019,Chemicals,170370
Switzerland,2019,Pharmaceuticals,117031
Switzerland,2019,Machinery and transport equipment,95451
Switzerland,2019,Transport equipment,25976
Switzerland,2019,Fuels and mining products,23751
Switzerland,2019,Agricultural products,23226
Switzerland,2019,Food,21324
Switzerland,2019,Automotive products,16655
Switzerland,2019,Office and telecom equipment,14330
Switzerland,2019,Other,44062
Switzerland,2020,Manufactures,405334
Switzerland,2020,Chemicals,181571
Switzerland,2020,Pharmaceuticals,129581
Switzerland,2020,Machinery and transport equipment,91088
Switzerland,2020,Agricultural products,24478
Switzerland,2020,Transport equipment,24039
Switzerland,2020,Food,22560
Switzerland,2020,Fuels and mining products,21206
Switzerland,2020,Automotive products,15333
Switzerland,2020,Office and telecom equipment,14539
Switzerland,2020,Other,41017
Switzerland,2021,Manufactures,465223
Switzerland,2021,Chemicals,206960
Switzerland,2021,Pharmaceuticals,145578
Switzerland,2021,Machinery and transport equipment,101800
Switzerland,2021,Fuels and mining products,32743
Switzerland,2021,Agricultural products,27598
Switzerland,2021,Transport equipment,25960
Switzerland,2021,Food,25230
Switzerland,2021,Automotive products,16355
Switzerland,2021,Office and telecom equipment,16022
Switzerland,2021,Other,52529
Switzerland,2022,Manufactures,480140
Switzerland,2022,Chemicals,213000
Switzerland,2022,Pharmaceuticals,148803
Switzerland,2022,Machinery and transport equipment,104246
Switzerland,2022,Fuels and mining products,49859
Switzerland,2022,Fuels,32936
Switzerland,2022,Agricultural products,27726
Switzerland,2022,Transport equipment,25830
Switzerland,2022,Food,25368
Switzerland,2022,Office and telecom equipment,16879
Switzerland,2022,Other,55409
Switzerland,2023,Manufactures,512607
Switzerland,2023,Chemicals,231843
Switzerland,2023,Pharmaceuticals,159332
Switzerland,2023,Machinery and transport equipment,112212
Switzerland,2023,Fuels and mining products,34970
Switzerland,2023,Transport equipment,30465
Switzerland,2023,Agricultural products,28493
Switzerland,2023,Food,26363
Switzerland,2023,Automotive products,20968
Switzerland,2023,Fuels,20495
Switzerland,2023,Other,53509
Switzerland,2024,Chemicals,259068
Switzerland,2024,Clothing,8854
Switzerland,2024,Manufactures,5326
Switzerland,2025,Manufactures,2909
Tajikistan,2018,Manufactures,1940
Tajikistan,2018,Fuels and mining products,1376
Tajikistan,2018,Agricultural products,884
Tajikistan,2018,Machinery and transport equipment,752
Tajikistan,2018,Fuels,642
Tajikistan,2018,Food,635
Tajikistan,2018,Iron and steel,303
Tajikistan,2018,Transport equipment,301
Tajikistan,2018,Chemicals,290
Tajikistan,2018,Automotive products,279
Tajikistan,2018,Other,232
Tajikistan,2019,Manufactures,1920
Tajikistan,2019,Fuels and mining products,1264
Tajikistan,2019,Agricultural products,1010
Tajikistan,2019,Food,775
Tajikistan,2019,Machinery and transport equipment,767
Tajikistan,2019,Fuels,629
Tajikistan,2019,Transport equipment,334
Tajikistan,2019,Chemicals,308
Tajikistan,2019,Automotive products,293
Tajikistan,2019,Iron and steel,256
Tajikistan,2019,Other,306
Tajikistan,2020,Manufactures,1741
Tajikistan,2020,Agricultural products,1077
Tajikistan,2020,Fuels and mining products,1035
Tajikistan,2020,Food,832
Tajikistan,2020,Machinery and transport equipment,611
Tajikistan,2020,Fuels,583
Tajikistan,2020,Chemicals,320
Tajikistan,2020,Iron and steel,261
Tajikistan,2020,Transport equipment,228
Tajikistan,2020,Automotive products,210
Tajikistan,2020,Other,269
Tajikistan,2021,Manufactures,2424
Tajikistan,2021,Fuels and mining products,1513
Tajikistan,2021,Agricultural products,1322
Tajikistan,2021,Machinery and transport equipment,1028
Tajikistan,2021,Food,1001
Tajikistan,2021,Fuels,823
Tajikistan,2021,Chemicals,397
Tajikistan,2021,Transport equipment,334
Tajikistan,2021,Iron and steel,303
Tajikistan,2021,Automotive products,297
Tajikistan,2021,Other,368
Tajikistan,2022,Manufactures,2948
Tajikistan,2022,Fuels and mining products,2262
Tajikistan,2022,Agricultural products,1572
Tajikistan,2022,Food,1209
Tajikistan,2022,Machinery and transport equipment,1140
Tajikistan,2022,Fuels,1105
Tajikistan,2022,Chemicals,580
Tajikistan,2022,Transport equipment,506
Tajikistan,2022,Automotive products,393
Tajikistan,2022,Iron and steel,370
Tajikistan,2022,Other,497
Tajikistan,2023,Manufactures,4454
Tajikistan,2023,Fuels and mining products,1502
Tajikistan,2023,Machinery and transport equipment,1432
Tajikistan,2023,Agricultural products,1046
Tajikistan,2023,Fuels,841
Tajikistan,2023,Food,783
Tajikistan,2023,Transport equipment,619
Tajikistan,2023,Automotive products,480
Tajikistan,2023,Chemicals,461
Tajikistan,2023,Textiles,449
Tajikistan,2023,Other,1033
Tanzania,2018,Manufactures,8640
Tanzania,2018,Machinery and transport equipment,3291
Tanzania,2018,Fuels and mining products,1960
Tanzania,2018,Chemicals,1846
Tanzania,2018,Fuels,1813
Tanzania,2018,Agricultural products,1586
Tanzania,2018,Food,1423
Tanzania,2018,Transport equipment,1159
Tanzania,2018,Automotive products,783
Tanzania,2018,Iron and steel,644
Tanzania,2018,Other,1331
Tanzania,2019,Manufactures,7257
Tanzania,2019,Machinery and transport equipment,2923
Tanzania,2019,Agricultural products,2393
Tanzania,2019,Fuels and mining products,2192
Tanzania,2019,Food,2025
Tanzania,2019,Fuels,2012
Tanzania,2019,Chemicals,1739
Tanzania,2019,Transport equipment,1132
Tanzania,2019,Automotive products,774
Tanzania,2019,Iron and steel,729
Tanzania,2019,Other,1357
Tanzania,2020,Manufactures,6837
Tanzania,2020,Agricultural products,2708
Tanzania,2020,Machinery and transport equipment,2571
Tanzania,2020,Food,2362
Tanzania,2020,Fuels and mining products,2010
Tanzania,2020,Chemicals,1966
Tanzania,2020,Fuels,1447
Tanzania,2020,Transport equipment,896
Tanzania,2020,Automotive products,614
Tanzania,2020,Iron and steel,596
Tanzania,2020,Other,1450
Tanzania,2021,Manufactures,7490
Tanzania,2021,Agricultural products,3268
Tanzania,2021,Machinery and transport equipment,3014
Tanzania,2021,Food,2892
Tanzania,2021,Fuels and mining products,2721
Tanzania,2021,Chemicals,2392
Tanzania,2021,Fuels,2331
Tanzania,2021,Transport equipment,1123
Tanzania,2021,Iron and steel,839
Tanzania,2021,Automotive products,768
Tanzania,2021,Other,1602
Tanzania,2022,Manufactures,9929
Tanzania,2022,Fuels and mining products,4708
Tanzania,2022,Machinery and transport equipment,4222
Tanzania,2022,Fuels,4146
Tanzania,2022,Chemicals,3499
Tanzania,2022,Agricultural products,3491
Tanzania,2022,Food,3073
Tanzania,2022,Transport equipment,1475
Tanzania,2022,Iron and steel,1048
Tanzania,2022,Automotive products,1016
Tanzania,2022,Other,2067
Tanzania,2023,Manufactures,9687
Tanzania,2023,Machinery and transport equipment,4680
Tanzania,2023,Fuels and mining products,4124
Tanzania,2023,Agricultural products,4099
Tanzania,2023,Food,3714
Tanzania,2023,Fuels,3556
Tanzania,2023,Chemicals,2887
Tanzania,2023,Transport equipment,1801
Tanzania,2023,Automotive products,1279
Tanzania,2023,Iron and steel,1024
Tanzania,2023,Other,1951
Thailand,2018,Manufactures,355283
Thailand,2018,Machinery and transport equipment,198246
Thailand,2018,Office and telecom equipment,72719
Thailand,2018,Fuels and mining products,67087
Thailand,2018,Agricultural products,62829
Thailand,2018,Transport equipment,57291
Thailand,2018,Chemicals,53448
Thailand,2018,Fuels,52699
Thailand,2018,Food,48814
Thailand,2018,Automotive products,41565
Thailand,2018,Other,104138
Thailand,2019,Manufactures,342134
Thailand,2019,Machinery and transport equipment,189910
Thailand,2019,Office and telecom equipment,68424
Thailand,2019,Agricultural products,61964
Thailand,2019,Fuels and mining products,58030
Thailand,2019,Transport equipment,54690
Thailand,2019,Chemicals,49501
Thailand,2019,Food,49449
Thailand,2019,Fuels,44632
Thailand,2019,Automotive products,40020
Thailand,2019,Other,98843
Thailand,2020,Manufactures,309365
Thailand,2020,Machinery and transport equipment,175719
Thailand,2020,Office and telecom equipment,68316
Thailand,2020,Agricultural products,60628
Thailand,2020,Food,49438
Thailand,2020,Fuels and mining products,45953
Thailand,2020,Chemicals,45112
Thailand,2020,Transport equipment,44002
Thailand,2020,Fuels,33241
Thailand,2020,Automotive products,30995
Thailand,2020,Other,94882
Thailand,2021,Manufactures,385912
Thailand,2021,Machinery and transport equipment,214002
Thailand,2021,Office and telecom equipment,81193
Thailand,2021,Agricultural products,71008
Thailand,2021,Fuels and mining products,69689
Thailand,2021,Chemicals,61567
Thailand,2021,Transport equipment,56235
Thailand,2021,Food,55195
Thailand,2021,Fuels,48948
Thailand,2021,Automotive products,41941
Thailand,2021,Other,118088
Thailand,2022,Manufactures,399765
Thailand,2022,Machinery and transport equipment,223547
Thailand,2022,Fuels and mining products,92946
Thailand,2022,Office and telecom equipment,86513
Thailand,2022,Agricultural products,76862
Thailand,2022,Fuels,71112
Thailand,2022,Chemicals,62931
Thailand,2022,Food,60736
Thailand,2022,Transport equipment,58496
Thailand,2022,Automotive products,42173
Thailand,2022,Other,121838
Thailand,2023,Manufactures,400091
Thailand,2023,Machinery and transport equipment,235851
Thailand,2023,Office and telecom equipment,90807
Thailand,2023,Fuels and mining products,81614
Thailand,2023,Agricultural products,77135
Thailand,2023,Transport equipment,66368
Thailand,2023,Fuels,63454
Thailand,2023,Food,62899
Thailand,2023,Chemicals,54436
Thailand,2023,Automotive products,49995
Thailand,2023,Other,121717
Thailand,2024,Agricultural products,56281
Thailand,2024,Food,44252
Thailand,2024,Automotive products,33053
Thailand,2024,Iron and steel,12135
The Gambia,2018,Manufactures,231
The Gambia,2018,Agricultural products,157
The Gambia,2018,Food,153
The Gambia,2018,Fuels and mining products,90
The Gambia,2018,Fuels,81
The Gambia,2018,Iron and steel,74
The Gambia,2018,Machinery and transport equipment,68
The Gambia,2018,Transport equipment,30
The Gambia,2018,Automotive products,26
The Gambia,2018,Chemicals,18
The Gambia,2018,Other,25
The Gambia,2019,Manufactures,252
The Gambia,2019,Agricultural products,176
The Gambia,2019,Food,170
The Gambia,2019,Machinery and transport equipment,121
The Gambia,2019,Fuels and mining products,91
The Gambia,2019,Fuels,85
The Gambia,2019,Transport equipment,43
The Gambia,2019,Automotive products,40
The Gambia,2019,Chemicals,19
The Gambia,2019,Iron and steel,17
The Gambia,2019,Other,29
The Gambia,2020,Manufactures,323
The Gambia,2020,Machinery and transport equipment,182
The Gambia,2020,Agricultural products,168
The Gambia,2020,Food,165
The Gambia,2020,Transport equipment,126
The Gambia,2020,Fuels and mining products,87
The Gambia,2020,Fuels,78
The Gambia,2020,Automotive products,48
The Gambia,2020,Chemicals,19
The Gambia,2020,Iron and steel,13
The Gambia,2020,Other,33
The Gambia,2021,Manufactures,263
The Gambia,2021,Fuels and mining products,194
The Gambia,2021,Fuels,183
The Gambia,2021,Agricultural products,178
The Gambia,2021,Food,174
The Gambia,2021,Machinery and transport equipment,118
The Gambia,2021,Transport equipment,77
The Gambia,2021,Automotive products,73
The Gambia,2021,Chemicals,27
The Gambia,2021,Textiles,15
The Gambia,2021,Other,32
The Gambia,2022,Manufactures,363
The Gambia,2022,Agricultural products,191
The Gambia,2022,Food,187
The Gambia,2022,Fuels and mining products,179
The Gambia,2022,Fuels,167
The Gambia,2022,Machinery and transport equipment,157
The Gambia,2022,Transport equipment,83
The Gambia,2022,Automotive products,76
The Gambia,2022,Chemicals,58
The Gambia,2022,Iron and steel,18
The Gambia,2022,Other,32
The Gambia,2023,Manufactures,775
The Gambia,2023,Machinery and transport equipment,517
The Gambia,2023,Transport equipment,441
The Gambia,2023,Fuels and mining products,334
The Gambia,2023,Fuels,318
The Gambia,2023,Agricultural products,201
The Gambia,2023,Food,197
The Gambia,2023,Chemicals,75
The Gambia,2023,Automotive products,56
The Gambia,2023,Iron and steel,21
The Gambia,2023,Other,34
Timor-Leste,2018,Manufactures,215
Timor-Leste,2018,Agricultural products,184
Timor-Leste,2018,Food,174
Timor-Leste,2018,Fuels and mining products,164
Timor-Leste,2018,Fuels,159
Timor-Leste,2018,Machinery and transport equipment,106
Timor-Leste,2018,Transport equipment,59
Timor-Leste,2018,Automotive products,43
Timor-Leste,2018,Chemicals,24
Timor-Leste,2018,Office and telecom equipment,19
Timor-Leste,2018,Other,40
Timor-Leste,2019,Fuels and mining products,269
Timor-Leste,2019,Fuels,265
Timor-Leste,2019,Manufactures,234
Timor-Leste,2019,Agricultural products,175
Timor-Leste,2019,Food,170
Timor-Leste,2019,Machinery and transport equipment,112
Timor-Leste,2019,Transport equipment,64
Timor-Leste,2019,Automotive products,45
Timor-Leste,2019,Chemicals,25
Timor-Leste,2019,Office and telecom equipment,19
Timor-Leste,2019,Other,44
Timor-Leste,2020,Fuels and mining products,344
Timor-Leste,2020,Fuels,341
Timor-Leste,2020,Manufactures,225
Timor-Leste,2020,Agricultural products,178
Timor-Leste,2020,Food,171
Timor-Leste,2020,Machinery and transport equipment,101
Timor-Leste,2020,Transport equipment,50
Timor-Leste,2020,Automotive products,32
Timor-Leste,2020,Chemicals,21
Timor-Leste,2020,Office and telecom equipment,20
Timor-Leste,2020,Other,48
Timor-Leste,2021,Fuels and mining products,552
Timor-Leste,2021,Fuels,550
Timor-Leste,2021,Manufactures,233
Timor-Leste,2021,Agricultural products,216
Timor-Leste,2021,Food,208
Timor-Leste,2021,Machinery and transport equipment,106
Timor-Leste,2021,Transport equipment,56
Timor-Leste,2021,Automotive products,41
Timor-Leste,2021,Chemicals,24
Timor-Leste,2021,Office and telecom equipment,22
Timor-Leste,2021,Other,50
Timor-Leste,2022,Fuels and mining products,546
Timor-Leste,2022,Fuels,544
Timor-Leste,2022,Manufactures,448
Timor-Leste,2022,Agricultural products,410
Timor-Leste,2022,Food,400
Timor-Leste,2022,Machinery and transport equipment,224
Timor-Leste,2022,Transport equipment,95
Timor-Leste,2022,Automotive products,59
Timor-Leste,2022,Chemicals,46
Timor-Leste,2022,Iron and steel,33
Timor-Leste,2022,Other,90
Timor-Leste,2023,Manufactures,490
Timor-Leste,2023,Agricultural products,390
Timor-Leste,2023,Food,383
Timor-Leste,2023,Fuels,298
Timor-Leste,2023,Fuels and mining products,298
Timor-Leste,2023,Machinery and transport equipment,271
Timor-Leste,2023,Transport equipment,161
Timor-Leste,2023,Automotive products,78
Timor-Leste,2023,Chemicals,37
Timor-Leste,2023,Office and telecom equipment,35
Timor-Leste,2023,Other,96
Togo,2018,Manufactures,1505
Togo,2018,Fuels and mining products,645
Togo,2018,Agricultural products,588
Togo,2018,Fuels,539
Togo,2018,Food,463
Togo,2018,Machinery and transport equipment,429
Togo,2018,Chemicals,380
Togo,2018,Transport equipment,242
Togo,2018,Textiles,127
Togo,2018,Iron and steel,108
Togo,2018,Other,300
Togo,2019,Manufactures,1656
Togo,2019,Agricultural products,637
Togo,2019,Food,501
Togo,2019,Fuels and mining products,500
Togo,2019,Chemicals,476
Togo,2019,Machinery and transport equipment,460
Togo,2019,Fuels,416
Togo,2019,Transport equipment,235
Togo,2019,Textiles,146
Togo,2019,Pharmaceuticals,132
Togo,2019,Other,378
Togo,2020,Manufactures,1992
Togo,2020,Agricultural products,722
Togo,2020,Machinery and transport equipment,683
Togo,2020,Food,621
Togo,2020,Chemicals,509
Togo,2020,Fuels and mining products,409
Togo,2020,Transport equipment,361
Togo,2020,Fuels,295
Togo,2020,Automotive products,184
Togo,2020,Textiles,157
Togo,2020,Other,365
Togo,2021,Manufactures,2347
Togo,2021,Machinery and transport equipment,809
Togo,2021,Agricultural products,782
Togo,2021,Food,668
Togo,2021,Chemicals,535
Togo,2021,Fuels and mining products,477
Togo,2021,Transport equipment,468
Togo,2021,Fuels,334
Togo,2021,Automotive products,213
Togo,2021,Textiles,187
Togo,2021,Other,419
Togo,2022,Manufactures,2411
Togo,2022,Agricultural products,870
Togo,2022,Fuels and mining products,851
Togo,2022,Food,775
Togo,2022,Machinery and transport equipment,736
Togo,2022,Chemicals,685
Togo,2022,Fuels,525
Togo,2022,Transport equipment,369
Togo,2022,Automotive products,191
Togo,2022,Textiles,174
Togo,2022,Other,438
Togo,2023,Manufactures,2440
Togo,2023,Agricultural products,1090
Togo,2023,Food,1005
Togo,2023,Fuels and mining products,960
Togo,2023,Machinery and transport equipment,813
Togo,2023,Chemicals,653
Togo,2023,Fuels,641
Togo,2023,Transport equipment,385
Togo,2023,Automotive products,233
Togo,2023,Textiles,191
Togo,2023,Other,481
Tonga,2018,Manufactures,135
Tonga,2018,Agricultural products,91
Tonga,2018,Food,84
Tonga,2018,Machinery and transport equipment,57
Tonga,2018,Transport equipment,18
Tonga,2018,Automotive products,12
Tonga,2018,Chemicals,11
Tonga,2018,Office and telecom equipment,9
Tonga,2018,Fuels and mining products,7
Tonga,2018,Fuels,5
Tonga,2018,Other,20
Tonga,2019,Manufactures,107
Tonga,2019,Agricultural products,83
Tonga,2019,Food,78
Tonga,2019,Fuels and mining products,60
Tonga,2019,Fuels,47
Tonga,2019,Machinery and transport equipment,47
Tonga,2019,Transport equipment,14
Tonga,2019,Chemicals,12
Tonga,2019,Automotive products,9
Tonga,2019,Office and telecom equipment,9
Tonga,2019,Other,20
Tonga,2020,Manufactures,118
Tonga,2020,Agricultural products,89
Tonga,2020,Food,81
Tonga,2020,Machinery and transport equipment,48
Tonga,2020,Fuels and mining products,31
Tonga,2020,Fuels,29
Tonga,2020,Chemicals,14
Tonga,2020,Transport equipment,13
Tonga,2020,Automotive products,10
Tonga,2020,Office and telecom equipment,10
Tonga,2020,Other,23
Tonga,2021,Manufactures,123
Tonga,2021,Agricultural products,93
Tonga,2021,Food,87
Tonga,2021,Machinery and transport equipment,52
Tonga,2021,Fuels and mining products,40
Tonga,2021,Fuels,39
Tonga,2021,Transport equipment,17
Tonga,2021,Automotive products,15
Tonga,2021,Chemicals,13
Tonga,2021,Office and telecom equipment,11
Tonga,2021,Other,24
Tonga,2022,Manufactures,131
Tonga,2022,Agricultural products,84
Tonga,2022,Food,78
Tonga,2022,Fuels and mining products,60
Tonga,2022,Fuels,57
Tonga,2022,Machinery and transport equipment,54
Tonga,2022,Transport equipment,19
Tonga,2022,Automotive products,16
Tonga,2022,Chemicals,15
Tonga,2022,Office and telecom equipment,12
Tonga,2022,Other,25
Tonga,2023,Manufactures,136
Tonga,2023,Agricultural products,85
Tonga,2023,Food,80
Tonga,2023,Fuels and mining products,56
Tonga,2023,Fuels,55
Tonga,2023,Machinery and transport equipment,51
Tonga,2023,Transport equipment,21
Tonga,2023,Automotive products,14
Tonga,2023,Chemicals,14
Tonga,2023,Office and telecom equipment,8
Tonga,2023,Other,21
Trinidad and Tobago,2018,Manufactures,9020
Trinidad and Tobago,2018,Fuels and mining products,7779
Trinidad and Tobago,2018,Fuels,7370
Trinidad and Tobago,2018,Chemicals,3679
Trinidad and Tobago,2018,Machinery and transport equipment,3184
Trinidad and Tobago,2018,Transport equipment,1620
Trinidad and Tobago,2018,Agricultural products,1425
Trinidad and Tobago,2018,Food,1364
Trinidad and Tobago,2018,Iron and steel,869
Trinidad and Tobago,2018,Automotive products,409
Trinidad and Tobago,2018,Other,692
Trinidad and Tobago,2019,Manufactures,7479
Trinidad and Tobago,2019,Fuels and mining products,4534
Trinidad and Tobago,2019,Fuels,4014
Trinidad and Tobago,2019,Chemicals,3108
Trinidad and Tobago,2019,Machinery and transport equipment,2157
Trinidad and Tobago,2019,Agricultural products,1453
Trinidad and Tobago,2019,Food,1398
Trinidad and Tobago,2019,Iron and steel,861
Trinidad and Tobago,2019,Transport equipment,754
Trinidad and Tobago,2019,Automotive products,466
Trinidad and Tobago,2019,Other,674
Trinidad and Tobago,2020,Manufactures,6462
Trinidad and Tobago,2020,Chemicals,2590
Trinidad and Tobago,2020,Fuels and mining products,2533
Trinidad and Tobago,2020,Fuels,2081
Trinidad and Tobago,2020,Machinery and transport equipment,2034
Trinidad and Tobago,2020,Agricultural products,1344
Trinidad and Tobago,2020,Food,1309
Trinidad and Tobago,2020,Transport equipment,749
Trinidad and Tobago,2020,Iron and steel,667
Trinidad and Tobago,2020,Automotive products,351
Trinidad and Tobago,2020,Other,626
Trinidad and Tobago,2021,Manufactures,9771
Trinidad and Tobago,2021,Chemicals,4882
Trinidad and Tobago,2021,Fuels and mining products,3053
Trinidad and Tobago,2021,Fuels,2387
Trinidad and Tobago,2021,Machinery and transport equipment,2322
Trinidad and Tobago,2021,Agricultural products,1488
Trinidad and Tobago,2021,Food,1450
Trinidad and Tobago,2021,Iron and steel,1048
Trinidad and Tobago,2021,Transport equipment,1040
Trinidad and Tobago,2021,Automotive products,267
Trinidad and Tobago,2021,Other,697
Trinidad and Tobago,2022,Manufactures,11921
Trinidad and Tobago,2022,Chemicals,7379
Trinidad and Tobago,2022,Fuels and mining products,3931
Trinidad and Tobago,2022,Fuels,3375
Trinidad and Tobago,2022,Machinery and transport equipment,1957
Trinidad and Tobago,2022,Agricultural products,1817
Trinidad and Tobago,2022,Food,1769
Trinidad and Tobago,2022,Iron and steel,1180
Trinidad and Tobago,2022,Transport equipment,865
Trinidad and Tobago,2022,Automotive products,328
Trinidad and Tobago,2022,Other,705
Trinidad and Tobago,2023,Manufactures,11104
Trinidad and Tobago,2023,Machinery and transport equipment,4572
Trinidad and Tobago,2023,Chemicals,4456
Trinidad and Tobago,2023,Fuels and mining products,3147
Trinidad and Tobago,2023,Transport equipment,3117
Trinidad and Tobago,2023,Fuels,2839
Trinidad and Tobago,2023,Agricultural products,1493
Trinidad and Tobago,2023,Food,1450
Trinidad and Tobago,2023,Iron and steel,795
Trinidad and Tobago,2023,Automotive products,446
Trinidad and Tobago,2023,Other,453
Tunisia,2018,Manufactures,27867
Tunisia,2018,Machinery and transport equipment,12481
Tunisia,2018,Fuels and mining products,5446
Tunisia,2018,Agricultural products,4878
Tunisia,2018,Food,4405
Tunisia,2018,Fuels,4289
Tunisia,2018,Chemicals,3665
Tunisia,2018,Clothing,2909
Tunisia,2018,Transport equipment,2907
Tunisia,2018,Textiles,2016
Tunisia,2018,Other,7444
Tunisia,2019,Manufactures,26751
Tunisia,2019,Machinery and transport equipment,12146
Tunisia,2019,Fuels and mining products,5462
Tunisia,2019,Fuels,4432
Tunisia,2019,Agricultural products,4258
Tunisia,2019,Food,3859
Tunisia,2019,Chemicals,3608
Tunisia,2019,Transport equipment,2902
Tunisia,2019,Clothing,2681
Tunisia,2019,Textiles,1946
Tunisia,2019,Other,6874
Tunisia,2020,Manufactures,23447
Tunisia,2020,Machinery and transport equipment,10413
Tunisia,2020,Agricultural products,4644
Tunisia,2020,Food,4314
Tunisia,2020,Fuels and mining products,4066
Tunisia,2020,Chemicals,3208
Tunisia,2020,Fuels,3174
Tunisia,2020,Transport equipment,2318
Tunisia,2020,Clothing,2312
Tunisia,2020,Textiles,1908
Tunisia,2020,Other,6516
Tunisia,2021,Manufactures,28621
Tunisia,2021,Machinery and transport equipment,12432
Tunisia,2021,Fuels and mining products,5589
Tunisia,2021,Agricultural products,4934
Tunisia,2021,Food,4517
Tunisia,2021,Fuels,4233
Tunisia,2021,Chemicals,4157
Tunisia,2021,Transport equipment,2881
Tunisia,2021,Clothing,2672
Tunisia,2021,Textiles,2154
Tunisia,2021,Other,7655
Tunisia,2022,Manufactures,30857
Tunisia,2022,Machinery and transport equipment,12555
Tunisia,2022,Fuels and mining products,8173
Tunisia,2022,Fuels,6588
Tunisia,2022,Agricultural products,6054
Tunisia,2022,Food,5590
Tunisia,2022,Chemicals,4956
Tunisia,2022,Clothing,2959
Tunisia,2022,Transport equipment,2711
Tunisia,2022,Textiles,2394
Tunisia,2022,Other,8051
Tunisia,2023,Manufactures,31437
Tunisia,2023,Machinery and transport equipment,13721
Tunisia,2023,Fuels and mining products,7305
Tunisia,2023,Agricultural products,6465
Tunisia,2023,Food,6035
Tunisia,2023,Fuels,5898
Tunisia,2023,Chemicals,4370
Tunisia,2023,Clothing,3116
Tunisia,2023,Transport equipment,2671
Tunisia,2023,Textiles,2316
Tunisia,2023,Other,7417
Türkiye,2018,Manufactures,276935
Türkiye,2018,Machinery and transport equipment,118228
Türkiye,2018,Fuels and mining products,74300
Türkiye,2018,Transport equipment,55511
Türkiye,2018,Automotive products,44772
Türkiye,2018,Chemicals,43559
Türkiye,2018,Agricultural products,39851
Türkiye,2018,Food,33070
Türkiye,2018,Fuels,26234
Türkiye,2018,Iron and steel,25507
Türkiye,2018,Other,66468
Türkiye,2019,Manufactures,262878
Türkiye,2019,Machinery and transport equipment,108429
Türkiye,2019,Fuels and mining products,71725
Türkiye,2019,Transport equipment,50807
Türkiye,2019,Chemicals,42799
Türkiye,2019,Agricultural products,40082
Türkiye,2019,Automotive products,39141
Türkiye,2019,Food,33767
Türkiye,2019,Fuels,23276
Türkiye,2019,Iron and steel,21663
Türkiye,2019,Other,64651
Türkiye,2020,Manufactures,260944
Türkiye,2020,Machinery and transport equipment,112715
Türkiye,2020,Fuels and mining products,56223
Türkiye,2020,Transport equipment,51130
Türkiye,2020,Chemicals,43722
Türkiye,2020,Agricultural products,40979
Türkiye,2020,Automotive products,39496
Türkiye,2020,Food,35110
Türkiye,2020,Iron and steel,19673
Türkiye,2020,Clothing,16992
Türkiye,2020,Other,63670
Türkiye,2021,Manufactures,335477
Türkiye,2021,Machinery and transport equipment,131723
Türkiye,2021,Fuels and mining products,98027
Türkiye,2021,Chemicals,61022
Türkiye,2021,Transport equipment,55786
Türkiye,2021,Agricultural products,50445
Türkiye,2021,Automotive products,42608
Türkiye,2021,Food,42027
Türkiye,2021,Iron and steel,36352
Türkiye,2021,Fuels,25720
Türkiye,2021,Other,79689
Türkiye,2022,Manufactures,372384
Türkiye,2022,Fuels and mining products,155016
Türkiye,2022,Machinery and transport equipment,143556
Türkiye,2022,Chemicals,69935
Türkiye,2022,Agricultural products,63428
Türkiye,2022,Transport equipment,59176
Türkiye,2022,Food,52395
Türkiye,2022,Fuels,47797
Türkiye,2022,Automotive products,45594
Türkiye,2022,Iron and steel,37191
Türkiye,2022,Other,80574
Türkiye,2023,Manufactures,393929
Türkiye,2023,Machinery and transport equipment,179984
Türkiye,2023,Fuels and mining products,120423
Türkiye,2023,Transport equipment,79721
Türkiye,2023,Automotive products,63826
Türkiye,2023,Chemicals,63261
Türkiye,2023,Agricultural products,62630
Türkiye,2023,Food,54270
Türkiye,2023,Fuels,46378
Türkiye,2023,Iron and steel,28960
Türkiye,2023,Other,84516
Türkiye,2024,Fuels and mining products,89708
Türkiye,2024,Automotive products,65183
Türkiye,2024,Iron and steel,29135
Türkiye,2024,Clothing,17908
Türkiye,2024,Textiles,13355
Uganda,2018,Manufactures,4605
Uganda,2018,Agricultural products,2747
Uganda,2018,Food,2508
Uganda,2018,Machinery and transport equipment,1617
Uganda,2018,Fuels and mining products,1594
Uganda,2018,Fuels,1484
Uganda,2018,Chemicals,1245
Uganda,2018,Transport equipment,618
Uganda,2018,Iron and steel,474
Uganda,2018,Automotive products,429
Uganda,2018,Other,1082
Uganda,2019,Manufactures,4548
Uganda,2019,Agricultural products,2575
Uganda,2019,Food,2314
Uganda,2019,Machinery and transport equipment,1602
Uganda,2019,Fuels and mining products,1546
Uganda,2019,Fuels,1426
Uganda,2019,Chemicals,1234
Uganda,2019,Transport equipment,635
Uganda,2019,Automotive products,450
Uganda,2019,Iron and steel,440
Uganda,2019,Other,1093
Uganda,2020,Manufactures,4748
Uganda,2020,Agricultural products,2730
Uganda,2020,Food,2506
Uganda,2020,Machinery and transport equipment,1656
Uganda,2020,Chemicals,1384
Uganda,2020,Fuels and mining products,1223
Uganda,2020,Fuels,1074
Uganda,2020,Transport equipment,632
Uganda,2020,Automotive products,438
Uganda,2020,Iron and steel,429
Uganda,2020,Other,1186
Uganda,2021,Manufactures,5797
Uganda,2021,Agricultural products,3439
Uganda,2021,Food,3192
Uganda,2021,Machinery and transport equipment,1896
Uganda,2021,Chemicals,1669
Uganda,2021,Fuels and mining products,1596
Uganda,2021,Fuels,1425
Uganda,2021,Transport equipment,786
Uganda,2021,Iron and steel,703
Uganda,2021,Automotive products,509
Uganda,2021,Other,1312
Uganda,2022,Manufactures,6789
Uganda,2022,Agricultural products,3877
Uganda,2022,Food,3615
Uganda,2022,Fuels and mining products,2418
Uganda,2022,Fuels,2195
Uganda,2022,Machinery and transport equipment,2118
Uganda,2022,Chemicals,2082
Uganda,2022,Iron and steel,804
Uganda,2022,Transport equipment,798
Uganda,2022,Pharmaceuticals,607
Uganda,2022,Other,1305
Uganda,2023,Manufactures,7354
Uganda,2023,Agricultural products,4018
Uganda,2023,Food,3731
Uganda,2023,Fuels and mining products,2580
Uganda,2023,Machinery and transport equipment,2569
Uganda,2023,Fuels,2301
Uganda,2023,Chemicals,1979
Uganda,2023,Transport equipment,1016
Uganda,2023,Iron and steel,717
Uganda,2023,Automotive products,674
Uganda,2023,Other,1524
Ukraine,2018,Manufactures,58691
Ukraine,2018,Agricultural products,24990
Ukraine,2018,Food,23423
Ukraine,2018,Machinery and transport equipment,21889
Ukraine,2018,Fuels and mining products,20092
Ukraine,2018,Fuels,14259
Ukraine,2018,Iron and steel,12179
Ukraine,2018,Chemicals,10806
Ukraine,2018,Transport equipment,5066
Ukraine,2018,Office and telecom equipment,3809
Ukraine,2018,Other,12565
Ukraine,2019,Manufactures,61821
Ukraine,2019,Agricultural products,29058
Ukraine,2019,Food,27596
Ukraine,2019,Machinery and transport equipment,24885
Ukraine,2019,Fuels and mining products,19212
Ukraine,2019,Fuels,13035
Ukraine,2019,Chemicals,11223
Ukraine,2019,Iron and steel,10871
Ukraine,2019,Transport equipment,6938
Ukraine,2019,Automotive products,5362
Ukraine,2019,Other,14335
Ukraine,2020,Manufactures,57942
Ukraine,2020,Agricultural products,29823
Ukraine,2020,Food,28416
Ukraine,2020,Machinery and transport equipment,22885
Ukraine,2020,Fuels and mining products,14605
Ukraine,2020,Chemicals,11062
Ukraine,2020,Iron and steel,9415
Ukraine,2020,Fuels,7977
Ukraine,2020,Transport equipment,6416
Ukraine,2020,Automotive products,5097
Ukraine,2020,Other,13297
Ukraine,2021,Manufactures,76064
Ukraine,2021,Agricultural products,35696
Ukraine,2021,Food,33949
Ukraine,2021,Machinery and transport equipment,27730
Ukraine,2021,Fuels and mining products,23382
Ukraine,2021,Iron and steel,15340
Ukraine,2021,Chemicals,14843
Ukraine,2021,Fuels,13224
Ukraine,2021,Transport equipment,7945
Ukraine,2021,Automotive products,6410
Ukraine,2021,Other,15226
Ukraine,2022,Manufactures,48498
Ukraine,2022,Agricultural products,30302
Ukraine,2022,Food,28918
Ukraine,2022,Machinery and transport equipment,19083
Ukraine,2022,Fuels and mining products,18154
Ukraine,2022,Fuels,13842
Ukraine,2022,Chemicals,9619
Ukraine,2022,Iron and steel,6312
Ukraine,2022,Transport equipment,5834
Ukraine,2022,Automotive products,4680
Ukraine,2022,Other,11260
Ukraine,2023,Manufactures,51010
Ukraine,2023,Agricultural products,29879
Ukraine,2023,Food,28539
Ukraine,2023,Machinery and transport equipment,22213
Ukraine,2023,Fuels and mining products,13662
Ukraine,2023,Fuels,10755
Ukraine,2023,Chemicals,10676
Ukraine,2023,Transport equipment,7610
Ukraine,2023,Automotive products,6383
Ukraine,2023,Iron and steel,4823
Ukraine,2023,Other,12715
United Arab Emirates,2018,Manufactures,303778
United Arab Emirates,2018,Fuels and mining products,156084
United Arab Emirates,2018,Machinery and transport equipment,153602
United Arab Emirates,2018,Fuels,136986
United Arab Emirates,2018,Office and telecom equipment,61020
United Arab Emirates,2018,Transport equipment,49756
United Arab Emirates,2018,Telecommunications equipment,43243
United Arab Emirates,2018,Automotive products,33444
United Arab Emirates,2018,Agricultural products,32139
United Arab Emirates,2018,Food,30293
United Arab Emirates,2018,Other,74188
United Arab Emirates,2019,Manufactures,305455
United Arab Emirates,2019,Fuels and mining products,287951
United Arab Emirates,2019,Fuels,268748
United Arab Emirates,2019,Machinery and transport equipment,154152
United Arab Emirates,2019,Office and telecom equipment,66116
United Arab Emirates,2019,Telecommunications equipment,48246
United Arab Emirates,2019,Transport equipment,44105
United Arab Emirates,2019,Agricultural products,33093
United Arab Emirates,2019,Automotive products,31457
United Arab Emirates,2019,Food,31210
United Arab Emirates,2019,Other,74968
United Arab Emirates,2020,Manufactures,253048
United Arab Emirates,2020,Fuels and mining products,230538
United Arab Emirates,2020,Fuels,215770
United Arab Emirates,2020,Machinery and transport equipment,136821
United Arab Emirates,2020,Office and telecom equipment,63940
United Arab Emirates,2020,Telecommunications equipment,44957
United Arab Emirates,2020,Transport equipment,33736
United Arab Emirates,2020,Agricultural products,31953
United Arab Emirates,2020,Chemicals,30704
United Arab Emirates,2020,Food,30258
United Arab Emirates,2020,Other,68564
United Arab Emirates,2021,Manufactures,323035
United Arab Emirates,2021,Fuels and mining products,278562
United Arab Emirates,2021,Fuels,254067
United Arab Emirates,2021,Machinery and transport equipment,160411
United Arab Emirates,2021,Office and telecom equipment,79302
United Arab Emirates,2021,Telecommunications equipment,57446
United Arab Emirates,2021,Chemicals,40484
United Arab Emirates,2021,Transport equipment,39537
United Arab Emirates,2021,Agricultural products,35825
United Arab Emirates,2021,Food,33628
United Arab Emirates,2021,Other,85679
United Arab Emirates,2022,Manufactures,389016
United Arab Emirates,2022,Fuels and mining products,317051
United Arab Emirates,2022,Fuels,290087
United Arab Emirates,2022,Machinery and transport equipment,194667
United Arab Emirates,2022,Office and telecom equipment,88651
United Arab Emirates,2022,Telecommunications equipment,62638
United Arab Emirates,2022,Transport equipment,50486
United Arab Emirates,2022,Chemicals,44440
United Arab Emirates,2022,Agricultural products,44348
United Arab Emirates,2022,Food,41662
United Arab Emirates,2022,Other,102607
United Arab Emirates,2023,Manufactures,426961
United Arab Emirates,2023,Fuels and mining products,328357
United Arab Emirates,2023,Fuels,303183
United Arab Emirates,2023,Machinery and transport equipment,232342
United Arab Emirates,2023,Office and telecom equipment,108338
United Arab Emirates,2023,Telecommunications equipment,81628
United Arab Emirates,2023,Transport equipment,65273
United Arab Emirates,2023,Automotive products,50490
United Arab Emirates,2023,Agricultural products,45349
United Arab Emirates,2023,Chemicals,44731
United Arab Emirates,2023,Other,107837
United Arab Emirates,2024,Fuels and mining products,306700
United Arab Emirates,2024,Automotive products,41140
United Kingdom,2018,Manufactures,810394
United Kingdom,2018,Machinery and transport equipment,416167
United Kingdom,2018,Transport equipment,180479
United Kingdom,2018,Fuels and mining products,151187
United Kingdom,2018,Chemicals,146370
United Kingdom,2018,Automotive products,131031
United Kingdom,2018,Fuels,113678
United Kingdom,2018,Agricultural products,106433
United Kingdom,2018,Food,95495
United Kingdom,2018,Office and telecom equipment,75380
United Kingdom,2018,Other,199621
United Kingdom,2019,Manufactures,796340
United Kingdom,2019,Machinery and transport equipment,406394
United Kingdom,2019,Transport equipment,172653
United Kingdom,2019,Chemicals,139630
United Kingdom,2019,Fuels and mining products,134743
United Kingdom,2019,Automotive products,125346
United Kingdom,2019,Agricultural products,103988
United Kingdom,2019,Fuels,96184
United Kingdom,2019,Food,93939
United Kingdom,2019,Office and telecom equipment,72850
United Kingdom,2019,Other,189824
United Kingdom,2020,Manufactures,681048
United Kingdom,2020,Machinery and transport equipment,332095
United Kingdom,2020,Chemicals,134761
United Kingdom,2020,Transport equipment,128307
United Kingdom,2020,Fuels and mining products,108203
United Kingdom,2020,Agricultural products,102070
United Kingdom,2020,Automotive products,93047
United Kingdom,2020,Food,92412
United Kingdom,2020,Office and telecom equipment,69630
United Kingdom,2020,Fuels,59825
United Kingdom,2020,Other,181780
United Kingdom,2021,Manufactures,740832
United Kingdom,2021,Machinery and transport equipment,361847
United Kingdom,2021,Fuels and mining products,172911
United Kingdom,2021,Chemicals,150800
United Kingdom,2021,Transport equipment,134664
United Kingdom,2021,Fuels,107684
United Kingdom,2021,Agricultural products,105861
United Kingdom,2021,Automotive products,101020
United Kingdom,2021,Food,93246
United Kingdom,2021,Office and telecom equipment,68871
United Kingdom,2021,Other,179143
United Kingdom,2022,Manufactures,815130
United Kingdom,2022,Machinery and transport equipment,406435
United Kingdom,2022,Fuels and mining products,256321
United Kingdom,2022,Fuels,198437
United Kingdom,2022,Chemicals,165363
United Kingdom,2022,Transport equipment,149052
United Kingdom,2022,Agricultural products,117539
United Kingdom,2022,Automotive products,111754
United Kingdom,2022,Food,105411
United Kingdom,2022,Office and telecom equipment,78060
United Kingdom,2022,Other,198947
United Kingdom,2023,Manufactures,841550
United Kingdom,2023,Machinery and transport equipment,460074
United Kingdom,2023,Transport equipment,185618
United Kingdom,2023,Fuels and mining products,179059
United Kingdom,2023,Chemicals,151117
United Kingdom,2023,Automotive products,138833
United Kingdom,2023,Fuels,134688
United Kingdom,2023,Agricultural products,119406
United Kingdom,2023,Food,108910
United Kingdom,2023,Office and telecom equipment,73434
United Kingdom,2023,Other,182387
United Kingdom,2024,Manufactures,504384
United Kingdom,2024,Chemicals,144171
United Kingdom,2024,Automotive products,136738
United Kingdom,2024,Fuels and mining products,103588
United Kingdom,2024,Agricultural products,92744
United Kingdom,2024,Food,83608
United Kingdom,2024,Clothing,20804
United Kingdom,2024,Textiles,6887
United States of America,2018,Manufactures,3069542
United States of America,2018,Machinery and transport equipment,1644067
United States of America,2018,Transport equipment,543957
United States of America,2018,Fuels and mining products,538607
United States of America,2018,Office and telecom equipment,514023
United States of America,2018,Chemicals,484911
United States of America,2018,Automotive products,450312
United States of America,2018,Fuels,434031
United States of America,2018,Agricultural products,351268
United States of America,2018,Food,294548
United States of America,2018,Other,887866
United States of America,2019,Manufactures,3033400
United States of America,2019,Machinery and transport equipment,1623091
United States of America,2019,Transport equipment,553409
United States of America,2019,Fuels and mining products,508793
United States of America,2019,Chemicals,496063
United States of America,2019,Office and telecom equipment,488760
United States of America,2019,Automotive products,456999
United States of America,2019,Fuels,409556
United States of America,2019,Agricultural products,345886
United States of America,2019,Food,294627
United States of America,2019,Other,870027
United States of America,2020,Manufactures,2809533
United States of America,2020,Machinery and transport equipment,1469819
United States of America,2020,Chemicals,495050
United States of America,2020,Office and telecom equipment,491358
United States of America,2020,Transport equipment,450071
United States of America,2020,Fuels and mining products,387061
United States of America,2020,Automotive products,370457
United States of America,2020,Agricultural products,356555
United States of America,2020,Food,306887
United States of America,2020,Fuels,284905
United States of America,2020,Other,869322
United States of America,2021,Manufactures,3338692
United States of America,2021,Machinery and transport equipment,1704625
United States of America,2021,Fuels and mining products,612923
United States of America,2021,Chemicals,599006
United States of America,2021,Office and telecom equipment,573297
United States of America,2021,Transport equipment,500433
United States of America,2021,Fuels,463372
United States of America,2021,Agricultural products,429434
United States of America,2021,Automotive products,411529
United States of America,2021,Food,364314
United States of America,2021,Other,1033341
United States of America,2022,Manufactures,3766691
United States of America,2022,Machinery and transport equipment,1908817
United States of America,2022,Fuels and mining products,852237
United States of America,2022,Fuels,701044
United States of America,2022,Chemicals,689210
United States of America,2022,Office and telecom equipment,614821
United States of America,2022,Transport equipment,565757
United States of America,2022,Agricultural products,481917
United States of America,2022,Automotive products,465115
United States of America,2022,Food,409090
United States of America,2022,Other,1123904
United States of America,2023,Manufactures,3669966
United States of America,2023,Machinery and transport equipment,1961707
United States of America,2023,Fuels and mining products,716965
United States of America,2023,Chemicals,668629
United States of America,2023,Transport equipment,641986
United States of America,2023,Fuels,589622
United States of America,2023,Office and telecom equipment,564645
United States of America,2023,Automotive products,538620
United States of America,2023,Agricultural products,439421
United States of America,2023,Food,382624
United States of America,2023,Other,1046094
United States of America,2024,Manufactures,3872948
United States of America,2024,Chemicals,717542
United States of America,2024,Fuels and mining products,696618
United States of America,2024,Office and telecom equipment,662615
United States of America,2024,Automotive products,545154
United States of America,2024,Agricultural products,459742
United States of America,2024,Food,402755
United States of America,2024,Clothing,99083
United States of America,2024,Iron and steel,60589
United States of America,2024,Textiles,45721
United States of America,2025,Manufactures,1567
Uruguay,2018,Manufactures,7665
Uruguay,2018,Agricultural products,7256
Uruguay,2018,Food,5779
Uruguay,2018,Machinery and transport equipment,2658
Uruguay,2018,Chemicals,2127
Uruguay,2018,Fuels and mining products,1456
Uruguay,2018,Fuels,1342
Uruguay,2018,Transport equipment,1022
Uruguay,2018,Automotive products,886
Uruguay,2018,Office and telecom equipment,629
Uruguay,2018,Other,1743
Uruguay,2019,Agricultural products,7524
Uruguay,2019,Manufactures,7096
Uruguay,2019,Food,6223
Uruguay,2019,Machinery and transport equipment,2486
Uruguay,2019,Chemicals,1998
Uruguay,2019,Fuels and mining products,1304
Uruguay,2019,Fuels,1185
Uruguay,2019,Transport equipment,937
Uruguay,2019,Automotive products,846
Uruguay,2019,Office and telecom equipment,578
Uruguay,2019,Other,1592
Uruguay,2020,Agricultural products,6906
Uruguay,2020,Manufactures,6462
Uruguay,2020,Food,5833
Uruguay,2020,Machinery and transport equipment,2247
Uruguay,2020,Chemicals,1959
Uruguay,2020,Fuels and mining products,1058
Uruguay,2020,Fuels,943
Uruguay,2020,Transport equipment,789
Uruguay,2020,Automotive products,699
Uruguay,2020,Office and telecom equipment,524
Uruguay,2020,Other,1548
Uruguay,2021,Agricultural products,8993
Uruguay,2021,Manufactures,8691
Uruguay,2021,Food,7677
Uruguay,2021,Machinery and transport equipment,3155
Uruguay,2021,Chemicals,2632
Uruguay,2021,Fuels and mining products,2168
Uruguay,2021,Fuels,1989
Uruguay,2021,Transport equipment,1278
Uruguay,2021,Automotive products,1144
Uruguay,2021,Office and telecom equipment,610
Uruguay,2021,Other,1894
Uruguay,2022,Agricultural products,10878
Uruguay,2022,Manufactures,10695
Uruguay,2022,Food,9544
Uruguay,2022,Machinery and transport equipment,4221
Uruguay,2022,Chemicals,3230
Uruguay,2022,Fuels and mining products,2580
Uruguay,2022,Fuels,2350
Uruguay,2022,Transport equipment,1899
Uruguay,2022,Automotive products,1723
Uruguay,2022,Office and telecom equipment,708
Uruguay,2022,Other,2102
Uruguay,2023,Manufactures,9988
Uruguay,2023,Agricultural products,9451
Uruguay,2023,Food,8047
Uruguay,2023,Machinery and transport equipment,4350
Uruguay,2023,Chemicals,2582
Uruguay,2023,Fuels and mining products,2232
Uruguay,2023,Transport equipment,2059
Uruguay,2023,Fuels,2016
Uruguay,2023,Automotive products,1861
Uruguay,2023,Office and telecom equipment,734
Uruguay,2023,Other,2014
Uzbekistan,2018,Manufactures,16543
Uzbekistan,2018,Machinery and transport equipment,7905
Uzbekistan,2018,Fuels and mining products,4962
Uzbekistan,2018,Agricultural products,3558
Uzbekistan,2018,Fuels,3547
Uzbekistan,2018,Chemicals,2799
Uzbekistan,2018,Food,2711
Uzbekistan,2018,Transport equipment,2442
Uzbekistan,2018,Automotive products,2013
Uzbekistan,2018,Iron and steel,1865
Uzbekistan,2018,Other,3161
Uzbekistan,2019,Manufactures,20545
Uzbekistan,2019,Machinery and transport equipment,9980
Uzbekistan,2019,Fuels and mining products,5399
Uzbekistan,2019,Agricultural products,4465
Uzbekistan,2019,Food,3529
Uzbekistan,2019,Fuels,3407
Uzbekistan,2019,Chemicals,3280
Uzbekistan,2019,Transport equipment,2909
Uzbekistan,2019,Automotive products,2182
Uzbekistan,2019,Iron and steel,1789
Uzbekistan,2019,Other,4266
Uzbekistan,2020,Manufactures,18794
Uzbekistan,2020,Machinery and transport equipment,8452
Uzbekistan,2020,Agricultural products,4502
Uzbekistan,2020,Food,3658
Uzbekistan,2020,Fuels and mining products,3566
Uzbekistan,2020,Chemicals,3467
Uzbekistan,2020,Transport equipment,2328
Uzbekistan,2020,Automotive products,2009
Uzbekistan,2020,Fuels,1880
Uzbekistan,2020,Textiles,1678
Uzbekistan,2020,Other,4935
Uzbekistan,2021,Manufactures,22711
Uzbekistan,2021,Machinery and transport equipment,9113
Uzbekistan,2021,Agricultural products,5381
Uzbekistan,2021,Fuels and mining products,5279
Uzbekistan,2021,Food,4518
Uzbekistan,2021,Chemicals,4497
Uzbekistan,2021,Transport equipment,3116
Uzbekistan,2021,Textiles,2640
Uzbekistan,2021,Automotive products,2455
Uzbekistan,2021,Fuels,2446
Uzbekistan,2021,Other,6625
Uzbekistan,2022,Manufactures,26770
Uzbekistan,2022,Machinery and transport equipment,10749
Uzbekistan,2022,Agricultural products,6687
Uzbekistan,2022,Food,5772
Uzbekistan,2022,Fuels and mining products,5598
Uzbekistan,2022,Chemicals,5248
Uzbekistan,2022,Transport equipment,3887
Uzbekistan,2022,Automotive products,3130
Uzbekistan,2022,Fuels,3008
Uzbekistan,2022,Textiles,2777
Uzbekistan,2022,Other,7830
Uzbekistan,2023,Manufactures,34535
Uzbekistan,2023,Machinery and transport equipment,17049
Uzbekistan,2023,Agricultural products,7264
Uzbekistan,2023,Transport equipment,7148
Uzbekistan,2023,Food,6352
Uzbekistan,2023,Fuels and mining products,6165
Uzbekistan,2023,Chemicals,5855
Uzbekistan,2023,Automotive products,5484
Uzbekistan,2023,Fuels,3654
Uzbekistan,2023,Textiles,3267
Uzbekistan,2023,Other,10111
"Venezuela, Bolivarian Republic of",2018,Fuels and mining products,34610
"Venezuela, Bolivarian Republic of",2018,Fuels,34401
"Venezuela, Bolivarian Republic of",2018,Manufactures,4382
"Venezuela, Bolivarian Republic of",2018,Agricultural products,2402
"Venezuela, Bolivarian Republic of",2018,Food,2357
"Venezuela, Bolivarian Republic of",2018,Machinery and transport equipment,1752
"Venezuela, Bolivarian Republic of",2018,Chemicals,1296
"Venezuela, Bolivarian Republic of",2018,Transport equipment,505
"Venezuela, Bolivarian Republic of",2018,Office and telecom equipment,264
"Venezuela, Bolivarian Republic of",2018,Iron and steel,184
"Venezuela, Bolivarian Republic of",2018,Other,713
"Venezuela, Bolivarian Republic of",2019,Fuels and mining products,17832
"Venezuela, Bolivarian Republic of",2019,Fuels,17712
"Venezuela, Bolivarian Republic of",2019,Manufactures,3467
"Venezuela, Bolivarian Republic of",2019,Agricultural products,1374
"Venezuela, Bolivarian Republic of",2019,Food,1341
"Venezuela, Bolivarian Republic of",2019,Machinery and transport equipment,1183
"Venezuela, Bolivarian Republic of",2019,Chemicals,906
"Venezuela, Bolivarian Republic of",2019,Transport equipment,299
"Venezuela, Bolivarian Republic of",2019,Office and telecom equipment,213
"Venezuela, Bolivarian Republic of",2019,Pharmaceuticals,202
"Venezuela, Bolivarian Republic of",2019,Other,771
"Venezuela, Bolivarian Republic of",2020,Fuels and mining products,5629
"Venezuela, Bolivarian Republic of",2020,Fuels,5335
"Venezuela, Bolivarian Republic of",2020,Manufactures,3801
"Venezuela, Bolivarian Republic of",2020,Agricultural products,2104
"Venezuela, Bolivarian Republic of",2020,Food,2066
"Venezuela, Bolivarian Republic of",2020,Machinery and transport equipment,1600
"Venezuela, Bolivarian Republic of",2020,Chemicals,891
"Venezuela, Bolivarian Republic of",2020,Office and telecom equipment,366
"Venezuela, Bolivarian Republic of",2020,Transport equipment,351
"Venezuela, Bolivarian Republic of",2020,Telecommunications equipment,273
"Venezuela, Bolivarian Republic of",2020,Other,899
"Venezuela, Bolivarian Republic of",2021,Manufactures,5149
"Venezuela, Bolivarian Republic of",2021,Fuels and mining products,3268
"Venezuela, Bolivarian Republic of",2021,Fuels,2978
"Venezuela, Bolivarian Republic of",2021,Agricultural products,2717
"Venezuela, Bolivarian Republic of",2021,Food,2663
"Venezuela, Bolivarian Republic of",2021,Machinery and transport equipment,1890
"Venezuela, Bolivarian Republic of",2021,Chemicals,1488
"Venezuela, Bolivarian Republic of",2021,Office and telecom equipment,548
"Venezuela, Bolivarian Republic of",2021,Transport equipment,490
"Venezuela, Bolivarian Republic of",2021,Telecommunications equipment,440
"Venezuela, Bolivarian Republic of",2021,Other,1222
"Venezuela, Bolivarian Republic of",2022,Manufactures,7069
"Venezuela, Bolivarian Republic of",2022,Fuels and mining products,4327
"Venezuela, Bolivarian Republic of",2022,Fuels,3949
"Venezuela, Bolivarian Republic of",2022,Agricultural products,3346
"Venezuela, Bolivarian Republic of",2022,Food,3272
"Venezuela, Bolivarian Republic of",2022,Machinery and transport equipment,2599
"Venezuela, Bolivarian Republic of",2022,Chemicals,2035
"Venezuela, Bolivarian Republic of",2022,Office and telecom equipment,797
"Venezuela, Bolivarian Republic of",2022,Transport equipment,730
"Venezuela, Bolivarian Republic of",2022,Telecommunications equipment,595
"Venezuela, Bolivarian Republic of",2022,Other,1727
"Venezuela, Bolivarian Republic of",2023,Fuels and mining products,7923
"Venezuela, Bolivarian Republic of",2023,Manufactures,7638
"Venezuela, Bolivarian Republic of",2023,Fuels,7304
"Venezuela, Bolivarian Republic of",2023,Machinery and transport equipment,3332
"Venezuela, Bolivarian Republic of",2023,Agricultural products,3027
"Venezuela, Bolivarian Republic of",2023,Food,2956
"Venezuela, Bolivarian Republic of",2023,Chemicals,1795
"Venezuela, Bolivarian Republic of",2023,Transport equipment,1066
"Venezuela, Bolivarian Republic of",2023,Office and telecom equipment,870
"Venezuela, Bolivarian Republic of",2023,Telecommunications equipment,674
"Venezuela, Bolivarian Republic of",2023,Other,1692
Viet Nam,2018,Manufactures,384632
Viet Nam,2018,Machinery and transport equipment,197362
Viet Nam,2018,Office and telecom equipment,137131
Viet Nam,2018,Agricultural products,56417
Viet Nam,2018,Electronic data processing and office equipment,49259
Viet Nam,2018,Telecommunications equipment,49090
Viet Nam,2018,Food,44694
Viet Nam,2018,Integrated circuits and electronic components,38780
Viet Nam,2018,Chemicals,34838
Viet Nam,2018,Fuels and mining products,32214
Viet Nam,2018,Other,110597
Viet Nam,2019,Manufactures,421955
Viet Nam,2019,Machinery and transport equipment,223183
Viet Nam,2019,Office and telecom equipment,155147
Viet Nam,2019,Agricultural products,55966
Viet Nam,2019,Telecommunications equipment,53548
Viet Nam,2019,Integrated circuits and electronic components,51771
Viet Nam,2019,Electronic data processing and office equipment,49828
Viet Nam,2019,Food,44010
Viet Nam,2019,Chemicals,36225
Viet Nam,2019,Fuels and mining products,31883
Viet Nam,2019,Other,117979
Viet Nam,2020,Manufactures,452580
Viet Nam,2020,Machinery and transport equipment,257261
Viet Nam,2020,Office and telecom equipment,185581
Viet Nam,2020,Integrated circuits and electronic components,65626
Viet Nam,2020,Electronic data processing and office equipment,63859
Viet Nam,2020,Agricultural products,56397
Viet Nam,2020,Telecommunications equipment,56095
Viet Nam,2020,Food,44995
Viet Nam,2020,Chemicals,36137
Viet Nam,2020,Clothing,28921
Viet Nam,2020,Other,108163
Viet Nam,2021,Manufactures,547033
Viet Nam,2021,Machinery and transport equipment,311709
Viet Nam,2021,Office and telecom equipment,220422
Viet Nam,2021,Electronic data processing and office equipment,79470
Viet Nam,2021,Integrated circuits and electronic components,73615
Viet Nam,2021,Agricultural products,70886
Viet Nam,2021,Telecommunications equipment,67337
Viet Nam,2021,Food,54916
Viet Nam,2021,Chemicals,48356
Viet Nam,2021,Fuels and mining products,38946
Viet Nam,2021,Other,137617
Viet Nam,2022,Manufactures,587986
Viet Nam,2022,Machinery and transport equipment,333934
Viet Nam,2022,Office and telecom equipment,239403
Viet Nam,2022,Telecommunications equipment,83955
Viet Nam,2022,Integrated circuits and electronic components,80861
Viet Nam,2022,Agricultural products,79466
Viet Nam,2022,Electronic data processing and office equipment,74586
Viet Nam,2022,Food,60806
Viet Nam,2022,Chemicals,53331
Viet Nam,2022,Fuels and mining products,49871
Viet Nam,2022,Other,153526
Viet Nam,2023,Manufactures,548375
Viet Nam,2023,Machinery and transport equipment,325991
Viet Nam,2023,Office and telecom equipment,247452
Viet Nam,2023,Electronic data processing and office equipment,91151
Viet Nam,2023,Integrated circuits and electronic components,78679
Viet Nam,2023,Telecommunications equipment,77623
Viet Nam,2023,Agricultural products,74720
Viet Nam,2023,Food,58479
Viet Nam,2023,Chemicals,48931
Viet Nam,2023,Fuels and mining products,43897
Viet Nam,2023,Other,142127
Viet Nam,2024,Manufactures,339381
Viet Nam,2024,Office and telecom equipment,302477
Viet Nam,2024,Agricultural products,44648
Viet Nam,2024,Clothing,33939
Viet Nam,2024,Food,33929
Viet Nam,2024,Textiles,31485
Viet Nam,2024,Iron and steel,14630
Yemen,2018,Fuels and mining products,1680
Yemen,2018,Fuels,1589
Yemen,2018,Agricultural products,1360
Yemen,2018,Food,1345
Yemen,2018,Manufactures,838
Yemen,2018,Chemicals,230
Yemen,2018,Machinery and transport equipment,206
Yemen,2018,Pharmaceuticals,112
Yemen,2018,Iron and steel,90
Yemen,2018,Transport equipment,71
Yemen,2018,Other,270
Yemen,2019,Fuels and mining products,1988
Yemen,2019,Fuels,1898
Yemen,2019,Agricultural products,1894
Yemen,2019,Food,1867
Yemen,2019,Manufactures,1482
Yemen,2019,Machinery and transport equipment,467
Yemen,2019,Chemicals,331
Yemen,2019,Iron and steel,214
Yemen,2019,Transport equipment,211
Yemen,2019,Automotive products,182
Yemen,2019,Other,480
Yemen,2020,Agricultural products,1894
Yemen,2020,Food,1877
Yemen,2020,Manufactures,1511
Yemen,2020,Fuels and mining products,1108
Yemen,2020,Fuels,941
Yemen,2020,Machinery and transport equipment,472
Yemen,2020,Chemicals,370
Yemen,2020,Transport equipment,200
Yemen,2020,Iron and steel,194
Yemen,2020,Automotive products,162
Yemen,2020,Other,547
Yemen,2021,Agricultural products,2048
Yemen,2021,Food,2044
Yemen,2021,Manufactures,1548
Yemen,2021,Fuels and mining products,1309
Yemen,2021,Fuels,1104
Yemen,2021,Machinery and transport equipment,507
Yemen,2021,Chemicals,389
Yemen,2021,Iron and steel,233
Yemen,2021,Transport equipment,220
Yemen,2021,Office and telecom equipment,204
Yemen,2021,Other,630
Yemen,2022,Agricultural products,2350
Yemen,2022,Food,2314
Yemen,2022,Fuels and mining products,2014
Yemen,2022,Fuels,1868
Yemen,2022,Manufactures,1586
Yemen,2022,Machinery and transport equipment,478
Yemen,2022,Chemicals,389
Yemen,2022,Iron and steel,239
Yemen,2022,Office and telecom equipment,206
Yemen,2022,Transport equipment,179
Yemen,2022,Other,582
Yemen,2023,Agricultural products,2426
Yemen,2023,Food,2389
Yemen,2023,Manufactures,1498
Yemen,2023,Fuels and mining products,1256
Yemen,2023,Fuels,1134
Yemen,2023,Machinery and transport equipment,481
Yemen,2023,Chemicals,379
Yemen,2023,Iron and steel,198
Yemen,2023,Office and telecom equipment,196
Yemen,2023,Transport equipment,183
Yemen,2023,Other,554
Zambia,2018,Fuels and mining products,9824
Zambia,2018,Manufactures,7344
Zambia,2018,Machinery and transport equipment,3052
Zambia,2018,Chemicals,2067
Zambia,2018,Fuels,1432
Zambia,2018,Agricultural products,1186
Zambia,2018,Food,1054
Zambia,2018,Transport equipment,977
Zambia,2018,Automotive products,744
Zambia,2018,Office and telecom equipment,428
Zambia,2018,Other,1174
Zambia,2019,Fuels and mining products,6878
Zambia,2019,Manufactures,6044
Zambia,2019,Machinery and transport equipment,2344
Zambia,2019,Chemicals,1790
Zambia,2019,Fuels,1351
Zambia,2019,Agricultural products,1186
Zambia,2019,Food,1043
Zambia,2019,Transport equipment,678
Zambia,2019,Automotive products,544
Zambia,2019,Iron and steel,350
Zambia,2019,Other,805
Zambia,2020,Fuels and mining products,6995
Zambia,2020,Manufactures,4920
Zambia,2020,Chemicals,1728
Zambia,2020,Machinery and transport equipment,1650
Zambia,2020,Agricultural products,1169
Zambia,2020,Food,1064
Zambia,2020,Fuels,630
Zambia,2020,Transport equipment,517
Zambia,2020,Automotive products,412
Zambia,2020,Iron and steel,288
Zambia,2020,Other,824
Zambia,2021,Fuels and mining products,9927
Zambia,2021,Manufactures,6365
Zambia,2021,Machinery and transport equipment,2173
Zambia,2021,Chemicals,2169
Zambia,2021,Agricultural products,1612
Zambia,2021,Food,1484
Zambia,2021,Fuels,892
Zambia,2021,Transport equipment,781
Zambia,2021,Automotive products,638
Zambia,2021,Iron and steel,508
Zambia,2021,Other,877
Zambia,2022,Fuels and mining products,10422
Zambia,2022,Manufactures,8227
Zambia,2022,Chemicals,3184
Zambia,2022,Machinery and transport equipment,2791
Zambia,2022,Agricultural products,1928
Zambia,2022,Food,1771
Zambia,2022,Transport equipment,1128
Zambia,2022,Automotive products,934
Zambia,2022,Fuels,886
Zambia,2022,Iron and steel,675
Zambia,2022,Other,980
Zambia,2023,Fuels and mining products,10246
Zambia,2023,Manufactures,8281
Zambia,2023,Machinery and transport equipment,3506
Zambia,2023,Chemicals,2669
Zambia,2023,Fuels,2375
Zambia,2023,Agricultural products,1920
Zambia,2023,Food,1756
Zambia,2023,Transport equipment,1748
Zambia,2023,Automotive products,1464
Zambia,2023,Iron and steel,519
Zambia,2023,Other,860
Zimbabwe,2018,Manufactures,4196
Zimbabwe,2018,Fuels and mining products,3120
Zimbabwe,2018,Agricultural products,1969
Zimbabwe,2018,Fuels,1864
Zimbabwe,2018,Food,1807
Zimbabwe,2018,Machinery and transport equipment,1594
Zimbabwe,2018,Chemicals,1251
Zimbabwe,2018,Transport equipment,670
Zimbabwe,2018,Automotive products,574
Zimbabwe,2018,Iron and steel,424
Zimbabwe,2018,Other,719
Zimbabwe,2019,Manufactures,3399
Zimbabwe,2019,Fuels and mining products,3055
Zimbabwe,2019,Fuels,1509
Zimbabwe,2019,Agricultural products,1502
Zimbabwe,2019,Food,1390
Zimbabwe,2019,Machinery and transport equipment,1227
Zimbabwe,2019,Chemicals,912
Zimbabwe,2019,Transport equipment,415
Zimbabwe,2019,Iron and steel,376
Zimbabwe,2019,Automotive products,324
Zimbabwe,2019,Other,537
Zimbabwe,2020,Manufactures,3604
Zimbabwe,2020,Fuels and mining products,3305
Zimbabwe,2020,Agricultural products,2098
Zimbabwe,2020,Food,2003
Zimbabwe,2020,Machinery and transport equipment,1378
Zimbabwe,2020,Fuels,1291
Zimbabwe,2020,Chemicals,1015
Zimbabwe,2020,Transport equipment,466
Zimbabwe,2020,Automotive products,382
Zimbabwe,2020,Iron and steel,307
Zimbabwe,2020,Other,562
Zimbabwe,2021,Manufactures,5358
Zimbabwe,2021,Fuels and mining products,4370
Zimbabwe,2021,Agricultural products,2196
Zimbabwe,2021,Food,2043
Zimbabwe,2021,Machinery and transport equipment,1943
Zimbabwe,2021,Chemicals,1704
Zimbabwe,2021,Fuels,1518
Zimbabwe,2021,Transport equipment,619
Zimbabwe,2021,Iron and steel,585
Zimbabwe,2021,Automotive products,496
Zimbabwe,2021,Other,909
Zimbabwe,2022,Manufactures,6180
Zimbabwe,2022,Fuels and mining products,4575
Zimbabwe,2022,Machinery and transport equipment,2510
Zimbabwe,2022,Agricultural products,2395
Zimbabwe,2022,Food,2287
Zimbabwe,2022,Fuels,1840
Zimbabwe,2022,Chemicals,1623
Zimbabwe,2022,Transport equipment,746
Zimbabwe,2022,Iron and steel,715
Zimbabwe,2022,Automotive products,576
Zimbabwe,2022,Other,818
Zimbabwe,2023,Manufactures,6484
Zimbabwe,2023,Fuels and mining products,5239
Zimbabwe,2023,Agricultural products,2857
Zimbabwe,2023,Machinery and transport equipment,2773
Zimbabwe,2023,Food,2738
Zimbabwe,2023,Fuels,2055
Zimbabwe,2023,Chemicals,1597
Zimbabwe,2023,Transport equipment,952
Zimbabwe,2023,Iron and steel,751
Zimbabwe,2023,Automotive products,700
Zimbabwe,2023,Other,935
